id;title;date;place;publisher;firstyear;description;subject;gallica
"http://data.bnf.fr/ark:/12148/cb40689548q";"Louis XI";"1461";"[S.l.]";"[s.n.]";"1461";"1 flle avec notes : mss";"Null";"http://gallica.bnf.fr/ark:/12148/btv1b530830801""http://data.bnf.fr/ark:/12148/cb428742572";"Les Songes de Jeanne d'Arc, poème musical. Apparition. Récitatif. Sérénité. Lamento. Effervescence. Allégresse, pour trompette et piano (op. 60)";"1461";"Paris";"Evette et Schaeffer, éditeurs";"1461";"Null";"Null";"Null"
"http://data.bnf.fr/ark:/12148/cc60254";"Josué ibn Shuab. Commentaire sur la Torah";"1461";"Null";"Null";"Null";"Null";"Null";"http://gallica.bnf.fr/ark:/12148/btv1b9064496g"
"http://data.bnf.fr/ark:/12148/cb33810248x";"Lettres portant confirmation des officiers de la Chambre des comptes de Paris dans leurs offices, lors du joyeux avènement";"1461";"(S. l. n. d.)";"Null";"1461";"In-4°, 3 p.";"Null";"Null"
"http://data.bnf.fr/ark:/12148/cb33810250g";"Lettres de déclaration portant que l'on ne peut appeller des jugemens de la Chambre des comptes";"1461";"(S. l. n. d.)";"Null";"1461";"In-4°, 2 p.";"Null";"Null"
"http://data.bnf.fr/ark:/12148/cb33810251t";"Littere clare memo. Ludovici XI, Francorum regis christianissimi, super abrogatione pragmatice sanctionis, in quarta sessione sacrosancti, lateranensis Concilii publice lecte et recitate";"1461";"(S. l. n. d.)";"Null";"1461";"In-4°, car. goth., 3 ff.";"Null";"Null"
