id;title;date;place;publisher;firstyear;description;subject;gallica
"http://data.bnf.fr/ark:/12148/cb371098822";"Moral, economía y humanismo : los derechos económico-sociales en las declaraciones de los derechos del hombre y textos de las mismas";"195";"Madrid";"Instituto social León XIII";"Null";"327 p.";"http://data.bnf.fr/ark:/12148/cb11948557z";"Null"
"http://data.bnf.fr/ark:/12148/cb37121387w";"Spécimen de caractères... : [catalogue]";"195";"Paris";"Berthier & cie";"Null";"Non paginé";"http://data.bnf.fr/ark:/12148/cb13318509q";"Null"
"http://data.bnf.fr/ark:/12148/cb37166157f";"Vilâdetname : Üçüncü Mustafa'nın kızı Hibetullah Sultanın doğum donanması";"195";"İstanbul";"Çığır kitabevi";"Null";"40 p.";"http://data.bnf.fr/ark:/12148/cb119335446";"Null"
"http://data.bnf.fr/ark:/12148/cb373359303";"Le mouvement romantique en Belgique : 1815-1850";"195";"Bruxelles";"Palais des Académies";"Null";"vol.";"Null";"Null"
"http://data.bnf.fr/ark:/12148/cb373464901";"Opere";"195";"Bari";"G. Laterza";"Null";"vol.";"Null";"Null"
"http://data.bnf.fr/ark:/12148/cb37342701f";"Opere de Corrado Alvaro";"195";"Milano";"Bompiani";"Null";"Null";"Null";"Null"
"http://data.bnf.fr/ark:/12148/cb37403970d";"Anfänge der Privat- und Planwirtschaft : Wirtschaftsordnung und Nahrungsverteilung bei Wildbeutervölkern";"195";"Braunschweig";"Limbach";"Null";"486 p.";"http://data.bnf.fr/ark:/12148/cb13318298b";"Null"
"http://data.bnf.fr/ark:/12148/cb37411839q";"Corpus vasorum antiquorum Fascicule 22";"195";"Paris";"H. Champion";"Null";"114 p.";"http://data.bnf.fr/ark:/12148/cb119759407";"Null"
"http://data.bnf.fr/ark:/12148/cb37411836p";"Corpus vasorum antiquorum Fascicule 20";"195";"Paris";"H. Champion";"Null";"34 p.-[52]p. de pl.";"http://data.bnf.fr/ark:/12148/cb119759407";"Null"
"http://data.bnf.fr/ark:/12148/cb37411840x";"Corpus vasorum antiquorum 23";"195";"Paris";"H. Champion";"Null";"50 p.-[44]p. de pl.";"http://data.bnf.fr/ark:/12148/cb119759407";"Null"
"http://data.bnf.fr/ark:/12148/cb374118371";"Corpus vasorum antiquorum 21";"195";"Paris";"H. Champion";"Null";"66 p.-[48]p. de pl.";"http://data.bnf.fr/ark:/12148/cb119314762";"Null"
"http://data.bnf.fr/ark:/12148/cb37440135s";"The £-s-d of record collecting : a manual for the collector-dealer";"195";"Lingfield (GB)";"Oakwood press";"Null";"47 p.";"http://data.bnf.fr/ark:/12148/cb12254441g";"Null"
"http://data.bnf.fr/ark:/12148/cb374702450";"Portugal, Madère, Açores";"195";"Paris";"Hachette";"Null";"810 p.";"http://data.bnf.fr/ark:/12148/cb11976799k";"Null"
"http://data.bnf.fr/ark:/12148/cb374821860";"Şiirler 2";"195";"İstanbul";"Adam";"Null";"276 p.";"Null";"Null"
"http://data.bnf.fr/ark:/12148/cb37481597h";"L'amoureux discret : comédie en trois actes";"195";"Paris";"Éd. de l'Amicale";"Null";"72 p.";"Null";"Null"
"http://data.bnf.fr/ark:/12148/cb374816028";"Le noël de Creccio ou le sermon devant la crèche : célébration musicale et dialoguée";"195";"Paris";"Éd. Billaudot";"Null";"31 p.";"Null";"Null"
"http://data.bnf.fr/ark:/12148/cb37515112w";"Ğamʿ al-ǧawāhir fī al-milaḥ wa-l-nawādir";"195";"Bayrūt";"Dār al-Ğīl";"Null";"403 p.";"Null";"Null""http://data.bnf.fr/ark:/12148/cb377260232";"Oeuvres";"195";"Paris";"les Éd. français réunis";"Null";"vol.";"Null";"Null"
"http://data.bnf.fr/ark:/12148/cb38626650k";"Tenderly";"195";"Canada";"Mercury";"Null";"1 disque : 78 t ; 25 cm";"Null";"Null"
"http://data.bnf.fr/ark:/12148/cb386272187";"Lonely wine";"195";"Canada";"Decca";"Null";"1 disque : 78 t ; 25 cm";"Null";"Null"
"http://data.bnf.fr/ark:/12148/cb38627030j";"Through the eyes of a girl and boy";"195";"Canada";"Decca";"Null";"1 disque : 78 t ; 25 cm";"Null";"Null"
"http://data.bnf.fr/ark:/12148/cb38627015n";"Song for a summer night : original theme as introduced on Westinghouse Studio One summer theatre";"195";"Canada";"Columbia";"Null";"1 disque : 78 t ; 25 cm";"Null";"Null"
"http://data.bnf.fr/ark:/12148/cb386270834";"I need you by my side";"195";"Canada";"Quality";"Null";"1 disque : 78 t ; 25 cm";"Null";"Null"
"http://data.bnf.fr/ark:/12148/cb386325678";"Sérénade";"195";"Montréal, Canada";"RCA";"Null";"1 disque : 78 t ; 30 cm";"Null";"Null"
"http://data.bnf.fr/ark:/12148/cb39689535h";"Serenata de la Fantasia morisca";"195";"Madrid";"Union musical española";"Null";"6 p. : 33 cm";"http://data.bnf.fr/ark:/12148/cb11975999w";"Null"
"http://data.bnf.fr/ark:/12148/cb39692291p";"Danza : [piano]";"195";"[S.l.]";"[V. Asencio]";"Null";"[2] f. : 31 cm";"http://data.bnf.fr/ark:/12148/cb11975995h";"Null"
"http://data.bnf.fr/ark:/12148/cb396922921";"Danses valencianes : [piano]";"195";"[S.l.]";"[V. Asencio]";"Null";"[32] f. : 31 cm";"http://data.bnf.fr/ark:/12148/cb11975995h";"Null"
"http://data.bnf.fr/ark:/12148/cb39692288s";"Tango de la casa infiel : [piano]";"195";"[S.l.]";"[V. Asencio]";"Null";"[4] f. : 31 cm";"http://data.bnf.fr/ark:/12148/cb11975995h";"Null"
"http://data.bnf.fr/ark:/12148/cb396922894";"Romancillo a Chopin : [piano]";"195";"[S.l.]";"[V. Asencio]";"Null";"[2] f. : 31 cm";"http://data.bnf.fr/ark:/12148/cb11975995h";"Null"
"http://data.bnf.fr/ark:/12148/cb39713444g";"Messe basse en l'honneur de la Sainte Vierge : [pour orgue]";"195";"Paris";"Procure générale, musique sacrée";"Null";"8 p. : couv. orn.  ; 25 x 30 cm";"http://data.bnf.fr/ark:/12148/cb11975995h";"Null"
"http://data.bnf.fr/ark:/12148/cb397133326";"Vier Liebeslieder : nach hebräischen Texten";"195";"Leipzig";"Breitkopf & Härtel";"Null";"16 p. : 30 cm";"http://data.bnf.fr/ark:/12148/cb11975995h";"Null"
"http://data.bnf.fr/ark:/12148/cb39714192r";"Präludium und Fuge C-Dur : 1940";"195";"Leipzig";"Breitkop & Härtel";"Null";"14 p. : 30 cm";"http://data.bnf.fr/ark:/12148/cb13319434w";"Null"
"http://data.bnf.fr/ark:/12148/cb39746296h";"Chanson et danses : divertissement pour instruments à vent : 1 flûte, 1 hautbois, 2 clarinettes, 1 cor et 2 bassons";"195";"Paris";"A. Durand";"Null";"1 partition (43 p.) : 28 cm";"http://data.bnf.fr/ark:/12148/cb119329384";"Null"
"http://data.bnf.fr/ark:/12148/cb397477635";"In der School of American Ballet : Pierre Vladimiroff, Felia Doubrovska, Edward Villella [...], Jacques d'Amboise";"195";"Null";"Null";"Null";"1 photogr. pos. : 26,5 x 24 cm";"http://data.bnf.fr/ark:/12148/cb11932843f";"Null"
"http://data.bnf.fr/ark:/12148/cb39750008m";"Symphonie Nr. 92 : G dur";"195";"Leipzig";"Breitkopf & Härtel";"Null";"24 p. : 31 cm";"http://data.bnf.fr/ark:/12148/cb12144214n";"Null"
"http://data.bnf.fr/ark:/12148/cb39750014j";"Symphonie Nr. 45 : Fis moll";"195";"Leipzig";"Breitkopf & Härtel";"Null";"21 p. : 31 cm";"http://data.bnf.fr/ark:/12148/cb12144214n";"Null"
"http://data.bnf.fr/ark:/12148/cb397527306";"Zwei lustige Männerchöre : op. 36";"195";"Altötting";"A. Coppenrath";"Null";"1 partition (7 p.) : 21 cm";"http://data.bnf.fr/ark:/12148/cb119329384";"Null"
"http://data.bnf.fr/ark:/12148/cb397528205";"Les noëls français";"195";"Paris";"Éd. musicales de la Schola Cantorum";"Null";"1 partition (24 p.) : 14 x 19 cm";"http://data.bnf.fr/ark:/12148/cb12404408z";"Null"
"http://data.bnf.fr/ark:/12148/cb39752526d";"C'était une p'tite poule grise : [Provence]";"195";"Paris";"les Éd. du clavier";"Null";"[1] f. : 27 cm";"http://data.bnf.fr/ark:/12148/cb119329384";"Null"
"http://data.bnf.fr/ark:/12148/cb39752798t";"Cantiques";"195";"Paris. - Saint-Leu-la-Forêt";"Éd. musicales de la Schola cantorum. - Procure générale de musique";"Null";"1 partition (38 p.) : couv. ill. en coul. ; 14 x 19 cm";"http://data.bnf.fr/ark:/12148/cb13601444k";"Null"
"http://data.bnf.fr/ark:/12148/cb397525283";"Noël provençal";"195";"Paris";"les Éd. du clavier";"Null";"[1] f. : 27 cm";"http://data.bnf.fr/ark:/12148/cb12404408z";"Null"
"http://data.bnf.fr/ark:/12148/cb397525806";"Tu es petrus : à 3 voix égales et choeur final à 3 voix mixtes ou à l'unisson";"195";"Paris";"Procure générale";"Null";"1 partition ([2] p.) : 27 cm";"http://data.bnf.fr/ark:/12148/cb14623971w";"Null"
"http://data.bnf.fr/ark:/12148/cb39752527r";"Les marins de Groix : Bretagne";"195";"Paris";"les Éd. du clavier";"Null";"[2] p. : 27 cm";"http://data.bnf.fr/ark:/12148/cb119310779";"Null"
"http://data.bnf.fr/ark:/12148/cb39752929j";"Pour la chapelle 1er vol.  : cent pièces en 2 volumes";"195";"Paris";"S. Bornemann";"Null";"66 p. : couv. ill. en coul.  ; 27 cm";"http://data.bnf.fr/ark:/12148/cb11975995h";"Null"
"http://data.bnf.fr/ark:/12148/cb39752581j";"Tu es petrus : [pour choeur à 4 voix mixtes]";"195";"Paris";"Procure générale";"Null";"1 partition ([2] p.) : 27 cm";"http://data.bnf.fr/ark:/12148/cb11975999w";"Null"
"http://data.bnf.fr/ark:/12148/cb39752735x";"Gesegneter Tag : frohe und besinnliche Lieder und Kanons";"195";"Altötting";"A. Coppenrath";"Null";"1 partition (16 p.) : 28 cm";"http://data.bnf.fr/ark:/12148/cb14623937q";"Null"
"http://data.bnf.fr/ark:/12148/cb39752731j";"Zwei humoristische Lieder : für 4 bis 5 stimmigen gemischten Chor";"195";"Altötting";"A. Coppenrath";"Null";"1 partition (6 p.) : 27 cm";"http://data.bnf.fr/ark:/12148/cb119329384";"Null"
"http://data.bnf.fr/ark:/12148/cb39752585x";"Ave mundi gloria : motet à la Sainte Vierge";"195";"Paris";"H. Hérelle";"Null";"1 partition (p. 51-54) : 27 cm";"http://data.bnf.fr/ark:/12148/cb119329384";"Null"
"http://data.bnf.fr/ark:/12148/cb397527426";"Drei heitere Chorlieder : für vierstimmigen gemischten Chor";"195";"Altötting";"A. Coppenrath";"Null";"1 partition (12 p.) : couv. ill.  ; 21 cm";"http://data.bnf.fr/ark:/12148/cb11975995h";"Null"
"http://data.bnf.fr/ark:/12148/cb39752584k";"O salutaris hostia : pour 2 voix égales et orgue";"195";"Paris";"H. Hérelle";"Null";"1 partition ([2] p.) : 27 cm";"http://data.bnf.fr/ark:/12148/cb119329384";"Null"
"http://data.bnf.fr/ark:/12148/cb397525837";"O glorioso Virginum : à 4 voix égales";"195";"Paris";"Procure générale";"Null";"1 partition ([1] p.) : 27 cm";"http://data.bnf.fr/ark:/12148/cb11976032c";"Null"
"http://data.bnf.fr/ark:/12148/cb39752732w";"Wanderlust : Marschenlied aus dem Regensburger Liederkranz für vierstimmigen Männerchor";"195";"Altötting";"A. Coppenrath";"Null";"1 partition ([2] p.) : 27 cm";"http://data.bnf.fr/ark:/12148/cb119329384";"Null"
"http://data.bnf.fr/ark:/12148/cb397527368";"Zwei Nikolaus-Lieder";"195";"Altötting";"A. Coppenrath";"Null";"1 partition (4 p.) : 21 cm";"http://data.bnf.fr/ark:/12148/cb11975995h";"Null"
"http://data.bnf.fr/ark:/12148/cb39770160d";"Marionnettes d'hier et d'aujourd'hui";"195";"[S. l.]";"Null";"Null";"N. ch.";"Null";"Null"
"http://data.bnf.fr/ark:/12148/cb397687823";"Tovaritch : pièce en 4 actes";"195";"Paris";"Paris-Théâtre";"Null";"76 p.";"Null";"Null"
"http://data.bnf.fr/ark:/12148/cb39771913b";"Recherches sur les problèmes posés par la programmation des équipements socio-culturels à Paris...";"195";"Paris";"Equipe d'observation sociologique de la CINAM";"Null";"Null";"Null";"Null"
"http://data.bnf.fr/ark:/12148/cb39772775k";"The Sawdust ring";"195";"London";"Odham press";"Null";"159 p.";"Null";"Null"
"http://data.bnf.fr/ark:/12148/cb39777942c";"Galina Ulanova : the making of a ballerina";"195";"Moscow";"Foreign languages publishing house";"Null";"29 p.-2 p. de pl.";"Null";"Null"
"http://data.bnf.fr/ark:/12148/cb39779817c";"Ich Lebe in der Bundesrepublik : Fünfzehn Deutsche über Deutschland";"195";"München";"P. List Verlag";"Null";"143 143 p.";"Null";"Null"
"http://data.bnf.fr/ark:/12148/cb39795573g";"Lettre de Catherine Akos à Marc Pincherle, Toronto, (19 mars 195.?)";"195";"Null";"Null";"Null";"Null";"Null";"Null"
"http://data.bnf.fr/ark:/12148/cb39813450k";"Lettre de Philippe Jurgensen à l'Association des artistes musiciens, 11 mai (195.?)";"195";"Null";"Null";"Null";"Null";"Null";"Null"
"http://data.bnf.fr/ark:/12148/cb398262728";"Lettre de Gustave Samazeuilh à Guy Ropartz, (25 mai 195.?)";"195";"Null";"Null";"Null";"Null";"Null";"Null"
"http://data.bnf.fr/ark:/12148/cb398884747";"La Corse : route de Santa Maria di Mercurio : [photographie]";"195";"Null";"Null";"Null";"1 photogr. pos. : 23 x 24 cm (im.)";"Null";"Null"
"http://data.bnf.fr/ark:/12148/cb39888470v";"Cevennes [La charette] : [photographie]";"195";"Null";"Null";"Null";"1 photogr. pos. : 23 x 24 cm (im.)";"Null";"Null"
"http://data.bnf.fr/ark:/12148/cb39888447b";"[Tronc d'arbre] : [photographie]";"195";"Null";"Null";"Null";"1 photogr. pos. : 23 x 23 cm (im.)";"Null";"Null"
"http://data.bnf.fr/ark:/12148/cb398884627";"Cevennes [Le pic rocheux] : [photographie]";"195";"Null";"Null";"Null";"1 photogr. pos. : 23 x 24 cm (im.)";"Null";"Null"
"http://data.bnf.fr/ark:/12148/cb39888469n";"Cévennes [sous-bois] : [photographie]";"195";"Null";"Null";"Null";"1 photogr. pos. : 24 x 24 cm (im.)";"Null";"Null"
"http://data.bnf.fr/ark:/12148/cb39888400p";"Pouldu... (Bretagne) : [photographie]";"195";"Null";"Null";"Null";"1 photogr. pos. : 22,5 x 29 cm (im.)";"Null";"Null"
"http://data.bnf.fr/ark:/12148/cb398884716";"Portugal : [Le marché aux légumes] : [photographie]";"195";"Null";"Null";"Null";"1 photogr. pos. : 23 x 23 cm (im.)";"Null";"Null"
"http://data.bnf.fr/ark:/12148/cb398884491";"Publicité pour bijoux de fantaisie : [photographie]";"195";"Null";"Null";"Null";"1 photogr. pos. : 23 x 30 cm (im.)";"Null";"Null"
"http://data.bnf.fr/ark:/12148/cb41039779m";"Tò korítsi tî̄s hamartías : mythistórīma";"195";"[  ̓Athî̄nai]";"̓Ekd. Vivliothī́kī già hólous";"Null";"1 vol. (54 p.)";"Null";"Null"
"http://data.bnf.fr/ark:/12148/cb32377521n";"L'Homme disponible";"195";"[S. l.] : [s. n.]";"Null";"Null";"Null";"Null";"Null"
"http://data.bnf.fr/ark:/12148/cb324187937";"Symphonia sacra";"195";"[S. l.] : E.I.L. - G. Hennen";"Null";"Null";"Null";"Null";"Null"
"http://data.bnf.fr/ark:/12148/cb32433009s";"Benjamin Disraëli";"195";"Utrecht ; Antwerpen : Spectrum";"Null";"Null";"Null";"Null";"Null"
"http://data.bnf.fr/ark:/12148/cb32482764n";"The Political philosophy of Bakunin, scientific anarchism. Compiled... by G. P. Maximoff. Preface by Bert F. Hoselitz,... Introduction by Rudolf Rocker. Biographical sketch of Bakunin by Max Nettlau";"195";"Glencoe, Ill., Free press";"Null";"Null";"Null";"Null";"Null"
"http://data.bnf.fr/ark:/12148/cb32522888v";"Discours par... [à la session ordinaire, extraordinaire, budgétaire du Conseil représentatif.]";"195";"Djibouti : Impr. administrative";"Null";"Null";"Null";"Null";"Null"
"http://data.bnf.fr/ark:/12148/cb32537262x";"Poèmes";"195";"[Caen] : [Les Amis d'Alternances]";"Null";"Null";"Null";"Null";"Null"
"http://data.bnf.fr/ark:/12148/cb332767150";"Calculatrice électronique, type 604. Complément...";"195";"Paris";"Compagnie IBM France";"Null";"In-4°, 51 p., fig., pl.";"Null";"Null"
"http://data.bnf.fr/ark:/12148/cb33489006c";"Mission aux îles Kerguelen. 1949-1950";"195";"Paris";"Ministère des travaux publics, des transports et du tourisme. Direction de la météorologie nationale ";"Null";"Null";"Null";"Null"
"http://data.bnf.fr/ark:/12148/cb343074932";"Textes et documents...";"195";"Bruxelles";"Ministère des affaires étrangères";"Null";"Null";"Null";"Null"
"http://data.bnf.fr/ark:/12148/cb343145031";"Publications d'information en français";"195";"Pékin";"Editions en langues étrangères";"Null";"Null";"Null";"Null"
"http://data.bnf.fr/ark:/12148/cb343436239";"Kulturphilosophie";"195";"München";"C. H. Beck'sche Verlagsbuchhandlung";"Null";"Null";"Null";"Null"
"http://data.bnf.fr/ark:/12148/cb34776648p";"Les Cocus pacifiques";"195";"[Angoulême]";"H.J. Gros";"Null";"[38] p.";"Null";"Null"
"http://data.bnf.fr/ark:/12148/cb348090025";"Zfira Ilin";"195";"Paris";"Null";"Null";"23 p.-[4] f. de pl.";"Null";"Null"
"http://data.bnf.fr/ark:/12148/cb34971476h";"Être en forme pour donner la vie";"195";"Montréal. - Paris";"Éd. de l'Étincelle";"Null";"126 p.";"http://data.bnf.fr/ark:/12148/cb120685318";"Null"
"http://data.bnf.fr/ark:/12148/cb35018908f";"L' Art et la fleur";"195";"Paris";"Gabrielle Debrie";"Null";"4 p.";"http://data.bnf.fr/ark:/12148/cb119791509";"Null"
"http://data.bnf.fr/ark:/12148/cb350197309";"Coquelin Courcelles : [catalogue]";"195";"Paris";"Coquelin Courcelles";"Null";"16 p.";"http://data.bnf.fr/ark:/12148/cb119314762";"Null"
"http://data.bnf.fr/ark:/12148/cb35022174s";"[Recueil. Documents publicitaires]";"195";"Paris";"Cointreau";"Null";"Null";"http://data.bnf.fr/ark:/12148/cb119322533";"Null"
"http://data.bnf.fr/ark:/12148/cb350223552";"[Recueil. Documents publicitaires]";"195";"Paris";"Kody";"Null";"Null";"http://data.bnf.fr/ark:/12148/cb119314762";"Null"
"http://data.bnf.fr/ark:/12148/cb35026132t";"[Recueil. Documents publicitaires]";"195";"Nancy";"Etablissements Moench et fils";"Null";"Null";"http://data.bnf.fr/ark:/12148/cb119314762";"Null"
"http://data.bnf.fr/ark:/12148/cb35026844r";"Cristal : [catalogue]";"195";"Paris";"Syndicat général des cristalleries et verreries d'art";"Null";"N.p.";"http://data.bnf.fr/ark:/12148/cb119314762";"Null"
"http://data.bnf.fr/ark:/12148/cb35030562m";"[Recueil. Documents publicitaires]";"195";"Paris";"Dagbar";"Null";"2 vol.";"http://data.bnf.fr/ark:/12148/cb119314762";"Null"
"http://data.bnf.fr/ark:/12148/cb35030417h";"By strength of heart";"195";"Cape Town";"Howard B. Timmins";"Null";"116 p.- pl.";"http://data.bnf.fr/ark:/12148/cb12127739p";"Null"
"http://data.bnf.fr/ark:/12148/cb35031066v";"Savez-vous comment... le café fut découvert? : [document publicitaire]";"195";"Paris";"Raverdy";"Null";"[4]p.";"http://data.bnf.fr/ark:/12148/cb119310926";"Null"
"http://data.bnf.fr/ark:/12148/cb350954874";"Jan : chapelier de grande classe vous présente ses nouveautés";"195";"Paris";"Jan";"Null";"12 f. de pl.";"http://data.bnf.fr/ark:/12148/cb11975664d";"Null"
"http://data.bnf.fr/ark:/12148/cb35108058g";"Bemberg cupra : [documents publicitaires]";"195";"Paris";"Bemberg";"Null";"2 fasc.";"http://data.bnf.fr/ark:/12148/cb12108634h";"Null"
"http://data.bnf.fr/ark:/12148/cb35206113g";"Symphonia sacra";"195";"[S.l.]";"E.I.L.G. Hennen";"Null";"[26] p.";"Null";"Null"
"http://data.bnf.fr/ark:/12148/cb352589821";"Table of Government orders : covering the general instruments [from 1671] to 31 December...";"195";"London";"HM Stationery office";"Null";"25 cm";"Null";"Null"
"http://data.bnf.fr/ark:/12148/cb35321713h";"Ne faites pas comme Achille!! : [document publicitaire]";"195";"[s.l.]";"Morvan";"Null";"1 f. de pl.";"http://data.bnf.fr/ark:/12148/cb11955690j";"Null"
"http://data.bnf.fr/ark:/12148/cb35456843q";"[Recueil. Eventails publicitaires]";"195";"Paris";"Event. Chambrelent";"Null";"2 pièces";"http://data.bnf.fr/ark:/12148/cb11976947w";"Null"
"http://data.bnf.fr/ark:/12148/cb35456854c";"[Recueil. Eventails publicitaires]";"195";"Paris";"Eventails Chambrelent";"Null";"10 pièces";"http://data.bnf.fr/ark:/12148/cb11978758g";"Null"
"http://data.bnf.fr/ark:/12148/cb35456780n";"[Recueil. Eventails publicitaires]";"195";"[S.l.]";"Pernod fils";"Null";"2 pièces";"http://data.bnf.fr/ark:/12148/cb119314762";"Null"
"http://data.bnf.fr/ark:/12148/cb35476547p";"Les Procédés Dorel";"195";"Paris";"Félix Dorel";"Null";"[12] p.en dépl.";"http://data.bnf.fr/ark:/12148/cb11953485x";"Null"
"http://data.bnf.fr/ark:/12148/cb35502692j";"L'Art et la manière de choisir d'assortir et de nouer sa cravate";"195";"[Paris]";"Havas";"Null";"[n.p.]";"http://data.bnf.fr/ark:/12148/cb11994692t";"Null"
"http://data.bnf.fr/ark:/12148/cb35506427h";"[Recueil. Rapports présentés à l'assemblée générale]";"195";"Strasbourg";"Manufacture alsacienne des tabacs";"Null";"Null";"Null";"Null"
"http://data.bnf.fr/ark:/12148/cb35507658k";"[Recueil. Documents publicitaires]";"195";"Paris";"Etablissements Wessbecher";"Null";"Null";"http://data.bnf.fr/ark:/12148/cb119428320";"Null"
"http://data.bnf.fr/ark:/12148/cb35558531j";"[Recueil. Documents d'information]";"195";"Paris";"Asphaltoïd";"Null";"Null";"http://data.bnf.fr/ark:/12148/cb119314762";"Null"
"http://data.bnf.fr/ark:/12148/cb35671070z";"Jouets... : [catalogue]";"195";"Paris";"SNF";"Null";"33 p.";"http://data.bnf.fr/ark:/12148/cb11975664d";"Null"
"http://data.bnf.fr/ark:/12148/cb35847727x";"Liban : terre éternelle";"195";"Liban. - [La Garenne-Colombes]";"Éd. Arziates. - [AGIC]";"Null";"127 p.";"http://data.bnf.fr/ark:/12148/cb119322444";"Null"
"http://data.bnf.fr/ark:/12148/cb35853719j";"Eritrea hails her sovereign";"195";"[Adis Ababa]";"Imperial Ethiopian government, Press and information department";"Null";"83 p.";"http://data.bnf.fr/ark:/12148/cb12108193n";"Null"
"http://data.bnf.fr/ark:/12148/cb36132425x";"Règlement de manoeuvre de l'artillerie : deuxième série, tir";"195";"Paris";"Etat-major de l'armée de terre";"Null";"Null";"http://data.bnf.fr/ark:/12148/cb119314793";"Null"
"http://data.bnf.fr/ark:/12148/cb361325732";"Règlement de manoeuvre de l'artillerie : troisième série";"195";"Paris";"Etat-major de l'armée de terre";"Null";"Null";"http://data.bnf.fr/ark:/12148/cb13163009t";"Null"
"http://data.bnf.fr/ark:/12148/cb36132424k";"Règlement de manoeuvre de l'artillerie : [première série, manœuvre], titre...";"195";"Paris";"Ministère de le défense nationale";"Null";"Null";"http://data.bnf.fr/ark:/12148/cb13163009t";"Null"
"http://data.bnf.fr/ark:/12148/cb36154260s";"Tournay, cité des rois : ville détruite";"195";"Bruxelles";"Audiothèque";"Null";"48 p.";"http://data.bnf.fr/ark:/12148/cb11946362h";"Null"
"http://data.bnf.fr/ark:/12148/cb361963533";"La divina comedia y sus multiples sentidos";"195";"[Santiago de Chile]";"Departamento de extensión universitaria. - Universidad de Chile";"Null";"P. 11-58";"Null";"Null"
"http://data.bnf.fr/ark:/12148/cb365946685";"Reşat Nuri Güntekin külliyatından";"195";"İstanbul";"İnkılâp kitabevi";"Null";"Null";"Null";"Null"
