id;title;date;place;publisher;firstyear;description;subject;gallica
"http://data.bnf.fr/ark:/12148/cb407174251";"Portulans : Vallescha (G. de) (reprod. photogr.)";"1439";"[S.l.]";"[s.n.]";"1439";"Null";"Null";"Null""http://data.bnf.fr/ark:/12148/cc5263k";"Kimhi, David (1160?-1235?). Seper hašwrašiym. =. קמחי, דוד בן יוסף, 1160-1235. ספר השרשים";"1439";"Null";"Null";"Null";"Null";"http://data.bnf.fr/ark:/12148/cb119321723";"http://gallica.bnf.fr/ark:/12148/btv1b9064437m"
"http://data.bnf.fr/ark:/12148/cc883306";"Menahem ben Benjamin Recanati, commentaire du Pentateuque";"1439";"Null";"Null";"Null";"[14], 189 feuillets";"Null";"http://gallica.bnf.fr/ark:/12148/btv1b107204947"
"http://data.bnf.fr/ark:/12148/cc59932";"David Kimhi. Recueil de commentaires sur la Bible";"1439";"Null";"Null";"Null";"Null";"Null";"http://gallica.bnf.fr/ark:/12148/btv1b9064524b"
"http://data.bnf.fr/ark:/12148/cb33751560h";"Transaction par laquelle est déclaré le droict de péage prétendu au port de Varennes sur la rivière d'Allier";"1439";"(S. l. n. d.)";"Null";"1439";"In-8°, 2 p.";"Null";"Null"
"http://data.bnf.fr/ark:/12148/cb337513990";"Extrait de la Transaction entre les Marchands fréquentant la Loire, d'une part, et les seigneur et dame de Chazeul, de l'autre par laquelle est déclaré le droit de péage prétendu au port de Varennes sur la rivière d'Allier";"1439";"(Orléans";"impr. de Hotot";"1439";"In-8°, 2 p.";"Null";"Null"
"http://data.bnf.fr/ark:/12148/cb33751561v";"Transaction par laquelle est déclaré le droict de péage prétendu au port de Varennes sur la rivière d'Allier";"1439";"(S. l. n. d.)";"Null";"1439";"In-8°, 4 p.";"Null";"Null"
"http://data.bnf.fr/ark:/12148/cb33752590p";"Lettres portant don par Charles duc d'Orléans, à Jean bâtard d'Orléans, son frère naturel, du comté de Dunois, appartenances et dépendances";"1439";"(S. l. n. d.)";"Null";"1439";"In-4°";"Null";"Null"
"http://data.bnf.fr/ark:/12148/cb338101897";"Ordonnance portant que tous ceux qui tiennent des fiefs en donneront au vrai le dénombrement dedans trois mois, sinon que lesdits fiefs seront remis en la main du Roy et les fruits en provenans déclarez siens";"1439";"(S. l. n. d.)";"Null";"1439";"In-4°, 2 p.";"Null";"Null"
"http://data.bnf.fr/ark:/12148/cb35878160z";"Energy tax act of 1977 5";"1439";"Washington";"Government printing office";"1439";"Null";"Null";"Null"
