id;title;date;place;publisher;firstyear;description;subject;gallica
"http://data.bnf.fr/ark:/12148/cb30039031f";"Divi Aurelii Augustini de Doctrina christiana, seu de Arte praedicandi";"1466";"[Strasbourg]";"Johannes Mentelin";"1466";"Null";"Null";"Null"
"http://data.bnf.fr/ark:/12148/cb30125278n";"Auctoritates utriusque Testamenti...";"1466";"Null";"Null";"1466";"[48] f.";"Null";"Null"
"http://data.bnf.fr/ark:/12148/cb30243214h";"M. T. Ciceronis de Officiis libri et Paradoxa. Accessere XII sapientum versus et Q. Horatii Flacci de vitae humanae brevitate carmen : Diffugere nives";"1466";"Moguntiae";"J. Fust et P. Schoeffer";"1466";"In-4° , (Pellechet, 3726.)";"Null";"Null"
"http://data.bnf.fr/ark:/12148/cb305015910";"Johannis Gerson Tractatulus super materia celebrationis missae. Forma absolutionis sacramentalis";"1466";"[Köln";"Ulrich Zell";"1466";"[16] ff. non signés [a-b]8, le dernier blanc";"Null";"Null"
"http://data.bnf.fr/ark:/12148/cb306169863";"De Officiis...";"1466";"Moguntiae";"Null";"1466";"In-4°";"Null";"Null"
"http://data.bnf.fr/ark:/12148/cb30649547f";"Sermo S. Joannis Chrysostomi super psalmum L : Miserere mei, Deus";"1466";"(Coloniae,)";"U. Zell";"1466";"In-4° . (Hain, 5032 ; Voulliéme, 648.)";"Null";"Null"
"http://data.bnf.fr/ark:/12148/cb306495641";"Homiliae LXX S. Joannis Chrysostomi in Evangelium S. Matthaei";"1466";"(Argentorati";"J. Mentelin";"1466";"In-fol.";"Null";"Null""http://data.bnf.fr/ark:/12148/cb40667917n";"[Carte marine de l'océan Atlantique Nord-Est et de la mer Méditerranée occidentale]";"1466";"Null";"Null";"Null";"1 carte : ms. col. sur vélin ; 59,7 x 83 cm , cou à l'ouest";"Null";"http://gallica.bnf.fr/ark:/12148/btv1b5901192j"
"http://data.bnf.fr/ark:/12148/cb40670278f";"[Atlas nautique de l'océan Atlantique Nord-Est, de la mer Méditerranée et de la mer Noire]";"1466";"Null";"Null";"Null";"5 cartes ; reliure montée sur ais de bois. Reliure estampée et renforcée de clous métalliques. Pas de dos : ms. col.sur vélin contrecollé sur carton ; 44,2 x 34,6 cm";"Null";"http://gallica.bnf.fr/ark:/12148/btv1b59011091"
"http://data.bnf.fr/ark:/12148/cb40771996q";"Liber Insularum Archipelagi";"1466";"[Italie (Venise ?)]";"Null";"1466";"Texte accompagné de 80 cartes peintes à la gouache : ms. col., II + 43 + I ff, parchemin ; 29 x 21 cm";"Null";"Null"
"http://data.bnf.fr/ark:/12148/cb31175509t";"Biblia aurea cum suis historiis necnon exemplis Veteris atque Novi Testamenti [auctore Antonio Rampegollis]";"1466";"(S. l.,)";"I. Grüninger";"1466";"In-4° . (Hain-Copinger. *13687.)";"Null";"Null"
"http://data.bnf.fr/ark:/12148/cb43733701q";"[Alphabet : lettre m] : [estampe]";"1466";"[Rhin supérieur]";"Null";"1466";"1 est. : burin ; 140 x 172 mm";"http://data.bnf.fr/ark:/12148/cb11951693m";"http://gallica.bnf.fr/ark:/12148/btv1b10505680b"
"http://data.bnf.fr/ark:/12148/cb43733736c";"[Alphabet : lettre n] : [estampe]";"1466";"[Rhin supérieur]";"Null";"1466";"1 est. : burin ; 142 x 170 mm";"http://data.bnf.fr/ark:/12148/cb11951693m";"http://gallica.bnf.fr/ark:/12148/btv1b10505683p"
"http://data.bnf.fr/ark:/12148/cc670282";"orationes";"1466";"Null";"Null";"Null";"Null";"Null";"http://gallica.bnf.fr/ark:/12148/btv1b10720855j"
"http://data.bnf.fr/ark:/12148/cc8665v";"Topica";"1466";"Null";"Null";"Null";"Null";"Null";"http://gallica.bnf.fr/ark:/12148/btv1b10720326v"
"http://data.bnf.fr/ark:/12148/cb337514789";"Déclaration des droicts de péage de La Cornière et de Lesme, levez en la terre Sainct Aubin assis sur la rivière de Loire";"1466";"(S. l. n. d.)";"Null";"1466";"In-8°, 4 p.";"Null";"Null"
"http://data.bnf.fr/ark:/12148/cb337514758";"Déclaration des droits de peage de la Cornière et de Lesme, levés en la terre St-Aubin sur la Loire";"1466";"(Orléans)";"(Hotot)";"1466";"8°";"Null";"Null"
"http://data.bnf.fr/ark:/12148/cb337524803";"(Ordonnance du duc de Bourgogne, du 25 octobre 1466, relative à l'élection des, échevins de la ville d'Aire.)";"1466";"(S. l. n. d.)";"Null";"1466";"In-4°";"Null";"Null"
"http://data.bnf.fr/ark:/12148/cb33754571w";"(Ordonnance de Philippe, duc de Bourgogne relative à l'élection des échevins de la ville d'Aire.)";"1466";"(S. l. n. d.)";"Null";"1466";"In-4°";"Null";"Null"
"http://data.bnf.fr/ark:/12148/cb33810266v";"Ordonnance portant que tout exécutoire donné par la Chambre (des comptes) pour les debtes du Roy, ne sera retardé ni différé, sous prétexte d'appellations";"1466";"(S. l. n. d.)";"Null";"1466";"In-4°, 2 p.";"Null";"Null"
"http://data.bnf.fr/ark:/12148/cb35951105w";"[Sans titre]";"1466";"Null";"Null";"1466";"[406] f.";"Null";"Null"
"http://data.bnf.fr/ark:/12148/cb359511303";"[Sans titre]";"1466";"Null";"Null";"1466";"[496] f.";"Null";"Null"
