id;title;date;place;publisher;firstyear;description;subject;gallica
"http://data.bnf.fr/ark:/12148/cb30007705q";"De Arte loquendi et tacendi";"1487";"Anvers";"Gerard Leeu";"1487";"Null";"Null";"Null"
"http://data.bnf.fr/ark:/12148/cb30007492n";"Compendium theologicae veritatis, per Albertum Magnum";"1487";"[Lyon";"Nicolaus Philippi";"1487";"Null";"Null";"Null"
"http://data.bnf.fr/ark:/12148/cb30009978z";"Le martilloge des faulces langues";"1487";"Paris";"[Antoine Caillaut pour Antoine Vérard";"1487";"80 p.";"Null";"http://gallica.bnf.fr/ark:/12148/bpt6k70182v"
"http://data.bnf.fr/ark:/12148/cb30009907f";"Doctrinale, cum commento Ludovici de Guaschis";"1487";"Venetiis";"per B. Benalium";"1487";"In-fol.";"Null";"Null"
"http://data.bnf.fr/ark:/12148/cb300099063";"Doctrinale, cum commento Ludovici de Guaschis";"1487";"Nurmberge";"per F. Creusner";"1487";"In-4°";"Null";"Null"
"http://data.bnf.fr/ark:/12148/cb30014048j";"Fortalitium fidei contra fidei christianae hostes, auctore Alphonso de Spina";"1487";"[Lyon]";"Guillaume Balsarin";"1487";"Null";"Null";"Null"
"http://data.bnf.fr/ark:/12148/cb30015844m";"De Providentia Dei libri tres... Sermo de dignitate humanae originis... latine...";"1487";"Alost";"Thierry Martens";"1487";"In-4";"Null";"Null"
"http://data.bnf.fr/ark:/12148/cb30019896t";"Antonii Andreae quaestiones super XII. libros Metaphysicae Aristotelis, emendatae per Lucam de Subereto";"1487";"Venetiis";"sumptibus O. Scoti";"1487";"In-fol. (Pellechet, 628.)";"Null";"Null"
"http://data.bnf.fr/ark:/12148/cb300208407";"Summa angelica de casibus conscientiae, compilata per fratrem Angelum de Clavasio, cum praefatione Hieronymi Tornieli";"1487";"Venetiis";"per G. de Rivabenis";"1487";"In-4° . (Hain, *5384.)";"Null";"Null"
"http://data.bnf.fr/ark:/12148/cb300213345";"Aniani Compotus cum commento";"1487";"[Paris";"Guy Marchant";"1487";"Null";"Null";"Null"
"http://data.bnf.fr/ark:/12148/cb30023082p";"S. Antonini, archiepiscopi Florentini, confessionale, aliter dictum Defecerunt, seu summula confessionis, seu tractatus de instructione simplicium confessorum";"1487";"(Argentorati ?)";"Null";"1487";"In-4° . (Pellechet, 849.)";"Null";"Null"
"http://data.bnf.fr/ark:/12148/cb30029362b";"Regimen sanitatis (a magistro Arnaldo de Villanova expositum, emendatum per doctores Montispessulani regentes), cum tractatu epidimie seu pestilentie";"1487";"Bisuntii";"(impr. a P. Metlinger)";"1487";"In-4° . (Pellechet, 1292.)";"Null";"Null"
"http://data.bnf.fr/ark:/12148/cb30029413d";"Tractatus de venenis";"1487";"(Paduae,)";"Null";"1487";"In-4° . (Pellechet, 10.)";"http://data.bnf.fr/ark:/12148/cb119329264";"Null"
"http://data.bnf.fr/ark:/12148/cb30046691f";"Tractatus de libertatibus civitatis Gebennensis, auctore Johanne Bagnyon";"1487";"Null";"[Lyon. - Guillaume Balsarin";"1487";"Null";"Null";"Null"
"http://data.bnf.fr/ark:/12148/cb30048943w";"Summa quae vocatur Catholicon edita a fratre Johanne de Janua (Balbi)";"1487";"Venetiis";"H. Liechtenstein";"1487";"In-fol. (Pellechet, 1707.)";"Null";"Null"
"http://data.bnf.fr/ark:/12148/cb30063129b";"Lectura Bartoli de Saxoferrato super secunda parte Codicis";"1487";"Venetiis";"per A. Torresano";"1487";"In-fol. (Pellechet, 1911.)";"Null";"Null"
"http://data.bnf.fr/ark:/12148/cb30063182s";"Martyrologium";"1487";"Papiae";"Null";"1487";"In-4°";"Null";"Null"
"http://data.bnf.fr/ark:/12148/cb300898472";"Tractatus diversi sancti Bernardini (sic)";"1487";"(Antverpiae";"M. Van der Goes";"1487";"In-4° , (Pellechet, 2154.)";"Null";"Null"
"http://data.bnf.fr/ark:/12148/cb30089879p";"Colloquium peccatoris et crucifixi Jhesu Christi. Dyalogus sive synonima Ysidori de homine et ratione";"1487";"Anvers";"Gerard Leeu";"1487";"Null";"Null";"Null"
"http://data.bnf.fr/ark:/12148/cb300900305";"Tractatus beati Bernardi, abbatis Clarevallensis, de Laudibus beate Marie Virginis super evangelium : Missus est angelus Gabriel";"1487";"(Antverpiae";"G. Leeu";"1487";"In-4° . (Pellechet, 2101.)";"Null";"Null"
"http://data.bnf.fr/ark:/12148/cb30091410w";"Officii misse totiusque Canonis expositio (auctore Bernardo de Parentis)";"1487";"[Strasbourg";"s. n.]";"1487";"Null";"Null";"Null"
"http://data.bnf.fr/ark:/12148/cb300914117";"Officii misse totiusque Canonis expositio (auctore Bernardo de Parentis)";"1487";"[Speyer]";"Null";"1487";"Null";"Null";"Null"
"http://data.bnf.fr/ark:/12148/cb30092820j";"Philippi Beroaldi de nuptiis Bentivolorum";"1487";"[Bologna";"Bazaliero de’ Bazalieri";"1487";"Null";"Null";"Null"
"http://data.bnf.fr/ark:/12148/cb30092791s";"Propertius cum commentariis...";"1487";"Bononiae";"Null";"1487";"In-fol.";"Null";"Null"
"http://data.bnf.fr/ark:/12148/cb301167066";"Liber Johannis Boccacii de mulieribus claris";"1487";"Lovanii";"per Egidium van der Heerstraten";"1487";"In-fol., fig. (Pellechet, 2475.)";"Null";"Null"
"http://data.bnf.fr/ark:/12148/cb30116906r";"Genealogiae deorum gentilium secundum Joannem Boccatium";"1487";"Vincentiae";"per Simonem de Gabis Papiensem";"1487";"In-fol. (Pellechet, 2467.)";"Null";"Null"
"http://data.bnf.fr/ark:/12148/cb30116933n";"Epistola o vero lectera di messer Giovanni Boccacci mandata a messer Pino de' Rossi confortatoria";"1487";"Firenze";"per M. B. Clo Florentino";"1487";"In-4° . (Pellechet, 2463.)";"Null";"Null"
"http://data.bnf.fr/ark:/12148/cb30118297f";"Boetii de Consolatione philosophica, cum commento Thomae de Aquino. Ejusdem de disciplina scholastica, cum commento";"1487";"Lugduni";"Johannes de Prato";"1487";"In-fol. (Pellechet, 2523.)";"Null";"Null"
"http://data.bnf.fr/ark:/12148/cb301183982";"Boetii de disciplina scholarium cum commento";"1487";"[Lyon";"Guillaume Le Roy]";"1487";"2 parties";"Null";"Null"
"http://data.bnf.fr/ark:/12148/cb30116918r";"Invectiva di messer Giovanni Boccaccio contra una malvagia donna, decto Labirinto d'amore et altrimenti il Corbaccio";"1487";"Firenze";"per B. di Francesco";"1487";"In-4° . (Pellechet, 2446.)";"Null";"Null"
"http://data.bnf.fr/ark:/12148/cb30118282d";"Boetii de consolatione philosophiae, cum commento sancti Thome";"1487";"Lovanii";"Johannes de Westphalia";"1487";"In-fol. (Pellechet, 2522.)";"Null";"Null"
"http://data.bnf.fr/ark:/12148/cb30125401m";"Boec van den vier oefeningen Bonaventure";"1487";"Antwerpen";"by Claes Leeu";"1487";"In-8° . (Campbell, 339.)";"Null";"Null"
"http://data.bnf.fr/ark:/12148/cb30136491v";"Casus longi super quinque libros Decretalium, a domino Bernardo (Bottoni), earumdem precipuo glossatore, utiliter compilati";"1487";"Bononie";"per H. Harlem et J. Walbeeck socios";"1487";"In-fol. (Pellechet, 2196.)";"Null";"Null"
"http://data.bnf.fr/ark:/12148/cb30178435p";"Incipit libellus de vita et moribus philosophorum et poetarum";"1487";"[Anvers ?";"imprimeur de la Mensa philosophica (H 11076)";"1487";"110 ff. non ch., sign. a-o";"Null";"Null"
"http://data.bnf.fr/ark:/12148/cb30178032j";"Textus summularum magistri Johannis Buridani, curante Joh. Dorp";"1487";"[Lyon]";"Janon Carcain pour Michel Le Noir à Paris";"1487";"2 parties";"Null";"Null"
"http://data.bnf.fr/ark:/12148/cb30179453v";"Opusculum musices cum defensione Guidonis Aretini, auctore Nicolao Burtio";"1487";"Bologna";"Ugo Ruggeri pour Benedetto Faelli";"1487";"Null";"Null";"Null"
"http://data.bnf.fr/ark:/12148/cb30192095d";"Oratio pro collegio jurisconsultorum a Johanne Jacobo Cane habita, d. 25 junii, a. 1487";"1487";"[Padova";"Matthaeus Cerdonis";"1487";"Null";"Null";"Null"
"http://data.bnf.fr/ark:/12148/cb302067363";"Incomenza una breve et utile expositione, cum la sententia et constructione, del sapientissimo Catone. - A la fin : Impressum Bononie, anno Domini nostri M.CCCC.LXXXVII, per me Platonem, stampatorem Bononiensem";"1487";"Bologne";"Null";"1487";"In-4° , car. goth., sign. A-D";"Null";"Null"
"http://data.bnf.fr/ark:/12148/cb30210904s";"L'Acerba di Cecco d'Ascoli";"1487";"Venetiis";"per B. de Novaria";"1487";"In-4° . (Pellechet, 3462.)";"Null";"Null"
"http://data.bnf.fr/ark:/12148/cb302341299";"Sermo in festo Sancti Ivonis, advocati pauperum, editus a venerabili fratre Cherubino, ordinis fratrum heremitarum sancti Augustini";"1487";"[Roma";"Stephan Planck";"1487";"Null";"Null";"Null"
"http://data.bnf.fr/ark:/12148/cb302380008";"Leonelli Chieregati sermo in publicatione confoederationis inter Innocentium VIII et Venetos";"1487";"(Romae";"B. Guldinbeck";"1487";"In-4° . (Pellechet, 3546.)";"Null";"Null"
"http://data.bnf.fr/ark:/12148/cb30238001m";"Leonelli Chieregati sermo in publicatione confoederationis inter Innocentium VIII et Venetos";"1487";"(Romae";"E. Silber.)";"1487";"In-4° . (Pellechet, 3547.)";"Null";"Null"
"http://data.bnf.fr/ark:/12148/cb30243142g";"M. T. Ciceronis Rhetoricae veteris et novae libri, cum Marii Fabii Victorini commentario";"1487";"Venetiis";"per Marinum Saracenum";"1487";"In-fol. (Pellechet, 3656.)";"Null";"Null"
"http://data.bnf.fr/ark:/12148/cb302432433";"M. Tullii Ciceronis de Officiis libri, cum Petri Marsi commento ; de Amicitia opusculum, cum Omniboni Leoniceni interpretatione ; de Senectute liber, cum Martini Philetici commento ; Paradoxa, cum anonymi commento";"1487";"[Lyon";"Guillaume Le Roy";"1487";"Null";"Null";"Null"
"http://data.bnf.fr/ark:/12148/cb30299264j";"Divina Commedia di Dante Alighieri : col commento di Christoforo Landino";"1487";"Brescia";"Bonino de' Bonini";"1487";"611 p.";"Null";"http://gallica.bnf.fr/ark:/12148/bpt6k2063109"
"http://data.bnf.fr/ark:/12148/cb30324374n";"Dionysii Carthusiani de Quatuor novissimis";"1487";"(Delphis,)";"Null";"1487";"In-4° . (Pellechet, 4306.)";"Null";"Null"
"http://data.bnf.fr/ark:/12148/cb303848101";"Guilelmi Durandi Rationale divinorum officiorum [éd. Johannes Aloysius Tuscanus et Gabriel Brunus]";"1487";"Venezia";"Guglielmo Anima Mia";"1487";"Null";"Null";"Null"
"http://data.bnf.fr/ark:/12148/cb303978688";"Aeliani de instruendis aciebus opus...";"1487";"Romae";"E. Silber, alias Franck";"1487";"In-4° . (Copinger, 35.)";"Null";"Null"
"http://data.bnf.fr/ark:/12148/cb304240593";"Synonyrum copia et de elegantia libri II...";"1487";"Rome";"Null";"1487";"In-4° . (Pellechet, 3744.)";"Null";"Null"
"http://data.bnf.fr/ark:/12148/cb304349066";"Stephani Flisci Variationes sententiarum, seu Synonyma, latine et italice";"1487";"[Roma]";"[Stephan Planck]";"1487";"Null";"Null";"Null"
"http://data.bnf.fr/ark:/12148/cb30435565v";"Epistolarium novum Joannis Marii Philelphi. Ludovicus Mondellus edidit";"1487";"Milano";"Ulrich Scinzenzeler";"1487";"Null";"Null";"Null"
"http://data.bnf.fr/ark:/12148/cb304355217";"Epistolae Francisci Philelphi";"1487";"Venezia";"Giovanni Rosso";"1487";"Null";"Null";"Null"
"http://data.bnf.fr/ark:/12148/cb304444108";"Lucii Annaei Flori Epitome rerum romanarum a, Fridiano Pignucio editum";"1487";"Lipsiae";"C. Kachelofen";"1487";"In-4° . (Pellechet, 4860.)";"Null";"Null"
"http://data.bnf.fr/ark:/12148/cb30459421b";"Speculum sermonum de B. Maria Virgine super Salutatione angelica";"1487";"Anvers";"Gerard Leeu";"1487";"Ill.";"Null";"Null"
"http://data.bnf.fr/ark:/12148/cb304690892";"Sexti Julii Frontini,... Strategematicon";"1487";"Rome";"Null";"1487";"In-4° . (Coppinger, 2593.)";"Null";"Null"
"http://data.bnf.fr/ark:/12148/cb30477906r";"Dialogus dictus Malogranatum [auctore Gallo, abbate monasterii Aulae regiae in Bohemia]";"1487";"[Köln]";"[Ludwig von Renchen]";"1487";"Null";"Null";"Null"
"http://data.bnf.fr/ark:/12148/cb30498798b";"Die vijer vijssersten [durch Gherart von Vliederhoven]";"1487";"Köln";"Johannes Koelhoff der Ältere";"1487";"[160] ff. signés a-v8, 5 ill. gr. sur bois";"Null";"Null"
"http://data.bnf.fr/ark:/12148/cb30501583c";"Sermones quattuor novissimorum perutiles et necessarii, unumquemque in devotionis ardorem et Dei timorem inducentes. - Fol. n. ch. n. III : Sermones de quattuor novissimis finem habent. - A la fin : Expliciunt rubrice";"1487";"Anvers";"Mathias Van der Goes";"1487";"Null";"Null";"Null"
"http://data.bnf.fr/ark:/12148/cb30506279h";"Auctoritates Aristotelis, Senecae, Boetii...";"1487";"Coloniae";"Null";"1487";"In-fol. (Pellechet, 1448.)";"Null";"Null"
"http://data.bnf.fr/ark:/12148/cb30523140w";"Tractatus urinarum [et de cautelis urinarum, una cum tractatu de pulsibus] excellentissimi medici magistri Bernardi de Gordonio";"1487";"Ferrariae";"A. Beaufort";"1487";"In-fol. (Pellechet, 5280.)";"Null";"Null"
"http://data.bnf.fr/ark:/12148/cb30548865s";"Ars diphthongandi Guarini Veronensis. Item compendiosus dialogus de arte punctandi [auctore Johanne de Lapide]. Item tractatus utilis de accentu. Item breviloquus vocabularius [auctore J. Reuchlin]";"1487";"[Lyon]";"[imprimeur de Guido, 'Casus longi' (Copinger 1488)]";"1487";"In-fol";"Null";"Null"
"http://data.bnf.fr/ark:/12148/cb30555334m";"Manipulus curatorum Guidonis de Monte Rocherio";"1487";"Paris";"Pierre Levet";"1487";"128 ff. foliotés (avec des erreurs) et signés a-q8, les deux derniers blancs";"Null";"Null"
"http://data.bnf.fr/ark:/12148/cb30557595v";"Le Rommant de la Rose";"1487";"[Lyon";"Guillaume Le Roy";"1487";"150 ff. signés a-s8, t6";"Null";"http://gallica.bnf.fr/ark:/12148/bpt6k70115q"
"http://data.bnf.fr/ark:/12148/cb368172690";"[Missale Ambianense]";"1487";"Paris";"[Jean Du Pré]";"1487";"206 ff., sign. @⁽6, a-k⁽8, l⁽1⁽0, [m]⁽4, n⁽8, o-p⁽1⁽0, q-t⁽8, A-B⁽1⁽0, C-D⁽8, E⁽1⁽0";"Null";"http://gallica.bnf.fr/ark:/12148/bpt6k110637z"
"http://data.bnf.fr/ark:/12148/cb36817569t";"Missale Lugdunense. Ed. Pierre Jacquet";"1487";"Lyon";"Johannes Neumeister";"1487";"2 °, ill.";"Null";"Null"
"http://data.bnf.fr/ark:/12148/cb36816895z";"[Horae ad usum Parisiensem]";"1487";"Paris";"[Jean Du Pré] pour. - Antoine Vérard";"1487";"8 °, ill. - Caractères G 112* : BMC VIII pl. IV";"Null";"Null"
"http://data.bnf.fr/ark:/12148/cb36817668r";"Missale Parisiense";"1487";"Venezia";"Johann Hamann et Johann Emerich";"1487";"8 °, ill.";"Null";"Null"
"http://data.bnf.fr/ark:/12148/cb368179824";"Missale Strengnense (L'origine et la date en sont indiquées par ces vers :) Virginis a partu numeris dare cum juvat annos // Mille quadringentos septem simul octuaginta, // Ecclesie Gothan Strengnensi Bartolomeus // Impressit centum missalia septuaginta. // Ipsa modo rituque pari fabrefacta librantur, // Quando sub officiis pariformibus officiantur. // Presul Conradus Holmensis sollicitavit, // Cujus proposito cleri concordia favit. // Unde suis sacer Eskillus meritis operetur // Ante Deum tutando reum, quod gracia detur";"1487";"Lubeck";"Null";"1487";"In-folio. Caractères gothiques. A deux colonnes. (Klemming, Sueriges äldre liturgiska Literatur, p. 10.)";"Null";"Null"
"http://data.bnf.fr/ark:/12148/cb36818029f";"Missale Upsalense";"1487";"[S. l. n. d. ?]";"Null";"1487";"In-fol.";"Null";"Null"
"http://data.bnf.fr/ark:/12148/cb36817966w";"Missale Spirense";"1487";"[Bamberg";"Johann Sensenschmidt et Heinrich Petzensteiner";"1487";"2 °, 376 ff. ill., musique";"Null";"Null"
"http://data.bnf.fr/ark:/12148/cb36819101k";"Breviarium Moguntinum";"1487";"[Speyer. - ou Strasbourg";"Peter Drach. - Johannes Grüninger]";"1487";"2 parties, 8 °";"Null";"Null"
"http://data.bnf.fr/ark:/12148/cb368208335";"Obsequiale Augustense";"1487";"Augsburg";"Erhard Ratdolt";"1487";"4 °, ill., musique";"Null";"Null"
"http://data.bnf.fr/ark:/12148/cb36820834h";"Obsequiale Augustense";"1487";"Augsburg";"Erhard Ratdolt";"1487";"4 °, ill., musique";"Null";"Null"
"http://data.bnf.fr/ark:/12148/cb36821184c";"Missale Cisterciense";"1487";"[Strasbourg";"Johannes Grüninger]";"1487";"2 °, ill.";"Null";"Null"
"http://data.bnf.fr/ark:/12148/cb30606622t";"Epistolae Diogenis, interprete Francisco Aretino. Accedunt Bruti et Hippocratis epistolae, ex versione Rinuccii";"1487";"Firenze";"Antonio di Francesco";"1487";"Null";"Null";"Null"
"http://data.bnf.fr/ark:/12148/cb30615143c";"[Articella, seu Thesaurus operum medicorum antiquorum. Liber Johannitii qui dicitur Isagoge. Libellus de pulsibus Philareti. Libellus Theophili de urinis. Hippocratis Aphorismi in ordinem collecti. Ejusdem Aphorismi cum commento Galieni. Ejusdem Liber pronosticorum. Ejusdem Liber regiminis acutorum. Ejusdem Liber Epidimiarum. Ejusdem Libellus de natura fetus. Liber Galieni qui dicitur tegni. Libellus Gentilis de Fulgineo de divisione. Hippocratis Libellus de lege. Ejusdem Libellus de jurejurando.]";"1487";"Venetiis";"B. de Tortis";"1487";"In-fol. (Pellechet, 1378.)";"Null";"Null"
"http://data.bnf.fr/ark:/12148/cb306488967";"Summulae logicae Joannis papae XXI";"1487";"Mediolani";"per L. Pachel et U. Scinzenzeller";"1487";"In-4° . (Hain-Copinger, 8681.)";"Null";"Null"
"http://data.bnf.fr/ark:/12148/cb30649021c";"Prestre Jehan";"1487";"[Lyon";"Guillaume Le Roy";"1487";"[12] ff.";"Null";"Null"
"http://data.bnf.fr/ark:/12148/cb306497668";"S. Johannis Chrysostomi Sermones de patientia in Job, de penitentia in David et de virginitate, ex interpretatione Lelii Tifernatis";"1487";"Coloniae";"J. Koelhoff";"1487";"In-fol. (Hain-Copinger, *5027 ; Voulliéme, 654.)";"Null";"Null"
"http://data.bnf.fr/ark:/12148/cb30649563p";"Homiliae LXX S. Joannis Chrysostomi in Evangelium S. Matthaei, Georgio Trapezuntio interprete";"1487";"Coloniae";"J. Koelhoff";"1487";"In-fol. (Hain, *5035 ; Voulliéme, 647.)";"Null";"Null"
"http://data.bnf.fr/ark:/12148/cb30677569w";"Alphabetum divini amoris de elevatione mentis in Deum Johannis Gerson";"1487";"Alost";"Thierry Martens";"1487";"Null";"Null";"Null"
"http://data.bnf.fr/ark:/12148/cb30680149p";"Passio Christi ex quattuor evangelistis, per... Petrum Keyerslach,... collecta, cum Tractatulo [sancti Bernardi] de planctu Marie...";"1487";"(Coloniae,)";"Null";"1487";"In-4° . (Hain, 9779.)";"Null";"Null"
"http://data.bnf.fr/ark:/12148/cb30680150w";"Passio Christi ex quattuor evangelistis, per... Petrum Keyerslach,... collecta, cum Tractatulo [sancti Bernardi] de planctu Marie...";"1487";"(S. l.)";"Null";"1487";"In-4° . (Hain, 9780.)";"Null";"Null""http://data.bnf.fr/ark:/12148/cb30737965z";"Sermones Thesauri novi de tempore et de sanctis. [P. de Palude auctore.]";"1487";"Norimbergae";"A. Koberger";"1487";"2 parties en 1 vol. in-fol. (Copinger, 5415.)";"Null";"Null"
"http://data.bnf.fr/ark:/12148/cb38498363p";"[Illustrations de Le Roman de la Rose]";"1487";"Lyon";"Guillaume Le Roy";"1487";"85 est. : gravures sur bois : Noir et blanc";"Null";"http://gallica.bnf.fr/ark:/12148/btv1b22000166"
"http://data.bnf.fr/ark:/12148/cb30809873b";"Les Décades. [Tome III.]";"1487";"Paris";"Null";"1487";"In-fol.";"Null";"Null"
"http://data.bnf.fr/ark:/12148/cb386994041";"[Lucii Annaei Senecae Tragoediae duae] Hercules furens, tragedia prima, tragedia secunda Cena Thiestis, cum epistola Conradi Celtis, anno Salutis M.CCCLXXXVII. Impressum Liepzk";"1487";"Leipzig";"[imprimeur du Capotius, H 4384 (= Martin Landsberg)";"1487";"[50] f. non signés [a-b8, c-d6, e-f8, g6], le dernier blanc";"Null";"Null"
"http://data.bnf.fr/ark:/12148/cb38793322d";"Biblia";"1487";"Null";"Null";"Null";"[436] f.";"Null";"Null"
"http://data.bnf.fr/ark:/12148/cb308446486";"Le grand Vita Christi en françoys";"1487";"Lyon";"Matthias Huss etJacques Buyer";"1487";"2 vol., ([ca 650 p.], CLI f.)";"Null";"http://gallica.bnf.fr/ark:/12148/bpt6k1106568"
"http://data.bnf.fr/ark:/12148/cb30844668t";"Ludolphi des Carthusers Boeck vanden leven ons Heeren Jesu Christi";"1487";"Antwerpen";"G. de Leeu";"1487";"In-fol. (Campbell, 1181.)";"Null";"Null"
"http://data.bnf.fr/ark:/12148/cb308706701";"Mandeville.  - Au commencement : Ce livre est appellé Mandeville, et fut faict et composé par Mr Jehan de Mandeville,... et parle de la terre de promission, c'est à savoir de Jherusalem et de plusieurs aultres isles de mer... - A la fin : Cy finit ce très plaisant livre nommé Mandeville... imprimé l'an de grâce 1487, le 26e jour de mars. Jehan Cres";"1487";"[Lantenac]";"Jean Crès";"1487";"sign. A-Q";"Null";"Null"
"http://data.bnf.fr/ark:/12148/cb308912352";"Commentum novum in primum et quartum tractatus Petri Hispani, cum commento Parvorum logicalium Marsilii";"1487";"Basileae";"N. Kessler";"1487";"In-4° , (Hain-Copinger, *8707.)";"Null";"Null"
"http://data.bnf.fr/ark:/12148/cb393029948";"Historia Scholastica super libros Biblie composita à Magistro Petro Comestore";"1487";"[Chambéry?]";"[Heinrich Wirtzburg ?]";"1487";"Null";"Null";"Null"
"http://data.bnf.fr/ark:/12148/cb393054442";"[Manipulus curatorum]";"1487";"Strasbourg";"[Martin Flach]";"1487";"Null";"Null";"Null"
"http://data.bnf.fr/ark:/12148/cb39304885h";"Quodlibeta [Guillaume d'Ockham. Ed. Cornelius Oudendijck]";"1487";"Parisiis";"Petri Rubei [pour Vincent Commin ?]";"1487";"In-4 °, goth.";"Null";"Null"
"http://data.bnf.fr/ark:/12148/cb393062244";"Sermones de tempore (I-II) et de sanctis (I-II) sive Hortulus reginae";"1487";"Basel";"Nicolaus Kessler";"1487";"Null";"Null";"Null"
"http://data.bnf.fr/ark:/12148/cb393055539";"[Sacramentale]";"1487";"Louvain";"Ægidius Van der Heerstraeten";"1487";"Null";"Null";"Null"
"http://data.bnf.fr/ark:/12148/cb39310737m";"De Officiis cum interpretatione Petri Marsi ; de Amicitia cum commento Omniboni Leoniceni ; de Senectute cum commentariis Martini Phillethici ; Paradoxa cum notis anonymi";"1487";"Venetiis";"M. Saracenus";"1487";"In-fol °";"Null";"Null"
"http://data.bnf.fr/ark:/12148/cb309191028";"Incipit pars hyemalis Sermonum Meffreth, alias Ortulus regine... - Incipit pars estivalis Sermonum Meffreth... - Prologus de sanctis in Sermones Meffret...";"1487";"Nurembergae";"A. Koberger";"1487";"3 parties en 1 vol. in-fol. (Hain-Copinger, *11004.)";"Null";"Null"
"http://data.bnf.fr/ark:/12148/cb310160423";"Postillae Nicolai de Lyra super totam Bibliam...";"1487";"(Norimbergae";"Antonius Koberger";"1487";"In-fol., initiales ornées ou rubriquées. (Pellechet, 2346.)";"Null";"Null"
"http://data.bnf.fr/ark:/12148/cb31016059t";"Postilla Nicolai de Lyra super Psalterium...";"1487";"(S. l.,)";"Null";"1487";"In-4° . (Copinger, 3712.)";"Null";"Null"
"http://data.bnf.fr/ark:/12148/cb31030324z";"Quotlibeta Guillermi Hokan";"1487";"Paris";"Pierre Le Rouge [pour Vincent Commin ?]";"1487";"[200] ff. signés a-z8, τ8, ɔ 8";"Null";"Null"
"http://data.bnf.fr/ark:/12148/cb31035346g";"Factorum ac dictorum memorabilium liber ad Tiberum Caesarem... [cum interpretatione Oliverii Arzignanensis et epistola Petri de Brutis]";"1487";"Venezia";"Giovanni et Gregorio de' Gregori";"1487";"Null";"Null";"Null"
"http://data.bnf.fr/ark:/12148/cb310955437";"Libellus magistri Petri de Abbano de venenis. - Tractatus Arnaldi de Villa nova de arte cognoscendi venena. - Tractatus Valasti de Tarenta de epidemia et peste";"1487";"(Paduae,)";"Null";"1487";"In-4° . (Pellechet, 10.)";"http://data.bnf.fr/ark:/12148/cb119329264";"Null"
"http://data.bnf.fr/ark:/12148/cb31107251t";"Pii secundi Epistolae";"1487";"(Mediolani,)";"Null";"1487";"In-4° . (Pellechet, 106.)";"Null";"Null"
"http://data.bnf.fr/ark:/12148/cb31109065f";"Collectarius, sive Expositio libri psalmorum per Petrum de Harentals";"1487";"Coloniae";"Null";"1487";"In-fol. (Hain-Copinger, *8366.)";"Null";"Null"
"http://data.bnf.fr/ark:/12148/cb311214531";"Di Platina, de la Honesta voluptate et valetudine";"1487";"Venetia";"Null";"1487";"In-4° . (Hain, 13057.)";"Null";"Null"
"http://data.bnf.fr/ark:/12148/cb31121654x";"Auctoritates Arestotilis [sic], Senece...";"1487";"Coloniae";"Null";"1487";"In-fol. (Pellechet, 1448.)";"Null";"Null"
"http://data.bnf.fr/ark:/12148/cb31123490q";"[Caii Plinii Secundi Historiae naturalis libri XXXVII.]";"1487";"Venetiis";"Null";"1487";"In-fol. (Hain-Copinger, *13096.)";"Null";"Null"
"http://data.bnf.fr/ark:/12148/cb31126854p";"Pogii florentini... Facetiarum liber...";"1487";"Anvers";"Mathias Van der Goes";"1487";"Null";"Null";"Null"
"http://data.bnf.fr/ark:/12148/cb311539676";"Carmina Propertii, Tibulli et Catulli, cum commentariis Antonii Volsci, Bernardini Veronensis et Antonii Parthenii";"1487";"Venetiis";"Null";"1487";"2 parties en 1 vol. in-fol. (Hain-Copinger, *4762.)";"Null";"Null"
"http://data.bnf.fr/ark:/12148/cb31153966v";"Propertii Carmina cum commentariis Philippi Beroaldi";"1487";"Bononiae";"Null";"1487";"In-fol. (Hain, 13406.)";"Null";"Null"
"http://data.bnf.fr/ark:/12148/cb31158775g";"Il Driadeo";"1487";"Firenze";"Antonio di Francesco";"1487";"Null";"Null";"Null"
"http://data.bnf.fr/ark:/12148/cb311659358";"In commentariolum de compositione orationis...";"1487";"Roma";"Eucharius Silber";"1487";"in-4";"Null";"Null"
"http://data.bnf.fr/ark:/12148/cb31226403v";"Opus originale Ruperti, abbatis Tuiciensis, de Victoria Verbi Dei, tredecim libros divisum";"1487";"(Augustae Vindelicorum,)";"impr. per A. Sorg";"1487";"In-fol. (*Hain, 14046.)";"Null";"Null"
"http://data.bnf.fr/ark:/12148/cb31237865z";"Fasciculus temporum [auctore W. Rolevinck]";"1487";"Impressum Argentine";"per J. Pryss";"1487";"In-fol., 6 ff. non ch., 90 ff. ch. I-XC et 2 ff. non ch., car. goth., titres courants, fig. (Polain, Belg. 3377.)";"Null";"Null"
"http://data.bnf.fr/ark:/12148/cb312456654";"Monarchia, sive Tractatus de potestate imperatoris ac papae...";"1487";"Venezia";"Hermann Liechtenstein";"1487";"Null";"Null";"Null"
"http://data.bnf.fr/ark:/12148/cb31274365p";"M. Antonii Coccii Sabellici Rerum Venetarum ab orbe condito decades IV";"1487";"Venetiis";"impr. arte Andreae de Toresanis de Asula";"1487";"In-fol. (Hain-Copinger* 14053.)";"Null";"Null"
"http://data.bnf.fr/ark:/12148/cb312921025";"Quinti Sereni Sammonici Liber";"1487";"[Roma";"Eucharius Silber";"1487";"In-4° . (Hain-Copinger, 14698.)";"Null";"Null"
"http://data.bnf.fr/ark:/12148/cb31306542s";"Canonica de febribus magistri Michaelis Savonarole";"1487";"Bononiae";"Null";"1487";"In-fol. (Hain, 14487 ; B. M., VI, 832.)";"Null";"Null"
"http://data.bnf.fr/ark:/12148/cb31339152b";"Incipit tabula in librum qui dicitur Mensa philosophica";"1487";"[Anvers ?]";"[imprimeur de la 'Mensa philosophica']";"1487";"In-4";"Null";"Null"
"http://data.bnf.fr/ark:/12148/cb31351671g";"Auctoritates Arestotilis [sic], Senece, Boetii, Platonis, Apulei Affricani, Porphirii et Gilberti Porritani";"1487";"Coloniae";"Null";"1487";"In-fol. (Pellechet, 1448.)";"Null";"Null"
"http://data.bnf.fr/ark:/12148/cb426634047";"Le Livre Intitulé De Bonnes Meurs";"1487";"[Lyon";"Guillaume Le Roy";"1487";"Null";"Null";"Null"
"http://data.bnf.fr/ark:/12148/cb31420438d";"De Aquis que in urbem influunt libellus mirabilis [a Pomponio Laeto et Jo. Sulpitio emendatus]";"1487";"[Roma";"Eucharius Silber";"1487";"Null";"Null";"Null"
"http://data.bnf.fr/ark:/12148/cb314221967";"[Henrici Susonis Horologium aeternae sapientiae. Centum meditationes passionis domini nostri Jesu Christi. Horae de aeterna sapientia.]";"1487";"Allosti";"per T. Martini";"1487";"In-4° . (Copinger, 3168 ; Polain, 3642.)";"Null";"Null"
"http://data.bnf.fr/ark:/12148/cb42884896t";"Nicolai Burty parmensis : musices professoris : ac // iuris pontificij studiosissimi : musices opusculum inci // pit : cum defensione Guidonis aretini : adversus que // ndam hyspanum veritatis prevaricatorem // [Au r.o du dern. fol :] Imp̅essis. Bn̅ dicti librarij bonon̅. ac suma industria // Ugonis de rugerijs : qui propatissimus huius artis // exactor imp̅ssus Bonõie. An̅o dn̅i. m.cccc.lxxxvij. // die vltima aprilis.//";"1487";"Bononiae";"Ugo de Rugeri";"1487";"In-4°, 198 x 143 mm, sign.a à i IV";"Null";"Null"
"http://data.bnf.fr/ark:/12148/cb31434988h";"[Lectura Alexandri Tartagni de Imola super prima parte Digesti veteris, cum apostillis.]";"1487";"Mediolani";"Null";"1487";"In-fol. (Reichling, suppl. 194.)";"Null";"Null"
"http://data.bnf.fr/ark:/12148/cb314349933";"[Lectura Alexandri Tartagni de Imola super prima parte Codicis, cum apostillis.]";"1487";"Papie";"Null";"1487";"In-fol. (Hain-Copinger, 15321.)";"Null";"Null"
"http://data.bnf.fr/ark:/12148/cb314419284";"[Articuli a Stephano episcopo Parisius condemnati, anno 1276 (1277 n. st.).]";"1487";"Padue";"M. Cerdonis";"1487";"In-4° . (Hain-Copinger-Reichling, 1878 ; Copinger, 707 ; Pellechet, 1398.)";"Null";"Null"
"http://data.bnf.fr/ark:/12148/cb31462147v";"Boecii,... Libri de Consolatione philosophie, et commentarius... sancti Thome super eosdem...";"1487";"Lovanii";"Johannes de Wesphalia";"1487";"In-fol. (Hain-Copinger, 3379 ; Campbell, 311 ; Pellechet, 2522 ; Gesamtkatalog der Wiegendrucke, IV, 4538 ; Polain, 731.)";"Null";"Null"
"http://data.bnf.fr/ark:/12148/cb314813169";"Glosa Psalterii Johannis de Turrecremata";"1487";"Argentine";"Null";"1487";"In-fol. (Hain-Copinger, *15707 ; Br. Mus., Books pr. XVth c., t. I, p. 136 ; Polain, 3862.)";"Null";"Null"
"http://data.bnf.fr/ark:/12148/cb314813436";"Questiones Evangeliorum tam de tempore quam de sanctis Johannis de Turrecremata,...";"1487";"(Argentinae";"Null";"1487";"2 parties en 1 vol. in-fol. (Hain-Copinger, *15713 ; Br. Mus., Books pr. XVth c., t. I, p. 136 ; Polain, 3868.)";"Null";"Null"
"http://data.bnf.fr/ark:/12148/cb31514719w";"[Martylogium a fratre Bartholomeo de Palazolo emendatum.]";"1487";"Papiae";"impensis J. A. de Birretis ac F. de Ghirardenghis sociorum";"1487";"In-4° . (Reichling, IV, 1426 ; Indice..., 6253.)";"Null";"Null"
"http://data.bnf.fr/ark:/12148/cb31521536d";"Tractatus de venenis";"1487";"(Paduae,)";"Null";"1487";"In-4° . (Hain, *12 ; Pellechet, 10.)";"http://data.bnf.fr/ark:/12148/cb12651597b";"Null"
"http://data.bnf.fr/ark:/12148/cb315529200";"Flavii Vegetii,... Epitoma Institutorum rei militaris ex commentariis Catonis, Celsi, Trajani, Hadriani et Frontini...";"1487";"Romę";"E. Silber alias Franck";"1487";"In-4° . (Hain, *15913 ; Polain, 3476 ; Br. Mus., Books pr. XVth c., IV, 107-108.)";"Null";"Null"
"http://data.bnf.fr/ark:/12148/cb31553040c";"[Quae Virgilius composuit unacum Servii Honorati commentariis.]";"1487";"Mediolani";"Null";"1487";"In-fol. (Copinger, 6056.)";"Null";"Null"
"http://data.bnf.fr/ark:/12148/cb31553041q";"[Quae Virgilius composuit unacum Servii Honorati commentariis.]";"1487";"Venetiis";"Null";"1487";"Gr. in-8° . (Copinger, 6054.)";"Null";"Null"
"http://data.bnf.fr/ark:/12148/cb31559324d";"Petri Pauli Vergerii,... de Ingenuis moribus ac liberalibus studiis libellus. [Accedit : Sancti Basilii de Liberalibus studiis et ingenuis moribus liber, per Leonardum Aretinum ex greco in latinum conversus.]";"1487";"Mediolani";"impressit A. Zarotus opera et impendio J. Legnani";"1487";"In-4° . (Hain, 15992.)";"Null";"Null"
"http://data.bnf.fr/ark:/12148/cb315877370";"Sermones... sancti Vincentii Ferrariensis,... per tempus estivale";"1487";"Coloniae";"(H. Quentell,)";"1487";"In-fol. à 2 col., car. goth. (Hain, *7002 (II) ; Voullième, Der Buchdruck Kölns, n  413 (II) ; Polain, t. IV, n  3952.)";"Null";"Null"
"http://data.bnf.fr/ark:/12148/cb31591362v";"[Omnia... quae Virgilius composuit, una cum Servii Honorati commentariis.]";"1487";"Mediolani";"per L. Pachel et U. Scinzenzeler";"1487";"In-fol. (Copinger, 6056 et *64 ; Mambelli, 57 ; Goff, p. 623, V-179.)";"Null";"Null"
"http://data.bnf.fr/ark:/12148/cb31591361h";"[Omnia... quae Virgilius composuit, una cum Servii Honorati commentariis.]";"1487";"Venetiis";"per B. de Tortis";"1487";"In-fol. (Copinger, 6054 et *62 ; Mambelli, 56 ; Goff, p. 623, V-178.)";"Null";"Null"
"http://data.bnf.fr/ark:/12148/cb443810024";"[Incipit tabula sermonum sancti Augustini ep[iscop]i et doctoris Ecclesie. Ad heremitas]";"1487";"Venetiis";"Paganinum de Paganinis";"1487";"Null";"Null";"Null"
"http://data.bnf.fr/ark:/12148/cb31685722n";"[Breviarium Ambrosianum. Ed. Gentilinus de Mayno]";"1487";"Milano";"[Jacopo Sannazaro.]";"1487";"petit in-8";"Null";"Null"
"http://data.bnf.fr/ark:/12148/cc8081j";"Recueil de traités de médecine";"1487";"Null";"Null";"Null";"65 f.";"http://data.bnf.fr/ark:/12148/cb16206203c";"Null"
"http://data.bnf.fr/ark:/12148/cb317067828";"Secreta mulierum et virorum // ab Alberto Magno composita";"1487";"[Genève";"Louis Cruse";"1487";"[34] ff.";"Null";"Null"
"http://data.bnf.fr/ark:/12148/cb31706781x";"Albertus de virtutibus her // barum, lapidum et animalium. - (Fol. 14 :) Ejmalem Alberti Magni de Mirabilibus mun // di feliciter incipit";"1487";"[Genève";"Louis Cruse";"1487";"[28] ff.";"Null";"Null"
"http://data.bnf.fr/ark:/12148/cb31724975g";"Summa theologica. Ia Pars";"1487";"Venetiis";"Null";"1487";"Null";"Null";"Null"
"http://data.bnf.fr/ark:/12148/cb31731971k";"(Titre :) Regimen Sanitatis, cum tra//ctatu epidimie seu pestilentie. - (A la fin, fol. 1 5 vo :) Tractatus excellentissimus, qui de regimine Sani//tatis nuncupatur, finit feliciter, impressus Bisun//tii, anno Domini millesimo quadringentesimo octua//gesimo septimo. - (Suit un cahier indépendant des précédents, qui a ce titre de départ :) Incipit perutilis tractatus // de pestilentia. - (A la fin de ce cahier, fol. a 5 vo :) Finit feliciter tractatus de pe//stilentia, impressus Bisuntii, // anno Domini millesimo quadringentesimo octuagesimo // septimo";"1487";"Besançon";"Null";"1487";"Null";"Null";"Null"
"http://data.bnf.fr/ark:/12148/cb31951523c";"[Titelbüchlein]. In diesem pùchlein vint ma wie mā eine veglichen Deutschen fürsten und Herrn schreiben soll ritter un̄ knechtn̄ Steten und gaystlichen. Volendet in der werden Stat Nurmberg, von Max en Ayrer, in dem IXXXVII Jare";"1487";"Nürnberg";"Null";"1487";"Null";"Null";"Null"
"http://data.bnf.fr/ark:/12148/cb32205684q";"Manipulus curatorum Guidonis de Monte Rocherio";"1487";"[Anvers ?";"imprimeur de la Mensa philosophica (H 11076)";"1487";"[152] ff. signés a-t8, le premier ( ?) et le dernier blancs";"Null";"Null"
"http://data.bnf.fr/ark:/12148/cb32255495v";"In hoc praeclaro libro sunt ista opera : Primo est liber Joanitii qui dicitur Isagoge... Quinto sunt Aphorismi ejusdem [Hippocratis] cum commento Galieni... Duodecimo libellus de...";"1487";"Venetiis per Baptistam de Tortis";"Null";"1487";"Null";"Null";"Null"
"http://data.bnf.fr/ark:/12148/cb32347830t";"Sermones thesauri novi de tempore et de sanctis";"1487";"Norimbergae, A. Koberger";"Null";"1487";"Null";"Null";"Null"
"http://data.bnf.fr/ark:/12148/cb32627874j";"Opera cum Servii commentariis. - (A la fin :) Venetiis per Baptistam de Tortis // M.CCCC.LXXXVII, die XXIII maii";"1487";"Venise";"Null";"1487";"Null";"Null";"Null"
"http://data.bnf.fr/ark:/12148/cb33258730z";"Le Livre des faits de messire Bertrand du Guesclin";"1487";"[Lyon";"Guillaume Le Roy";"1487";"[88] ff.";"http://data.bnf.fr/ark:/12148/cb11976232x";"http://gallica.bnf.fr/ark:/12148/bpt6k1110614"
"http://data.bnf.fr/ark:/12148/cb33346279d";"Dialogus inter clericum et militem super dignitate papali et regia : [suivi de:] [Compendium de vita Antichristi:] De Nativitate et moribus Antichristi";"1487";"[Ulm]";"[Johann Zainer]";"1487";"In-4°, ill. Pièce";"Null";"Null"
"http://data.bnf.fr/ark:/12148/cb334264849";"Thomas a Kempis. Imitatio Christi";"1487";"Null";"Null";"1487";"[8]-CLXXXII f. (sig. [ ]8, a-z8)";"Null";"Null"
"http://data.bnf.fr/ark:/12148/cb33426483z";"Thomas a Kempis. Imitatio Christi";"1487";"Null";"Null";"1487";"[8]-CLXXXII f.";"Null";"Null"
"http://data.bnf.fr/ark:/12148/cb335246836";"Pamphilus De amore";"1487";"Romae";"per [...] Silber";"1487";"In-4° de 13 ff. à 33 ll., car. rom. Hain 12294";"Null";"Null"
"http://data.bnf.fr/ark:/12148/cb335263877";"L'istoire du tres vaillant chevalier Paris et de la belle Vienne";"1487";"Anvers";"Gerard Leeu";"1487";"2°, ill.";"Null";"http://gallica.bnf.fr/ark:/12148/btv1b8600062n"
"http://data.bnf.fr/ark:/12148/cb33526391g";"Die Historie van den vromen ridder Parijs ende van die schone Vienna";"1487";"Anvers";"Gérard Leeu";"1487";"2°, ill.";"Null";"http://gallica.bnf.fr/ark:/12148/bpt6k990002r"
"http://data.bnf.fr/ark:/12148/cb335951469";"Fol. 1 recto : Titre. Frag und antwort // Salomon̲is und marcolfj // - (A la fin :) Volendet in der werden Stat Nürmbergk // Von Marco ayrer um LXXXVIJ Iare.//.";"1487";"Nuremberg";"Marx Ayrer";"1487";"In-4°̊ de 16 feuillets non chiffrés, signés a-b6, c4. Car. goth. A longues lignes. Fig. s. bois";"Null";"Null"
"http://data.bnf.fr/ark:/12148/cb337132830";"(Municipalité d'Amiens.) Statuts des buchers d'Amiens";"1487";"(S. l. n. d.)";"Null";"1487";"4°";"Null";"Null"
"http://data.bnf.fr/ark:/12148/cb33768671b";"Formularium instrumentorum ad usum Curiae Romanae. (A la fin :) Rome impressum p... Stephanū PlannK... Sub anno dnī Mcccclxxxvij. Die septima mensis Septembris...";"1487";"Roma";"Stephan Planck";"1487";"In-4̊";"Null";"Null"
"http://data.bnf.fr/ark:/12148/cb33768946z";"Formule de lettre d'indulgences, datée de 1486 et 1487 et rédigée au nom de Raimond Péraud, archidiacre d'Aunis en l'église de Saintes, et au nom du chapitre de la cathédrale de Saintes, en faveur des fidèles qui contribueraient à la croisade contre les Turcs et à la réédification de l'église de Saintes";"1487";"(S. l. ?)";"Null";"1487";"Imprimé sur un feuillet de parchemin, en caractères gothiques. 29 et 25 lignes";"Null";"Null"
"http://data.bnf.fr/ark:/12148/cb33777459w";"Statuta sinodalia cum Speculo sacerdotum";"1487";"Besançon";"[s.n.]";"1487";"[138] p.";"Null";"http://gallica.bnf.fr/ark:/12148/bpt6k5477310g"
"http://data.bnf.fr/ark:/12148/cb352847797";"Psalterium cum hymnis";"1487";"Null";"Null";"1487";"[240] f.";"Null";"Null"
"http://data.bnf.fr/ark:/12148/cb35874113g";"General tax reform: panel discussions 10";"1487";"Washington";"Government printing office";"1487";"Null";"Null";"Null"
"http://data.bnf.fr/ark:/12148/cb35951180n";"[Sans titre]";"1487";"Null";"Null";"Null";"[118] f.";"Null";"Null"
"http://data.bnf.fr/ark:/12148/cb35951098f";"[Sans titre]";"1487";"Null";"Null";"Null";"4 parties";"Null";"Null"
"http://data.bnf.fr/ark:/12148/cb35951123t";"[Sans titre]";"1487";"Null";"Null";"Null";"[452] f.";"Null";"Null"
"http://data.bnf.fr/ark:/12148/cb359512144";"Psalterium daviticum devotum cum titulis et orationibus";"1487";"Null";"Null";"Null";"[200] f.";"Null";"Null"
"http://data.bnf.fr/ark:/12148/cb35951182b";"[Sans titre]";"1487";"Null";"Null";"Null";"[104] f.";"Null";"Null"
"http://data.bnf.fr/ark:/12148/cb35951077g";"[Sans titre]";"1487";"Null";"Null";"1487";"[512] f.";"Null";"Null"
"http://data.bnf.fr/ark:/12148/cb359511783";"[Sans titre]";"1487";"Null";"Null";"Null";"[150] f.";"Null";"Null"
"http://data.bnf.fr/ark:/12148/cb35951078t";"[Sans titre]";"1487";"Null";"Null";"Null";"[466] f.";"Null";"Null"
