id;title;date;place;publisher;firstyear;description;subject;gallica
"http://data.bnf.fr/ark:/12148/cb367078787";"Política conservadora";"198";"[Ecuador]";"Banco central del Ecuador. - Corporación ed. nacional";"Null";"303 p.";"http://data.bnf.fr/ark:/12148/cb12118937k";"Null"
"http://data.bnf.fr/ark:/12148/cb369449977";"Marmara üniversitesi İlahiyat fakültesi vakfı yayınları";"198";"İstanbul";"Marmara üniversitesi";"Null";"Null";"Null";"Null"
"http://data.bnf.fr/ark:/12148/cb36964816j";"Travaux psychiatriques : 1926-1933";"198";"[S.l.]";"[s.n.]";"Null";"197 f.";"http://data.bnf.fr/ark:/12148/cb11932657k";"Null"
"http://data.bnf.fr/ark:/12148/cb369674761";"Isabelle de Charrière, 1740-1805 : à la recherche d'un art de vivre";"198";"[S.l.]";"[Service d'information des Pays-Bas]";"Null";"48 p.";"http://data.bnf.fr/ark:/12148/cb11938837z";"Null"
"http://data.bnf.fr/ark:/12148/cb370056873";"Aux sept coins du monde";"198";"[Paris]";"Vissi d'arte éd.";"Null";"119 p.";"Null";"Null"
"http://data.bnf.fr/ark:/12148/cb370123554";"Érga Seirá A'";"198";"Athī́na";"Afoí. G. Vlássī";"Null";"vol.";"Null";"Null"
"http://data.bnf.fr/ark:/12148/cb370129088";"Le Vernet poétique : Gergovie poétique";"198";"Vernet-la-Varenne";"Association de poètes et d'artistes peintres";"Null";"Null";"Null";"Null"
"http://data.bnf.fr/ark:/12148/cb37016594j";"Catalogue des monnaies d'or et d'argent du Musée de Cognac";"198";"Cognac";"Musée de Cognac";"Null";"69 p.";"http://data.bnf.fr/ark:/12148/cb119759407";"Null"
"http://data.bnf.fr/ark:/12148/cb37018253m";"Nuestros ancestros de las Antillas Francesas : interpretaciones históricas y sociológicas de una minoría étnica nacional";"198";"[Panamá?";"s.n.";"Null";"65 p.";"http://data.bnf.fr/ark:/12148/cb133183409";"Null"
"http://data.bnf.fr/ark:/12148/cb37029361z";"Etienne-Martin";"198";"Paris";"A. Biro";"Null";"271 p.";"Null";"Null"
"http://data.bnf.fr/ark:/12148/cb37030886q";"Catalogue of the Goldsmiths' library of economic literature II";"198";"London";"Athlone press";"Null";"VII-772 p.";"http://data.bnf.fr/ark:/12148/cb12062516x";"Null"
"http://data.bnf.fr/ark:/12148/cb370565366";"Rochas ou l'histoire d'une adresse...";"198";"Paris";"Parfums Rochas";"Null";"[50] f.";"http://data.bnf.fr/ark:/12148/cb12433520g";"Null"
"http://data.bnf.fr/ark:/12148/cb37060972x";"Mưu lược chính trị Ðông phương";"198";"[États-Unis]";"[s.n.]";"Null";"351 p.";"http://data.bnf.fr/ark:/12148/cb119528028";"Null"
"http://data.bnf.fr/ark:/12148/cb370730595";"Pina Bausch : analyse d'un univers gestuel";"198";"Paris";"Université de Paris III, Institut d'études théâtrales";"Null";"87 p.";"Null";"Null"
"http://data.bnf.fr/ark:/12148/cb37073443w";"Nhưñg lôĩ thông thươǹg trong thuật viêt́ văn...";"198";"[California]";"[s.n.]";"Null";"282 p.";"http://data.bnf.fr/ark:/12148/cb119600541";"Null"
"http://data.bnf.fr/ark:/12148/cb370768818";"[Recueil. Catalogues]";"198";"Presville";"Jérôme Feugereux";"Null";"Null";"http://data.bnf.fr/ark:/12148/cb13318510x";"Null"
"http://data.bnf.fr/ark:/12148/cb370936535";"Les mille et une nuits à l'écran : esquisse de filmographie";"198";"Paris";"Institut du monde arabe";"Null";"11 p.";"http://data.bnf.fr/ark:/12148/cb121566880";"Null"
"http://data.bnf.fr/ark:/12148/cb37102030x";"Anh thư nươć Việt : tư ̀lập quôć đêń hiện đại";"198";"Glendale, Calif.";"Nxb Ðại Nam";"Null";"288 p.";"http://data.bnf.fr/ark:/12148/cb119337871";"Null"
"http://data.bnf.fr/ark:/12148/cb37115721t";"Instituto Fe y secularidad, 1970-1985 : memoria académica extraordinaria";"198";"Madrid";"Instituto Fe y secularidad";"Null";"222 p.";"Null";"Null"
"http://data.bnf.fr/ark:/12148/cb37143351s";"Chêt́ cho tình yêu";"198";"[États-Unis]";"[s.n.]";"Null";"517 p.";"Null";"Null"
"http://data.bnf.fr/ark:/12148/cb37145611v";"Dream time : photographs 1975-1985";"198";"Inglewood";"Tiger publishing";"Null";"N.p.";"Null";"Null"
"http://data.bnf.fr/ark:/12148/cb37162678t";"Femmes turques souveraines et régentes dans les états islamiques";"198";"[Ankara]";"Direction générale de la presse et de l'information";"Null";"158 p.-[10] p. de pl. dont 1 dépl.";"http://data.bnf.fr/ark:/12148/cb11932087v";"Null"
"http://data.bnf.fr/ark:/12148/cb37169449c";"Le Transport maritime 1983 : études et statistiques";"198";"Paris";"Comité central des armateurs de France";"Null";"52 p.";"http://data.bnf.fr/ark:/12148/cb12042412v";"Null"
"http://data.bnf.fr/ark:/12148/cb371840422";"Hương máu";"198";"Los Alamitos, Calif.";"Xuân Thu";"Null";"189 p.";"Null";"Null"
"http://data.bnf.fr/ark:/12148/cb37203611q";"Zava-miafin' ny 29 marsa 1947";"198";"Antananarivo";"J. Rakotomalala";"Null";"2 vol. (62, 122 p.)";"http://data.bnf.fr/ark:/12148/cb124744119";"Null"
"http://data.bnf.fr/ark:/12148/cb37208337s";"Bôǹ lưà : truyện dài";"198";"[Los Alamitos] (Calif.)";"[Xuân Thu]";"Null";"179 p.";"Null";"Null"
"http://data.bnf.fr/ark:/12148/cb37208334r";"Ngày xưa còn bé : truyện dài";"198";"Los Alamitos (Calif.)";"Xuân Thu";"Null";"161 p.";"Null";"Null"
"http://data.bnf.fr/ark:/12148/cb37208385n";"Dũng Ða Kao : truyện dài";"198";"Los Alamitos (Calif.)";"Xuân Thu";"Null";"215 p.";"Null";"Null"
"http://data.bnf.fr/ark:/12148/cb37208339g";"Hưng mập phiêu lưu : truyện dài";"198";"Los Alamitos (Calif.)";"Xuân Thu";"Null";"149 p.";"Null";"Null"
"http://data.bnf.fr/ark:/12148/cb37208757h";"Tóc mây";"198";"[États-Unis]";"[s.n.]";"Null";"296 p.";"Null";"Null"
"http://data.bnf.fr/ark:/12148/cb37209579h";"Yêu : tiêu̕ thuyêt́";"198";"[États-Unis]";"[s. n.]";"Null";"414 p.";"Null";"Null"
"http://data.bnf.fr/ark:/12148/cb37209279p";"Ví dụ ta yêu nhau";"198";"[États-Unis]";"[s.n.]";"Null";"202 p.";"Null";"Null"
"http://data.bnf.fr/ark:/12148/cb37209567h";"Dê ̃ghét";"198";"Los Alamitos (Calif.)";"Xuân Thu";"Null";"193 p.";"Null";"Null"
"http://data.bnf.fr/ark:/12148/cb37208824t";"Vê ̀yêu hoa cúc : tiêu̕ thuyêt́";"198";"Fort Smith (Ar.)";"Sôńg mơí";"Null";"387 p.";"Null";"Null"
"http://data.bnf.fr/ark:/12148/cb37209069t";"Thung lũng tình yêu";"198";"[États-Unis]";"[s.n.]";"Null";"320 p.";"Null";"Null"
"http://data.bnf.fr/ark:/12148/cb372107851";"Khúc tiêu ai oán : truyện kịch";"198";"Houston (Tex.)";"Xuân Thu";"Null";"100 p.";"Null";"Null"
"http://data.bnf.fr/ark:/12148/cb37210786c";"Sô ́đào hoa";"198";"Los Alamitos (Calif.)";"Xuân Thu";"Null";"122 p.";"Null";"Null"
"http://data.bnf.fr/ark:/12148/cb37210791z";"Lơì nguyêǹ";"198";"[États-Unis]";"[s. n.]";"Null";"144 p.";"Null";"Null"
"http://data.bnf.fr/ark:/12148/cb372112805";"Vòng tay thương yêu";"198";"Houston (Tex.)";"Xuân Thu";"Null";"121 p.";"Null";"Null"
"http://data.bnf.fr/ark:/12148/cb372111879";"Nhưñg ngày diêm̃ a̕o : tuyên̕ tập truyện ngăń";"198";"[États-Unis]";"[s. n.]";"Null";"318 p.";"Null";"Null"
"http://data.bnf.fr/ark:/12148/cb37211180w";"Ngày mơí";"198";"Fort Smith (Ar.)";"Sôńg mơí";"Null";"240 p.";"Null";"Null"
"http://data.bnf.fr/ark:/12148/cb372112658";"Con đươǹg sáng : tiêu̕ thuyêt́";"198";"[États-Unis]";"[s. n.]";"Null";"185 p.";"Null";"Null"
"http://data.bnf.fr/ark:/12148/cb372111848";"Theo giòng : vài ý nghĩ vê ̀văn chương";"198";"[États-Unis]";"[s. n.]";"Null";"92 p.";"Null";"Null"
"http://data.bnf.fr/ark:/12148/cb37211431h";"Cô ́đô Huê ́ : lịch sư ̕, cô ̕tích, thăńg ca̕nh";"198";"[États-Unis]";"[s. n.]";"Null";"342 p.";"http://data.bnf.fr/ark:/12148/cb119337871";"Null"
"http://data.bnf.fr/ark:/12148/cb37211185m";"Giòng sông Thanh Thu̕y";"198";"[États-Unis]";"[s. n.]";"Null";"210 p.";"Null";"Null"
"http://data.bnf.fr/ark:/12148/cb37325971g";"Taschenbuchausgabe aufgrund der von Christoph Buchwald edierten Werkausgabe";"198";"Frankfurt am Main. - Berlin. - Wien";"Ullstein";"Null";"vol.";"Null";"Null"
"http://data.bnf.fr/ark:/12148/cb37327892n";"Philo";"198";"Cambridge (Mass.). - London";"Harvard university press. - W. Heinemann";"Null";"vol.";"Null";"Null"
"http://data.bnf.fr/ark:/12148/cb37331204n";"Papeles del SELA";"198";"Buenos Aires";"Ed. de la flor";"Null";"Null";"Null";"Null"
"http://data.bnf.fr/ark:/12148/cb37330012g";"Wörterbuch der griechischen Papyrusurkunden : mit Einschluss der griechischen Inschriften, Aufschriften, Ostraka, Mumien-schilder usw. aus Ägypten";"198";"Berlin";"[s.n.]";"Null";"vol.";"Null";"Null"
"http://data.bnf.fr/ark:/12148/cb373310430";"Gesammelte Werke";"198";"Berlin. - Heidelberg. - New York";"Springer";"Null";"vol.";"Null";"Null"
"http://data.bnf.fr/ark:/12148/cb37331412t";"Séminaire de géométrie des espaces de Banach Paris VII";"198";"Paris";"UER de mathématiques & LA 212 du CNRS";"Null";"vol.";"Null";"Null"
"http://data.bnf.fr/ark:/12148/cb37331195h";"Gran historia universal";"198";"Madrid";"Najera";"Null";"vol.";"Null";"Null"
"http://data.bnf.fr/ark:/12148/cb373339689";"Correspondance des Deys d'Alger avec la couronne de France";"198";"Tunis";"Bouslama";"Null";"vol.";"Null";"Null"
"http://data.bnf.fr/ark:/12148/cb37331905x";"Cuadernos aula";"198";"Madrid";"Fundación universidad-empresa en colaboración con la Caja de Madrid";"Null";"Null";"Null";"Null"
"http://data.bnf.fr/ark:/12148/cb37334503v";"IEE computing series";"198";"London";"Peter Peregrinus";"Null";"Null";"Null";"Null"
"http://data.bnf.fr/ark:/12148/cb37338126c";"Foi et compréhension";"198";"Paris";"Éd. du Seuil";"Null";"Null";"Null";"Null"
"http://data.bnf.fr/ark:/12148/cb373387788";"Initiation à la micro-informatique : cours 1er cycle";"198";"[Paris]";"Ed. Fréquences. - Diff. Eyrolles";"Null";"vol.";"Null";"Null"
"http://data.bnf.fr/ark:/12148/cb37341312r";"Eurostat Thème 07. - Série E";"198";"Luxembourg";"Office des publications officielles des Communautés européennes";"Null";"Null";"Null";"Null"
"http://data.bnf.fr/ark:/12148/cb37340979f";"Jewish ethics and Halakhah for our time";"198";"Hoboken (N.J.). - New York";"Ktav publishing house. - Yeshiva university press";"Null";"Null";"Null";"Null"
"http://data.bnf.fr/ark:/12148/cb373415547";"Sobranie rasskazov i povestej";"198";"Ann Arbor (Mich.)";"Ardis";"Null";"Null";"Null";"Null"
"http://data.bnf.fr/ark:/12148/cb37340851s";"Sämtliche Werke, Briefe, Dokumente : Kritische Ausgabe mit Kommentar";"198";"Berlin. - Bern. - Paris [etc.]";"P. Lang";"Null";"vol.";"Null";"Null"
"http://data.bnf.fr/ark:/12148/cb37345433z";"Filologia";"198";"Milano";"Minute";"Null";"Null";"Null";"Null"
"http://data.bnf.fr/ark:/12148/cb37346597q";"Oeuvres";"198";"Yvonand";"B. Campiche";"Null";"vol.";"Null";"Null"
"http://data.bnf.fr/ark:/12148/cb37345096r";"Studies in history, planning and the environment";"198";"London";"Spon";"Null";"Null";"Null";"Null"
"http://data.bnf.fr/ark:/12148/cb37348382m";"Opere";"198";"Firenze";"la Nuova Italia";"Null";"Null";"Null";"Null"
"http://data.bnf.fr/ark:/12148/cb373483849";"Werke";"198";"Frankfurt am Main";"Suhrkamp";"Null";"20 vol.";"Null";"Null"
"http://data.bnf.fr/ark:/12148/cb373520262";"Shemirat shabbat : a guide to the practical observance of the Sabbath";"198";"Jerusalem";"Feldheim";"Null";"4 vol.";"Null";"Null"
"http://data.bnf.fr/ark:/12148/cb37364350f";"Estudios de derecho de familia Tomo I";"198";"Barcelona";"Bosch";"Null";"XVII-459 p.";"http://data.bnf.fr/ark:/12148/cb13318695d";"Null"
"http://data.bnf.fr/ark:/12148/cb37368228z";"Wörterbuch der griechischen Papyrusurkunden mit Einschluß der griechischen Inschriften, Aufschriften, Ostrata, Mumienschilder usw. aus Ägypten III Band";"198";"Berlin";"[s.n.]";"Null";"481 p.";"http://data.bnf.fr/ark:/12148/cb11933981h";"Null"
"http://data.bnf.fr/ark:/12148/cb37372821z";"Sport im Zivilisationsprozeß : Studien zur Figurationssoziologie";"198";"Münster";"Lit Verl.";"Null";"151 p.";"http://data.bnf.fr/ark:/12148/cb119344445";"Null"
"http://data.bnf.fr/ark:/12148/cb37373239m";"Groupe d'étude d'analyse ultramétrique";"198";"Paris";"UER de mathématiques, L. A. 212 et E.R.A. 944, 1020, 1021 du CNRS";"Null";"112 p.";"http://data.bnf.fr/ark:/12148/cb12010627b";"Null"
"http://data.bnf.fr/ark:/12148/cb37374765s";"Making of India's constitution";"198";"Lucknown [India]";"Eastern book";"Null";"VII-121 p.";"http://data.bnf.fr/ark:/12148/cb133184083";"Null"
"http://data.bnf.fr/ark:/12148/cb37377324t";"Das Proletariat : Bilder und Studien";"198";"Frankfurt am Main";"F. Keip";"Null";"XIII-87 p.";"http://data.bnf.fr/ark:/12148/cb119361304";"Null"
"http://data.bnf.fr/ark:/12148/cb37384214q";"Laufpaß : Gedichte";"198";"Zürich";"Arche";"Null";"109 p.";"Null";"Null"
"http://data.bnf.fr/ark:/12148/cb374251823";"Wörterbuch der griechischen Papyrusurkunden Band I : mit Einschluß der griechischen Inschriften, Aufschriften, Ostraka, Mumienschilder usw. aus Ägypten";"198";"Berlin";"[s.n.]";"Null";"XII p.-860 col.-[1] portr. en front.";"http://data.bnf.fr/ark:/12148/cb11938556d";"Null"
"http://data.bnf.fr/ark:/12148/cb374331835";"Correspondance des Deys d'Alger avec la couronne de France Tome 1";"198";"Tunis";"Bouslamas";"Null";"LXXV-560 p.";"http://data.bnf.fr/ark:/12148/cb11948367q";"Null"
"http://data.bnf.fr/ark:/12148/cb37441212n";"Ksie̜ga przysłow, przypowieści i wyrażeń przysłowiowych polskich";"198";"Minsk";"Exbud-Orion";"Null";"XVII-805 p.";"http://data.bnf.fr/ark:/12148/cb11931877h";"Null"
"http://data.bnf.fr/ark:/12148/cb37443228h";"Quatre années d'activité";"198";"Aoste";"[s.n.]";"Null";"37 p.";"http://data.bnf.fr/ark:/12148/cb11946285w";"Null"
"http://data.bnf.fr/ark:/12148/cb37444340w";"Cinémathèque vidéothèque : prêt gratuit, cinéma 16 mm, vidéo VHS - U. Matic";"198";"Levallois Perret";"Centre d'études et de diffusion du film d'information";"Null";"276 p.";"http://data.bnf.fr/ark:/12148/cb124093244";"Null"
"http://data.bnf.fr/ark:/12148/cb37445494b";"Enregistrements d'oeuvres et ou d'artistes français";"198";"[s.n.]";"EMI";"Null";"757 p.";"http://data.bnf.fr/ark:/12148/cb11976273h";"Null"
"http://data.bnf.fr/ark:/12148/cb374474010";"Pittura in Sicilia dal futurismo al postmoderno";"198";"Palermo";"La ginestra";"Null";"326 p.";"http://data.bnf.fr/ark:/12148/cb11975995h";"Null"
"http://data.bnf.fr/ark:/12148/cb37461449z";"Fünf Prosastücke";"198";"Linz";"Edition neue Texte";"Null";"53 p.";"Null";"Null"
"http://data.bnf.fr/ark:/12148/cb374736794";"Lycksalighetens ö";"198";"Lund";"Student litteratur";"Null";"144 p.";"Null";"Null"
"http://data.bnf.fr/ark:/12148/cb37477687q";"Cinémathèque vidéothèque : éd. spéciale";"198";"Levallois Perret";"Centre d'études et de diffusion du film d'information";"Null";"120 p.";"http://data.bnf.fr/ark:/12148/cb124093244";"Null"
"http://data.bnf.fr/ark:/12148/cb374839497";"Peter Krawagna : Bilder aus Paris, Mali und Burkina Faso 1988/89";"198";"[S.l.]";"Kunstsammlung Alpen-Adria";"Null";"[Non paginé]";"Null";"Null"
"http://data.bnf.fr/ark:/12148/cb374835343";"Production et contrôle des semences de riz en zone tropicale";"198";"Nogent-sur-Marne";"Institut de recherches agronomiques tropicales";"Null";"497 p.";"http://data.bnf.fr/ark:/12148/cb119383278";"Null"
"http://data.bnf.fr/ark:/12148/cb37490835r";"Kurʼan kelimeleri sözlüğü";"198";"Ankara";"Birleşik";"Null";"363-[2] p.";"http://data.bnf.fr/ark:/12148/cb12216021d";"Null"
"http://data.bnf.fr/ark:/12148/cb37494222q";"Văn học phân tích toàn thư";"198";"Los Alamitos (Calif.)";"Xuân Thu";"Null";"668 p.";"http://data.bnf.fr/ark:/12148/cb11960177z";"Null"
"http://data.bnf.fr/ark:/12148/cb37495098n";"Ma̕nh vụn văn học sư ̕";"198";"[États-Unis]";"[s.n.]";"Null";"298 p.";"http://data.bnf.fr/ark:/12148/cb12303382p";"Null"
"http://data.bnf.fr/ark:/12148/cb37497394k";"Ly thân";"198";"[S.l.]";"Việt Nam xuất ba̕n";"Null";"398 p.";"Null";"Null"
"http://data.bnf.fr/ark:/12148/cb37498239d";"Thơ";"198";"Glendale (Calif.)";"Ðại Nam";"Null";"84 p.";"Null";"Null"
"http://data.bnf.fr/ark:/12148/cb37500446m";"Fann al-qiṣṣaẗ al-qaṣīraẗ bi-al-maġrib : fi al-našʼaẗ wa al-taṭawwur wa al-itiǧāhāt";"198";"Bayrūt";"Dār al-ʿAwdaẗ";"Null";"510 p.";"http://data.bnf.fr/ark:/12148/cb11975721d";"Null"
"http://data.bnf.fr/ark:/12148/cb375042790";"Al-h̲āʼin";"198";"Bayrūt";"Dār al-Šarq al-ʿarabī";"Null";"112 p.";"Null";"Null"
"http://data.bnf.fr/ark:/12148/cb375042748";"Aḥādīt̲ al-ʿašiyyāt";"198";"Bayrūt";"Dār al-Šarq";"Null";"203 p.";"Null";"Null"
"http://data.bnf.fr/ark:/12148/cb375042779";"Al-ḥubb wa al-nafs : qiṣaṣ";"198";"Bayrūt";"Dār al-Šarq al-ʿarabī";"Null";"119 p.";"Null";"Null"
"http://data.bnf.fr/ark:/12148/cb375041860";"ʿIyādaẗ fī al-rīf";"198";"Bayrūt";"Dār al-Šarq al-ʿarabī";"Null";"127 p.";"Null";"Null"
"http://data.bnf.fr/ark:/12148/cb375066458";"Vesna v Fialʹte";"198";"Ann Arbor (Mich.)";"Ardis";"Null";"313 p.";"Null";"Null"
"http://data.bnf.fr/ark:/12148/cb375081143";"Lyon, place tertiaire : contribution à une géographie des affaires";"198";"[Lille]";"Édisud/Atelier national de reproduction de thèses, Université de Lille III";"Null";"2 vol. (935 p.)";"http://data.bnf.fr/ark:/12148/cb119314762";"Null"
"http://data.bnf.fr/ark:/12148/cb37514077z";"Zahr al-ādāb wa t̲amar al-albāb";"198";"Bayrūt";"Dār al-Ğīl";"Null";"4 t. en 2 vol. (630 p. - 538 p.)";"Null";"Null"
"http://data.bnf.fr/ark:/12148/cb37513793w";"Fī al-balāġaẗ al-ʿarabiyyaẗ : ʿilm al-maʿānī, al-bayān, al-badīʿ";"198";"Bayrūt";"Dār al-Nahḍaẗ al-ʿarabiyyaẗ";"Null";"669p.";"http://data.bnf.fr/ark:/12148/cb11930928b";"Null"
"http://data.bnf.fr/ark:/12148/cb375135115";"Malāmiḥ al-nat̲r al-ʿabbāsī";"198";"Bayrūt";"Dār al-S̆arq al-ʿarabī";"Null";"407 p.";"http://data.bnf.fr/ark:/12148/cb12539299j";"Null"
"http://data.bnf.fr/ark:/12148/cb37517723p";"H̲izānaẗ al-adab wa lubb lubāb lisān al-ʿarab al-ǧuzʼ al-t̲ānī";"198";"Al-Qāhiraẗ";"Maktabaẗ al-H̲ānǧī";"Null";"479 p.";"http://data.bnf.fr/ark:/12148/cb11930928b";"Null"
"http://data.bnf.fr/ark:/12148/cb375177241";"H̲izānaẗ al-adab wa lubb lubāb lisān al-ʿarab al-ǧuzʼ al-t̲ālit̲";"198";"Al-Qāhiraẗ";"Maktabaẗ al-H̲ānǧī";"Null";"484 p.";"http://data.bnf.fr/ark:/12148/cb11930928b";"Null"
"http://data.bnf.fr/ark:/12148/cb375196514";"Al-iġtirāb fī al-riwāyaẗ al-filasṭīniyyaẗ";"198";"Bayrūt";"Muʼassasaẗ al-abḥāt̲ al-ʿarabiyyaẗ";"Null";"189 p.";"http://data.bnf.fr/ark:/12148/cb13180777x";"Null"
"http://data.bnf.fr/ark:/12148/cb37520395z";"S̆arḥ al-muʿallaqāt al-ʿašr : wa ah̲bār šuʿarāʼihā";"198";"Bayrūt";"Dār al-andalus";"Null";"227 p.";"http://data.bnf.fr/ark:/12148/cb11953283p";"Null"
"http://data.bnf.fr/ark:/12148/cb37522414w";"Al Marǧaʿ fī al-luġaẗ al-ʿarabīyaẗ : naḥwuhā wa ṣarfuhā";"198";"Bayrūt";"Dār al-S̆arq al-ʿarabī";"Null";"3 vol. (341,315,289 p.)";"http://data.bnf.fr/ark:/12148/cb12042781h";"Null"
"http://data.bnf.fr/ark:/12148/cb37527674h";"Hoa đôǹg co̕ nội : tìm vê ̀nguôǹ cội";"198";"Glendale, Calif.";"Ðại Nam";"Null";"349 p.";"http://data.bnf.fr/ark:/12148/cb12048488j";"Null"
"http://data.bnf.fr/ark:/12148/cb37527663v";"Thơ Việt hiện đại : 1900-1960";"198";"[Glendale, Calif.]";"Ðại Nam";"Null";"527 p.";"http://data.bnf.fr/ark:/12148/cb12245664q";"Null"
"http://data.bnf.fr/ark:/12148/cb375276557";"Nhưñg nhà thơ hôm nay : 1954-1964";"198";"[Glendale, Calif.]";"Ðại Nam";"Null";"[4] f. de pl.-415 p.";"http://data.bnf.fr/ark:/12148/cb11975721d";"Null"
"http://data.bnf.fr/ark:/12148/cb37532381z";"Chân dung Nhât́ Linh : hay Thân thê ́sự nghiệp Nguyêñ-Tươǹg-Tam";"198";"Glendale (Calif.)";"Ðại Nam";"Null";"219 p.-[9] p. de pl.";"Null";"Null"
"http://data.bnf.fr/ark:/12148/cb37535125n";"Al Riḥlāt : al-Maġrib al-aqṣā wa nūr al-Andalus";"198";"Bayrūt";"Dār al-Ğīl";"Null";"679 p.";"http://data.bnf.fr/ark:/12148/cb11934349m";"Null"
"http://data.bnf.fr/ark:/12148/cb375351380";"Zanbaqaẗ al-ġawr";"198";"Bayrūt";"Dār al-Ğīl";"Null";"321 p.";"Null";"Null"
"http://data.bnf.fr/ark:/12148/cb37535835w";"Hô ̀Xuân Hương : tác phâm̕, thân thê ́và văn tài";"198";"Glendale (Calif.)";"Ðại Nam";"Null";"127 p.";"Null";"Null"
"http://data.bnf.fr/ark:/12148/cb37539057z";"Hôǹ thơ nươć Việt : thê ́ky̕ XX";"198";"[États-Unis]";"[s.n.]";"Null";"242 p.";"http://data.bnf.fr/ark:/12148/cb11975721d";"Null"
"http://data.bnf.fr/ark:/12148/cb37554689f";"Dīwān";"198";"Bayrūt";"Dār al-kitāb al-lubnānī. - Maktabaẗ al-Madrasaẗ";"Null";"224 p.";"Null";"Null"
"http://data.bnf.fr/ark:/12148/cb37561700m";"A concise dictionary of Egyptian archaeology : a handbook for students and travellers";"198";"Chicago (Ill.)";"Ares";"Null";"VIII-193 p.";"http://data.bnf.fr/ark:/12148/cb11943941g";"Null"
"http://data.bnf.fr/ark:/12148/cb37562501n";"Nazʿaẗ al-ḥadāt̲aẗ fī al-qiṣṣaẗ al-ʿirāqiyyaẗ : marḥalaẗ al-h̲amsīnāt";"198";"Baġdād";"al-maktabaẗ al-ʿālamiyyaẗ";"Null";"185 p.";"http://data.bnf.fr/ark:/12148/cb13612714x";"Null"
"http://data.bnf.fr/ark:/12148/cb37567548h";"Āt̲ār Ibn al-Muqqafaʿ";"198";"Bayrūt";"Manšūrāt Dār Maktabaẗ al-Ḥayāt";"Null";"384p.";"Null";"Null"
"http://data.bnf.fr/ark:/12148/cb375829495";"Katalog der Sammlung antiker Kleinkunst des Archäologischen Instituts der Universität Heidelberg";"198";"Mainz am Rhein";"P. von Zabern";"Null";"vol.";"Null";"Null"
"http://data.bnf.fr/ark:/12148/cb37631362m";"Présences françaises dans la Vénitie";"198";"Genève. - Moncalieri";"Slatkine. - Centre interuniversitaire de recherche sur le voyage en Italie";"Null";"126 p.";"http://data.bnf.fr/ark:/12148/cb119321456";"Null"
"http://data.bnf.fr/ark:/12148/cb37650010q";"La photographie au rang des beaux-arts";"198";"Paris";"F. Carage";"Null";"Non paginé";"http://data.bnf.fr/ark:/12148/cb11933113t";"Null"
"http://data.bnf.fr/ark:/12148/cb37655541k";"[Recueil. Catalogues]";"198";"Paris";"Art-Contacts";"Null";"Null";"http://data.bnf.fr/ark:/12148/cb119759407";"Null"
"http://data.bnf.fr/ark:/12148/cb37655199s";"[Recueil.Documents d'information]";"198";"Paris";"Atelier de la main d'or";"Null";"Null";"http://data.bnf.fr/ark:/12148/cb119389137";"Null"
"http://data.bnf.fr/ark:/12148/cb376551822";"[Recueil. Catalogues]";"198";"Paris";"La Nouvelle gravure";"Null";"Null";"http://data.bnf.fr/ark:/12148/cb11961584k";"Null"
"http://data.bnf.fr/ark:/12148/cb376553024";"[Recueil. Catalogues]";"198";"Paris";"Editions Nicole Fauche";"Null";"Null";"http://data.bnf.fr/ark:/12148/cb11961584k";"Null"
"http://data.bnf.fr/ark:/12148/cb37654987r";"[Recueil. Documents d'information]";"198";"Puteaux";"Editions d'art Turner";"Null";"Null";"http://data.bnf.fr/ark:/12148/cb119759407";"Null"
"http://data.bnf.fr/ark:/12148/cb37655069k";"[Recueil. Catalogues]";"198";"Paris";"SPSAS";"Null";"Null";"http://data.bnf.fr/ark:/12148/cb11934767n";"Null"
"http://data.bnf.fr/ark:/12148/cb376566773";"[Recueil. Catalogues]";"198";"Toulouse";"Galerie Axe actuel";"Null";"Null";"http://data.bnf.fr/ark:/12148/cb11935516f";"Null"
"http://data.bnf.fr/ark:/12148/cb376565932";"[Recueil. Catalogues]";"198";"Nice";"Galerie Le Chanjour";"Null";"Null";"http://data.bnf.fr/ark:/12148/cb119759407";"Null"
"http://data.bnf.fr/ark:/12148/cb37657495q";"[Recueil. Catalogues]";"198";"Paris";"La Lithographie";"Null";"Null";"http://data.bnf.fr/ark:/12148/cb119759407";"Null"
"http://data.bnf.fr/ark:/12148/cb376573912";"[Recueil. Catalogues]";"198";"Strasbourg";"Estampes du Rhin";"Null";"Null";"http://data.bnf.fr/ark:/12148/cb119389137";"Null"
"http://data.bnf.fr/ark:/12148/cb37657580z";"[Recueil. Documents d'information]";"198";"Paris";"Editions Frédéric Birr";"Null";"Null";"http://data.bnf.fr/ark:/12148/cb119759407";"Null"
"http://data.bnf.fr/ark:/12148/cb37657573p";"[Recueil. Documents d'information]";"198";"[S.l.]";"Editions Arnaud de Vesgre";"Null";"Null";"http://data.bnf.fr/ark:/12148/cb119389137";"Null"
"http://data.bnf.fr/ark:/12148/cb376582764";"[Recueil. Documents d'information]";"198";"Vallauris";"Imprimerie Arnéra";"Null";"Null";"http://data.bnf.fr/ark:/12148/cb119389137";"Null"
"http://data.bnf.fr/ark:/12148/cb37658028q";"[Recueil. Catalogues]";"198";"Paris";"Editions modernes d'art";"Null";"Null";"http://data.bnf.fr/ark:/12148/cb13318510x";"Null"
"http://data.bnf.fr/ark:/12148/cb376596367";"Bây̕ đêm huyêǹ thoại : truyện ký";"198";"Los Alamitos";"Xuân Thu";"Null";"171 p.";"Null";"Null"
"http://data.bnf.fr/ark:/12148/cb37659643h";"Chân dung Nhât́ Linh : hay thân thê ́sự nghiệp Nguyêñ Tươǹg Tam";"198";"Glendale (Calif.)";"Ðại Nam";"Null";"219 p.";"http://data.bnf.fr/ark:/12148/cb12042895g";"Null""http://data.bnf.fr/ark:/12148/cb377012548";"Trang tư ̉ Nam Hoa kinh";"198";"Glendale, Calif.";"Ðại Nam";"Null";"657 p.";"Null";"Null"
"http://data.bnf.fr/ark:/12148/cb37716973w";"Gens de rencontre : nouvelles";"198";"[S.l.]";"Plaisir de lire";"Null";"197 p.";"Null";"Null"
"http://data.bnf.fr/ark:/12148/cb377261011";"My autobiography";"198";"London";"Flamingo";"Null";"vol.";"Null";"Null"
"http://data.bnf.fr/ark:/12148/cb377466950";"The economic & [and] political conditions of the world as humanity enters a new millenium of history";"198";"[Albuquerque (M.N.)]";"Institute for economic & financial research";"Null";"2 vol. (53 p.-70 p.)";"http://data.bnf.fr/ark:/12148/cb11935234j";"Null"
"http://data.bnf.fr/ark:/12148/cb37748953c";"Technical manual";"198";"Bruxelles";"Fédération internationale des archives du film";"Null";"46, 18 p.";"http://data.bnf.fr/ark:/12148/cb12061484w";"Null"
"http://data.bnf.fr/ark:/12148/cb37748470k";"La convention européenne des droits de l'homme dans la jurisprudence française";"198";"[Bordeaux]";"École nationale de la magistrature";"Null";"85 p.";"http://data.bnf.fr/ark:/12148/cb120013146";"Null"
"http://data.bnf.fr/ark:/12148/cb37748972n";"Guide to the basic technical equipment required by audio, film and television archives";"198";"[S.l.]";"[s.n.]";"Null";"104 p.";"http://data.bnf.fr/ark:/12148/cb11975673c";"Null"
"http://data.bnf.fr/ark:/12148/cb37749012j";"Compact disc digital audio : annexe I";"198";"Bruxelles";"MCFB";"Null";"[72 p.]";"http://data.bnf.fr/ark:/12148/cb11969439d";"Null"
"http://data.bnf.fr/ark:/12148/cb37749439p";"Cinémathèque Cedfi : prêt gratuit de films couleurs 16 mm, son optique";"198";"Levallois Perret";"Centre d'études et de diffusion du film d'information";"Null";"224 p.";"http://data.bnf.fr/ark:/12148/cb119314762";"Null"
"http://data.bnf.fr/ark:/12148/cb37749321b";"List of artists 1983-1984";"198";"Genève";"Acting secretary's office Monique Wismer";"Null";"105 p.";"http://data.bnf.fr/ark:/12148/cb11931301w";"Null"
"http://data.bnf.fr/ark:/12148/cb377495060";"Compact disc digital audio : dossier";"198";"Bruxelles";"MCFB";"Null";"Non paginé";"http://data.bnf.fr/ark:/12148/cb11969439d";"Null"
"http://data.bnf.fr/ark:/12148/cb37750788r";"BFTPA 1938-1988";"198";"London";"BFTPA";"Null";"48 p.";"http://data.bnf.fr/ark:/12148/cb12190193k";"Null"
"http://data.bnf.fr/ark:/12148/cb38639548p";"monnaie , aureus";"198";"[S.l.]";"Null";"198";"Null";"Null";"http://gallica.bnf.fr/ark:/12148/btv1b77000774"
"http://data.bnf.fr/ark:/12148/cb38776268r";"Une Lettre inédite de Valentin Conrart";"198";"Paris";"A. Colin";"Null";"P. 953-955";"Null";"Null"
"http://data.bnf.fr/ark:/12148/cb387769273";"Per il testo delle Rime del Boccaccio";"198";"[Padova]";"Unicopli";"Null";"P. 107-134";"Null";"Null"
"http://data.bnf.fr/ark:/12148/cb387769300";"Studi sulla tradizione del testo del Decameron";"198";"[Firenze]";"Sansoni";"Null";"160 p.";"Null";"Null"
"http://data.bnf.fr/ark:/12148/cb387782416";"Medici musical patronage in the early sixteenth century : new perspectives";"198";"[S. l.]";"[s. n.]";"Null";"P. 197-216";"Null";"Null"
"http://data.bnf.fr/ark:/12148/cb38778240v";"A Florentine sacred repertory from the Medici restoration...";"198";"[S. l.]";"[s. n.]";"Null";"P. 267-296";"Null";"Null"
"http://data.bnf.fr/ark:/12148/cb38782907q";"Die Editionstechnik der Opera Omnia des Heinrich von Gent";"198";"[Münster in Westphalen]";"Dietrich-Coelde Verlag";"Null";"P. 227-239";"Null";"Null"
"http://data.bnf.fr/ark:/12148/cb39047209s";"Nicolas Dronnikov : les vendredis du moulin de Senlis 19-21 mars";"198";"Paris";"Centre culturel Russes à Montgeron";"Null";"1 vol. (16 p.)";"http://data.bnf.fr/ark:/12148/cb119759407";"Null"
"http://data.bnf.fr/ark:/12148/cb39584062n";"Lectures chantées : extraites du répertoire religieux des XVIe, XVIIe et XVIIIe siècles... ";"198";"Paris";"Choudens";"Null";"Null";"http://data.bnf.fr/ark:/12148/cb11975995h";"Null"
"http://data.bnf.fr/ark:/12148/cb396897201";"Espagne : Souvenirs";"198";"[S.L.]";"[s.n.]";"Null";"7 f. : 35 cm";"http://data.bnf.fr/ark:/12148/cb11975999w";"Null"
"http://data.bnf.fr/ark:/12148/cb39689703f";"Siete estudios en los tonos naturales mayores : op. 65";"198";"[S.L.]";"[s.n.]";"Null";"41 f. : 35 cm";"http://data.bnf.fr/ark:/12148/cb11975999w";"Null"
"http://data.bnf.fr/ark:/12148/cb396923642";"Sonate No. 3 op. 46 : piano solo";"198";"Null";"Null";"Null";"25 p. : 32 cm";"http://data.bnf.fr/ark:/12148/cb11975995h";"Null"
"http://data.bnf.fr/ark:/12148/cb39692372p";"Arabesque : op. 76 Nr. 9";"198";"Helsinki";"Westerlund";"Null";"5 p. : 30 cm";"http://data.bnf.fr/ark:/12148/cb11975999w";"Null"
"http://data.bnf.fr/ark:/12148/cb39692374c";"Valse chevaleresque : op. 96c";"198";"Kobenhavn. - Leipzig";"W. Hansen";"Null";"11 p. : 31 cm";"http://data.bnf.fr/ark:/12148/cb119604900";"Null"
"http://data.bnf.fr/ark:/12148/cb397132934";"Fourteen Chorale-improvisations : selected from op. 65";"198";"London";"Breitkopf & Härtel";"Null";"31 p. : 31 cm";"http://data.bnf.fr/ark:/12148/cb123079186";"Null"
"http://data.bnf.fr/ark:/12148/cb397132903";"Drei symphonische Choräle Nr. 2 : op. 87";"198";"Wiesbaden";"Breitkopf & Härtel";"Null";"28 p. : 31 cm";"http://data.bnf.fr/ark:/12148/cb11975995h";"Null"
"http://data.bnf.fr/ark:/12148/cb39713291f";"Drei symphonische Choräle Nr. 3 : op. 87";"198";"Wiesbaden";"Breitkopf & Härtel";"Null";"19 p. : 31 cm";"http://data.bnf.fr/ark:/12148/cb11975995h";"Null"
"http://data.bnf.fr/ark:/12148/cb39713259z";"Symphony No. 5 : C♯ minor";"198";"London. - Mainz. - New York [etc.]";"E. Eulenburg";"Null";"1 partition (246 p.) : 19 cm";"http://data.bnf.fr/ark:/12148/cb12144214n";"Null"
"http://data.bnf.fr/ark:/12148/cb39713289w";"Drei symphonische Choräle Nr. 1 : Orgel";"198";"Wiesbaden";"Breitkopf & Härtel";"Null";"8 p. : 31 cm";"http://data.bnf.fr/ark:/12148/cb11975995h";"Null"
"http://data.bnf.fr/ark:/12148/cb39713292s";"Zwanzig Prae- und Postludien : Choralstudien";"198";"Wiesbaden";"Breitkopf & Härtel";"Null";"35 p. : 31 cm";"http://data.bnf.fr/ark:/12148/cb15553121q";"Null"
"http://data.bnf.fr/ark:/12148/cb39713459h";"Apparition de l'Eglise Éternelle : pour orgue";"198";"Paris";"H. Lemoine";"Null";"3 p. : 34 cm";"http://data.bnf.fr/ark:/12148/cb13319434w";"Null"
"http://data.bnf.fr/ark:/12148/cb39713294g";"Twelve Chorale-improvisations : second selection";"198";"London";"Breitkopf & Härtel";"Null";"32 p. : 31 cm";"http://data.bnf.fr/ark:/12148/cb13319434w";"Null"
"http://data.bnf.fr/ark:/12148/cb39713462d";"Kansanlaulu : op. 90 N°  1";"198";"Helsinki";"Fazerin musiikkikauppa";"Null";"3 p. : 30 cm";"http://data.bnf.fr/ark:/12148/cb14630196h";"Null"
"http://data.bnf.fr/ark:/12148/cb39713902x";"Sonatine für Orgel";"198";"Altötting";"A. Coppenrath";"Null";"20 p. : 23 x 30 cm";"http://data.bnf.fr/ark:/12148/cb12335091x";"Null"
"http://data.bnf.fr/ark:/12148/cb39713884t";"Suite breve : Orgel";"198";"Wien. - München";"Doblinger";"Null";"16 p. : 30 cm";"http://data.bnf.fr/ark:/12148/cb12348661k";"Null"
"http://data.bnf.fr/ark:/12148/cb39713553q";"Six préludes et fugues pour orgue deuxième livre";"198";"Paris";"Durand";"Null";"31 p. : couv. ill.  ; 23 x 31 cm";"http://data.bnf.fr/ark:/12148/cb13319434w";"Null"
"http://data.bnf.fr/ark:/12148/cb39713909b";"Acht kurze Stücke : für Orgel";"198";"Altötting";"A. Coppenrath";"Null";"16 p. : 22 x 30 cm";"http://data.bnf.fr/ark:/12148/cb11975995h";"Null"
"http://data.bnf.fr/ark:/12148/cb397139069";"Orgelsätze zum deutschen Liedproprium Aus meines Herzens Grunde";"198";"Altötting";"A. Coppenrath";"Null";"4 p. : 30 cm";"http://data.bnf.fr/ark:/12148/cb11975995h";"Null"
"http://data.bnf.fr/ark:/12148/cb397140318";"Aphorismen und Versetten zu Kirchenliedern Heft 2";"198";"Altötting";"A. Coppenrath";"Null";"18 p. : 30 cm";"http://data.bnf.fr/ark:/12148/cb11975995h";"Null"
"http://data.bnf.fr/ark:/12148/cb397140349";"Aphorismen und Versetten zu Kirchenliedern Heft 4";"198";"Altötting";"A. Coppenrath";"Null";"24 p. : 30 cm";"http://data.bnf.fr/ark:/12148/cb11975995h";"Null"
"http://data.bnf.fr/ark:/12148/cb39714030x";"Aphorismen und Versetten zu Kirchenliedern Heft 1 : für Orgel";"198";"Altötting";"A. Coppenrath";"Null";"18 p. : 30 cm";"http://data.bnf.fr/ark:/12148/cb13319434w";"Null"
"http://data.bnf.fr/ark:/12148/cb39714035n";"Aphorismen und Versetten zu Kirchenliedern Heft 5";"198";"Altötting";"A. Coppenrath";"Null";"36 p. : 30 cm";"http://data.bnf.fr/ark:/12148/cb13319434w";"Null"
"http://data.bnf.fr/ark:/12148/cb39714033z";"Aphorismen und Versetten zu Kirchenliedern Heft 3";"198";"Altötting";"A. Coppenrath";"Null";"19 p. : 30 cm";"http://data.bnf.fr/ark:/12148/cb11975995h";"Null"
"http://data.bnf.fr/ark:/12148/cb39713905z";"Vor- und Zwischenspiele zu Weihnachtsliedern : für Orgel";"198";"Altötting";"A. Coppenrath";"Null";"4 p. : 30 cm";"http://data.bnf.fr/ark:/12148/cb13319434w";"Null"
"http://data.bnf.fr/ark:/12148/cb397139007";"Kleine Partiten über Adventlieder für Orgel";"198";"Altötting";"A. Coppenrath";"Null";"16 p. : 22 x 30 cm";"http://data.bnf.fr/ark:/12148/cb125239854";"Null"
"http://data.bnf.fr/ark:/12148/cb397140360";"Kleine Partiten über Weihnachtslieder für Orgel";"198";"Altötting";"A. Coppenrath";"Null";"16 p. : 22 x 30 cm";"http://data.bnf.fr/ark:/12148/cb125239854";"Null"
"http://data.bnf.fr/ark:/12148/cb397139038";"Sieben Choralvorspiele : für Orgel";"198";"Altötting";"A. Coppenrath";"Null";"20 p. : 23 x 30 cm";"http://data.bnf.fr/ark:/12148/cb123079186";"Null"
"http://data.bnf.fr/ark:/12148/cb39713907n";"Gregorianische Partiten : für Orgel";"198";"Altötting";"A. Coppenrath";"Null";"26 p. : 22 x 30 cm";"http://data.bnf.fr/ark:/12148/cb125239854";"Null"
"http://data.bnf.fr/ark:/12148/cb39714507s";"Diptyque d'écriture sainte : pour grand orgue";"198";"Paris";"Combre";"Null";"19 p. : 31 cm";"http://data.bnf.fr/ark:/12148/cb11975995h";"Null"
"http://data.bnf.fr/ark:/12148/cb39748009p";"[Marina] Semionova";"198";"Null";"Null";"Null";"1 photogr. pos. : 18 cm x 26,5 cm";"http://data.bnf.fr/ark:/12148/cb11932843f";"Null"
"http://data.bnf.fr/ark:/12148/cb397488761";"Toccata et fugue en ré mineur : [BWV 565]";"198";"Paris";"Durand";"Null";"8 f. : 44 cm";"http://data.bnf.fr/ark:/12148/cb13601444k";"Null"
"http://data.bnf.fr/ark:/12148/cb397672369";"Iphigénie à Aulis";"198";"[S. l.]";"Null";"Null";"N. p.";"Null";"Null"
"http://data.bnf.fr/ark:/12148/cb39768756j";"Le Sang des gaulois";"198";"Paris";"l'auteur";"Null";"118 p.";"Null";"Null"
"http://data.bnf.fr/ark:/12148/cb39769013k";"La Baraque de la Foire théâtre populaire du XVIIIe siècle";"198";"Reims";"Maison de la culture André Malraux";"Null";"34 p.";"Null";"Null"
"http://data.bnf.fr/ark:/12148/cb39768980z";"Quatre vingt neuf plus dix : comédie";"198";"Reims";"Création dramatique Champagne-Ar-dennes";"Null";"55 p.";"Null";"Null"
"http://data.bnf.fr/ark:/12148/cb397702402";"The Long riders";"198";"New York";"United Artits";"Null";"Null";"Null";"Null"
"http://data.bnf.fr/ark:/12148/cb39770269s";"Eclair de lune : Moonstruck";"198";"Paris";"Agence Lumière";"Null";"N. ch.";"Null";"Null"
"http://data.bnf.fr/ark:/12148/cb39770277d";"Rencontres avec des hommes remarquables";"198";"Paris";"U. G. C.";"Null";"N. ch.";"Null";"Null"
"http://data.bnf.fr/ark:/12148/cb397730825";"Suzanne Perrottet ein Bewegtes Leben : text und bilder bearbeitet und ausgewählt";"198";"Bern";"Benteli Verlag";"Null";"294 p.";"Null";"Null"
"http://data.bnf.fr/ark:/12148/cb39773062j";"Catalogue de films";"198";"Paris";"Impr. Ministère de la Culture et de l'environnement";"Null";"71 p.";"Null";"Null"
"http://data.bnf.fr/ark:/12148/cb397784965";"Die Geisterwelt ist nicht Verschlossen : Swedenborgs schau in Goethes Faust";"198";"Zürich";"Swedenborg-Verlag";"Null";"66 p.";"Null";"Null"
"http://data.bnf.fr/ark:/12148/cb39777534n";"L'Amour trop fort : [plaquette de présentation]";"198";"Neuilly";"Gaumont distribution";"Null";"[19] p.";"Null";"Null"
"http://data.bnf.fr/ark:/12148/cb39885723f";"[Ensemble de photos encadrées] : [photographie]";"198";"Null";"Null";"Null";"1 photogr. pos. : 20 x 27 cm (im.)";"Null";"Null"
"http://data.bnf.fr/ark:/12148/cb398857223";"[Statue en bronzedevont un cadre de photo] : [photographie]";"198";"Null";"Null";"Null";"1 photogr. pos. : 20,5 x 29 cm (im.)";"Null";"Null"
"http://data.bnf.fr/ark:/12148/cb39885721r";"[La photographie au verre brisé] : [photographie]";"198";"Null";"Null";"Null";"1 photogr. pos. : 21,5 x 24,5 cm (im.)";"Null";"Null"
"http://data.bnf.fr/ark:/12148/cb39885730q";"[Détail de roches] : [photographie]";"198";"Null";"Null";"Null";"1 photogr. pos. : 25,5 x 25,5 cm (im.)";"Null";"Null"
"http://data.bnf.fr/ark:/12148/cb398857312";"[Roches striées] : [photographie]";"198";"Null";"Null";"Null";"1 photogr. pos. : 25 x 25 cm (im.)";"Null";"Null"
"http://data.bnf.fr/ark:/12148/cb39885732d";"[Rochers] : [photographie]";"198";"Null";"Null";"Null";"1 photogr. pos. : 27,5 x 27,5 cm (im.)";"Null";"Null"
"http://data.bnf.fr/ark:/12148/cb39930751m";"Le carnaval de Venise";"198";"[Paris]";"[s. n.]";"Null";"Non paginé";"Null";"Null"
"http://data.bnf.fr/ark:/12148/cb405330162";"La Mécanique de l'envol : [estampe]";"198";"[S.l.]";"[s.n.]";"Null";"1 est. : eau-forte et aquatinte en coul.";"Null";"Null"
"http://data.bnf.fr/ark:/12148/cb405489268";"1 pl. de 4 ex-libris colorié : [estampe]";"198";"[S.l.]";"[s.n.]";"Null";"1 est. : gravure sur bois";"Null";"Null"
"http://data.bnf.fr/ark:/12148/cb41135766g";"Historical album of the Greek war of independence, 1821 : an illustrated chronicle...";"198";"Athens";"Melissa publ. house";"Null";"2 vol. (696 p.)";"http://data.bnf.fr/ark:/12148/cb121060242";"Null"
"http://data.bnf.fr/ark:/12148/cb411421518";"Verhandlungen des Deutschen Bundestages [1949-1965]";"198";"München";"C. H. Beck. - K. G. Saur";"Null";"412 microfiches";"http://data.bnf.fr/ark:/12148/cb11969965b";"Null"
"http://data.bnf.fr/ark:/12148/cb41147055k";"Verhandlungen des Bundesrates [1949-1965]";"198";"München";"C. H. Beck. - K. G. Saur";"Null";"430 microfiches";"http://data.bnf.fr/ark:/12148/cb11991940p";"Null"
"http://data.bnf.fr/ark:/12148/cb41154451s";"E.X.I.T";"198";"Créteil";"Ubi soft";"Null";"1 disquette (3 pouces) : coul., son. ; 10 cm";"Null";"Null"
"http://data.bnf.fr/ark:/12148/cb41157042f";"Superpaint";"198";"Paris";"Micro application";"Null";"1 disquette (3 pouces) : coul. ; 10 cm";"http://data.bnf.fr/ark:/12148/cb12062869b";"Null"
"http://data.bnf.fr/ark:/12148/cb43805539w";"Hī oi̓konomikī́ sképsī kaí politikī́ tô̄n a̓rchaíōn Hellī́nōn";"198";"̓Athī́na";"̓Ekd. Hestía";"Null";"vol.";"Null";"Null"
"http://data.bnf.fr/ark:/12148/cb34281344m";"Acta Musei de János Arany nominati";"198";"Nagykőrös";"AJM";"Null";"Null";"Null";"Null"
"http://data.bnf.fr/ark:/12148/cb34288305d";"Thông tin chuyên đê ̀";"198";"[S.l.]";"Ủy ban kê ́hoạch nhà nươć-Trung tâm thông tin";"Null";"Null";"Null";"Null"
"http://data.bnf.fr/ark:/12148/cb343046691";"Lexique des termes";"198";"[Ottawa]";"Emploi et immigration Canada";"Null";"Null";"Null";"Null"
"http://data.bnf.fr/ark:/12148/cb343094628";"Gesammelte Werke";"198";"Zürich";"Eco-Verlag";"Null";"Null";"Null";"Null"
"http://data.bnf.fr/ark:/12148/cb34310797s";"Cseres Tibor munkái";"198";"Budapest";"Szépirodalmi könyvkiadó";"Null";"Null";"Null";"Null"
"http://data.bnf.fr/ark:/12148/cb34312010f";"Lecturas presocráticas";"198";"Madrid";"Lucina";"Null";"1 vol.";"Null";"Null"
"http://data.bnf.fr/ark:/12148/cb34311798c";"Scientific guide of the Loránd Eötvös University";"198";"Budapest";"ELTE sokszorosító üzeme";"Null";"Null";"Null";"Null"
"http://data.bnf.fr/ark:/12148/cb34311852b";"Gesammelte Schriften";"198";"Zürich";"Ammann Verl.";"Null";"Null";"Null";"Null"
"http://data.bnf.fr/ark:/12148/cb34313332t";"Contes et nouvelles complètes";"198";"[Paris]";"Minerve";"Null";"21 cm";"Null";"Null"
"http://data.bnf.fr/ark:/12148/cb343133455";"Masterplots";"198";"Pasadena, Calif.. - Englewood Cliffs, NJ";"Salem press";"Null";"Null";"Null";"Null"
"http://data.bnf.fr/ark:/12148/cb34331305v";"Obras completas de Mário de Andrade";"198";"Belo Horizonte. - São Paulo";"Itatiaia. - Ed. da Universidade de São Paulo";"Null";"Null";"Null";"Null"
"http://data.bnf.fr/ark:/12148/cb343332292";"Historia de Burgos";"198";"Burgos";"Caja de ahorros municipal de Burgos";"Null";"Null";"Null";"Null"
"http://data.bnf.fr/ark:/12148/cb343344097";"America and the holocaust : a thirteen-volume set documenting the editor's book The Abandonment of the Jews";"198";"New York";"Garland";"Null";"13 vol.";"Null";"Null"
"http://data.bnf.fr/ark:/12148/cb34333995s";"Magyarország zenetörténete";"198";"Budapest";"Akadémiai kiadó";"Null";"Null";"Null";"Null"
"http://data.bnf.fr/ark:/12148/cb343335930";"Werke und Briefe";"198";"Wien";"Österreichischer Bundesverl. Gesellschaft. - Klett-Cotta";"Null";"Null";"Null";"Null"
"http://data.bnf.fr/ark:/12148/cb34335515p";"Geschichte der deutschen Literatur von den Anfängen bis zur Gegenwart";"198";"Berlin [D.D.R.]";"Volk und Wissen";"Null";"Null";"http://data.bnf.fr/ark:/12148/cb11975721d";"Null"
"http://data.bnf.fr/ark:/12148/cb34335142g";"Estudios de arte argentino";"198";"[Buenos Aires]";"Academia nacional de bellas artes";"Null";"Null";"http://data.bnf.fr/ark:/12148/cb119309526";"Null"
"http://data.bnf.fr/ark:/12148/cb34336829f";"Renaissance linguistics archive, 1350-1700 : a bibliographical project";"198";"Ferrara";"Presso l'istituto";"Null";"Null";"Null";"Null"
"http://data.bnf.fr/ark:/12148/cb34336680n";"Életmű";"198";"Budapest";"Magvető";"Null";"Null";"Null";"Null"
"http://data.bnf.fr/ark:/12148/cb34335861p";"Jan Pawel II naucza";"198";"Lublin";"Red. wyd. KUL";"Null";"Null";"Null";"Null"
"http://data.bnf.fr/ark:/12148/cb34336096c";"Historia de España";"198";"Barcelona";"ed. Labor";"Null";"Null";"Null";"Null"
"http://data.bnf.fr/ark:/12148/cb343359869";"Mándy Iván művei";"198";"Budapest";"Magvető kiadó";"Null";"Null";"Null";"Null"
"http://data.bnf.fr/ark:/12148/cb34336439n";"Schriften aus dem Nachlass";"198";"Weinheim";"Beltz";"Null";"Null";"Null";"Null"
"http://data.bnf.fr/ark:/12148/cb34337082x";"Kopfbahnhof : Almanach";"198";"Leipzig";"Reclam";"Null";"Null";"Null";"Null"
"http://data.bnf.fr/ark:/12148/cb343379723";"Obra completa";"198";"Alicante";"Instituto de cultura Juan Gil-Albert";"Null";"Null";"Null";"Null"
"http://data.bnf.fr/ark:/12148/cb343378259";"Catalogue of the Pepys library at Magdalene college, Cambridge";"198";"Cambridge";"D. S. Brewer";"Null";"Null";"Null";"Null"
"http://data.bnf.fr/ark:/12148/cb34338371b";"Werke in Einzelbänden : Hamburger Ausgabe";"198";"Hamburg";"Hoffmann und Campe Verl.";"Null";"Null";"Null";"Null"
"http://data.bnf.fr/ark:/12148/cb34338707b";"Historia de España Menéndez Pidal";"198";"Madrid";"Espasa-Calpe";"Null";"Null";"Null";"Null"
"http://data.bnf.fr/ark:/12148/cb34341440v";"Grammaire homérique";"198";"Paris";"Éd. Klincksieck";"Null";"Null";"Null";"Null"
"http://data.bnf.fr/ark:/12148/cb343416036";"Le test PN [Patte noire]";"198";"Paris";"Presses universitaires de France";"Null";"Null";"Null";"Null"
"http://data.bnf.fr/ark:/12148/cb343416694";"Sík Sándor válogatott írásai";"198";"Budapest";"Vigilia";"Null";"Null";"Null";"Null"
"http://data.bnf.fr/ark:/12148/cb343419914";"African studies forum";"198";"Pretoria";"HSRC";"Null";"Null";"Null";"Null"
"http://data.bnf.fr/ark:/12148/cb34342183j";"Rapporto";"198";"Roma";"SIPI";"Null";"Null";"Null";"Null"
"http://data.bnf.fr/ark:/12148/cb34343275f";"Versuch einer Ontologie der Persönlichkeit";"198";"Heidelberg";"Elpis Verl.";"Null";"Null";"Null";"Null"
"http://data.bnf.fr/ark:/12148/cb34343747k";"Essais";"198";"Paris";"H. Champion";"Null";"Null";"Null";"Null"
"http://data.bnf.fr/ark:/12148/cb34343913t";"Kant-Index Section II";"198";"Stuttgart-Bad Cannstatt";"F. Fromann - G. Holzboog";"Null";"Null";"Null";"Null"
"http://data.bnf.fr/ark:/12148/cb343443393";"Le son du jazz : éléments de maîtrise de l'harmonie et de l'improvisation...";"198";"Courbevoie";"ID Music";"Null";"31 cm";"Null";"Null"
"http://data.bnf.fr/ark:/12148/cb343444110";"Dowódcy Powstania Wielkopolskiego i wojska wielkopolskiego 1918-1919";"198";"Koszalin";"Wyd. WSP";"Null";"vol.";"Null";"Null"
"http://data.bnf.fr/ark:/12148/cb34344420z";"Essays on strategy";"198";"Washington (D.C.)";"National defense university press";"Null";"Null";"Null";"Null"
"http://data.bnf.fr/ark:/12148/cb34346002d";"Politische Studien";"198";"Gerlingen";"Druckerei Maisch + Queck";"Null";"Null";"Null";"Null"
"http://data.bnf.fr/ark:/12148/cb343470437";"Mythologische Landeskunde von Graubünden : ein Bergvolk erzählt";"198";"Disentis";"Desertina Verl.";"Null";"Null";"Null";"Null"
"http://data.bnf.fr/ark:/12148/cb34742851j";"L'Épouvantable épouvantail";"198";"Paris";"Hachette";"Null";"180 p. [4]-f. de pl. en coul.";"Null";"Null"
"http://data.bnf.fr/ark:/12148/cb34745542g";"Canada";"198";"Paris";"Marcus";"Null";"63 p.";"http://data.bnf.fr/ark:/12148/cb11976799k";"Null"
"http://data.bnf.fr/ark:/12148/cb347455503";"Îles Canaries";"198";"Paris";"Marcus";"Null";"63 p.";"http://data.bnf.fr/ark:/12148/cb11964915k";"Null"
"http://data.bnf.fr/ark:/12148/cb34747542z";"Madère : Açores";"198";"Paris";"Marcus";"Null";"63 p.";"http://data.bnf.fr/ark:/12148/cb11976799k";"Null"
"http://data.bnf.fr/ark:/12148/cb34749734c";"La Famille Abracadabra";"198";"[Paris]";"Éditions buissonnières";"Null";"[22] p.";"Null";"Null"
"http://data.bnf.fr/ark:/12148/cb34752615b";"Tirlouit";"198";"Paris. - Zürich";"Cerf. - Bohem press";"Null";"[24] p.";"Null";"Null"
"http://data.bnf.fr/ark:/12148/cb34757573f";"Chéri : roman";"198";"Paris";"Fayard";"Null";"222 p";"Null";"Null"
"http://data.bnf.fr/ark:/12148/cb34763096z";"La Marianne de Decaris";"198";"Paris";" Le Monde des philatélistes ";"Null";"32 p.";"http://data.bnf.fr/ark:/12148/cb119753846";"Null"
"http://data.bnf.fr/ark:/12148/cb347665873";"Méchant : roman";"198";"Paris";"Éd. du Seuil";"Null";"222 p.";"Null";"Null"
"http://data.bnf.fr/ark:/12148/cb347672954";"Hop youp";"198";"Paris";"Centurion";"Null";"[15] p.";"Null";"Null"
"http://data.bnf.fr/ark:/12148/cb34766826q";"Une Cité grecque";"198";"Paris. - Tournai";"Éd. Gamma";"Null";"29 p.";"http://data.bnf.fr/ark:/12148/cb11931600c";"Null"
"http://data.bnf.fr/ark:/12148/cb34766785z";"La Place de Grève";"198";"Paris";"Ville de Paris";"Null";"34 p.-86 p.-[12] f. de pl. dont 6 en coul.";"http://data.bnf.fr/ark:/12148/cb119344445";"Null"
"http://data.bnf.fr/ark:/12148/cb34768439f";"La Faune 21";"198";"Paris. - Lausanne. - Bruxelles";"Alpha. - Grammont. - Éd. Erasme";"Null";"P. 2003-2100";"http://data.bnf.fr/ark:/12148/cb12043290b";"Null"
"http://data.bnf.fr/ark:/12148/cb34770655h";"Suède, bois et architecture : [exposition itinérante]";"198";"[Paris]";"Centre culturel suédois";"Null";"11 p.";"http://data.bnf.fr/ark:/12148/cb119323196";"Null"
"http://data.bnf.fr/ark:/12148/cb347708552";"Le Pionnier de l'atome";"198";"Paris";"Fleuve noir";"Null";"182 p.";"Null";"Null"
"http://data.bnf.fr/ark:/12148/cb347709858";"Le Dieu truqué";"198";"Paris";"Fleuve noir";"Null";"185 p.";"Null";"Null"
"http://data.bnf.fr/ark:/12148/cb34770986m";"Vendredi, par exemple";"198";"Paris";"Fleuve noir";"Null";"186 p.";"Null";"Null"
"http://data.bnf.fr/ark:/12148/cb34770984x";"La Cité au bout de l'espace";"198";"Paris";"Fleuve noir";"Null";"186 p.";"Null";"Null"
"http://data.bnf.fr/ark:/12148/cb34772879j";"Le Collier de l'Apocalypse";"198";"Paris";"Fleuve noir";"Null";"180 p.";"Null";"http://gallica.bnf.fr/ark:/12148/bpt6k33357307"
"http://data.bnf.fr/ark:/12148/cb34775129s";"Impossible ! : nouveaux contes de la rue Marcel-Aymé";"198";"Paris";"l'École ds loisirs";"Null";"127 p.";"Null";"Null"
"http://data.bnf.fr/ark:/12148/cb34775036s";"Qu'on lui jette la première pierre";"198";"Paris";"Clancier-Guénaud. - diffusion Distique";"Null";"309 p.";"Null";"Null"
"http://data.bnf.fr/ark:/12148/cb347773332";"Contribution à l'étude d'un plasma d'arc électrique au voisinage de la cathode";"198";"Clermont-Ferrand";"CNAM, Centre régional associé de Clermont-Ferrand";"Null";"74 f.";"http://data.bnf.fr/ark:/12148/cb11984728s";"Null"
"http://data.bnf.fr/ark:/12148/cb347772673";"Contribution à l'élaboration de monocristaux de diborure de titane";"198";"Clermont-Ferrand";"CNAM, Centre régional associé de Clermont-Ferrand";"Null";"97 f.";"http://data.bnf.fr/ark:/12148/cb11985394q";"Null"
"http://data.bnf.fr/ark:/12148/cb34778268p";"Insectes : cinq nouvelles";"198";"Paris";"Aubépine";"Null";"32 p.";"Null";"Null"
"http://data.bnf.fr/ark:/12148/cb34778306d";"Les Aventures de Mado et Maildur 2";"198";"Enghien";"Artefact";"Null";"Pagination multiple";"Null";"Null"
"http://data.bnf.fr/ark:/12148/cb347787980";"Abrégé de parodontologie";"198";"Paris";"Masson";"Null";"198 p.";"http://data.bnf.fr/ark:/12148/cb11946978j";"Null"
"http://data.bnf.fr/ark:/12148/cb34778854n";"La Cuisine au fromage de chèvre";"198";"Lys";"Utovie";"Null";"87 p.";"http://data.bnf.fr/ark:/12148/cb12490984b";"Null"
"http://data.bnf.fr/ark:/12148/cb34794035m";"Liste des commissions";"198";"[Saint-Brieuc";"Conseil général";"Null";"[7] f.";"Null";"Null"
"http://data.bnf.fr/ark:/12148/cb34833923s";"Arte in Val Camonica Vol. secondo : monumenti e opere";"198";"[Brescia]";"Industrie graf. bresciane";"Null";"546 p.";"http://data.bnf.fr/ark:/12148/cb11976925k";"Null"
"http://data.bnf.fr/ark:/12148/cb348352867";"La Plus belle à tes yeux";"198";"Paris";"Harlequin";"Null";"156 p.";"Null";"Null"
"http://data.bnf.fr/ark:/12148/cb34835088c";"Grande cuisine pour débutants : plus de 180 recettes et conseils pour apprendre à mieux cuisiner";"198";"Aartselaar. - [Louvres]";"Chantecler";"Null";"222 p.";"http://data.bnf.fr/ark:/12148/cb11931819b";"Null"
"http://data.bnf.fr/ark:/12148/cb34836050x";"La Chambre noire";"198";"Glarus";"[Lys-les-Lannoy]. - Éd. Christophe Colomb";"Null";"144 p.";"http://data.bnf.fr/ark:/12148/cb11957132g";"Null"
"http://data.bnf.fr/ark:/12148/cb34837712j";"Maine roman";"198";"[Saint-Léger-Vauban]";"Zodiaque";"Null";"383 p.";"http://data.bnf.fr/ark:/12148/cb11930977j";"Null"
"http://data.bnf.fr/ark:/12148/cb34838110f";"La couronne de plumes : et autres nouvelles";"198";"Paris";"Stock";"Null";"354 p.";"Null";"Null"
"http://data.bnf.fr/ark:/12148/cb348416799";"Que penser des apparitions de la Vierge ? : les guérisons miraculeuses sont-elles une réalité ?";"198";"Lausanne. - Paris";"P.-M. Favre";"Null";"264 p.";"http://data.bnf.fr/ark:/12148/cb119345971";"Null"
"http://data.bnf.fr/ark:/12148/cb34842671s";"Comment dessiner et peindre les paysages";"198";"Paris";"De Vecchi";"Null";"127 p.";"http://data.bnf.fr/ark:/12148/cb119362234";"Null"
"http://data.bnf.fr/ark:/12148/cb348422752";"Encyclopédie de l'Alsace 11";"198";"Strasbourg";"Publitotal";"Null";"P. 6401-7040";"http://data.bnf.fr/ark:/12148/cb119832719";"Null"
"http://data.bnf.fr/ark:/12148/cb348423113";"Généalogies huguenotes";"198";"Paris";"Christian";"Null";"276 p.";"http://data.bnf.fr/ark:/12148/cb11970719n";"Null"
"http://data.bnf.fr/ark:/12148/cb348626689";"Le Mausolée de la vengeance";"198";"[Paris]";"Gallimard";"Null";"246 p.";"Null";"Null"
"http://data.bnf.fr/ark:/12148/cb34862654m";"À quatre lieues de la ville, au bout de la lande : la Saga des Pegeaud";"198";"Saint-Meen-le-Grand";"E.C.R.";"Null";"278 p.";"Null";"Null"
"http://data.bnf.fr/ark:/12148/cb34862213x";"L'Inhibition calcique, Tildiem : dialogue avec les experts, Paris, 15 octobre 1982";"198";"Paris. - Paris";"Agence M.K.. - Laboratoires Dausse";"Null";"101 p.";"http://data.bnf.fr/ark:/12148/cb11992437n";"Null"
"http://data.bnf.fr/ark:/12148/cb34864487h";"Sondage magnétotellurique dans la gamme 8 Hz-170 Hz à proximité de l'Ardoukoba (Rift d'Asal)";"198";"Paris";"Institut national d'astronomie et de géophysique";"Null";"7 p.";"http://data.bnf.fr/ark:/12148/cb119433994";"Null"
"http://data.bnf.fr/ark:/12148/cb34864959n";"Mourir à Palerme";"198";"[Paris]";"Plon";"Null";"222 p.";"Null";"Null"
"http://data.bnf.fr/ark:/12148/cb34865965t";"Les Bouseux : une histoire du journal  Tintin ";"198";"Neuilly-sur-Seine. - [puis] Bruxelles. - Paris";"Dargaud. - Éd. du Lombard";"Null";"48 p.";"Null";"Null"
"http://data.bnf.fr/ark:/12148/cb34865657c";"Urgences pédiatriques";"198";"Alger. - Paris";"Office des publications universitaires. - Publisud";"Null";"389 p.";"http://data.bnf.fr/ark:/12148/cb119650725";"Null"
"http://data.bnf.fr/ark:/12148/cb348669501";"À Budapest et en Hongrie";"198";"[Paris]";"Hachette";"Null";"125 p.";"http://data.bnf.fr/ark:/12148/cb119320406";"Null"
"http://data.bnf.fr/ark:/12148/cb348684357";"Annie Cohen : le peignoir à plumes";"198";"Villeneuve-lez-Avignon";"La Chartreuse";"Null";"[6] p. dépl.";"http://data.bnf.fr/ark:/12148/cb11938837z";"Null"
"http://data.bnf.fr/ark:/12148/cb34870372f";"Portraitistes lyonnais : [exposition, Lyon] Musée des beaux-arts, Palais Saint-Pierre, juin-septembre 1986";"198";"Lyon";"Musée des beaux-arts";"Null";"281 p.";"http://data.bnf.fr/ark:/12148/cb11946261w";"Null"
"http://data.bnf.fr/ark:/12148/cb34869982c";"Les Effets de la Révocation à Uzès et dans l'Uzège";"198";"Bagnols-sur-Cèze";"Rhodanie";"Null";"60 p.";"http://data.bnf.fr/ark:/12148/cb11985657b";"Null"
"http://data.bnf.fr/ark:/12148/cb34869402h";"Château d'Arricau-Bordes";"198";"Paris";"Éd. ARCAM";"Null";"51 p.";"http://data.bnf.fr/ark:/12148/cb12005755v";"Null"
"http://data.bnf.fr/ark:/12148/cb34872200s";"Petit album des collections";"198";"Castres";"Musée Goya";"Null";"77 p.";"http://data.bnf.fr/ark:/12148/cb119759407";"Null"
"http://data.bnf.fr/ark:/12148/cb34871781r";"Cronenbourg... 2";"198";"Strasbourg";"Oberlin";"Null";"80 p.";"http://data.bnf.fr/ark:/12148/cb119333241";"Null"
"http://data.bnf.fr/ark:/12148/cb34872241c";"André Plisson : à l'Espace des arts juin-juillet 1986, Chalon-sur-Saône";"198";"Chalon-sur-Saône";"Musée Denon";"Null";"[12] p.";"http://data.bnf.fr/ark:/12148/cb11938837z";"Null"
"http://data.bnf.fr/ark:/12148/cb34873637g";"Le Petit remorqueur";"198";"Paris";"Nathan";"Null";"[16] p.";"Null";"Null"
"http://data.bnf.fr/ark:/12148/cb348728086";"Nouveau guide Hachette France";"198";"Paris";"Hachette";"Null";"927 p.";"http://data.bnf.fr/ark:/12148/cb11976799k";"Null"
"http://data.bnf.fr/ark:/12148/cb348759384";"Initiation à l'histoire de l'art en Alsace";"198";"Strasbourg";"CRDP";"Null";"47 p.";"http://data.bnf.fr/ark:/12148/cb11934758p";"Null"
"http://data.bnf.fr/ark:/12148/cb34875195r";"Comme un qui s'est perdu";"198";"La Rochelle";"Quartier latin";"Null";"67 p.";"Null";"Null"
"http://data.bnf.fr/ark:/12148/cb34877103r";"Sculpture : Gérard Ramon";"198";"Mantes-la-Jolie";"Éd. du CRDC";"Null";"[21] p.";"http://data.bnf.fr/ark:/12148/cb11938837z";"Null"
"http://data.bnf.fr/ark:/12148/cb34876804s";"Vivre avec Dieu chaque jour : la vie à pleines mains";"198";"Guebwiller";"Ligue pour la lecture de la Bible";"Null";"28 p.";"Null";"Null"
"http://data.bnf.fr/ark:/12148/cb34876065s";"Sandrine";"198";"Remoulins-sur-Gardon";"J. Brémon";"Null";"55 p.";"Null";"Null"
"http://data.bnf.fr/ark:/12148/cb348771283";"Mémento Kodak du photographe professionnel";"198";"Paris";"Éd. VM";"Null";"81 p.";"http://data.bnf.fr/ark:/12148/cb11933113t";"Null"
"http://data.bnf.fr/ark:/12148/cb34877541d";"Histoires et légendes de la Provence mystérieuse";"198";"[Paris]";"Sand";"Null";"311 p.";"Null";"Null"
"http://data.bnf.fr/ark:/12148/cb34879219w";"Technologie 6e : livret du professeur";"198";"Paris";"Magnard";"Null";"16 p.";"Null";"Null"
"http://data.bnf.fr/ark:/12148/cb34900445j";"Le Guide complet de l'aérographe";"198";"Paris";"Dessains et Tolra";"Null";"156 p.";"http://data.bnf.fr/ark:/12148/cb119491949";"Null"
"http://data.bnf.fr/ark:/12148/cb34903284m";" La Liberté  : histoire d'une restauration";"198";"Paris";"Librairie du compagnonnage";"Null";"92 p.";"http://data.bnf.fr/ark:/12148/cb11968909m";"Null"
"http://data.bnf.fr/ark:/12148/cb349042825";"Totem : [exposition], Musée de l'Abbaye Sainte-Croix, Les Sables-d'Olonne, 12 juillet-9 septembre 1984";"198";"Les Sables-d'Olonne";"Musée de l'Abbaye Sainte-Croix";"Null";"16 p.";"http://data.bnf.fr/ark:/12148/cb11938837z";"Null"
"http://data.bnf.fr/ark:/12148/cb34905241t";"Chartres";"198";"[La Guerche-de-Bretagne]";"Secalib";"Null";"32 p.";"http://data.bnf.fr/ark:/12148/cb11936609p";"Null"
"http://data.bnf.fr/ark:/12148/cb34905787h";"Les Ibos de l' Amélie  : destinée d'une cargaison de traite clandestine à la Martinique, 1822-1838";"198";"Paris";"Éd. caribéennes";"Null";"134 p.-[8] de pl.";"http://data.bnf.fr/ark:/12148/cb11940689x";"Null"
"http://data.bnf.fr/ark:/12148/cb34906162r";"Pierre Savatier : Musée Sainte-Croix, Poitiers, 7 novembre 1986-5 janvier 1987";"198";"Poitiers";"Musée Sainte-Croix";"Null";"[6] p.";"http://data.bnf.fr/ark:/12148/cb11938837z";"Null"
"http://data.bnf.fr/ark:/12148/cb349061842";"Aubanel : 26 septembre-4 novembre 1986, Galerie Hôtel de ville de Villeurbanne";"198";"Villeurbanne";"[la Ville]";"Null";"[22] p.";"http://data.bnf.fr/ark:/12148/cb11938837z";"Null"
"http://data.bnf.fr/ark:/12148/cb349071055";"La Voie des ancêtres : [exposition, Paris, Fondation Dapper, 6 novembre 1986-7 février 1987]";"198";"Paris";"Fondation Dapper";"Null";"88 p.";"http://data.bnf.fr/ark:/12148/cb11956920f";"Null"
"http://data.bnf.fr/ark:/12148/cb34906933c";"Les Troupes de marines 1";"198";"Paris";"la Sabretache";"Null";"P. 133-172-15 f. de pl. en noir et en coul.";"http://data.bnf.fr/ark:/12148/cb119344445";"Null"
"http://data.bnf.fr/ark:/12148/cb34908091j";"À la recherche des secrets des grands peintres";"198";"Paris";"Dessain et Tolra";"Null";"208 p.";"http://data.bnf.fr/ark:/12148/cb11933055g";"Null"
"http://data.bnf.fr/ark:/12148/cb349080968";"Le Geste pianistique : essai sur l'écriture du piano entre 1800 et 1930";"198";"Mont Saint-Aignan";"Publications de l'Université de Rouen";"Null";"209 p.";"http://data.bnf.fr/ark:/12148/cb11976044c";"Null"
"http://data.bnf.fr/ark:/12148/cb349091060";"Le Voyageur d'art en Italie";"198";"Paris";"Arthaud";"Null";"304 p.";"http://data.bnf.fr/ark:/12148/cb119321456";"Null"
"http://data.bnf.fr/ark:/12148/cb34909148x";"Toni Catany : Toulouse, janvier 1987... Galerie municipale du Château d'eau";"198";"Toulouse";"Galerie municipale du Château d'eau";"Null";"[20] p.";"http://data.bnf.fr/ark:/12148/cb11938837z";"Null"
"http://data.bnf.fr/ark:/12148/cb34909154v";"Jean de Florette : la folle aventure du film";"198";"Paris";"Herscher";"Null";"239 p.";"Null";"Null"
"http://data.bnf.fr/ark:/12148/cb34909947s";"Antoni Taulé : Galerie, Hôtel de Ville de Villeurbanne du 9 janvier au 14 février 1987";"198";"Villeurbanne";"[la Ville]";"Null";"[22] p.";"http://data.bnf.fr/ark:/12148/cb11938837z";"Null"
"http://data.bnf.fr/ark:/12148/cb34911071f";"Kern au plastic";"198";"Paris";"Fleuve noir";"Null";"151 p.";"Null";"Null"
"http://data.bnf.fr/ark:/12148/cb349107896";"Vieillard à Bordeaux : [exposition], 24 octobre-15 décembre 1986... Musée des arts décoratifs de la Ville de Bordeaux";"198";"Bordeaux";"Musée des arts décoratifs";"Null";"23 p.";"http://data.bnf.fr/ark:/12148/cb11938837z";"Null"
"http://data.bnf.fr/ark:/12148/cb34912594q";"Hard et heavy";"198";"Paris";"J. Gaucher";"Null";"127 p.";"http://data.bnf.fr/ark:/12148/cb119372492";"Null"
"http://data.bnf.fr/ark:/12148/cb34913896g";"Discours prononcé... à l'occasion de la mort de M. André Chamson : église réformée de l'Oratoire... 16 novembre 1983";"198";"Paris";"Institut de France";"Null";"4 p.";"Null";"Null"
"http://data.bnf.fr/ark:/12148/cb34914289s";"36 recettes de pleurotes, champignons cultivés à la Réunion";"198";"[Saint-Gilles]";"P. Kaufmant";"Null";"[20] p.";"http://data.bnf.fr/ark:/12148/cb12699632s";"Null"
"http://data.bnf.fr/ark:/12148/cb34914934f";"Nanoréseau : le nouvel auxiliaire pédagogique";"198";"Paris";"CEDIC";"Null";"175 p.";"http://data.bnf.fr/ark:/12148/cb11931250t";"Null"
"http://data.bnf.fr/ark:/12148/cb349303378";"Indice des prix à la consommation, 1976-1982";"198";"Luxembourg";"Office statistique des Communautés européennes";"Null";"77 p.";"http://data.bnf.fr/ark:/12148/cb12042412v";"Null"
"http://data.bnf.fr/ark:/12148/cb34939476m";"Platone, politica ed educazione : governo dei Migliori";"198";"Roma";"I.S.C.";"Null";"161 p.";"http://data.bnf.fr/ark:/12148/cb12063646c";"Null"
"http://data.bnf.fr/ark:/12148/cb34940588x";"La Révolution à l'œil nu : l'exemple du Lyonnais vécu à Saint-Chamond et en Jarez";"198";"[S.l.]. - Saint-Chamond";"Val Jaris. - L. Parizot";"Null";"343 p.";"http://data.bnf.fr/ark:/12148/cb12078438m";"Null"
"http://data.bnf.fr/ark:/12148/cb34948263p";"Theodori Balsamonis, patriarchae Theopolis magnae Antiochiae, opera quae reperiri potuerunt omnia...";"198";"Turnholti, Belgium [Turnhout]";"Brepols";"Null";"1498 col.,";"Null";"Null"
"http://data.bnf.fr/ark:/12148/cb34948244d";"S. P. N. Epiphanii, Constantiae in Cypro episcopi, opera quae reperiri potuerunt omnia";"198";"Turnholti, Belgium [Turnhout]";"Brepols";"Null";"1 vol., 1332 col.,";"Null";"Null"
"http://data.bnf.fr/ark:/12148/cb34953476k";"Nhưñg bí mật cách mạng 1-11-1963";"198";"Glendale, Calif.";"Ðại Nam";"Null";"137 p.";"http://data.bnf.fr/ark:/12148/cb12392752g";"Null"
"http://data.bnf.fr/ark:/12148/cb349651126";"Première pierres : François Leclère";"198";"Paris";"M. de Maule";"Null";"193 p.";"http://data.bnf.fr/ark:/12148/cb11939358s";"Null"
"http://data.bnf.fr/ark:/12148/cb349650943";"Bétrémieux : Centre municipal d'arts et de loisirs... du 10 au 27 mars 1987... Ville de Valenciennes";"198";"Valenciennes";"[la Ville]";"Null";"[18] p.";"http://data.bnf.fr/ark:/12148/cb11938837z";"Null"
"http://data.bnf.fr/ark:/12148/cb349657287";"Berrwiller, canton de Soultz (Haut-Rhin) : ou Chronique d'un village de 1645 à 1800";"198";"Saint-Louis";"M. Siffert";"Null";"78 f.";"http://data.bnf.fr/ark:/12148/cb119344445";"Null"
"http://data.bnf.fr/ark:/12148/cb34965239h";"Fabes ed La Fontaine a l'seuce ed Toutinlon";"198";"Amiens";"Eklitra";"Null";"38 p.";"Null";"Null"
"http://data.bnf.fr/ark:/12148/cb34966266n";"Berry-Mauduit : [Nancy, 1987]";"198";"Nancy";"Affaires culturelles";"Null";"[30] p.";"http://data.bnf.fr/ark:/12148/cb11938837z";"Null"
"http://data.bnf.fr/ark:/12148/cb34966290h";"Daniel Pons : Toulouse, mai 1987... Galerie municipale du Château d'eau";"198";"Toulouse";"Galerie municipale du Château d'eau";"Null";"[18] p.";"http://data.bnf.fr/ark:/12148/cb11938837z";"Null"
"http://data.bnf.fr/ark:/12148/cb34966252z";"Gloria Friedmann : 25 avril-1er juin 1987, Musée de peinture et de sculpture, Grenoble";"198";"Grenoble";"Musée de peinture et de sculpture";"Null";"[64] p.";"http://data.bnf.fr/ark:/12148/cb11938837z";"Null"
"http://data.bnf.fr/ark:/12148/cb34966269p";"Quilici : juin-juillet 1987, Galerie du Dragon... Paris...";"198";"Paris";"Galerie du Dragon";"Null";"[19] p.";"http://data.bnf.fr/ark:/12148/cb11938837z";"Null"
"http://data.bnf.fr/ark:/12148/cb34967906z";"Introduction au Talmud";"198";"Paris";"A. Michel";"Null";"326 p.";"http://data.bnf.fr/ark:/12148/cb11975901b";"Null"
"http://data.bnf.fr/ark:/12148/cb34967302x";"Le Louvre : la peinture française";"198";"Paris";"Éd. Scala";"Null";"136 p.";"http://data.bnf.fr/ark:/12148/cb135404789";"Null"
"http://data.bnf.fr/ark:/12148/cb34967307n";"The Louvre : European paintings";"198";"Paris";"Éd. Scala";"Null";"272 p.";"http://data.bnf.fr/ark:/12148/cb119759407";"Null"
"http://data.bnf.fr/ark:/12148/cb349681912";"Alexandre Rodtchenko : l'œuvre complet";"198";"Paris";"P. Sers";"Null";"303 p.";"Null";"Null"
"http://data.bnf.fr/ark:/12148/cb34968261d";"Les Arènes d'Arles : photographies de Jean Bernard";"198";"Arles";"Musée Réattu";"Null";"[8] p.";"http://data.bnf.fr/ark:/12148/cb120650404";"Null"
"http://data.bnf.fr/ark:/12148/cb349682602";"Les yeux du quotidien : photos de la presse régionale";"198";"Paris";"CFPJ";"Null";"1 vol. (71 p.)";"http://data.bnf.fr/ark:/12148/cb12062368m";"Null"
"http://data.bnf.fr/ark:/12148/cb349682753";"Le Groupe des six";"198";"Paris";"Méridiens Klincksieck";"Null";"341 p.";"Null";"Null"
"http://data.bnf.fr/ark:/12148/cb34968201j";"Architecture du paysage en Extrême-Orient";"198";"Paris";"École nationale supérieure des beaux-arts";"Null";"239 p.";"http://data.bnf.fr/ark:/12148/cb11937205f";"Null"
"http://data.bnf.fr/ark:/12148/cb34968180d";"Rodin : sculptures et aquarelles";"198";"Albi";"Musée Toulouse-Lautrec";"Null";"40 p.";"http://data.bnf.fr/ark:/12148/cb11938837z";"Null"
"http://data.bnf.fr/ark:/12148/cb34969408r";"Monet";"198";"Genève. - [Évreux]";"Édito-service. - [diffusion Guilde internationale du disque]";"Null";"69 p.";"Null";"Null"
"http://data.bnf.fr/ark:/12148/cb34969407d";"Peindre à l'huile";"198";"Paris";"Nathan";"Null";"175 p.";"http://data.bnf.fr/ark:/12148/cb11933639w";"Null"
"http://data.bnf.fr/ark:/12148/cb34969423n";"Lettres de Floride";"198";"Orléans";"Éd. Chaîne graphique";"Null";"Non paginé";"http://data.bnf.fr/ark:/12148/cb11953343q";"Null"
"http://data.bnf.fr/ark:/12148/cb349693419";"Daniel Buren";"198";"[Avesnes-sur-Helpe]";"Art publications";"Null";"80 p.";"Null";"Null"
"http://data.bnf.fr/ark:/12148/cb34969335c";"Carte blanche à Denise René : aventure géométrique et cinétique";"198";"Paris";"Paris art center";"Null";"191 p.";"http://data.bnf.fr/ark:/12148/cb119693483";"Null"
"http://data.bnf.fr/ark:/12148/cb349694151";"Pierre Soulages : eaux-fortes";"198";"Lyon";"Association pour l'animation des musées";"Null";"28 p.";"http://data.bnf.fr/ark:/12148/cb11938837z";"Null"
"http://data.bnf.fr/ark:/12148/cb34969983w";"Archers et arbalétriers dans le duché d'Orléans";"198";"Orléans";"Comité départemental de tir à l'arc du Loiret";"Null";"65 p.-[24] p.";"http://data.bnf.fr/ark:/12148/cb119314762";"Null"
"http://data.bnf.fr/ark:/12148/cb34970495j";"Cours de dessin pour enfants";"198";"Paris";"Dessain et Tolra";"Null";"80 p.";"http://data.bnf.fr/ark:/12148/cb119362234";"Null"
"http://data.bnf.fr/ark:/12148/cb349705051";"Véra Pagava : Musée de Pontoise--7 mars-19 avril 1987";"198";"Pontoise";"Musée de Pontoise";"Null";"[10] p.";"http://data.bnf.fr/ark:/12148/cb11938837z";"Null"
"http://data.bnf.fr/ark:/12148/cb349704706";"Opalka 1965-1 [à l'infini] : [exposition, 1986], Centre de création contemporaine, Tours";"198";"Paris";"la Différence";"Null";"119 p.";"http://data.bnf.fr/ark:/12148/cb11938837z";"Null"
"http://data.bnf.fr/ark:/12148/cb349704857";"Ainay le Château : visite de l'église";"198";"Yzeure";"Impr. réunies";"Null";"52 p.";"http://data.bnf.fr/ark:/12148/cb12454780j";"Null"
"http://data.bnf.fr/ark:/12148/cb34971740b";"Les Amoureux du 7e";"198";"Le Chesnay";"Éd. Jade";"Null";"249 p.";"http://data.bnf.fr/ark:/12148/cb119361188";"Null"
"http://data.bnf.fr/ark:/12148/cb349721282";"Lettre illustrée du Kremlin";"198";"Grenoble";"A. Dupouy";"Null";"56 p.";"http://data.bnf.fr/ark:/12148/cb11933531v";"Null"
"http://data.bnf.fr/ark:/12148/cb34973310s";"Le Livre Guinness des records";"198";"Paris";"Éd. n° 1";"Null";"380 p.";"http://data.bnf.fr/ark:/12148/cb119383336";"Null"
"http://data.bnf.fr/ark:/12148/cb349738554";"Hors, cadres et figures : [exposition, Arles, Musée Réattu, novembre 1987 - janvier 1988]";"198";"Arles";"Musée Réattu";"Null";"[40] p.";"http://data.bnf.fr/ark:/12148/cb119314762";"Null"
"http://data.bnf.fr/ark:/12148/cb34973862d";"Tout sur les flashes";"198";"[Lys-les-Lannoy]";"Éd. Christophe Colomb";"Null";"144 p.";"http://data.bnf.fr/ark:/12148/cb119532783";"Null"
"http://data.bnf.fr/ark:/12148/cb34975085b";"Alan Charlton, Richard Long : mai-juin 1987, Galerie des beaux-arts... Nantes";"198";"Nantes";"Galerie des beaux-arts";"Null";"[6] p.";"http://data.bnf.fr/ark:/12148/cb11938837z";"Null"
"http://data.bnf.fr/ark:/12148/cb34976902j";"Germain Boffrand : 1667-1754";"198";"Paris";"Délégation à l'action artistique";"Null";"295 p.";"http://data.bnf.fr/ark:/12148/cb11938837z";"Null"
"http://data.bnf.fr/ark:/12148/cb349769376";"Les Impressionnistes d'Auvers-sur-Oise";"198";"[Auvers-sur-Oise]";"[H. Diguet]";"Null";"64 p.";"http://data.bnf.fr/ark:/12148/cb119314762";"Null"
"http://data.bnf.fr/ark:/12148/cb349769078";"L'Église de Saint-Père";"198";"Saint-Père";"Paroisse du Vézélien";"Null";"30 p.";"http://data.bnf.fr/ark:/12148/cb124553126";"Null"
"http://data.bnf.fr/ark:/12148/cb34978471g";"Chacun son chat";"198";"Paris";"Éd. Fantôme";"Null";"239 p.";"http://data.bnf.fr/ark:/12148/cb119356877";"Null"
"http://data.bnf.fr/ark:/12148/cb34978480f";"Le Cinétisme : [exposition], du 22 juillet au 2 septembre 1984, Abbaye Saint-André, Centre d'art contemporain... Meymac";"198";"Meymac";"Centre d'art contemporain";"Null";"[26] p.";"http://data.bnf.fr/ark:/12148/cb11938837z";"Null"
"http://data.bnf.fr/ark:/12148/cb34978499v";"Les Arts arméniens";"198";"Paris";"Mazenod";"Null";"623 p.";"http://data.bnf.fr/ark:/12148/cb119344445";"Null"
"http://data.bnf.fr/ark:/12148/cb34978624h";"Les Clés du showbiz";"198";"Paris";"Éd. n ° 1";"Null";"159 p.";"http://data.bnf.fr/ark:/12148/cb11975721d";"Null"
"http://data.bnf.fr/ark:/12148/cb34978509b";"Abbaye Notre-Dame-de-Vaucelles";"198";"Crèvecœur-sur-Escaut";"les Amis de l'abbaye de Vaucelles";"Null";"17 p.";"Null";"Null"
"http://data.bnf.fr/ark:/12148/cb34978625v";"Femmes d'images";"198";"Paris";"Éd. Messidor";"Null";"171 p.";"http://data.bnf.fr/ark:/12148/cb11947430d";"Null"
"http://data.bnf.fr/ark:/12148/cb349786653";"The Very best of Pabular : une sélection des meilleurs tours de cartes de la revue  Pabular ";"198";"Strasbourg";"Éd. du Spectacle";"Null";"93 p.";"http://data.bnf.fr/ark:/12148/cb11933687r";"Null"
"http://data.bnf.fr/ark:/12148/cb34978562s";"Georges Hot : du 6 au 27 mai 1987, Galerie Arcadia... Paris...";"198";"Paris";"Galerie Arcadia";"Null";"[12] p.";"http://data.bnf.fr/ark:/12148/cb11938837z";"Null"
"http://data.bnf.fr/ark:/12148/cb34979473d";"Catalogue des romans français et étrangers : [jusqu'au 31 décembre 1978]";"198";"Bourges";"Bibliothèque centrale de prêt du Cher";"Null";"[146] p.";"Null";"Null"
"http://data.bnf.fr/ark:/12148/cb349795819";"Prévention et lutte contre la corrosion des matériaux dans l'atmosphère : actes du XIe colloque CEFRACOR, Paris, mars 1982...";"198";"Paris";"Centre français de la corrosion";"Null";"[440] p.";"Null";"Null"
"http://data.bnf.fr/ark:/12148/cb35012947w";"Nhập môn triêt́ học Ðông phương";"198";"[Etats-Unis]";"[s.n.]";"Null";"213 p.";"http://data.bnf.fr/ark:/12148/cb11936583t";"Null"
"http://data.bnf.fr/ark:/12148/cb35013063w";"La Mariée rouge ou La Vérité sur une affaire oubliée";"198";"Paris";"la Pensée universelle";"Null";"132 p.";"Null";"Null"
"http://data.bnf.fr/ark:/12148/cb35014419r";"Zuger Mundartbuch";"198";"Zürich";"Schweizer Spiegel Verl.";"Null";"319 p.";"http://data.bnf.fr/ark:/12148/cb12042781h";"Null"
"http://data.bnf.fr/ark:/12148/cb35014031h";"Papiers roses, papiers gris : [anthologie]";"198";"[Groslay]";"Flammes vives";"Null";"48 p.";"Null";"Null"
"http://data.bnf.fr/ark:/12148/cb35018133f";"Untersuchungen zur Suizidthematik im französischen Roman zwischen 1925 und 1945";"198";"Münster im Westfalen";"Lit";"Null";"313 p.";"http://data.bnf.fr/ark:/12148/cb11976044c";"Null"
"http://data.bnf.fr/ark:/12148/cb350189658";"Việt Nam Văn học : Văn học đơì Lý";"198";"Houston";"Xuân Thu";"Null";"117 p.";"http://data.bnf.fr/ark:/12148/cb12010546b";"Null"
"http://data.bnf.fr/ark:/12148/cb350189209";"Kinh Dịch : trọn bộ";"198";"Glendale, Calif.";"Ðại Nam";"Null";"766 p.";"http://data.bnf.fr/ark:/12148/cb11936583t";"Null"
"http://data.bnf.fr/ark:/12148/cb35018935b";"Biêń cô ́11-11-60 : tư ̀ đảo chánh đêń tù đày";"198";"Glendale, Calif.";"Ðại Nam";"Null";"650 p.-[1] p. de pl.";"http://data.bnf.fr/ark:/12148/cb17072419k";"Null"
"http://data.bnf.fr/ark:/12148/cb350203020";"Beowulf and the fight at Finnesburg";"198";"Boston";"D. C. Heath";"Null";"CLXXXVII-471 p.";"Null";"Null"
"http://data.bnf.fr/ark:/12148/cb350201311";"Lão Tư ̉ tinh hoa";"198";"[États-Unis]";"[s.n.]";"Null";"258 p.";"Null";"Null"
"http://data.bnf.fr/ark:/12148/cb35020156c";"Thuật chánh trị cô ̉ kim : nhưñg thiên bình luận độc đáo...";"198";"Glendale, Calif.";"Ðại Nam";"Null";"120 p.";"http://data.bnf.fr/ark:/12148/cb119342318";"Null"
"http://data.bnf.fr/ark:/12148/cb35020184m";"Chu dịch";"198";"Glendale, Calif.";"Ðại Nam";"Null";"2 vol., (1217 p.)";"http://data.bnf.fr/ark:/12148/cb11936583t";"Null"
"http://data.bnf.fr/ark:/12148/cb35020219f";"Khôn̉g học đăng";"198";"Glendale, Calif.";"Ðại Nam";"Null";"794 p.";"http://data.bnf.fr/ark:/12148/cb11936583t";"Null"
"http://data.bnf.fr/ark:/12148/cb35023501x";"[Recueil. Documents publicitaires]";"198";"Paris";"Imprimerie Tardy Quercy";"Null";"Null";"http://data.bnf.fr/ark:/12148/cb119314762";"Null"
"http://data.bnf.fr/ark:/12148/cb35025725z";"Deux mille ans de l'histoire de Budapest : Histoire de Budapest au premier siècle de notre ère";"198";"Budapest";"Budapesti történeti múzeum";"Null";"Non paginé";"http://data.bnf.fr/ark:/12148/cb119334051";"Null"
"http://data.bnf.fr/ark:/12148/cb350357882";"Who's who in the Writers' Union of Canada : a directory of members";"198";"Toronto";"Writers' Union of Canada";"Null";"VII-483 p.";"http://data.bnf.fr/ark:/12148/cb12029702n";"Null"
"http://data.bnf.fr/ark:/12148/cb35051253g";"Approches quantitatives en génie logiciel : séminaire, Sophia-Antipolis, 7-8 juin 1984";"198";"[Paris]";"AFCET";"Null";"X-254 p.";"http://data.bnf.fr/ark:/12148/cb11966616k";"Null"
"http://data.bnf.fr/ark:/12148/cb350515988";"Journées d'études internationales sur les techniques de modélisation et l'évaluation des performances, Paris, 9-11 mars 1987";"198";"[Paris]";"[AFCET]";"Null";"XI-314 p.";"http://data.bnf.fr/ark:/12148/cb11956771s";"Null"
"http://data.bnf.fr/ark:/12148/cb35057904n";"Actualisation des tendances démographiques";"198";"Fort-de-France";"ADUAM";"Null";"21-15 p.";"http://data.bnf.fr/ark:/12148/cb119344983";"Null"
"http://data.bnf.fr/ark:/12148/cb35065208t";"Glory of Rama : Ramaya Thubhyam Namah";"198";"Bangalore";"Chinmaya Mission";"Null";"[VIII-] 320 p.- [4 p.] de pl.";"http://data.bnf.fr/ark:/12148/cb119538375";"Null"
"http://data.bnf.fr/ark:/12148/cb350988064";"Solitudes-Pauvretés, quelles solidarités ? : les actes de la table ronde ESV [Équipes Saint-Vincent], [Paris],... 8 décembre 1987";"198";"Paris";"les Équipes Saint-Vincent";"Null";"31 p.";"http://data.bnf.fr/ark:/12148/cb119511608";"Null"
"http://data.bnf.fr/ark:/12148/cb35099049f";"Comprehensive history of India";"198";"Delhi";"Surjeet publ.";"Null";"1 vol.";"http://data.bnf.fr/ark:/12148/cb119582351";"Null"
"http://data.bnf.fr/ark:/12148/cb35100839g";"L'Emploi dans l'industrie et le commerce, effectif des établissements affiliés au régime national d'assurancee chômage UNEDIC-ASSEDIC au 31 décembre 1986";"198";"Valenciennes";"ASSEDIC Sambre-Escaut";"Null";"65 p.";"http://data.bnf.fr/ark:/12148/cb12042412v";"Null"
"http://data.bnf.fr/ark:/12148/cb35225729p";"A Smile on every face : a golden treasury of funtastic quotations";"198";"Beau-Bassin, Maurice";"Sigma publications";"Null";"59 p.";"Null";"Null"
"http://data.bnf.fr/ark:/12148/cb352884630";"O Legado de Vicente Licínio Cardoso : as leis básicas da filosofia da arte";"198";"Rio de Janeiro";"Universidade federal do Rio de Janeiro";"Null";"652 p.";"http://data.bnf.fr/ark:/12148/cb11975806s";"Null"
"http://data.bnf.fr/ark:/12148/cb35379719j";"Arlecchineschi";"198";"Bologna";"EDIM";"Null";"178 p.";"http://data.bnf.fr/ark:/12148/cb12042895g";"Null"
"http://data.bnf.fr/ark:/12148/cb35409997m";"Kim bình mai";"198";"Houston, Tex.";"Xuân Thu";"Null";"6 vol.";"Null";"Null"
"http://data.bnf.fr/ark:/12148/cb354115388";"Holzschnitte : die 160 schönsten Beispiele der europäischen Holzschneidekunst aller Epochen";"198";"Gütersloh";"Praesentverlag Heinz Peter";"Null";"128 p.";"http://data.bnf.fr/ark:/12148/cb11948093f";"Null"
"http://data.bnf.fr/ark:/12148/cb35415471s";"Việt-Nam Quôć-dân đảng : lịch sư ̉ tranh đâú cận đại";"198";"[États-Unis ?]";"[s.n.]";"Null";"547 p.";"Null";"Null"
"http://data.bnf.fr/ark:/12148/cb354475599";"Việt sư ̉ : xư ́ Ðàng-trong";"198";"Los Alamitos, Calif.";"Xuân Thu";"Null";"2 vol., (691 p.)";"Null";"Null"
"http://data.bnf.fr/ark:/12148/cb354526018";"Miêǹ Thượng cao nguyên : Việt Nam chí lược";"198";"[États-Unis ?]";"[s.n.]";"Null";"2 vol., (556 p.)";"Null";"Null"
"http://data.bnf.fr/ark:/12148/cb35467847j";"Tác giả tác phâm̉ tiêu biêủ nêǹ văn học nghệ thuật thơì chiêń tranh...";"198";"[États-Unis]";"[s.n]";"Null";"222 p.";"http://data.bnf.fr/ark:/12148/cb12026870p";"Null"
"http://data.bnf.fr/ark:/12148/cb354680614";"BÔń tươńg Ðà lạt";"198";"[États-Unis]";"[s.n.]";"Null";"139 p.";"Null";"Null"
"http://data.bnf.fr/ark:/12148/cb35467862f";"Hai mươi nhà văn hai mươi truyện ngăń : 1954-1962";"198";"[États-Unis]";"[s.n]";"Null";"278 p.";"Null";"Null"
"http://data.bnf.fr/ark:/12148/cb35469122r";"Wesley's standard sermons : consisting of forty-four discourses, publ. in four volumes, in 1746, 1748, 1750 and 1760, fourth ed. 1787";"198";"Grands Rapids, Mich.";"F. Asbury press";"Null";"2 vol., 542 p.-541 p.";"Null";"Null"
"http://data.bnf.fr/ark:/12148/cb35492713c";"Un deseo kumplí";"198";"Kòrsou";"Teritorio insular di Kòrsou";"Null";"12 p.";"Null";"Null"
"http://data.bnf.fr/ark:/12148/cb35502890d";"Việt Nam Văn học : Văn-học đơì Trâǹ";"198";"Glendale, Calif.";"Ðại Nam";"Null";"216 p.";"http://data.bnf.fr/ark:/12148/cb11976061z";"Null"
"http://data.bnf.fr/ark:/12148/cb35508691n";"Alfarabi's theory of communication";"198";"Beirut";"American university of Beirut";"Null";"192 p.";"http://data.bnf.fr/ark:/12148/cb12215883x";"Null"
"http://data.bnf.fr/ark:/12148/cb35510892t";"Lebanon, its gods, legends and myths : ill. by coins";"198";"Beirut";"Dar el-Machreq";"Null";"108 p.";"http://data.bnf.fr/ark:/12148/cb11943941g";"Null"
"http://data.bnf.fr/ark:/12148/cb35514251j";"Nhưñg gương mặt : thơ";"198";"Hà nội";"Tác phâm̉ mơí, Hội nhà văn Việt Nam";"Null";"173 p.";"Null";"Null"
"http://data.bnf.fr/ark:/12148/cb35518173j";"Phong tục Việt Nam : tư ̀ bản thân đêń gia đình";"198";"Los Alamitos, Calif.";"Xuân Thu";"Null";"532 p.";"http://data.bnf.fr/ark:/12148/cb119339867";"Null"
"http://data.bnf.fr/ark:/12148/cb35518218p";"Sư ̉ ký của Tư Mã Thiên";"198";"[États-Unis]";"Lá bôí";"Null";"832 p.";"Null";"Null"
"http://data.bnf.fr/ark:/12148/cb35518668b";"Tô Ðông Pha";"198";"Los Alamitos, Calif.";"Xuân Thu";"Null";"291 p.";"Null";"Null"
"http://data.bnf.fr/ark:/12148/cb35519422q";"Al di là del futurismo";"198";"[Roma]";"Longo ed.";"Null";"p. 174-210";"http://data.bnf.fr/ark:/12148/cb11949215f";"Null"
"http://data.bnf.fr/ark:/12148/cb355249076";"Cảnh Ðưć Trâń đào lục : khảo vê ̀ đô ̀ gôḿ cô ̉, sành xưa, lò Cảnh-Ðưć-Trâń...";"198";"[États-Unis]";"[s.n.]";"Null";"368 p.-[14] p. de pl.";"Null";"Null"
"http://data.bnf.fr/ark:/12148/cb35533617n";"Cuaderno de familia : La Habana, 1945";"198";"Null";"Dador ed.";"Null";"57 p.";"Null";"Null"
"http://data.bnf.fr/ark:/12148/cb355422343";"Homenaje a Borges";"198";"Null";"G. Gordon ed.";"Null";"[12] pl.";"http://data.bnf.fr/ark:/12148/cb119758132";"Null"
"http://data.bnf.fr/ark:/12148/cb35543045f";"Tuyên̉ tập truyện ngăń 1982";"198";"Houston, Tex.";"Văn Hưũ";"Null";"208 p.";"http://data.bnf.fr/ark:/12148/cb12021561p";"Null"
"http://data.bnf.fr/ark:/12148/cb35550110j";"Piccolo sillabario illustrato";"198";"[Paris]";"[Oulipo]";"Null";"25 p.";"Null";"Null"
"http://data.bnf.fr/ark:/12148/cb355501278";"Mes hypertropes : vingt-et-un moins un poèmes à programme";"198";"[Paris]";"[Oulipo]";"Null";"31 p.";"Null";"Null"
"http://data.bnf.fr/ark:/12148/cb35550137k";"Souvenirs d'un vieil Oulipien";"198";"[Paris]";"[Oulipo]";"Null";"17 p.";"Null";"Null"
"http://data.bnf.fr/ark:/12148/cb355606940";"Key to success : mathematics book for C.P.E.";"198";"[s.l.]";"[s.n.]";"Null";"248 p.";"http://data.bnf.fr/ark:/12148/cb121673518";"Null"
"http://data.bnf.fr/ark:/12148/cb35560672p";"Environmental studies I for standards V et VI : geography, history and civics";"198";"Quatre Bornes, Mauritius";"D. Ramlugun";"Null";"121 p.";"Null";"Null"
"http://data.bnf.fr/ark:/12148/cb35561274h";"La transición española a la democracia";"198";"Null";"Historia 16";"Null";"203 p.";"http://data.bnf.fr/ark:/12148/cb12067103p";"Null"
"http://data.bnf.fr/ark:/12148/cb35570866h";"Cinema e storia";"198";"Bologna";"Ed. dalla cineteca del comune di Bologna";"Null";"23 p.";"http://data.bnf.fr/ark:/12148/cb11931202z";"Null"
"http://data.bnf.fr/ark:/12148/cb35572231p";"Branchements cinégraphiques : cinéma expérimental";"198";"Paris";"Bibliothèques de la Ville de Paris";"Null";"42 p.";"http://data.bnf.fr/ark:/12148/cb11938837z";"Null"
"http://data.bnf.fr/ark:/12148/cb35573088b";"Obra literaria selecta";"198";"Caracas";"Biblioteca Ayacucho";"Null";"XXVII-362 p.";"Null";"Null"
"http://data.bnf.fr/ark:/12148/cb355777678";"Algunos fenómenos morfosintácticos del habla de Venezuela";"198";"[Caracas";"s.n.]";"Null";"221 f.";"http://data.bnf.fr/ark:/12148/cb119312813";"Null"
"http://data.bnf.fr/ark:/12148/cb355875657";"The Bali Chamba of Cameroon : a political history";"198";"[Yaoundé]?";"N. B. Nyamndi";"Null";"198 p.";"http://data.bnf.fr/ark:/12148/cb11976018t";"Null"
"http://data.bnf.fr/ark:/12148/cb356860544";"Türk musikîsinin nazariye ve esasları";"198";"Ankara";"Türkiye iş bankası kültür yayınları";"Null";"789 p.";"http://data.bnf.fr/ark:/12148/cb11975721d";"Null"
"http://data.bnf.fr/ark:/12148/cb35692581n";"Transvaal episode";"198";"Cape Town";"D. Philip";"Null";"320 p.";"Null";"Null"
"http://data.bnf.fr/ark:/12148/cb356939694";"L' Algérie dans l'histoire";"198";"Alger";"Office des publications universitaires. - Entreprise nationale du livre";"Null";"vol. (283 p.)";"http://data.bnf.fr/ark:/12148/cb12648677g";"Null"
"http://data.bnf.fr/ark:/12148/cb35697618c";"Tibetan Buddhist nuns : history, cultural norms and social reality";"198";"Oslo";"Universitetsforlag";"Null";"251 p.";"http://data.bnf.fr/ark:/12148/cb11933498v";"Null"
"http://data.bnf.fr/ark:/12148/cb35762885d";"Animals in motion";"198";"New York";"Dover publ.";"Null";"72 p. + 183 f. de pl.";"Null";"Null"
"http://data.bnf.fr/ark:/12148/cb35772500k";"Il cuore della ragione : omaggio a Giulio Preti";"198";"Firenze";"Gabinetto G. P. Vieusseux";"Null";"133 p.";"Null";"Null"
"http://data.bnf.fr/ark:/12148/cb35825347j";"Die Deutschen in Rumänien heute : ihr Schicksal als schwindende Minderheit";"198";"Starnberg";"Landsmannschaft der Siebenbürger Sachsen in Deutschland";"Null";"192 p.";"http://data.bnf.fr/ark:/12148/cb11953253r";"Null"
"http://data.bnf.fr/ark:/12148/cb36132757c";"Edition Flusser";"198";"Göttingen";"European photography";"Null";"Null";"Null";"Null"
"http://data.bnf.fr/ark:/12148/cb36134164g";"Papers in language and linguistics";"198";"New Delhi";"Bahri publications";"Null";"Null";"Null";"Null"
"http://data.bnf.fr/ark:/12148/cb36145112p";"Dossiers techniques sur le T.G.V.-P.S.E. [3]. - 1 : principes";"198";"Paris";"C.R.D.P.";"Null";"41 f.";"http://data.bnf.fr/ark:/12148/cb11955058d";"Null"
"http://data.bnf.fr/ark:/12148/cb36147300q";"Art déco américain";"198";"Paris";"Éd. du Regard";"Null";"288 p.";"http://data.bnf.fr/ark:/12148/cb119313712";"Null"
"http://data.bnf.fr/ark:/12148/cb361484398";"La Chapelle de Gambsheim";"198";"Gambsheim";"Syndicat d'initiative";"Null";"[34] p.";"http://data.bnf.fr/ark:/12148/cb124547889";"Null"
"http://data.bnf.fr/ark:/12148/cb361484754";"Ornement : un panorama de l'art décoratif de 1830 à nos jours";"198";"Paris";"Arthaud";"Null";"336 p.";"http://data.bnf.fr/ark:/12148/cb11975995h";"Null"
"http://data.bnf.fr/ark:/12148/cb36148365j";"Hommage à Marcel Dupré";"198";"Meudon";"Musée d'art et d'histoire";"Null";"44 p.";"http://data.bnf.fr/ark:/12148/cb131629886";"Null"
"http://data.bnf.fr/ark:/12148/cb36186102f";"A cultura portuguesa no último quartel do século XIV : conferência na Sociedade histórica da independência de Portugal, em 12 de dezembro de 1985, no ciclo comemorativo da Batalha de Aljubarrota";"198";"[S.l.]";"[s.n.]";"Null";"23 p.";"http://data.bnf.fr/ark:/12148/cb11994547q";"Null"
"http://data.bnf.fr/ark:/12148/cb36190845d";"Repressão sexual : essa nossa (des)conhecida";"198";"São Paulo";"Ed. brasiliense";"Null";"234 p.";"http://data.bnf.fr/ark:/12148/cb119332671";"Null"
"http://data.bnf.fr/ark:/12148/cb36210466s";"San José de Caazapá : un modelo de reducción franciscana";"198";"Asunción";"Don Bosco";"Null";"275 p.";"http://data.bnf.fr/ark:/12148/cb131627441";"Null"
"http://data.bnf.fr/ark:/12148/cb36210258m";"La economía política del Ecuador durante la Colonia";"198";"[Quito]";"Banco central del Ecuador. - Corporación editora nacional";"Null";"366 p.";"http://data.bnf.fr/ark:/12148/cb12147587d";"Null"
"http://data.bnf.fr/ark:/12148/cb36593566z";"Flämische Maler im Umkreis der grossen Meister";"198";"Freren";"Luca-Verl.";"Null";"Null";"Null";"Null"
"http://data.bnf.fr/ark:/12148/cb36594688s";"Spleen de Madrid";"198";"Barcelona";"Ed. Destino";"Null";"Null";"Null";"Null"
"http://data.bnf.fr/ark:/12148/cb36605975t";"Concours de Noël : parus dans le  Républicain lorrain ";"198";"Metz";"Édition Serpenoise";"Null";"Non paginé";"http://data.bnf.fr/ark:/12148/cb119344445";"Null"
"http://data.bnf.fr/ark:/12148/cb366199123";"1786, Chamonix et la conquête du Mont Blanc";"198";"Saint-Gervais";"Édimontagne";"Null";"63 p.";"http://data.bnf.fr/ark:/12148/cb11976032c";"Null"
"http://data.bnf.fr/ark:/12148/cb36619922d";"1786, Chamonix et la conquête du Mont Blanc";"198";"Saint-Gervais";"Edimontagne";"Null";"63 p.";"http://data.bnf.fr/ark:/12148/cb13340853q";"Null"
"http://data.bnf.fr/ark:/12148/cb36619039n";"La Faim dans le monde";"198";"Paris";"Fédération française des clubs UNESCO [circa 1985]";"Null";"16 p.";"http://data.bnf.fr/ark:/12148/cb133188531";"Null"
"http://data.bnf.fr/ark:/12148/cb36618990n";"Super jeux Yeno";"198";"Lagny-sur-Marne";"PSI";"Null";"235 p.";"http://data.bnf.fr/ark:/12148/cb11973123z";"Null"
"http://data.bnf.fr/ark:/12148/cb366236799";"Du Boulevard du crime à la Comédie française";"198";"Chenove";"Éd. Bayardère";"Null";"83 p.";"http://data.bnf.fr/ark:/12148/cb11930823b";"Null"
"http://data.bnf.fr/ark:/12148/cb36630255p";"La Musique maçonnique et ses musiciens";"198";"Paris";"Éd. du Borrégo";"Null";"231 p.";"http://data.bnf.fr/ark:/12148/cb11975721d";"Null"
"http://data.bnf.fr/ark:/12148/cb36630093p";"Autour de la mélodie française : actes du colloque, [Mont-Saint-Aignan], Université de Haute-Normandie, 21 et 22 mars 1984";"198";"Mont-Saint-Aignan";"Publications de l'université de Rouen";"Null";"Null";"http://data.bnf.fr/ark:/12148/cb119759240";"Null"
"http://data.bnf.fr/ark:/12148/cb366303580";"Architecture de Guyane";"198";"Cayenne";"CAUE";"Null";"71 p.";"http://data.bnf.fr/ark:/12148/cb120451520";"Null"
"http://data.bnf.fr/ark:/12148/cb366310003";"Transports d'hier et d'aujourd'hui dans les Alpes-Maritimes : exposition... 1983, Archives départementales des Alpes-Maritimes... Nice...";"198";"Nice";"Archives départementales des Alpes-Maritimes";"Null";"55 p.";"http://data.bnf.fr/ark:/12148/cb13318725h";"Null"
"http://data.bnf.fr/ark:/12148/cb36630522j";"Saint Jérôme en Italie : étude d'iconographie et de spiritualité";"198";"Paris. - Rome";"Éd. la Découverte. - École française de Rome";"Null";"299 p.";"http://data.bnf.fr/ark:/12148/cb13318453x";"Null"
"http://data.bnf.fr/ark:/12148/cb36631044q";"Objectifs sport";"198";"Paris";"Nathan";"Null";"153 p.";"http://data.bnf.fr/ark:/12148/cb133188907";"Null"
"http://data.bnf.fr/ark:/12148/cb36630540g";"Bibliographie d'histoire de l'éducation française : titres parus au cours de l'année 1984 et suppléments des années antérieures";"198";"Paris";"Institut national de recherche pédagogique";"Null";"180 p.";"http://data.bnf.fr/ark:/12148/cb13318807v";"Null"
"http://data.bnf.fr/ark:/12148/cb366410787";"Sämtliche Schriften : [Editorische Vorbemerkung, Curriculum vitae und Bibliographie]";"198";"[Stuttgart]";"J.B. Metzler";"Null";"30 p.";"http://data.bnf.fr/ark:/12148/cb133183242";"Null"
"http://data.bnf.fr/ark:/12148/cb366422661";"Orissa : antropologia e literatura de viagens";"198";"Lisboa";"Instituto de investigação científica tropical";"Null";"208 p.-[30] p. de pl.";"http://data.bnf.fr/ark:/12148/cb11934238p";"Null"
"http://data.bnf.fr/ark:/12148/cb366565661";"Lebanon and the Greek world, 333 to 64 BC : portraits of Alexander the Great, the Ptolemies, the Seleucid and Armenian kings";"198";"Beirut";"Dar el-Machreq";"Null";"144 p.";"http://data.bnf.fr/ark:/12148/cb119948644";"Null"
"http://data.bnf.fr/ark:/12148/cb36659491p";"El Che, vigencia y convocatoria";"198";"Null";"Ed. Directa";"Null";"80 p.";"http://data.bnf.fr/ark:/12148/cb13319275x";"Null"
"http://data.bnf.fr/ark:/12148/cb366633272";"Veredas de la audacia : historia del FMLN";"198";"Null";"Ed. Roque Daltón";"Null";"89 p.";"http://data.bnf.fr/ark:/12148/cb11934436j";"Null"
"http://data.bnf.fr/ark:/12148/cb36665210j";"MRC Denis-Riverin, naissances, mariages, décès : 1800- 1980";"198";"Ste-Anne-des-Monts [Canada]";"Éd. de la SHAM";"Null";"vol.";"http://data.bnf.fr/ark:/12148/cb12431748x";"Null"
"http://data.bnf.fr/ark:/12148/cb36666017n";"Uruguay en el corazón de los franceses";"198";"Montevideo";"Ed. del bichito";"Null";"2 vol. (401, 381 p.)";"http://data.bnf.fr/ark:/12148/cb12085711w";"Null"
"http://data.bnf.fr/ark:/12148/cb36677045b";"La struttura psicologica del fascismo";"198";"Brescia";"A. Chersi";"Null";"66 p.";"http://data.bnf.fr/ark:/12148/cb11975690z";"Null"
"http://data.bnf.fr/ark:/12148/cb36678616n";"Presencia africana en el sur del lago de Maracaibo : Zulia, Mérida y Trujillo";"198";"Maracaibo";"J.D. Martínez S.";"Null";"119 p.";"http://data.bnf.fr/ark:/12148/cb121421188";"Null"
