id;title;date;place;publisher;firstyear;description;subject;gallica
"http://data.bnf.fr/ark:/12148/cb40679906p";"Plan de Bordeaux vers 1450 dressé par Leo Drouyn pour l'intelligence des documents imprimés par la Commission de publication des Archives municipales de Bordeaux, 1874";"1450";"[S.l.]";"L. Gaucherel";"1450";"1 flle : 69 x 50 cm";"Null";"http://gallica.bnf.fr/ark:/12148/btv1b53030004x"
"http://data.bnf.fr/ark:/12148/cb40699482t";"Apographon descriptionis orbis terrae... circa medium Saec. XV tabulae aeneae Musei Borgiani Velitris consignatoe quod Camillus... Borgia,... summa fide, maximo que artificio expressum... eruditis spectandum proponit A. C. 1797";"1450";"[S.l.]";"[s.n.]";"1450";"1 flle : 26 x 35 cm";"Null";"http://gallica.bnf.fr/ark:/12148/btv1b8444338w""http://data.bnf.fr/ark:/12148/cb43031538t";"Domini Johannis Ambrosii Pisavriensis De pratica seu arte tripudii vulgare opusculum feliciter incipit";"1450";"Null";"Null";"Null";"80 ff.";"http://data.bnf.fr/ark:/12148/cb11976234m";"Null"
"http://data.bnf.fr/ark:/12148/cb430548859";"En te voyant Paris : valse";"1450";"Paris";"Yvon Tristan";"1450";"Null";"Null";"Null"
"http://data.bnf.fr/ark:/12148/cb43731690d";"[Le Baptême du Christ] : [estampe]";"1450";"[Rhin supérieur]";"Null";"1450";"1 est. : burin ; 186 x 130 mm";"http://data.bnf.fr/ark:/12148/cb12061957c";"http://gallica.bnf.fr/ark:/12148/btv1b105056594"
"http://data.bnf.fr/ark:/12148/cb31864092k";"Notes on the De Maillard Livre de prières";"1450";"London, Chiswick press";"Null";"1450";"Null";"Null";"Null"
"http://data.bnf.fr/ark:/12148/cb337507526";"Statuts et lettres patentes (de mars 1450 [Tours]) de l'état et métier de marchand bonnetier, chapelier et appartenances en la ville et banlieue de Rouen";"1450";"(S. l. n. d.)";"Null";"1450";"In-4°, 16 p.";"Null";"Null"
"http://data.bnf.fr/ark:/12148/cb33810208p";"Ordonnance du Roy... extraicte des ordonnances royaux sur le fait et jurisdiction de la prévosté des marchands et eschevinage de Paris, imprimée à Paris... en... 1582... faisant mention de l'ancienneté des commissaires-examinateurs du Chastelet de Paris, portant aussi ce que doivent faire les diziniers et cinquanteniers et ce qu'ils sont tenus de révéler ausdits commissaires...";"1450";"(S. l. n. d.)";"Null";"1450";"In-8°, 2 p.";"Null";"Null"
