id;title;date;place;publisher;firstyear;description;subject;gallica
"http://data.bnf.fr/ark:/12148/cb42907892p";"An Elementary course of vocal music upon the Chevé method, compiled from the works of Emile and Nanine Chevé and adapted to English use by Edmond Andrade and George W. Bullen. Part I [-V]";"1390";"London";"Moffatt and Paige";"1390";"In-16, 193-80 p.";"Null";"Null""http://data.bnf.fr/ark:/12148/cc9022t";"Le Roman de la rose";"1390";"Null";"Null";"Null";"124 feuillets";"Null";"http://gallica.bnf.fr/ark:/12148/btv1b60002931"
"http://data.bnf.fr/ark:/12148/cb31864093x";"Notes on the Lyte Family Book of Hours";"1390";"London, Chiswick press";"Null";"1390";"Null";"Null";"Null"
"http://data.bnf.fr/ark:/12148/cb338100816";"Ordonnance portant que les arrests de la Chambre (des comptes de Paris) seront exécutez, nonobstant opposition ou appel interjetté, et que cette ordonnance sera publiée au Chastelet de Paris et ès sièges des baillies, séneschaussées et autres où la Chambre jugera à propos";"1390";"(S. l. n. d.)";"Null";"1390";"In-4°, 2 p.";"Null";"Null"
"http://data.bnf.fr/ark:/12148/cb35335458t";"Sahîh-i Muslim ve tercemesi... 8";"1390";"Istanbul";"İrfan yayinevi; A. Sait matbaasi";"1390";"608 p";"Null";"Null"
