id;title;date;place;publisher;firstyear;description;subject;gallica
"http://data.bnf.fr/ark:/12148/cb30006056f";"Liber de septem gradibus scale, continens Meditationes devotas super septem psalmos poenitentiales, a domino Petro de Ayliaco";"1483";"[Paris";"Antoine Caillaut";"1483";"[20] ff. signés a-b8, C4";"Null";"Null"
"http://data.bnf.fr/ark:/12148/cb30006054r";"Domini Petri de Allyaco,... Expositio super Cantica";"1483";"Paris";"Antoine Caillaut";"1483";"Null";"Null";"Null"
"http://data.bnf.fr/ark:/12148/cb300074930";"Compendium theologicae veritatis, per Albertum Magnum";"1483";"[Strasbourg";"Martin Schott";"1483";"Null";"Null";"Null"
"http://data.bnf.fr/ark:/12148/cb30009904d";"Facini Tiberge Interpretatio in Doctrinale Alexandri de Villa Dei, cum textu ejusdem";"1483";"Paris";"Ulrich Gering";"1483";"Null";"Null";"Null"
"http://data.bnf.fr/ark:/12148/cb300127856";"Alfontii regis Castelle Tabulae astronomicae. Joannis Saxoniensis in tabulas Alfontii canones ordinati";"1483";"(Venetiis,)";"E. Ratdolt";"1483";"In-4° . (Pellechet, 557.)";"Null";"Null"
"http://data.bnf.fr/ark:/12148/cb30015768b";"Divi Ambrosii Hexameron...";"1483";"[Köln";"Johann Guldenschaff";"1483";"Null";"Null";"Null"
"http://data.bnf.fr/ark:/12148/cb30019528h";"Tractatus magistri Johannis Andree super arboribus consanguinitatis, affinitatis necnon spiritualis cognationis";"1483";"[Strasbourg";"Heinrich Knoblochtzer";"1483";"[8] ff. non signés [a]8";"Null";"Null"
"http://data.bnf.fr/ark:/12148/cb300195542";"Liber Sextus Decretalium";"1483";"Venetiis";"Null";"1483";"In-fol. (Hain, *3606.)";"Null";"Null"
"http://data.bnf.fr/ark:/12148/cb300230982";"Opus Antonini, archiepiscopi Florentini, de eruditione confessorum. Sermo beati Johannis Crisostomi de penitentia. Regule ad cognoscendum differentiam inter peccatum mortale et veniale Heinrici de Hassia";"1483";"Memmingen";"impr. per A. Kunne de Duderstadt";"1483";"In-4° . (Pellechet, 846.)";"Null";"Null"
"http://data.bnf.fr/ark:/12148/cb30027309d";"Aristotelis Opera latine";"1483";"Venetiis";"A. Torresani de Asula Bartholomaeique de Blavis";"1483";"5 vol.";"Null";"http://gallica.bnf.fr/ark:/12148/btv1b8605471j"
"http://data.bnf.fr/ark:/12148/cb30029356d";"Breviarium pratice excellentissimi Arnaldi de Villanova medici";"1483";"Mediolani";"per C. Valdarfer";"1483";"In-fol. (Pellechet, 1274.)";"Null";"Null"
"http://data.bnf.fr/ark:/12148/cb30038885b";"D. Aurelii Augustini Confessionum libri XIII";"1483";"Daventriae";"per R. Paffroed";"1483";"In-4° . (Pellechet, 1539.)";"Null";"Null"
"http://data.bnf.fr/ark:/12148/cb30041959k";"Canonis libri V Avicennae, in latinum translati a Gerardo Cremonensi. Ejusdem libellus de Viribus cordis, translatus ab Arnaldo de Villanova. Ejusdem Cantica, cum commento Averroys, translata ex arabico in latinum a magistro Armegando Blasii, de Montepesulano";"1483";"Venetiis";"per P. Maufer et N. de Contengo";"1483";"In-fol. (Pellechet, 1662.)";"Null";"Null"
"http://data.bnf.fr/ark:/12148/cb300489416";"Summa quae vocatur Catholicon edita a fratre Johanne de Janua (Balbi)";"1483";"Venetiis";"H. Liechtenstein";"1483";"In-fol. (Pellechet, 1705.)";"Null";"Null"
"http://data.bnf.fr/ark:/12148/cb30062205c";"De Proprietatibus rerum fratris Bartholomaei Anglici, de Ordine Fratrum minorum";"1483";"Nürnberg";"Anton Koberger";"1483";"Null";"Null";"Null"
"http://data.bnf.fr/ark:/12148/cb300622041";"De Proprietatibus rerum fratris Bartholomaei Anglici, de Ordine Fratrum minorum";"1483";"Köln";"Johannes Koelhoff der Ältere";"1483";"Null";"Null";"Null"
"http://data.bnf.fr/ark:/12148/cb300635074";"Exempla exordiorum edita a Gasparino Pergamensi";"1483";"Paduae";"Null";"1483";"In-4° , (Pellechet, 1992.)";"Null";"Null"
"http://data.bnf.fr/ark:/12148/cb30063502d";"Gasparini Pergamensis Epistolae";"1483";"(Daventriae";"R. Paffroed)";"1483";"128 p.";"Null";"http://gallica.bnf.fr/ark:/12148/bpt6k70983d"
"http://data.bnf.fr/ark:/12148/cb30064033j";"Tractatus exquisitissimus de magicis artibus et magorum maleficiis, per... Bernardum Basin, canonicum Cesaraugustanensem... compilatus...";"1483";"Paris";"[Louis Martineau]";"1483";"Null";"Null";"Null"
"http://data.bnf.fr/ark:/12148/cb30116690n";"Jehan Boccace Des Cas et ruyne des nobles hommes et femmes reversez par fortune depuis la création du monde jusques à nostre temps, translaté de latin en langaige françois par Laurens de Premier Fait";"1483";"Paris";"impr. par Jean du Pré";"1483";"Ill.";"Null";"Null"
"http://data.bnf.fr/ark:/12148/cb301166910";"Jehan Bocace. De la Ruyne des nobles hommes et femmes";"1483";"Lyon";"M. Husz et J. Schabeler";"1483";"In-fol., fig. (Pellechet, 2483.)";"Null";"http://gallica.bnf.fr/ark:/12148/btv1b86054578"
"http://data.bnf.fr/ark:/12148/cb30126517h";"Liber sextus Decretalium Bonifacii Papae VIII, cum novellis et declaratione Joannis Andreae de arboribus consanguinitatis et affinitatis. Clementinae ac Decretales extravagantes...";"1483";"Venetiis";"B. de Alexandria et A. de Asula";"1483";"2 parties en 1 vol. in-fol. (Hain, 3606 et 5431.)";"Null";"Null"
"http://data.bnf.fr/ark:/12148/cb30136490h";"Casus longi super quinque libros Decretalium, a domino Bernardo (Bottoni), earumdem precipuo glossatore, utiliter compilati";"1483";"Lovanii";"impensa R. Loeffs";"1483";"In-fol. (Pellechet, 2195.)";"Null";"Null"
"http://data.bnf.fr/ark:/12148/cb30158515x";"Andreae Brenta In Pentecosten oratio";"1483";"[Roma";"Eucharius Silber";"1483";"Null";"Null";"Null"
"http://data.bnf.fr/ark:/12148/cb30170161g";"Leonardi Aretini in libros morales Aristotelis ysagogicum ad Galeotum";"1483";"Parisius";"Null";"1483";"In-4° . (Pellechet, 1121.)";"Null";"Null"
"http://data.bnf.fr/ark:/12148/cb30186060h";"Thebais. Achilleis. Silvae";"1483";"Venetiis";"Null";"1483";"In-fol. (Hain-Copinger, *14976.)";"Null";"Null"
"http://data.bnf.fr/ark:/12148/cb30186066k";"Thebais, cum commentariis Placidi Lactantii. Achilleis, cum commentariis Francisci Maturantii. Silvae, cum interpretatione Domitii Calderini...";"1483";"Venetiis";"Null";"1483";"In-fol. (Hain-Copinger, *14976.)";"Null";"Null"
"http://data.bnf.fr/ark:/12148/cb302139960";"Boec vanden tijtverdrijf edelre heren ende vrouwen als vanden scaecspul. (Door Jacobus de Cessolis.)";"1483";"Delff";"(Jacob Jacobsz van der Meer)";"1483";"In-4° (Pellechet, 3508.)";"Null";"Null"
"http://data.bnf.fr/ark:/12148/cb30237993b";"Leonelli Chieregati epistola ad Gregorium, praepositum Basiliensem, de novis turbis in Basiliense ecclesia exortis";"1483";"(Romae,)";"B. Guldinbeck";"1483";"In-4° . (Pellechet, 3545.)";"Null";"Null"
"http://data.bnf.fr/ark:/12148/cb30243035x";"Selectae M. T. Ciceronis Epistolae ad familiares (cura Guarini Veronensis et Leonardi Aretini, cum Benedicti Maffei epistola)";"1483";"Romae";"per J. Schoemberger";"1483";"In-4° . (Pellechet, 3624.)";"Null";"Null"
"http://data.bnf.fr/ark:/12148/cb30242976r";"M. T. Ciceronis Epistolae ad familiares, cum Hubertini clerici Crescentinatis commento";"1483";"Venetiis";"impensis Andreae de Asula Bartholomeique Alexandrini sociorum";"1483";"In-fol. (Pellechet, 3611.)";"Null";"Null"
"http://data.bnf.fr/ark:/12148/cb30243233s";"Marci Tullii Ciceronis Officiorum libri, Paradoxorum liber, de Amicitia et de Senectute dialogi, Scipionis Somnium, de Essentia mundi liber, cum Ciceronis vita ex dictis Plutarchi excerpta et versibus duodecim sapientum in Ciceronis epitaphio positis";"1483";"Neapoli";"Null";"1483";"In-fol. (Hain, 5255.)";"Null";"Null"
"http://data.bnf.fr/ark:/12148/cb30244324b";"M. Tullii Ciceronis Paradoxa, cum anonymi commento";"1483";"Lovaniis";"per J. de Westphalia";"1483";"In-fol. (Pellechet, 3750.)";"Null";"Null"
"http://data.bnf.fr/ark:/12148/cb30244451h";"M. T. Ciceronis Rhetoricae veteris et novae libri, cum Marii Fabii Victorini commentario";"1483";"Venetiis";"per Joannem de Forlivio et Jacobum Britannicum";"1483";"In-fol. (Pellechet, 3654.)";"Null";"Null"
"http://data.bnf.fr/ark:/12148/cb30243232f";"M. Tullii Ciceronis de Officiis libri, cum Petri Marsi interpretatione";"1483";"Lovanii";"per J. de Westphalia";"1483";"In-fol. (Pellechet, 3750.)";"Null";"Null"
"http://data.bnf.fr/ark:/12148/cb30249177k";"Clementis papae V Constitutiones ; decretales extravagantes, una cum apparatu Johannis Andreae";"1483";"Venetiis";"B. de Blavis de Alexandria et A. de Asola";"1483";"In-fol. (Pellechet, 2750.)";"Null";"Null"
"http://data.bnf.fr/ark:/12148/cb302711100";"Incomincia il pianto della gloriosa vergine Maria composto per messere Antonio Cornazzano... - A la fin : Hic liber impressus celebri fuit arte Christofori Valdeffer...";"1483";"[Milano]";"Christoph Valdarfer";"1483";"40 feuillets signés  A-E, marque typogr. à la fin";"Null";"Null"
"http://data.bnf.fr/ark:/12148/cb302748308";"Tractatus sequestrorum, editus per... Francischum Curtium,...";"1483";"Papiae";"per P. Girardengum";"1483";"In-fol. (Hain-Copinger, 5875.)";"Null";"Null"
"http://data.bnf.fr/ark:/12148/cb30274728f";"Alexandri Cortesii oratio, quam habuit in aede divi Petri... in Epiphania";"1483";"[Roma]";"[Georg Herolt]";"1483";"In-4° , 12 ff. (Hain-Copinger, *5773.)";"Null";"Null"
"http://data.bnf.fr/ark:/12148/cb30274828q";"Commentum in leg. L. XII. ff. vet. Admonendi";"1483";"Papie";"C. de Canibus";"1483";"In-fol. (Hain-Copinger*, 5873.)";"Null";"Null"
"http://data.bnf.fr/ark:/12148/cb302747300";"(Alexandri Cortesii oratio.)  -  Fol. 1° : Sixto IIII, Pon. Max., Alexander Cortesius. - Alex. Cortesii oratio quam habuit in aede divi Petri, frequenti R. Car. senatu, viij idus januarii, in Epiphania. - Fol. 7 : Alex. Cort. episcopo Signin. s. ; M. G. Pont. Signin. Alex. Cort. s.";"1483";"[Roma]. - [post 25 I 1483]";"[Stephan Planck]";"1483";"In-4° , 7 ff. n. ch. ni signés, car. goth.";"Null";"Null"
"http://data.bnf.fr/ark:/12148/cb302863777";"Johannis Crastoni Lexicon graeco-latinum, a Bono Accursio editum";"1483";"Vincentiae";"Null";"1483";"In-fol. (Hain-Copinger, 5813.)";"Null";"Null"
"http://data.bnf.fr/ark:/12148/cb303476707";"Aelii Donati de Octo partibus orationis latine et germanice, modo interlineari";"1483";"Nürnberg";"Friedrich Creussner";"1483";"Null";"Null";"Null"
"http://data.bnf.fr/ark:/12148/cb30377635b";"Quaestiones Johannis Duns Scoti super Universalibus Porphyrii et super libris praedicamentorum et Perihermeneias Aristotelis. Accedunt Andreas Antonius, Quaestiones super sex principiis Gilberti Porretani ; Johannes Anglicus, Expositiones super quaestionibus Joh. Scoti de Universalibus";"1483";"Venezia";"Jean Persan Dauvome";"1483";"2 parties";"Null";"Null"
"http://data.bnf.fr/ark:/12148/cb30406208t";"Accii Zuchi in Aesopi fabulas interpretatio per rhythmos in libellum Zucharinum inscriptum contexta";"1483";"Roma";"[Eucharius Silber]";"1483";"Null";"Null";"Null"
"http://data.bnf.fr/ark:/12148/cb304405488";"Historiarum ab inclinatione Romanorum imperii decades";"1483";"Venetiis";"O. Scottus";"1483";"Null";"Null";"Null"
"http://data.bnf.fr/ark:/12148/cb30498766q";"Cordiale de quatuor novissimis [a Gerardo de Vliederhoven]";"1483";"Anvers";"Matthias Van der Goes";"1483";"72 ff. signés a-i8";"Null";"Null"
"http://data.bnf.fr/ark:/12148/cb30501565f";"Johannis Gerson Questio notabilis de custodia linguae et corde bene ruminanda...";"1483";"[Speyer";"Johann et Konrad Hist";"1483";"[6] ff. non signés [a]6";"Null";"Null"
"http://data.bnf.fr/ark:/12148/cb30501431v";"Opera Johannis Gerson...";"1483";"Coloniae";"J. Koelhoff";"1483";"In-fol. (Pellechet, 5124.)";"Null";"Null"
"http://data.bnf.fr/ark:/12148/cb305070091";"Carmina de urinarum judiciis magistri Egidii, a M. Avenantio edita, cum expositione Gentilis de Fulgineo";"1483";"(Paduae,)";"M. Cerdonis";"1483";"In-4° . (Pellechet, 61.)";"Null";"Null"
"http://data.bnf.fr/ark:/12148/cb30516063s";"Scala coeli [auctore Johanne Gobio, juniore]";"1483";"Strasbourg";"Jacob Eber";"1483";"[156] ff. non signés [a]8, [b-g]6, [h]8, [i]6, [k-l]8, [m]6, [n-o]8, [p]6, [q-r]8, [s-t]6, [u]8, [x-z]6, le 1er f. blanc";"Null";"Null"
"http://data.bnf.fr/ark:/12148/cb30535876h";"Decretum Gratiani, cum apparatu Bartholomaei Brixiensis. Accedit Johannis de Deo, Hispani, Summarium seu flos decreti";"1483";"Nürnberg";"Anton Koberger";"1483";"[416] ff. signés a-r10, s12, t-z10, τ10, A-D10, E6, F8, G10, H8, I-M10, N8, O10, P8, Q-S10, [*]6, les ff. a1 et S10 blancs";"Null";"Null"
"http://data.bnf.fr/ark:/12148/cb30555303b";"Historia destructionis Troiae, per Guidonem de Columna";"1483";"[Strasbourg";"imprimeur des Vitas Patrum (H 8597)";"1483";"Null";"Null";"Null"
"http://data.bnf.fr/ark:/12148/cb30555331k";"Manipulus curatorum Guidonis de Monte Rocherio";"1483";"Strasbourg";"[imprimeur de la Legenda aurea, (C 6423)]";"1483";"[80] ff. signés [a]8, b-c8, d-e6, f-g8, h6, i8, k6, l8, le dernier blanc";"Null";"Null"
"http://data.bnf.fr/ark:/12148/cb30557520z";"Rhetorica divina Guillermi, parisiensis episcopi";"1483";"Gand";"Arend De Keysere";"1483";"130 ff. signés a-p8, q10, le premier f. blanc";"Null";"Null"
"http://data.bnf.fr/ark:/12148/cb368150945";"[Psalterium cum canticis.]";"1483";"[Bamberg";"Johann Sensenschmidt et Heinrich Petzensteiner (?)";"1483";"2 °";"Null";"Null"
"http://data.bnf.fr/ark:/12148/cb36816158t";"Diurnale ecclesie Eystetensis";"1483";"(S. l. n. d.)";"Null";"1483";"In-8 ° de 31 cahiers, tous de 8 feuillets, sauf le 9 ° qui en a 4 seulement. 28 lignes à la page. Caractères gothiques. Les cahiers portent des signatures manuscrites a-ff.";"Null";"Null"
"http://data.bnf.fr/ark:/12148/cb36818703p";"Breviarium Autissiodorense";"1483";"Chablis";"[Jean Le Rouge ? pour] Pierre Le Rouge";"1483";"5 parties, 8 °";"Null";"Null"
"http://data.bnf.fr/ark:/12148/cb36818868j";"(Breviarium Carnotense)";"1483";"Carnuti";"Null";"1483";"In-4 °";"Null";"Null"
"http://data.bnf.fr/ark:/12148/cb368203700";"[Agenda ottoniensis.]";"1483";"[Lübeck";"imprimeur du Benedictionale, GW 465 (= Johannes Snell ?)";"1483";"In-4 °";"Null";"Null"
"http://data.bnf.fr/ark:/12148/cb36819838v";"Breviarium Trecense";"1483";"Troyes";"[Jean ou Pierre ? Le Rouge]";"1483";"3 parties, 4 °";"Null";"Null"
"http://data.bnf.fr/ark:/12148/cb36819738k";"Breviarium Saresberiense";"1483";"Venezia";"Reynaldus de Novimagio";"1483";"4 parties, 8 °";"Null";"Null"
"http://data.bnf.fr/ark:/12148/cb36821055h";"Diurnale ad usum Fratrum Predicatorum. - (A la fin :) Explicit compendium Diurni secundum ordinem // Fratrum Predicatorum, magna cum diligen//tia revisum et fideli studio emendatum. // Impressum Venetiis arte et impensis Nicholai de Franckfordia. // M.CCCC.LXXXIII";"1483";"Venise";"Nicolaus de Franckfordia";"1483";"In-16. Cahiers a-y et aa-ee plus 11 feuillets du calendrier";"Null";"Null"
"http://data.bnf.fr/ark:/12148/cb36821813s";"Breviarium ordinis Fratrum Praedicatorum. - Premier cahier d'une édition de ce bréviaire, imprimée probablement à Venise, en 1483 ou environ, comme on peut le conjecturer d'une note insérée en caractères rouges dans le calendrier, en regard du 25 mars. Cette édition n'est point celle que Hain a décrite sous le n ° 3878";"1483";"Venise ?";"Null";"1483";"In-8 °. Caractères gothiques";"Null";"Null"
"http://data.bnf.fr/ark:/12148/cb368225674";"Officii missae totius canonisque expositio Vincentii Gruneri";"1483";"Reutlingen";"J. Otmar";"1483";"In-fol.";"Null";"Null"
"http://data.bnf.fr/ark:/12148/cb305981458";"Liber Discipuli de eruditione Christifidelium";"1483";"[Strasbourg";"Jacob Eber";"1483";"Null";"Null";"Null"
"http://data.bnf.fr/ark:/12148/cb30598155k";"Sermones Discipuli de tempore et de sanctis, cum Promptuario exemplorum";"1483";"[Lyon";"Nicolaus Philippi et Marcus Reinhart]";"1483";"[488] ff.";"Null";"Null"
"http://data.bnf.fr/ark:/12148/cb306119606";"Opus... Roperti Holkot,... super Sapientiam Salomonis...";"1483";"[Spire]";"Impressum per P. Drach, civem spirensem";"1483";"In-fol. (Hain, *8757.)";"Null";"Null"
"http://data.bnf.fr/ark:/12148/cb306151421";"[Articella, seu Thesaurus operum medicorum antiquorum. Liber Johannitii qui dicitur Isagoge. Libellus de pulsibus Philareti. Libellus Theophili de urinis. Hippocratis Aphorismi in ordinem collecti. Ejusdem Aphorismi cum commento Galieni. Ejusdem Liber pronosticorum. Ejusdem Liber regiminis acutorum. Ejusdem Liber Epidimiarum. Ejusdem Libellus de natura fetus. Liber Galieni qui dicitur tegni. Libellus Gentilis de Fulgineo de divisione. Hippocratis Libellus de lege. Ejusdem Libellus de jurejurando.]";"1483";"Venetiis";"H. Liechtenstein";"1483";"In-fol. (Pellechet, 1377.)";"Null";"Null"
"http://data.bnf.fr/ark:/12148/cb30616425h";"Horatii Opera, cum commentariis Christophori Landini";"1483";"Venezia";"Giovanni et Gregorio de' Gregori";"1483";"[206] ff.";"Null";"Null"
"http://data.bnf.fr/ark:/12148/cb306164245";"Horatii Flacci Carmina, cum commentariis Christophori Landini";"1483";"Venetiis";"impressum per Reynaldum de Novimagio";"1483";"In-fol. (Hain-Copinger, *8882.)";"Null";"Null"
"http://data.bnf.fr/ark:/12148/cb30635272n";"Liber Lotharii de vilitate conditionis humanae";"1483";"Paris";"Antoine Caillaut et Louis Martineau";"1483";"Null";"Null";"Null"
"http://data.bnf.fr/ark:/12148/cb306366484";"Liber etymologiarum Isidori, hispalensis episcopi. Ejusdem de Summo bono";"1483";"Venetiis";"per P. Loslein de Langencen";"1483";"In-fol. (Hain-Copinger, *9279.)";"Null";"Null"
"http://data.bnf.fr/ark:/12148/cb30650123c";"Johannis de Janduno Quaestiones super tres libros Aristotelis de Anima";"1483";"Venetiis";"F. de Hailbrun et N. de Franckfordia socios";"1483";"[187] p.";"Null";"http://gallica.bnf.fr/ark:/12148/bpt6k5403731v"
"http://data.bnf.fr/ark:/12148/cb306526895";"Vitae patrum sancti Hieronymi";"1483";"Norimbergae";"A. Coburger";"1483";"In-fol. (Hain, *8598.)";"Null";"Null"
"http://data.bnf.fr/ark:/12148/cb30652688t";"Vitae patrum sancti Hieronymi";"1483";"Venetiis";"D. Scotus";"1483";"In-4° . (Hain, *8599.)";"Null";"Null"
"http://data.bnf.fr/ark:/12148/cb30655635z";"Tabulae astronomicae...";"1483";"(Venetiis,)";"Null";"1483";"In-4° . (Pellechet, 557.)";"Null";"Null"
"http://data.bnf.fr/ark:/12148/cb306707521";"Junii Juvenalis Satirae, cum commentario Domitii Calderini et ejusdem defensione adversus Brotheum";"1483";"Venetiis";"per Baptistam de Tortis";"1483";"In-fol. (Hain-Copinger, *9695.)";"Null";"Null"
"http://data.bnf.fr/ark:/12148/cb30670360j";"Dn. Justiniani Institutiones, cum apparatu";"1483";"Venetiis";"O. Scotus";"1483";"In-4° . (Hain-Copinger, *9513.)";"Null";"Null"
"http://data.bnf.fr/ark:/12148/cb30670753c";"Junii Juvenalis Satirae, cum commentario Domitii Calderini et ejusdem defensione adversus Brotheum";"1483";"Venetiis";"per Thomam de Alexandria";"1483";"In-fol. (Hain-Copinger, 9694.)";"Null";"Null""http://data.bnf.fr/ark:/12148/cb30711954f";"Thebaidos libri XII";"1483";"Venetiis";"Null";"1483";"In-fol.";"Null";"Null"
"http://data.bnf.fr/ark:/12148/cb307379669";"Sermones Thesauri novi de tempore. [Petro de Palude auctore.]";"1483";"Argentinae";"Null";"1483";"In-fol. (Copinger, 5410.)";"Null";"Null"
"http://data.bnf.fr/ark:/12148/cb38495226g";"[Illustrations de Tractatus de imagine munidi Petri de Aliaco et varia ejusdem auctoris et Joannis Gerson opuscula.]";"1483";"Louvain";"Jean de Paderborn de Westphalie";"1483";"9 est . : gravures sur bois : n. et b.  ; 17 X 19 cm et moins";"http://data.bnf.fr/ark:/12148/cb13318302r";"http://gallica.bnf.fr/ark:/12148/btv1b2100027r"
"http://data.bnf.fr/ark:/12148/cb38639960n";"écu au soleil du Dauphiné , 1483-1498";"1483";"Romans";"Null";"1483";"Null";"Null";"http://gallica.bnf.fr/ark:/12148/btv1b7700498p"
"http://data.bnf.fr/ark:/12148/cb30841723d";"[M. A. Lucani Pharsalia.]";"1483";"Parma";"Deifobo Olivieri";"1483";"Null";"Null";"Null"
"http://data.bnf.fr/ark:/12148/cb30849678b";"[Opus magistri Guillelmi Lyndewode super constitutiones provinciales quinque libris distributum.] - Fos sign. A1 et 2 : manquent. - F° 3, sign. A3 : De summa Trinitate et fide catholica... - A la fin : Explicit opus magistri Wilhelmi Lyndewoode super constitutiones provinciales...";"1483";"[Oxford";"Theodoric Rood";"1483";"[350] ff. signés a-z, A-S, aa-dd";"Null";"Null"
"http://data.bnf.fr/ark:/12148/cb30853461t";"Le Mirouer de la redemption de l'umain lignage...";"1483";"(Lyon,)";"Null";"1483";"In-fol.";"Null";"http://gallica.bnf.fr/ark:/12148/btv1b73000278"
"http://data.bnf.fr/ark:/12148/cb308553929";"[In Somnium Scipionis. Saturnaliorum libri.] - Incipit : Somnium Scipionis, ex Ciceronis libro de Republica excerptum. - A la fin : Macrobii Aurelii Theodosii,... Saturnaliorum libri impressi Venetiis, opera et impensa Nicolai Jenson, MCCCCLXXII";"1483";"Brixiae";"per Boninum de Boninis";"1483";"In-fol. (Hain, 10427.)";"Null";"Null"
"http://data.bnf.fr/ark:/12148/cb308588765";"Regimen sanitatis Magnini Mediolanensis";"1483";"Parisiis";"per U. Gering";"1483";"In-4° . (Hain, *10484.)";"Null";"Null"
"http://data.bnf.fr/ark:/12148/cb30892921j";"M. Valerii Martialis Epigrammata, cum commentario Domitii Calderini";"1483";"Mediolani";"per Pachel et U. Scinzenzeller [sic]";"1483";"In-fol. (Hain-Reichling, 10817.)";"Null";"http://gallica.bnf.fr/ark:/12148/bpt6k311487r"
"http://data.bnf.fr/ark:/12148/cb30905300z";"Opera...";"1483";"Venetiis";"Null";"1483";"In-fol.";"Null";"Null"
"http://data.bnf.fr/ark:/12148/cb393045385";"Liber de conflictu vitiorum et virtutum";"1483";"[Paris]";"[A. Caillaut ?]";"1483";"[14] ff., goth. ; in-4 °";"Null";"Null"
"http://data.bnf.fr/ark:/12148/cb39304877w";"Dyalogus in quo anima devota meditanto interrogat";"1483";"Paris";"[Guy Marchant]";"1483";"Null";"Null";"Null"
"http://data.bnf.fr/ark:/12148/cb393062124";"Sermo de passione Christi";"1483";"[Poitiers]";"[Jean Bouyer]";"1483";"Null";"Null";"Null"
"http://data.bnf.fr/ark:/12148/cb393062213";"Sermones dominicales super Evangelia et Epistolas";"1483";"[Lyon]";"[Janon Carcain]";"1483";"Null";"Null";"Null"
"http://data.bnf.fr/ark:/12148/cb39326054x";"[M. Terentii Varronis de lingua latina]";"1483";"Brixia";"per Boninum de Boninis";"1483";"In-fol.";"Null";"Null"
"http://data.bnf.fr/ark:/12148/cb39370106x";"Saint Jerôme. Vitae sanctorum  Patrum";"1483";"[Strasbourg]";"[imprimeur des Vitas Patrum]";"1483";"In fol. Caract. goth., à 2 col., 9 ff. lim. n. chiffr. et 249 ff. chiffr.,";"Null";"Null"
"http://data.bnf.fr/ark:/12148/cb309186194";"Tractatus perutilimus de justicia commutativa et arte campsoria...";"1483";"Parisiis";"Null";"1483";"In-4°";"Null";"Null"
"http://data.bnf.fr/ark:/12148/cb309266938";"Epistolarum formulae K. Menniken";"1483";"Daventriae";"Null";"1483";"In-4° , car. goth. (Hain, 10666 ; Campbell, 1205.)";"Null";"Null"
"http://data.bnf.fr/ark:/12148/cb31016058g";"Postilla Nicolai de Lyra super Psalterium...";"1483";"Parisiis";"per U. Gering";"1483";"In-4° , (Hain-Copinger 10378.)";"Null";"Null"
"http://data.bnf.fr/ark:/12148/cb310172855";"Johannis Nider Sermones totius anni de tempore et de sanctis cum quadragesimali";"1483";"(Strasbourg)";"Null";"1483";"In-fol.";"Null";"Null"
"http://data.bnf.fr/ark:/12148/cb310172735";"Praeceptorium divinae legis, seu Expositio Decalogi Johannis Nyder";"1483";"Argentinae";"Null";"1483";"In-fol. (Hain, *11795.)";"Null";"Null"
"http://data.bnf.fr/ark:/12148/cb310239511";"Nonii Marcelli,... Compendiosa doctrina... de proprietate sermonum. [Pompei Festi de verborum significatione. M. T. Varronis analogiae libri]";"1483";"Venezia";"Ottaviano Scoto";"1483";"Null";"Null";"Null"
"http://data.bnf.fr/ark:/12148/cb310303228";"Scriptum in primum librum Sententiarum... Guilhelmi de Ockam...";"1483";"[Urach";"Konrad Fyner]";"1483";"468 ff. non signés [a10, b-z8, A-Z8, aa-ll8, mm10], les ff. [a]1 et [c]8 blancs";"Null";"Null"
"http://data.bnf.fr/ark:/12148/cb31040671h";"Pauli Orosii. Historiarum adversus paganos libri VII";"1483";"Venetiis";"Null";"1483";"In-fol. (Hain-Copinger, *12102.)";"Null";"Null"
"http://data.bnf.fr/ark:/12148/cb310443333";"Otto von Passau. Die vierundzwanzig Alten, oder der goldene Thron";"1483";"Null";"Null";"1483";"In-fol.";"Null";"Null"
"http://data.bnf.fr/ark:/12148/cb31046424w";"[Publii Ovidii Nasonis Fasti, cum commentario Pauli Marsi.]";"1483";"(Mediolani";"cura Johannis Legnani";"1483";"Null";"Null";"Null"
"http://data.bnf.fr/ark:/12148/cb31046576d";"[Publii Papinii Statii Opera, cum commentariis Placidii Lactantii, Francisci Matarcatii, et Domitii Calderini.]";"1483";"(Venetiis";"Null";"1483";"(Hain-Copinger, *14976.)";"Null";"Null"
"http://data.bnf.fr/ark:/12148/cb31083649w";"Nicolai Perotti Rudimenta grammatices";"1483";"Neapoli";"Null";"1483";"In-fol. (Hain, 12671.)";"Null";"Null"
"http://data.bnf.fr/ark:/12148/cb311072180";"Libellus de duobus amantibus Enee Silvii, de Euriolo et Lucretia";"1483";"[Paris";"Simon Doliatoris";"1483";"In-4";"Null";"Null"
"http://data.bnf.fr/ark:/12148/cb311072378";"Enee Silvii Rerum familiarum epistole peramene";"1483";"In alma Universitate Lovaniens";"Null";"1483";"In-fol. (Pellechet, 93.)";"Null";"Null"
"http://data.bnf.fr/ark:/12148/cb31107211k";"Silvii Enee Hystoria de duobus amantibus";"1483";"Venezia";"[Bernardino Stagnino]";"1483";"Null";"Null";"Null"
"http://data.bnf.fr/ark:/12148/cb311090643";"Expositio super librum psalmorum per Petrum de Harentals";"1483";"(Coloniae,)";"Null";"1483";"In-fol. (Hain-Copinger, 8365.)";"Null";"Null"
"http://data.bnf.fr/ark:/12148/cb31123692z";"[Caii Plinii Secundi Novocomensis Epistolae.]";"1483";"Tarvisii";"Null";"1483";"In-4° . (Hain-Copinger, *13113.)";"Null";"Null"
"http://data.bnf.fr/ark:/12148/cb31123489h";"[Caii Plinii Secundi Naturalis historiae libri XXXVII.]";"1483";"Venetiis";"Null";"1483";"In-fol. (Hain-Copinger, *13095.)";"Null";"Null"
"http://data.bnf.fr/ark:/12148/cb311268509";"Poggii florentini... Facetiarum liber...";"1483";"[Speyer";"Johann et Konrad Hist";"1483";"Null";"Null";"Null"
"http://data.bnf.fr/ark:/12148/cb31131001w";"Silva cui titulus Rusticus";"1483";"Florentiae";"[s.n.]";"1483";"12 ff. non ch.";"Null";"http://gallica.bnf.fr/ark:/12148/bpt6k715001"
"http://data.bnf.fr/ark:/12148/cb31134867r";"Auctentica similiter C. ad I. falc. repetita";"1483";"Papie";"Null";"1483";"In-fol. (Hain, 13282.)";"Null";"Null"
"http://data.bnf.fr/ark:/12148/cb311541677";"Chronicon Eusebii, a sancto Hieronymo latine versum et ab eo, Prospero Britannico et Matthaeo Palmerio continuatum, editum cura C. L. Johannis Hippodami";"1483";"Venetiis";"apud E. Ratdolt";"1483";"In-4° . (Hain-Copinger, *6717.)";"Null";"Null"
"http://data.bnf.fr/ark:/12148/cb311835384";"Incipiunt recepte magistri Petri de Tussignano super nono Almansoris. - A la fin : Excellentissimi doctoris... Petri de Tussignano Recepte super nono Almansoris feliciter finiunt. Impressum Venetiis per Bernardinum de Tridino, anno... M.CCCC.LXXXIII, di XXX. martii";"1483";"(Venetiis";"Null";"1483";"In-fol., sign. A-C, car. goth.";"Null";"Null"
"http://data.bnf.fr/ark:/12148/cb31187513r";"Calendarium. [Johannis de Monte Regio.]";"1483";"Venetiis";"E. Ratdolt";"1483";"In-4° (Hain, 13778)";"Null";"Null"
"http://data.bnf.fr/ark:/12148/cb312329086";"Legenda Alberti Magni per Rudolphum de Novimagio collecta";"1483";"Coloniae";"J. Guldenschaiff";"1483";"In-4° . (Copinger 4443.)";"Null";"Null"
"http://data.bnf.fr/ark:/12148/cb312378758";"Petit faictz ou fardelet des temps";"1483";"Lyon";"[M. Huss]";"1483";"In-fol., 96 ff. n. ch. sign. a-m, car. goth., fig.";"Null";"Null"
"http://data.bnf.fr/ark:/12148/cb31237862x";"Fasciculus temporum [auctore W. Rolevinck]";"1483";"(Coloniae";"L. de Renctum";"1483";"In-fol., 74 ff., le premier blanc, sign. a-i, a, car. goth., fig. (Voullième, 1033.)";"Null";"Null"
"http://data.bnf.fr/ark:/12148/cb41620991p";"Meditationes, cum meditationibus S. Anselmi";"1483";"[Parisiis]";"[A. Caillaut]";"1483";"Null";"Null";"Null"
"http://data.bnf.fr/ark:/12148/cb416805371";"Oratio in exequiis Cardinalis Tornacensis";"1483";"Romae";"S. Planneck";"1483";"5 ff.";"Null";"Null"
"http://data.bnf.fr/ark:/12148/cb31288658d";"[Sallustii Opera. Ed.Philippus Beroaldus]";"1483";"Paris";"Ulrich Gering";"1483";"In-4";"Null";"Null"
"http://data.bnf.fr/ark:/12148/cb425337466";"Confessio amantis, or the Confession of the lover";"1483";"Westminster";"William Caxton";"1483";"[222] ff. signés [*]8, [a]8, b-z8, τ8, A-B8, C6";"Null";"Null"
"http://data.bnf.fr/ark:/12148/cb31367047m";"[Silii Italici Punicorum libri XVII, cum Petri Marsi interpretatione et commentariis. Accedunt vita auctoris et Belli punici II. compendium.]";"1483";"(Venetiis";"per B. de Tartis";"1483";"In-fol. (Hain, *14739.)";"Null";"Null"
"http://data.bnf.fr/ark:/12148/cb313801348";"J. Consobrini Tractatus de justicia commutativa, de cambiis ac alearum ludo, emendatus cura F. de Medicis";"1483";"Parisiis";"Null";"1483";"In-4° , sign. A-E. (Copinger, 1753.)";"Null";"Null"
"http://data.bnf.fr/ark:/12148/cb31396633z";"[Publii Papinii Statii Opera, cum commentariis Placidii Lactantii, Francisci Matarcatii, et Domitii Calderini.]";"1483";"Venetiis";"per O. Scotum";"1483";"In-fol. (Hain-Copinger, *14976.)";"Null";"Null"
"http://data.bnf.fr/ark:/12148/cb31443153m";"Cy commence le Procès de Belial à l'encontre de Jhésus";"1483";"[Lyon";"Matthias Huss]";"1483";"Null";"Null";"http://gallica.bnf.fr/ark:/12148/bpt6k2027906"
"http://data.bnf.fr/ark:/12148/cb314433984";"[Terentii Comoediae sex, cum Donati interpretatione et expositione Calphurnii.]";"1483";"Venetiis";"per B. de Tortis";"1483";"In-fol., sign. a-z et &, car. rom. (Hain, 15412-Reichling, III, 196 ; Polain, 3663 ; Lawton, 48.)";"Null";"Null"
"http://data.bnf.fr/ark:/12148/cb31443399g";"[Terentii Comoediae sex, cum Donati interpretatione et expositione Calphurnii.]";"1483";"Venetiis";"A. de Asola et B. de Alexandria";"1483";"In-fol., sign. a-u, car. rom., marque typogr. rubriquée à la fin. (Hain-Copinger, 15394 ; Polain, 3664 ; A.-A. Renouard, Annales de l'impr. des Alde, p. 285, n  12 ; Lawton, 52.)";"Null";"Null"
"http://data.bnf.fr/ark:/12148/cb31445732s";"Q. Septimii Florentis Tertulliani Apologeticus adversus gentes. [Item Sermo de vita eterna.]";"1483";"Venetiis";"per B. Benalium";"1483";"In-fol. (Hain-Copinger-Reichling, 15443.)";"Null";"Null"
"http://data.bnf.fr/ark:/12148/cb31452090h";"[Theophrasti de Historia et Causis plantarum, latine, Theodoro Gaza interprete.]";"1483";"Tarvisii";"per B. de Salodio";"1483";"In-fol. (Hain-Copinger, *15491.)";"Null";"Null"
"http://data.bnf.fr/ark:/12148/cb314617416";"Prima pars Secunde partis Summe theologie... sancti Thome de Aquino,...";"1483";"Venetiis";"per A. de Torresanis, B. de Blaviis, M. de Peterbonis";"1483";"In-fol. (Hain-Copinger, *1449 ; Pellechet, 1042 ; Polain, 3750.)";"Null";"Null"
"http://data.bnf.fr/ark:/12148/cb31462312r";"Manipulus florum, compilatus a magistro Thoma de Hibernia,...";"1483";"Placentiae";"J. de Tyela";"1483";"In-fol. (Hain, *8542.)";"Null";"Null"
"http://data.bnf.fr/ark:/12148/cb314828116";"[Recepte super nono Almansoris.] Fol. A : Incipiunt Recepte magistri Petri de Tusignano super nono Almansoris. - À la fin : Impresse Venetiis per Bernardinum de Tridino anno Domini MCCCCLXXXIII die XXX martii";"1483";"Venetiis";"Null";"1483";"In-fol. (Hain, *13895 ; Br. Mus., Books pr. XVth c., t. V, p. 364.)";"Null";"Null"
"http://data.bnf.fr/ark:/12148/cb31522498x";"Opus de vero bono a... Laurentio Valle... Laurentii Vallensis,... de Libero arbitrio dialogus... Doctissimi eloquentissimique viri Laurentii Vallensis In Pogium florentinum apologus...";"1483";"Lovanii";"Null";"1483";"In-4° . (Hain-Copinger, *15826 ; Br. Mus., Books pr. XVth c., t. IX, p. 160 ; Polain, 3908.)";"Null";"Null"
"http://data.bnf.fr/ark:/12148/cb31526869d";"Opera de facti e precepti militari di... Roberto Valturio,... traducta in vulgar [per Paulo Ramusio]...";"1483";"Verona";"impr. di Bonin di Boninis";"1483";"In-fol. (Hain, 15849 ; Br. Mus., Books pr. XVth c., t. VII, p. 952.)";"Null";"Null"
"http://data.bnf.fr/ark:/12148/cb31526863b";"De Re militari [Roberti Valturii]...";"1483";"Veronae";"Boninus";"1483";"In-fol. (Hain, *15848 ; Br. Mus., Books pr. XVth c., t. VII, p. 952.)";"Null";"Null"
"http://data.bnf.fr/ark:/12148/cb31553038t";"Quae Virgilius composuit unacum Servii Honorati commentariis";"1483";"[S.l.]";"[s.n.]";"1483";"[ca 610] p.";"Null";"http://gallica.bnf.fr/ark:/12148/bpt6k54212364"
"http://data.bnf.fr/ark:/12148/cb315593174";"[Articella, seu Thesaurus operum medicorum antiquorum...]";"1483";"Venetiis";"Null";"1483";"In-fol. (Pellechet, 1377.)";"Null";"Null"
"http://data.bnf.fr/ark:/12148/cb31587674x";"[Speculum hystoriale fratris Vincencij Belvacensis.]";"1483";"Nurembergae";"per A. Koburger";"1483";"In-fol. à 2 col., car. goth. (Copinger, II, 6248 ; Polain, IV, 3943.)";"Null";"Null"
"http://data.bnf.fr/ark:/12148/cb31592640m";"[Le livre des Énéydes compilé par Virgille";"1483";"Lyon";"impr. de G. Le Roy";"1483";"169 p.";"Null";"http://gallica.bnf.fr/ark:/12148/bpt6k717190"
"http://data.bnf.fr/ark:/12148/cb316068811";"[Legendae sanctorum per anni circuitum venientium, quas compilavit frater Jacobus de Voragine.] - Au f. [325 :] Iste legende que hic sequuntur non habentur in Hystoria lombardica, sed addite sunt ex aliis legendis et libris...";"1483";"(Coloniae";"per U. Zell.)";"1483";"In-fol (Copinger, 6434 ; Voullième, 623 ; Brit. Mus., Books pr. XVth c., t. I, p. 197 ; Polain, 2197 ; Goff, J-108.)";"Null";"Null"
"http://data.bnf.fr/ark:/12148/cb31606900g";"Reverendissimi fratris Jacobi de Voragine,... Sanctorum ac festorum per totum annum liber incipit";"1483";"Venetiis";"per O. Scotum";"1483";"In-4° . (Copinger-Reichling, 6433 ; Brit. Mus., Books pr. XVth c., t. I, p. 278 ; Goff, J-106.)";"Null";"Null"
"http://data.bnf.fr/ark:/12148/cb31606988q";"Sermones aurei et pulcherrimi... de tempore per totum annum, editi a... Jacobo de Voragine,... [Sermones pulcherrimi... de sanctis per anni totius circulum concurrentibus, editi a... Jacobo Voraginis...]";"1483";"Daventria";"per R. Paffroed de Colonia";"1483";"2 parties en 1 vol. in-fol. (Campbell, 1770 ; Copinger, 6546 ; Br. Mus., Books pr. XVth c., t. IX, p. 44 [2e partie] ; Goff, J-196.)";"Null";"Null"
"http://data.bnf.fr/ark:/12148/cb31606895q";"[Legendae sanctorum quas compilavit frater Jacobus Januensis natione,...]";"1483";"(Lugduni";"per P. Ungarum.)";"1483";"In-fol. (H. Jadart, Catalogue des incunables de la Bibliothèque de Reims, 144 ; Copinger, 6431 ; Claudin, t. III, p. 337 ; Goff, J-105.)";"Null";"Null"
"http://data.bnf.fr/ark:/12148/cb316740139";"[Lo Primer libre appellat Crestia.]";"1483";"Valencia";"L. Palmart";"1483";"In-fol. (Copinger, 6600 ; Pellechet, 11848 ; Goff, X-13 ; Indice generale degli incunaboli delle biblioteche d'Italia, 10408 ; Haebler, Bibliografia iberica, 700 ; Vindel Angulo, III, 38-40 ; Bruner y Prieto, 102.)";"Null";"Null"
"http://data.bnf.fr/ark:/12148/cb316977528";"Casus longi super Institutis";"1483";"Piclavis";"Null";"1483";"Null";"Null";"Null"
"http://data.bnf.fr/ark:/12148/cb31769549v";"[Lectura super secunda parte Digesti veteris";"1483";"Mediolani";"Null";"1483";"Null";"Null";"Null"
"http://data.bnf.fr/ark:/12148/cb31838693x";"Soliloquium animae";"1483";"Paris";"Null";"1483";"Null";"Null";"Null"
"http://data.bnf.fr/ark:/12148/cb32422552v";"[Silii Italici Punicorum libri XVII, cum Petri Marsi interpretatione et commentariis. Accedunt vita auctoris et Belli punici II. compendium.]";"1483";"(Venetiis, per B. de Tartis";"Null";"1483";"Null";"Null";"Null"
"http://data.bnf.fr/ark:/12148/cb32485762p";"Postilla Nicolai de Lyra super Psalterium...";"1483";"Parisiis, per U. Gering";"Null";"1483";"Null";"Null";"Null"
"http://data.bnf.fr/ark:/12148/cb33001281d";"[Exercitium latinitatis]";"1483";"[Paris";"Simon Doliatoris";"1483";"In-4° , [16] ff. sign. a-b8, car. goth. (G.K.W. 9510) [Acq. 794-67]";"Null";"Null"
"http://data.bnf.fr/ark:/12148/cb33246969v";"Ars moriendi (« Cum de praesentis exilii … »). - Ad sanctum Michaelem carmen (Inclite caeligena Michael...). - De Meditatione mortis (Quacumque impugnatione aut tentatione...). - De Meditatione mortis (Mortales dominus cunctos...). - De Judicio mortis et variis casibus ejus (Lex metuenda premit mortales...). - Augustinus, Pseudo-. Speculum peccatoris. - De Contemptu mundi rhythmus (O miranda vanitas o divitiarum...)";"1483";"Paris";"[Guy Marchant]";"1483";"Null";"Null";"Null"
"http://data.bnf.fr/ark:/12148/cb33332972r";"Le Coustumier de Normandie, suivi du traité de Jean André sur les arbres de consanguinité, à la fin duquel est la date de 1483";"1483";"(S. l.)";"Null";"1483";"Pet. in-fol. rangé dans l'in-4°";"Null";"Null"
"http://data.bnf.fr/ark:/12148/cb33332959j";"Coutumes de Normandie suivies du traité de Jean André sur les arbres de consanguinité";"1483";"(S. l.)";"Null";"1483";"In-fol.";"Null";"Null"
"http://data.bnf.fr/ark:/12148/cb33426480x";"Thomas a Kempis. Imitatio Christi";"1483";"Null";"Null";"1483";"[50] f. (sig. [ ]2, a-e8, f10)";"Null";"Null"
"http://data.bnf.fr/ark:/12148/cb33610696j";"(Fol. 1, verso.) Dit is die prologhe và den spieghel onser [...]. [Ceci est le prologue du miroir de notre salut] (Fol. 5, verso :) Hier beghint die spieghel... [Ici commence le miroir de notre salut]. A la fin : Dit boek is volmaect... [Ce livre a été achevé dans la bonne ville de Culenborg par moi Jean Veldener dans l'année 1483]";"1483";"Culemborg";"Johann Veldener";"1483";"Null";"Null";"http://gallica.bnf.fr/ark:/12148/bpt6k10404709"
"http://data.bnf.fr/ark:/12148/cb336127891";"Statuta apud Westmonasterium edita anno primo regis Ricardi tercii. - (1483)";"1483";"Londres";"imp. de William de Machlinia";"1483";"In-fol.";"Null";"Null"
"http://data.bnf.fr/ark:/12148/cb336107030";"Cy commence le mirouer de la redemp//tion de lumain [...]";"1483";"Lyon";"M. Huz";"1483";"In-fol.";"Null";"Null"
"http://data.bnf.fr/ark:/12148/cb33715524s";"Arrêt de parlement concernant la distribution des commissions, et défenses aux avocats, procureurs et greffiers d'y contrevenir";"1483";"(S. l. n. d.)";"Null";"1483";"4°";"Null";"Null"
"http://data.bnf.fr/ark:/12148/cb337155254";"(Arrêt du parlement portant règlement entre les notaires et Secrétaires du roi, et les procureurs de ladite cour.)";"1483";"(S. l. n. d.)";"Null";"1483";"4°";"Null";"Null"
"http://data.bnf.fr/ark:/12148/cb33715526g";"Arrêt du parlement sur la vérification des privilèges des secrétaires du roi en 1483, qui limite l'exemption des droits seigneuriaux aux terres tenues nûment du roi et dont les profits lui appartiennent";"1483";"(S. l. n. d.)";"Null";"1483";"In-fol.";"Null";"Null"
"http://data.bnf.fr/ark:/12148/cb33768028j";"[Concilium zu Costantz, nach U. von Rechenthals handschriftlicher Cronik.]";"1483";"Augspurg";"A. Sorg";"1483";"In-fol.";"Null";"Null"
"http://data.bnf.fr/ark:/12148/cb337680334";"(Fol. 1°. r°.)... A Hie hebt an das Concilium so zu Costentz ist gehalten worden// des jars de man zalt von der gepurdt unsers erlöfers M. CCCCXIV// jar,... [Ici commence le concile tenu à Constance en l'an de N.S. 1414 avec toutes les discussions relatives aux affaires spirituelles et temporelles. Du pape, de l'empereur, du roi, des princes et seigneurs ecclésiastiques et laïques, des ambassadeurs des royaumes, pays et villes qui ont paru à Constance avec leurs armes, leur portrait et autres belles figures et images. (A la fin) Ici finit le livre du Concile de Constance contenant l'entrée des hauts personnages, tant ecclésiastiques que civils, et de leur suite, leur blason, la levée du Concile et le récit des choses qui s'y sont passées]";"1483";"Augsbourg";"Imprimé avec soin et achevé par Antoine Sorg";"1483";"In-fol.";"Null";"Null"
"http://data.bnf.fr/ark:/12148/cb33768675q";"(Formularium instrumentorum ad usum curiae romanae.) (Fol. b1 recto) Absolutio simpliciter vel ad cautelam vigore cōmissi//ōis aplīce ab excōmūicatiōe lata ob nō Solutiōe pecunia@ . (A la fin) Instrumentorum... liber finit per... Johānem de Westfalia in insigni opido Lo//vaniensi... Anno domini M.CCCC.LXXXIII";"1483";"[Louvain]";"Null";"1483";"In-fol.";"Null";"Null"
"http://data.bnf.fr/ark:/12148/cb33768945m";"Formule d'une lettre d'indulgences accordées aux bienfaiteurs du couvent des dominicains de Poligny, de l'année 1483. En tête, images de Notre-Dame, de saint Dominique et de saint Pierre de Vérone";"1483";"[S. l. n. d. ?]";"Null";"1483";"Pièce de 16 lignes, en caractères gothiques, semblables à ceux que Jean des Prés a employés pour l'édition du Bréviaire de Besançon, imprimé à Salins";"Null";"Null"
"http://data.bnf.fr/ark:/12148/cb338103068";"Ordonnance portant règlement pour les gages des officiers de la Chambre des comptes de Paris";"1483";"(S. l. n. d.)";"Null";"1483";"In-4°, 2 p.";"Null";"Null"
"http://data.bnf.fr/ark:/12148/cb33810305x";"Lettres en forme d'édit portant création d'officiers en la Chambre des comptes de Paris";"1483";"(S. l. n. d.)";"Null";"1483";"In-4°, 4 p.";"Null";"Null"
"http://data.bnf.fr/ark:/12148/cb35951072r";"[Sans titre]";"1483";"Null";"Null";"1483";"[522] f.";"Null";"Null"
"http://data.bnf.fr/ark:/12148/cb359512086";"[sans titre]";"1483";"Null";"Null";"1483";"XCVIII f.";"Null";"Null"
"http://data.bnf.fr/ark:/12148/cb359510733";"[Sans titre]";"1483";"Null";"Null";"1483";"[676] f.";"Null";"Null"
"http://data.bnf.fr/ark:/12148/cb35951074f";"[Sans titre]";"1483";"Venezia";"Franz Renner";"1483";"[476] f.";"Null";"Null"
"http://data.bnf.fr/ark:/12148/cb35951071d";"[Sans titre]";"1483";"Null";"Null";"Null";"[398] f.";"Null";"Null"
"http://data.bnf.fr/ark:/12148/cb35951114v";"[Sans titre]";"1483";"Null";"Null";"Null";"CCCCCLXXXIIII [i.e. 586] f.";"Null";"Null"
"http://data.bnf.fr/ark:/12148/cb35951015x";"Philippes de Crevecueur seigneur Desquerdes & de Lannoy...";"1483";"Null";"Null";"Null";"Sig. A-C8, D6";"Null";"Null"
"http://data.bnf.fr/ark:/12148/cb36045116w";"Aristotelis Opera latine... IV";"1483";"Venetiis";"impendio industriaque Andrea Torresani de Asula Bartholomaeique de Blavis";"1483";"163 f. - f. A1-Q";"Null";"Null"
"http://data.bnf.fr/ark:/12148/cb36045112h";"Aristotelis Opera latine... II";"1483";"Venetiis";"impendio industriaque Andrea Torresani de Asula Bortholomaeique de Blavis";"1483";"F. A-Uu 4";"Null";"Null"
"http://data.bnf.fr/ark:/12148/cb360451146";"Aristotelis Opera latine... III";"1483";"Venetiis";"impendio industriaque Andrea Torresani de Asula Bartholomaeique de Blavis";"1483";"F. a1-z4, A-R";"Null";"Null"
"http://data.bnf.fr/ark:/12148/cb36349099m";"Cest lordre qu a este gardée à Tours pour appeller devant le roy nostre souverain seigneur ceulx des troys Estatz de ce royaume... (A la fin :) Collacion par nous faicte avec l'original en ceste forme en papier, signé : J. Robertet, le XXIII jour de mars mil quatre cens quatre-vingtz et troys avant Pasques...";"1483";"(S. l. n. d.,)";"Null";"1483";"In-fol.";"Null";"Null"
