id;title;date;place;publisher;firstyear;description;subject;gallica
"http://data.bnf.fr/ark:/12148/cc704489";"Aveux rendus à Amédée, comte de Savoie, en 1352.";"1352";"Null";"Null";"Null";"aujourd'hui composé de 83 feuillets";"Null";"Null"
"http://data.bnf.fr/ark:/12148/cc4675m";"Dictionnaire talmudique";"1352";"Null";"Null";"Null";"359 f. Il manque deux feuillets présumés blancs au début et un autre à la fin de l'oeuvre";"Null";"http://gallica.bnf.fr/ark:/12148/btv1b107220378"
"http://data.bnf.fr/ark:/12148/cc46009j";"Le roman de la rose";"1352";"Null";"Null";"Null";"2 feuillets de papier +170 feuillets + 2 feuillets de  papier";"Null";"http://gallica.bnf.fr/ark:/12148/btv1b6000323q""http://data.bnf.fr/ark:/12148/cb33756181k";"Statuts de l'ordre du Saint Esprit";"1352";"[S. l. n. d. ?]";"Null";"1352";"Null";"Null";"Null"
"http://data.bnf.fr/ark:/12148/cb33810013q";"Lettres portant deffences aux trésoriers des guerres de prester aux gens d'armes pour plus d'un mois sur leurs gages";"1352";"(S. l. n. d.)";"Null";"1352";"In-4°, 1 p.";"Null";"Null"
