id;title;date;place;publisher;firstyear;description;subject;gallica
"http://data.bnf.fr/ark:/12148/cb300044729";"Expositio super libros Elenchorum Aristotelis (ab Augustino de Meschiatis edita)";"1500";"Venetiis";"expensis A. Torresani de Asula, per S. de Luere";"1500";"In-fol. (Hain, 141.)";"Null";"Null"
"http://data.bnf.fr/ark:/12148/cb30004467q";"Aegidii Romani commentum super libros duos Posteriorum Analyticorum Aristotelis";"1500";"Venetiis";"per S. de Luere, sumptibus A. Torresani de Asula";"1500";"In-fol. (Hain, *139.)";"Null";"Null"
"http://data.bnf.fr/ark:/12148/cb30006065d";"Questiones magistri Petri de Aylliaco... super libros Sententiarum una cum laudibus theologie et quibusdam questionibus de potestate Ecclesie in suis vesperiis disputatis";"1500";"(Lugduni,)";"N. Wolff";"1500";"In-4° . (Hain, *844.)";"Null";"Null"
"http://data.bnf.fr/ark:/12148/cb30006691m";"Determinatio quodlibetalis de veritate fraternitatis rosarii seu psalterii beate Marie virginis conventus Coloniensis";"1500";"Bononiae";"Null";"1500";"In-4° . (Hain, 7345.)";"Null";"Null"
"http://data.bnf.fr/ark:/12148/cb300099121";"Doctrinalis Alexandri de Villadei partes tertia et quarta, cum Jodoci Badii explanatione";"1500";"(Daventriae";"R. Paffroet,)";"1500";"In-4°";"Null";"Null"
"http://data.bnf.fr/ark:/12148/cb30009905r";"Facini Tiberge Interpretatio in Doctrinale Alexandri de Villa Dei, cum textu ejusdem";"1500";"Parisiis";"per B. Renbolt";"1500";"In-4°";"Null";"http://gallica.bnf.fr/ark:/12148/bpt6k63550582"
"http://data.bnf.fr/ark:/12148/cb300169653";"̀Υπόμνημα εις τας πέντε φωνας Ποφυρίου";"1500";"Venezia";"[Zakharias Kallierges] pour Nikolaos Vlastos";"1500";"Null";"Null";"Null"
"http://data.bnf.fr/ark:/12148/cb30023969z";"Libri civilium bellorum Appiani Alexandrini traductio a P. Candido";"1500";"Venetiis";"per C. de Pensis";"1500";"In-fol. (Pellechet, 918.)";"Null";"Null"
"http://data.bnf.fr/ark:/12148/cb30023127t";"Summa theologica S. Antonini, cum repertorio sive tabula Johannis Molitoris";"1500";"Lugduni";"in officina J. Cleyn, vulgo Schvab";"1500";"In-fol. (Pellechet, 885.)";"Null";"Null"
"http://data.bnf.fr/ark:/12148/cb30024583n";"Aratoris, subdiaconi Romanae Ecclesiae, Historia apostolica";"1500";"(Regii";"per Hugonem de Rugeriis";"1500";"86 p.";"Null";"http://gallica.bnf.fr/ark:/12148/bpt6k70223m"
"http://data.bnf.fr/ark:/12148/cb30027771x";"Problemata Aristotelis";"1500";"Parisiis";"impr. per A. Denidel";"1500";"In-4° . (Pellechet, 1224.)";"Null";"Null"
"http://data.bnf.fr/ark:/12148/cb30029416f";"Incipit tractatus de vinis editus a magistro Arnaldo de Villa Nova";"1500";"[Paris]";"Félix Baligault pour Claude Jaumar et Thomas Julian";"1500";"Null";"Null";"Null"
"http://data.bnf.fr/ark:/12148/cb300294211";"Canonis libri V Avicennae in latinum translati a Gerardo Cremonensi. Libellus de viribus cordis translatus ab Arnaldo de Villanova";"1500";"Venetiis";"Null";"1500";"In-4° . (Pellechet, 1669.)";"Null";"Null"
"http://data.bnf.fr/ark:/12148/cb30029366q";"Regimen sanitatis (cum expositione magistri Arnaldi de Villanova, emendatum per doctores Montispessulani regentes)";"1500";"Venetiis";"impr. per B. de Vitalibus";"1500";"In-4°. (Pellechet, 1278.)";"Null";"Null"
"http://data.bnf.fr/ark:/12148/cb30029365c";"Regimen sanitatis (cum expositione Arnaldi de Villanova, emendatum per doctores Montispessulani regentes)";"1500";"Venetiis";"impr. per B. de Vitalibus";"1500";"In-4° . (Pellechet, 1289.)";"Null";"Null"
"http://data.bnf.fr/ark:/12148/cb30029401d";"Libellus de regimine senum et seniorum Arnaldi de Villanova";"1500";"[Paris]";"Félix Baligault pour Claude Jaumar et Thomas Julian";"1500";"Null";"Null";"Null"
"http://data.bnf.fr/ark:/12148/cb300419587";"Canonis libri V Avicennae, in latinum translati a Gerardo Cremonensi. Ejusdem libellus de Viribus cordis, translatus ab Arnaldo de Villanova";"1500";"Venetiis";"per S. Bevilaquam";"1500";"In-4° . (Pellechet, 1669.)";"Null";"Null"
"http://data.bnf.fr/ark:/12148/cb300455076";"Stultifere naves sensus animosque trahentes mortis in exitium : venales sunt in Pellicano vici Sancti Jacobi";"1500";"(Parisiis";"[Thielman Kerver pour les Marnef]";"1500";"Sign. a-c";"Null";"http://gallica.bnf.fr/ark:/12148/bpt6k71360b"
"http://data.bnf.fr/ark:/12148/cb300455134";"Doctrinalis Alexandri de Villadei";"1500";"(S. l.,)";"Null";"1500";"In-4°";"Null";"Null"
"http://data.bnf.fr/ark:/12148/cb300533797";"Cosmographia, sive de Situ orbis";"1500";"[Venezia]";"[Simone Bevilaqua]";"1500";"38 ff., car. rom., sign. a-i, initiales ornés";"Null";"Null"
"http://data.bnf.fr/ark:/12148/cb300536463";"Andree Barbacij,... Consilium, si Eugenius papa potest facere duos episcopos in una diocesi";"1500";"[Strasbourg";"imprimeur de Barbatia, Consilium (GW 3349)";"1500";"Null";"Null";"Null"
"http://data.bnf.fr/ark:/12148/cb30063166j";"Tractatus judiciorum per Bartolum de Saxoferrato editus, una cum tractatu de renunciationibus beneficiorum in publicis instrumentis. Ejusdem Bartoli Processus Satanae";"1500";"[Paris";"Pierre Le Dru pour] Jean Petit";"1500";"Null";"Null";"Null"
"http://data.bnf.fr/ark:/12148/cb300836263";"Commento di Hieronimo Benivieni sopra a più sue canzoni et sonetti";"1500";"Firenze";"Null";"1500";"In-fol. (Pellechet, 2047.)";"Null";"Null"
"http://data.bnf.fr/ark:/12148/cb300843522";"Regulae Ordinis S. Benedicti, S. Basilii, S. Augustini, S. Francisci, collectae et ordinatae per Jo. Fr. Brixianum";"1500";"Venetiis";"Null";"1500";"In-4° . (Hain, *13827)";"Null";"Null"
"http://data.bnf.fr/ark:/12148/cb300843882";"Regula beatissimi patris Benedicti, e latino in gallicum sermonem per Guidonem Juvenalem traducta";"1500";"Paris";"[André Bocard pour] Geoffroy de Marnef à Paris et à Bourges";"1500";"Null";"Null";"Null"
"http://data.bnf.fr/ark:/12148/cb30083625r";"Commento di Hieronimo Benivieni sopra a più sue canzoni et sonetti";"1500";"Firenze";"Null";"1500";"In-fol.";"Null";"Null"
"http://data.bnf.fr/ark:/12148/cb30089938c";"Epistola beati Bernardi directa Raymundo, domino Castri sancti Ambrosii, de modo et cura rei familiaris, feliciter incipit";"1500";"[Lyon";"s. n.";"1500";"[6] f.";"Null";"Null"
"http://data.bnf.fr/ark:/12148/cb30089979z";"Le Traictié de saint Bernard envoyé à sa soeur, contenant la manière de vivre en la religion chrestienne, imprimé à Paris à l'Estrille Fauveau. - A la fin : Imprimé à Paris, le VIII jour de may, l'an mil cinq cens, pour maistre Durand Gerlier, libraire de ladicte Université de Paris, demourant à l'Estrille Fauveau, en la rue des Maturins";"1500";"Paris";"Null";"1500";"In-8° , car. goth., sign. a-y, front. gravé sur bois";"Null";"Null"
"http://data.bnf.fr/ark:/12148/cb30092832j";"Satyrae cum commentariis Joh. Britannici et Jodoci Badii Ascensii";"1500";"Lugduni";"Null";"1500";"In-4° . (Hain, 12733.)";"Null";"Null"
"http://data.bnf.fr/ark:/12148/cb300928378";"Orationes et opuscula";"1500";"Bononiae";"B. Hectoris";"1500";"In-4° . (Pellechet, 2214.)";"Null";"Null"
"http://data.bnf.fr/ark:/12148/cb30095984s";"Horologium devotionis circa vitam Christi (auctore Bertholdo, Ordinis Praedicatorum)";"1500";"[Köln";"Johannes von Landen";"1500";"Null";"Null";"Null"
"http://data.bnf.fr/ark:/12148/cb30103851c";"Expositio brevis et interlinearis sacri canonis missae, auctore Gabriele Biel";"1500";"[Tübingen";"Johann Otmar";"1500";"Null";"Null";"Null"
"http://data.bnf.fr/ark:/12148/cb30118408j";"Textus de sphera...";"1500";"Parisiis";"Null";"1500";"In-fol.";"Null";"Null"
"http://data.bnf.fr/ark:/12148/cb30125233p";"Regula musicae planae, seu Breviloquium musicale fratris Bonaventurae de Brixia";"1500";"(Brixiae,)";"per A. Britannicum";"1500";"In-4° . (Hain, 3576.)";"Null";"Null"
"http://data.bnf.fr/ark:/12148/cb301253736";"Quaestiones Bonaventure super primum-quartum librum Sententiarum, curante J. Beckenhaub";"1500";"Nuremberge";"A. Koberger";"1500";"4 vol. in-fol. (Hain-Copinger, *3543.)";"Null";"Null"
"http://data.bnf.fr/ark:/12148/cb301254306";"Beati Bonaventure, doctoris seraphici, Ordinis Fratrum minorum, in meditationes devotas vite Jesu Christi Salvatoris nostri Prologus incipit feliciter. - A la fin : Explicit liber aureus de vita Christi, per sanctum Bonaventuram doctorem seraphicum editus sive compositus. Impressus Parisius pro Goffrido de Marnef, commorante in vico Sancti Jacobi ad intersignium Pellicani ante sanctum Yvonem";"1500";"Paris";"[Etienne Jehannot] pour Geoffroy de Marnef";"1500";"signé a-m8";"Null";"Null"
"http://data.bnf.fr/ark:/12148/cb301306553";"Vita scholastica. - Fol. 2 : Fratris Bonvicini de Ripa, Mediolanensis, de discipulorum preceptorumque moribus";"1500";"[Poitiers]";"Jean Bouyer et Guillaume Bouchet";"1500";"sign. A-D";"Null";"Null"
"http://data.bnf.fr/ark:/12148/cb30136494w";"Casus longi super quinque libros Decretalium, a domino Bernardo (Bottoni), earumdem precipuo glossatore, utiliter compilati";"1500";"Lugduni";"per J. Bachelier";"1500";"In-fol. (Pellechet, 2200.)";"Null";"Null"
"http://data.bnf.fr/ark:/12148/cb30155498f";"Dit is der zotten ende der narren scip";"1500";"Paris";"Guy Marchant";"1500";"Sign. a-p [243 p.]";"Null";"http://gallica.bnf.fr/ark:/12148/bpt6k110648p"
"http://data.bnf.fr/ark:/12148/cb30161493z";"Revelationes sancte Birgitte (editae a Johanne cardinale de Turre cremata). - A la fin : Finit divinum volumen omnium celestium Revelationum preelecte sponse Christi sancte Birgitte de regno Suetie... Per Anthonium Koberger, civem Nuremburgensem, impresse finiunt. Anno Domini M CCCCC, XXI mensis septembris. Laus Omnipotenti Deo. Amen";"1500";"Nuremberg";"Null";"1500";"In-fol., 4 ff. ch., 2 ff. non ch., 4 ff. ch. 5-8, 4 ff. non ch., cahiers a-z, A-H, et la table sign. a-g, car. goth., fig. et pl. gravées sur bois";"Null";"Null"
"http://data.bnf.fr/ark:/12148/cb30161468r";"Orationes sanctae Brigittae, cum oratione sancti Augustini. - Fol. 1 v̊  : Hec sunt quindecim collecte sive orationes illius preclarissime virginis beate Brigitte quas ante imaginem Domini nostri Jesu Christi Crucifixi in dies devotissime dicebat. - Fol. 6 r̊  : Sequitur oratio eximii doctoris sancti Augustini";"1500";"[Roma";"Eucharius Silber";"1500";"[8] ff. non chiffrés";"Null";"Null"
"http://data.bnf.fr/ark:/12148/cb301614662";"Fol. 1 v° : Hec sunt quindecim collecte sive orationes illius preclarissime virginis beate Brigitte, quas ante imaginem Domini nostri Jesu Christi, in dies devotissime genuflexa dicebat. - Fol. 6 r° : Sequitur oratio eximii doctoris sancti Augustini";"1500";"[Roma";"Eucharius Silber";"1500";"[8] ff. non chiffrés";"Null";"Null"
"http://data.bnf.fr/ark:/12148/cb30161465q";"Orationes sancte Brigitte, cum oratione sancti Augustini";"1500";"[Roma";"Johannes Besicken et Martinus de Amsterdam";"1500";"Null";"Null";"Null"
"http://data.bnf.fr/ark:/12148/cb301682050";"Opuscula reverendi magistri fratris Stephani Brulefer, ordinis Minorum, quorum numerus in fine omnium cuilibet patet";"1500";"Parisius";"per magistrum Andream Bocard";"1500";"In-8° . (Hain, *4004.)";"Null";"Null"
"http://data.bnf.fr/ark:/12148/cb301784121";"Expositio Gualteri Burlei super decem libros Ethicorum Aristotelis";"1500";"Venetiis";"arte Simonis de Luere, impensis Andree Torresani de Asula";"1500";"In-fol. (Hain, *4144.)";"Null";"Null"
"http://data.bnf.fr/ark:/12148/cb30180353m";"Thesaurus spiritualis : cum quam plurimis aliis additis, noviter impressus";"1500";"Lyon";"[s.n.]";"1500";"300 ff., plus ff. liminaires et ff. complémentaires";"Null";"http://gallica.bnf.fr/ark:/12148/bpt6k1094667"
"http://data.bnf.fr/ark:/12148/cb30191529r";"Cyrurgia";"1500";"Venetiis";"Null";"1500";"In-fol. (Hain-Copinger, 4813.)";"Null";"Null"
"http://data.bnf.fr/ark:/12148/cb30195024m";"Sermones Roberti Caraccioli de Licio. - Fol. a 1, tit. : Sermones prestantissimi viri Roberti de Litio, ordinis Minorum, sacre theologie professoris, pontificis aquinatis, de Adventu, de Quadragesima, de penitentia, de timore judiciorum Dei, de divina charitate, de immortalitate anime rationalis, de beatitudine sanctorum, de precipuis festis beate Marie et quibusdam aliis... - A la fin : Habes in hoc volumine, humanissime verbi Dei declamator... Roberti de Litio,... sermones... Impressum est autem presens opus Lugduni, opera et diligentia solertissimi viri Johannis Cleyn alemanni, artis impressorie magistri, anno nostre salutis M. V. C. ad III. idus januarii";"1500";"Lugduni";"Null";"1500";"In-4° , car. goth., 2 col., sign. A-F, a-z, aa-qq, marque typogr. de J. Cleyn à la fin";"Null";"Null"
"http://data.bnf.fr/ark:/12148/cb30206409c";"Epistole devotissime de sancta Catharina da Siena, adunate insemi per Bartholomeo da Alzano da Bergamo";"1500";"Venetia";"Aldo Manutio";"1500";"In-fol.";"Null";"http://gallica.bnf.fr/ark:/12148/bpt6k990524r"
"http://data.bnf.fr/ark:/12148/cb30208883c";"Franciscus Caballus. De Numero partium ac librorum physicae doctrinae Aristotelis Joanni Aurelio ejus filio";"1500";"(S. l.";"Null";"1500";"In-fol. (Pellechet, 3127.)";"Null";"Null"
"http://data.bnf.fr/ark:/12148/cb302189308";"Dyalogus singularissimus et perutilis domini Simphoriani Champerii Lugdunensis, in magicarum artium destructionem, cum suis anexis de fascinatoribus, de incubis et succubis et de demoniacis, per fratrem Symonem de Ulmo,... fideliter correctus...";"1500";"Lyon";"G. Balsarin";"1500";"In-4° . (Pellechet, 3512.)";"Null";"Null"
"http://data.bnf.fr/ark:/12148/cb302428723";"Georgii Valagusae illustrissimi Galeazii Mediolanensium ducis praeceptorum in flosculis epistolarum Ciceronis vernacula interpretatio. - A la fin : Summas gratias agas Joanni Antonio Ticinensi, cujus gratia Georgius Vallagussa has Ciceronis epistolas materno sermone interpretatus est";"1500";"(S. l.";"Null";"1500";"In-4° , sign. A-C. car. rom.";"Null";"Null"
"http://data.bnf.fr/ark:/12148/cb30244458x";"M. T. Ciceronis Rhetoricorum novorum et veterum libri, cum tribus commentariis, videlicet Mario Fabio Victorino, Francisco Maturantio Perusino, Antonio Mancinello. - A la fin : Venetiis, a Philippo Pincio Mantuano, M. CCCCC, die XII septembris";"1500";"Venise";"Null";"1500";"In-fol. (Hain, 5085.)";"Null";"Null"
"http://data.bnf.fr/ark:/12148/cb30286024t";"Opus ruralium commodorum, auctore Petro de Crescentiis";"1500";"Spirae";"Null";"1500";"In-fol. (Hain-Copinger, 5826.)";"Null";"Null"
"http://data.bnf.fr/ark:/12148/cb302886913";"Bartholomei Crotti epigrammatum elegiarumque libellus. Matthei Marie Boiardi bucolicon carmen. - A la fin : Impressum Regii per me Ugonem Rugerium, civem Regiensem, anno Domini MCCCCC, die 1 octobris";"1500";"Regii";"Null";"1500";"In-4° , sign. a-f (Hain-Copinger, 5842.)";"Null";"Null"
"http://data.bnf.fr/ark:/12148/cb30341306v";"Illustrium virorum opuscula. [Edidit Cyprianus Benetus.]";"1500";"Parisiis";"Null";"1500";"In-fol. (Pellechet, 1414.)";"Null";"Null"
"http://data.bnf.fr/ark:/12148/cb303438568";"Diomedis, doctissimi ac diligentissimi linguae latinae perscrutatoris, de Arte grammatica opus utilissimum";"1500";"Venetiis";"per Joannem de Tridino, alias Tacuinum";"1500";"In-fol. (Pellechet, 4291.)";"Null";"Null"
"http://data.bnf.fr/ark:/12148/cb30343987t";"Dion, de Troja non capta. [Edidit Franciscus Philelphus.]  -  A la fin : Dion Chrisostomus, prusensis philosophus, de Troja non capta, magistro Anthonio Denidel Parisius impressus pro Roberto Gourmon. Finit feliciter";"1500";"Paris";"Antoine Denidel pour Robert de Gourmont";"1500";"Null";"Null";"Null"
"http://data.bnf.fr/ark:/12148/cb303471778";"Tabula nuper diligenter correcta totius Summe beati Antonini, archiepiscopi florentini,... Item super materias predicabiles de beata Virgine. Item super auctoritates expositas in dicta summa de tota Biblia. Item super Epistolas et Evangelia totius anni. Item tabula de sanctis in particulari et in communi. Item tabula super totam chronicam. [Auctore fratre Dominico Bugella.]";"1500";"Venetiis";"per B. Locatellum";"1500";"In-4° . (Pellechet, 893.)";"Null";"Null"
"http://data.bnf.fr/ark:/12148/cb303497464";"Viola anime per modum dyalogi inter Raymundum Sebundium, artium, medicine atque sacre theologie professorem eximium, et dominum Dominicum Seminiverbium. De hominis natura... ad cognoscendum se, Deum et hominem [auctore Petro Dorlando]";"1500";"Tolède";"Null";"1500";"In-4° . (Copinger, 5197.)";"Null";"Null"
"http://data.bnf.fr/ark:/12148/cb30352827n";"Tractatus corporis Christi, auctore Dozolt";"1500";"Parisiis";"P. Le Dru";"1500";"In-8° . (Pellechet, 4448.)";"Null";"Null"
"http://data.bnf.fr/ark:/12148/cb30384817f";"Guilelmi Durandi Rationale divinorum officiorum [éd. Johannes Aloysius Tuscanus]";"1500";"Lugduni";"[Jean Bachelier]";"1500";"Null";"Null";"Null"
"http://data.bnf.fr/ark:/12148/cb303909247";"Roberti de Valle,... Prologus in sequentem difficilium Plinii explanationem. - Au recto du dernier f. : Roberti de Valle Rothomagensis finalis in Plinii prefatam elucidationem conclusio";"1500";"[Paris";"Félix Baligault pour] Durand Gerlier";"1500";"Null";"Null";"http://gallica.bnf.fr/ark:/12148/btv1b86054489"
"http://data.bnf.fr/ark:/12148/cb303909216";"Roberti de Valle,... Compendium memorandorum vires naturales et commoda comprehendens, a Plinio data...";"1500";"Paris";"Félix Baligault pour Durand Gerlier";"1500";"Null";"Null";"http://gallica.bnf.fr/ark:/12148/btv1b8605449q"
"http://data.bnf.fr/ark:/12148/cb30402288b";"Desyderii Herasmi,... Veterum maximeque insignium paroemiarum, id est Adagiorum collectanea...";"1500";"Parrhisiis";"Null";"1500";"In-4° . (Pellechet, 4620.) Vander Haeghen, p. 3";"Null";"Null"
"http://data.bnf.fr/ark:/12148/cb30401812h";"La fleur de prédication selon sainct Effrem";"1500";"Paris";"[Jean Maurand ?] pour Antoine Vérard";"1500";"1 vol. [ca 180 p.]";"Null";"http://gallica.bnf.fr/ark:/12148/bpt6k1106534"
"http://data.bnf.fr/ark:/12148/cb304053781";"Interrogationes pro confessoribus";"1500";"Parisiis";"apud G. Philippe";"1500";"In-8° . (Pellechet, 709.)";"Null";"Null"
"http://data.bnf.fr/ark:/12148/cb304053979";"Fol. 1 r̊  : Modus confitendi. - Fol. 1 v̊  : Modus confitendi compositus per reverendum episcopum Andream Hispanum, sancte Romane Ecclesie penitentiarium. - A la fin : In presenti et vite eterne in futuro seculo. Amen. Deo gratias";"1500";"[Roma";"Eucharius Silber";"1500";"[12] ff.  sign. a-b";"Null";"Null"
"http://data.bnf.fr/ark:/12148/cb304114478";"Ebrardus qui et graecismus vocitatur cum familiari interpretatione... [Ed. par J.-V. de Melle.]";"1500";"Rothomagi";"J. Mauditier pro R. Macé";"1500";"In-4° . (Pellechet, 4558.)";"Null";"Null"
"http://data.bnf.fr/ark:/12148/cb30411443w";"Grecismus Ebrardi, cum commento, Rothomagi noviter impressus per Johannem Le Bourgois. Pour Robinet Macé";"1500";"Rouen";"Null";"1500";"In-4° . (Pellechet, 4548.)";"Null";"Null"
"http://data.bnf.fr/ark:/12148/cb30416537f";"Probae Falconiae Cento Virgilianus";"1500";"Venezia";"Bernardino Benagli";"1500";"Null";"Null";"Null"
"http://data.bnf.fr/ark:/12148/cb304355248";"Epistolare Francisci Philelphi";"1500";"Basel";"Nicolaus Kessler";"1500";"Null";"Null";"Null"
"http://data.bnf.fr/ark:/12148/cb30435538z";"Epistolae breviores Francisci Philelphi";"1500";"Deventer";"Richardus Pafraet";"1500";"Null";"Null";"Null"
"http://data.bnf.fr/ark:/12148/cb30443670f";"Florentinus Turonensis, De destructione Constantino-politana, sive De ultione Trojanorum contra Grecos";"1500";"Paris";"Antoine Denidel";"1500";"[23] p.";"Null";"http://gallica.bnf.fr/ark:/12148/bpt6k70230w"
"http://data.bnf.fr/ark:/12148/cb304594789";"Regula et testamentum. - Fol. 2 recto : Incipiunt laudes sancti Francisci. Jesus. Maria. Franciscus. Clara. - Fol. 3 recto : Regula et vita fratrum minorum hec est... - Fol. 7 verso : Explicit regula et vita fratrum minorum. - Fol. 9 recto sign. B : Verba beatissimi patris nostri Francisci. - Fol. 9 verso : Incipit testamentum beatissimi patris nostri Francisci. - A la fin : Extracta correctaque sunt omnia premissa per bone et laudabilis vite fratrem Alphonsum de Salamina, ordinis sancti Francisci seraphici, commorantis apud conventum de Cesarisaugusto reformatum";"1500";"[Rouen";"Martin Morin";"1500";"[12 ?] ff. signés [A]8, B4";"Null";"Null"
"http://data.bnf.fr/ark:/12148/cb30459418f";"Quodlibetum R. P. M. Francisci de veritate fraternitatis rosarii seu psalterii B. Mariae Virginis. Accedit Alanus de Rupe. Psalterium B. Mariae Virginis. Omnia Stephani de Piopera studio edita";"1500";"Bononiae";"Null";"1500";"In-4° . (Pellechet, 4921.)";"Null";"Null"
"http://data.bnf.fr/ark:/12148/cb304739508";"Compendium Roberti Gaguini super Francorum gestis, ab ipso recognitum et auctum";"1500";"Parisiis";"D. Gerlier et J. Petit";"1500";"CLXIX f.";"Null";"http://gallica.bnf.fr/ark:/12148/bpt6k111282t"
"http://data.bnf.fr/ark:/12148/cb30481726k";"Synonoma [sic] et equivoca, Joannis de Garlandia";"1500";"Köln";"Heinrich Quentell";"1500";"Null";"Null";"Null"
"http://data.bnf.fr/ark:/12148/cb30488465b";"Aeglogae due aureae clarissimi poetae Pomponii Gaurici Neapolitani. Nasus detractor de se...";"1500";"[Leipzig";"Melchior Lotter ?";"1500";"8 ff. non ch., car. goth., sign. a-b";"Null";"Null"
"http://data.bnf.fr/ark:/12148/cb30498787p";"Cordiale de quattuor novissimis [a Gerardo de Vliederhoven]";"1500";"[Paris";"Etienne Jehannot] pour Jean Petit";"1500";"[48] f. (sig. [a]8, b-f8";"Null";"Null"
"http://data.bnf.fr/ark:/12148/cb304986475";"Canonis libri V... Libellus de viribus cordis, translatus ab Arnaldo de Villanova";"1500";"Venetiis";"Null";"1500";"In-4° . (Pellechet, 1669.)";"Null";"Null"
"http://data.bnf.fr/ark:/12148/cb30501608w";"Tractatus utilis et necessarius... de phitonicis mulieribus";"1500";"(S. l.";"Null";"1500";"In-8°";"Null";"http://gallica.bnf.fr/ark:/12148/bpt6k8519319"
"http://data.bnf.fr/ark:/12148/cb305014624";"La Confession de Jean Gerson et les Dix commandements de la Loi";"1500";"[Paris";"Pierre Le Caron";"1500";"[6] ff. signés a6";"Null";"Null"
"http://data.bnf.fr/ark:/12148/cb305358786";"Decretum Gratiani, cum apparatu Bartholomaei Brixiensis, a Seb. Brant editum";"1500";"Basel";"Johannes Froben et Johannes Amerbach";"1500";"[530] ff. signés Aa-Bb6, a-f8, g6, h-z8, τ8, A-Z8, AA-SS8, les ff. Bb5 et SS8 blancs";"Null";"Null"
"http://data.bnf.fr/ark:/12148/cb305371611";"Johannis Baptistae Gratia Dei Liber de confutatione hebrayce secte";"1500";"Strasbourg";"Martin Flach";"1500";"[142] ff. signés [*]6, A-R8, le dernier blanc";"Null";"Null"
"http://data.bnf.fr/ark:/12148/cb30537160p";"Johannis Baptistae Gratia Dei Liber de confutatione hebrayce secte";"1500";"Roma";"Eucharius Silber";"1500";"[168] ff. signés [*]4, a-b6, c-x8, le dernier blanc";"Null";"Null"
"http://data.bnf.fr/ark:/12148/cb30538146c";"Compilatio Decretalium Gregorii pape IX [cum glossa Bernardi Bottoni. Edita a Sebastiano Brant]";"1500";"[Basel]";"Johannes Froben et Johannes Amerbach";"1500";"[508] ff. signés Aa6, a-z-8,τ8, c[renversé]8, A-Z8, Aa-Oo8, Pp6";"Null";"Null"
"http://data.bnf.fr/ark:/12148/cb30541359s";"Epitome de generibus nominum declinationeque ipsorum, de preteritis item et supinis verborum";"1500";"Nürnberg";"Hieronymus Hölzel";"1500";"[28] ff.";"Null";"Null"
"http://data.bnf.fr/ark:/12148/cb305432428";"[Le Chasteau de labour, par Pierre Gringore]";"1500";"[Paris";"s. n.";"1500";"8 + ff.";"Null";"Null"
"http://data.bnf.fr/ark:/12148/cb30543239c";"Le Château de labour";"1500";"Paris";"Philippe Pigouchet pour Simon Vostre";"1500";"[50] ff.";"Null";"http://gallica.bnf.fr/ark:/12148/bpt6k701193"
"http://data.bnf.fr/ark:/12148/cb305432339";"Le Casteau d'amours";"1500";"[Paris]";"Jean Trepperel";"1500";"[6 +] ff.";"Null";"Null"
"http://data.bnf.fr/ark:/12148/cb305432350";"Le chasteau damours";"1500";"Paris";"Philippe Pigouchet pour Simon Vostre";"1500";"[44] ff.";"Null";"http://gallica.bnf.fr/ark:/12148/bpt6k70631b"
"http://data.bnf.fr/ark:/12148/cb30543240k";"Le Chasteau de labour";"1500";"Rouen";"Jacques Le Forestier";"1500";"[40] ff.";"Null";"http://gallica.bnf.fr/ark:/12148/bpt6k713203"
"http://data.bnf.fr/ark:/12148/cb305575308";"Guillermus Parisiensis de Septem sacramentis. - A la fin : Explicit Guillermus Parisiensis super septem sacramentis, impressus Rothomagi pro Johanne Huvin...";"1500";"Rouen";"[Pierre Violette] pour Jean Huvin";"1500";"88 ff. foliotés et signés [a]8, b-l8";"Null";"Null"
"http://data.bnf.fr/ark:/12148/cb30557527c";"Guillermus Parisiensis de Septem sacramentis. - A la fin : Explicit Guillermus Parisiensis super septem sacramentis, impressus Rotomagi pro Petro Regnault...";"1500";"Rouen";"[Jean Le Bourgeois] pour Pierre Regnault à Caen";"1500";"88 ff. foliotés et signés [a]8, b-l8";"Null";"Null"
"http://data.bnf.fr/ark:/12148/cb30557536b";"Summa aurea in quattuor libros sententiarum, a... Guillermo Altissiodorensi edita... quam... Guillermus de Quercu... emendavit... Impressa est Parisiis... Philippi Pigoucheti cura. - A la fin, avant la table : Explicit summa aurea... impressa Parisiis, impensis Nicolai Vaultier et Durandi Gerlier... anno Domini millesimo quingentesimo";"1500";"Paris";"Philippe Pigouchet pour Nicolas Vaultier et Durand Gerlier";"1500";"326 ff. foliotés et signés a-z8, τ8, ɔ 8, A-M8, N10, 2A-2B6, 2C8";"Null";"Null"
"http://data.bnf.fr/ark:/12148/cb30564080x";"Cyrurgia parva Guidonis. Cyrurgia Abulcacis cum cauterio, a Girardo cremonense translata. Tractatus de oculis Jesu Hali. Tractatus de oculis Canamusali";"1500";"Venetiis";"B. Locatellus pro heredibus O. Scoti";"1500";"In-fol. (Pellechet, 3532.)";"Null";"Null"
"http://data.bnf.fr/ark:/12148/cb367088921";":Hore: +Horae+ intemerate virginis marie secu[n]ndum usum Romanu[m]";"1500";"Null";"Null";"Null";"[96] f., sig. a-m8";"Null";"Null"
"http://data.bnf.fr/ark:/12148/cb368120755";"Textus sequentiarum cum expositione";"1500";"[Köln";"Heinrich Quentell";"1500";"Null";"Null";"Null"
"http://data.bnf.fr/ark:/12148/cb36812936r";"Expositio hymnorum cum familiari commento";"1500";"Köln";"Heinrich Quentell";"1500";"Null";"Null";"Null"
"http://data.bnf.fr/ark:/12148/cb368129373";"Expositio hymnorum per totum anni circulum [per Hilarium Pictaviensem]. - A la fin : Exaratum est hoc opus Rothomagi in domo Ricardi Ausoult pro Roberto Mace, bibliopola... Universitatis cadomensis, in eodem loco commorantis... anno Domini millesimo quingentesimo die vero XII. februarii";"1500";"Rothomagi";"R. Macé";"1500";"In-8 °, 93 ff. ch., car. goth. (Delisle, 166.)";"Null";"Null"
"http://data.bnf.fr/ark:/12148/cb36814235z";"Missale Romanum";"1500";"Lyon";"Jacques Sacon";"1500";"2 °, ill., musique";"Null";"http://gallica.bnf.fr/ark:/12148/bpt6k853201n"
"http://data.bnf.fr/ark:/12148/cb368142369";"Missale Romanum";"1500";"Lyon";"Jacques Sacon";"1500";"8 °, ill., musique";"Null";"Null"
"http://data.bnf.fr/ark:/12148/cb368141439";"Missale mixtum secundum regulam beati Isidori, dictum mozarabes";"1500";"Toledo";"Peter Hagenbach pour Melchior Gurrizo";"1500";"2 °, ill.";"Null";"Null"
"http://data.bnf.fr/ark:/12148/cb368165280";"Heures à l'usaige de Chartres";"1500";"[Paris]";"J. de Coulonces";"1500";"In-8 °, gr.";"Null";"Null"
"http://data.bnf.fr/ark:/12148/cb36817410w";"Missale Cabilonense";"1500";"Lyon";"Bonino de' Bonini";"1500";"2 °, sign., ill., musique";"Null";"Null"
"http://data.bnf.fr/ark:/12148/cb368168264";"Hore intemerate virginis Marie secundum usum cenomanensem. (A la fin !) Ces presentes heures à l'usaige du Mans furent achevées le XXIX, jour de May l'an mil cinq cens par Thielman Keruer pour Jehan Petit libraire demourant à Paris en la rue Saint Jacques au lyon d'argent et pour Pierre Cochery libraire demourant au Mans en la grant rue Saint Julien";"1500";"Paris";"Null";"1500";"Petit in-4 °, car. goth., sign. a-i, fig., encadrements, enluminures et lettres ornées, marque de Kerver surchargée d'un écusson d'azur à la couronne d'épine au naturel, accompagnée de trois clous de la Passion, d'or et surmontée de trois étoiles rangées du même";"Null";"Null"
"http://data.bnf.fr/ark:/12148/cb368168740";"Heures";"1500";"(S. l.)";"Null";"1500";"In-16. Caractères gothiques";"Null";"Null"
"http://data.bnf.fr/ark:/12148/cb36816902d";"Heures à l'usaige de Paris toutes au long sans rien requerir avec les heures Saincte Geneviève et la commémoration St Marcel et St Germain";"1500";"Paris";"Thielman Kerver pour. - Guillaume Eustace";"1500";"4 °, ill";"Null";"http://gallica.bnf.fr/ark:/12148/bpt6k1057734x"
"http://data.bnf.fr/ark:/12148/cb368175287";"Missale ad usum lemoniceñ. (à la fin :) Impressz lemoniceñ... Per Johannem Berton. 1500";"1500";"[S. l. n. d. ?]";"Null";"1500";"Null";"Null";"Null"
"http://data.bnf.fr/ark:/12148/cb36817887k";"Missale Redonense. - Missale ad usum Redonensem, noviter emendatum, impressum impensis Roberti Macé, universitatis Cadomensis librarii. - (Au commencement du cahier a :) In nomine sancte et individue Trinitatis, intemerateque virginis Marie, necnon Petri et Pauli apostolorum, sanctorumque omnium, Missale secundum usum Redonensem incipit, amplificatum, ultra prius impressum, appositione brevis edicti in sancta synodo festi penthecostes anno Domini millesimo quadrigentesimo nonagesimo septimo..., et addictione (sic) Manualis curatorum, prout restabat in primo impresso...";"1500";"Rouen. - Caen. - Rennes";"Qui en voudra avoir, on en trouvera chieux Jehan Macé, libraire, demourant à Regnes, à l'ymage saint Jehan l'evangeliste";"1500";"1 vol.";"Null";"Null"
"http://data.bnf.fr/ark:/12148/cb36817968k";"De Melmstat, Episcopi Spirensis editus";"1500";"Spire";"Petr. Drach";"1500";"In fol.";"Null";"Null"
"http://data.bnf.fr/ark:/12148/cb368179677";"Liber missalis secundum ordinem ecclesie Spirensis";"1500";"Spirae";"Petrus Drach";"1500";"In-fol., gr.";"Null";"Null"
"http://data.bnf.fr/ark:/12148/cb36818992p";"Breviarium Lingonense. - Fragments de quatre feuillets d'un bréviaire imprimé en caractères gothiques, in-8 °, à deux colonnes, sans numérotage de feuillets. A la fin du dernier feuillet, on lit cette rubrique : Explicit temporale partis // hyemalis Breviarii Lingonensis. La reliure qui renfermait ces fragments nous a encore fourni un certain nombre de feuillets, plus ou moins mutilés, d'un autre bréviaire, imprimé en caractères gothiques, in-8 °, à deux colonnes et à 41 lignes par colonne, avec numérotage de feuillets. Nous avons pu les classer de la façon suivante : 1 ° Cinq feuillets du psautier ayant fait partie des cahiers c et d, cotés XIX, XXII, etc. 2 ° Quatre feuillets de la partie d'hiver, propre des saints ; ils appartiennent au cahier M et sont cotés XCI-XCIIII. 3 ° Trois feuillets de la partie d'été, propre du temps ; ils appartiennent au cahier A et sont cotés II, III et VII. 4 ° Vingt feuillets de la partie d'été, propre des saints ; ils appartiennent aux cahiers K, L, M, N et O, et sont ...";"1500";"[S. l. n. d. ?]";"Null";"1500";"Null";"Null";"Null"
"http://data.bnf.fr/ark:/12148/cb36819586w";"[Breviarium Remense.]";"1500";"(S. l.";"Null";"1500";"In-4 °, 24 ff., car. goth.";"Null";"Null"
"http://data.bnf.fr/ark:/12148/cb36818691h";"Breviarium ad ritum diocesis Eduensis recens ercusum";"1500";"Parisiis";"Jolandam Bonhomme";"1500";"In-8 °";"Null";"Null"
"http://data.bnf.fr/ark:/12148/cb36818905x";"Breviarum Constantiense";"1500";"[Paris ?";"s. n.";"1500";"Null";"Null";"Null"
"http://data.bnf.fr/ark:/12148/cb368192266";"In nõre dñi nostri iesu chri//sti. Amẽ. Ordo psalterii secũdũ // morẽ et cõsuetudinẽ ecclesie [...] // dyocesis aurelianẽsis...";"1500";"(S. l.)";"Null";"1500";"2 vol. in 8 °. 6 feuillets de calendrier sans ch. ni réd. avec sign. lettres de somme,... 2 col. de 40 l. chac.";"Null";"Null"
"http://data.bnf.fr/ark:/12148/cb36818904k";"Breviarium Constantiense";"1500";"[Paris ?";"s. n.";"1500";"Null";"Null";"Null"
"http://data.bnf.fr/ark:/12148/cb36820858h";"[Manuale Carnotense.]";"1500";"Paris";"Johannes Higman";"1500";"4 °, 180 ff, 30 ill., musique";"Null";"Null"
"http://data.bnf.fr/ark:/12148/cb36822031r";"Pars hyemalis tam de tempore quam de sanctis vna cum psalterio et hymnario breuiarij benedictine religionis. ecclesie romane maxime rubricam sectantis juxta consuetudinem monachorum nigrorum de obseruantia mellicensi";"1500";"S. l.";"impensis G. Stuchs ex Sultzbach ciuis Nurmbergensis";"1500";"In-8 °. Gothique";"Null";"Null"
"http://data.bnf.fr/ark:/12148/cb36824744h";"L'Ordine de la corona de Nostra Donna. - (Titre au-dessous d'une image de Notre-Dame :) Qui comenza l'ordine de la corona de Nostra Donna, come // se de dire, quante volte a la septimana, chi vol lo perdon // secondo che sta date per diversi pontifici, e ultimamente // per papa Sixto quarto, in la bulla presente confirmato";"1500";"[Venezia ?]";"[s. n.]";"1500";"4 feuillets, ill.";"Null";"http://gallica.bnf.fr/ark:/12148/bpt6k134530k"
"http://data.bnf.fr/ark:/12148/cb36824813h";"Onser vrouwen ghetiiden";"1500";"Paris";"Wolfgang Hopyl";"1500";"ill.";"Null";"Null"
"http://data.bnf.fr/ark:/12148/cb306009524";"Itinerarius Joannis de Hese, presbiteri, a Hierusalem describens dispositiones terrarum, insularum, montium et aquarum ac etiam quedam mirabilia et pericula per diversas partes mundi contingentia lucidissime enarrans. Tractatus de decem nationibus et sectis christianorum. Epistola Joannis soldani ad Pium papam secundum. Epistola responsoria Pii pape ad soldanum. Joannis presbiteri, maximi Indorum et Ethiopum christianorum imperatoris et patriarche, epistola ad Emanuelem, Rhome gubernatorem, de ritu et moribus Indorum deque ejus potentia, diviciis et excellentia. Tractatus pulcherrimus de situ et dispositione regionum et insularum totius Indie, necnon de rerum mirabilium ac gentium diversitate. - A la fin : Expliciunt duo tractatuli de mirabilibus rerum totius Indie ac principe eorum presbitero Johanne";"1500";"(Coloniae";"C. de Zyrickzee";"1500";"In-4° , 21 ff. non ch., sign. a-d, car. goth. (Voullième, 545.)";"Null";"Null"
"http://data.bnf.fr/ark:/12148/cb306043633";"Expositio hymnorum per totum anni circulum [per Hilarium Pictaviensem]. - A la fin : Exaratum est hoc opus Rothomagi in domo Ricardi Ausoult pro Roberto Mace, bibliopola... Universitatis cadomensis, in eodem loco commorantis... anno Domini millesimo quingentesimo die vero XII. februarii";"1500";"Rothomagi";"Null";"1500";"In-8° , 93 ff. ch., car. goth., marque du libraire R. Macé. (Delisle, 166.)";"Null";"Null"
"http://data.bnf.fr/ark:/12148/cb30616850t";"Quinti Horatii Flacci de Arte poetica opusculum aureum, ab Ascensio familiariter expositum. Venundatur Parrhisiis, in Leone argenteo et in Pellicano, regionis Divi Jacobi. - A la fin : Impressum solertia Thielmanni Kerver, in inclyto Parrhisiorum gymmnasio [sic], ad idus maias anni gratiae christianae MCCCCC...";"1500";"Parisiis";"Null";"1500";"In-4° , 44 ff.";"Null";"http://gallica.bnf.fr/ark:/12148/bpt6k852909k"
"http://data.bnf.fr/ark:/12148/cb306168488";"Horatii Flacci... de Divina sacratissimorum poetarum arte...";"1500";"(Viennae Austriae";"Winterburg";"1500";"In-4° , 10 ff., sign. a-b, car. rom.";"Null";"Null"
"http://data.bnf.fr/ark:/12148/cb30617166h";"Epistolarum Horatii familiare commentum cum Acronis subtilissima explanatione [edidit Jodocus Badius Ascensius]";"1500";"Parisiis";"F. Regnault";"1500";"In-4° , 88 ff.";"Null";"Null"
"http://data.bnf.fr/ark:/12148/cb30616847x";"Horatii Flacci... de Divina sacratissimorum poetarum arte...";"1500";"(Viennae Austriae";"Winterburg";"1500";"In-4° , 10 ff., sign. a-b, car. goth.";"Null";"Null"
"http://data.bnf.fr/ark:/12148/cb30616849m";"Quinti Horatii Facci [sic] de Arte poetica ad Pisones";"1500";"Parisius";"D. Roce";"1500";"In-4° , 12 ff.";"Null";"Null"
"http://data.bnf.fr/ark:/12148/cb30626335r";"Fol. 1 : Speculum Ecclesie [auctore Hugone de Sancto Charo] et Speculum sacerdotum. - A la fin : Finit Speculum sacerdotum";"1500";"Paris";"Antoine Chappiel pour Claude Jaumar";"1500";"16 ff., signés a-b8, car. goth., à 2 col., marque de Claude Jaumar gr. s. bois au titre";"Null";"Null"
"http://data.bnf.fr/ark:/12148/cb30636124r";"Libro de l'abbate Isaac de Syria de la perfectione de la vita contemplativa";"1500";"Venetiis";"per Bonetum Locatellum presbyterum";"1500";"In-8° . (Copinger, 3324.)";"Null";"Null"
"http://data.bnf.fr/ark:/12148/cb306396674";"Lavacrum conscientiae, omnibus sacerdotibus summe utile ac necessarium [auctore Jacobo a Gruytroede ?]";"1500";"Paris";"Georg Mittelhus";"1500";"Null";"Null";"Null"
"http://data.bnf.fr/ark:/12148/cb306493754";"Opus trivium validis auctoritatibus, tam ex lege divina canonica quam civili, refertissimum, cunctisque verbi Dei declamatoribus perquam necessarium. [Auctore F. Johanne de Bromyard, castigatum vero per F. Symonem Bertherii.]";"1500";"[Lyon]";"Nicolaus Wolf pour Jean Genevey";"1500";"Null";"Null";"Null"
"http://data.bnf.fr/ark:/12148/cb30650419z";"Sermones Dormi secure... de tempore [et de sanctis, auctore Joanne de Verdena]";"1500";"Coloniae";"per H. Quentell";"1500";"2 parties en 1 vol. in-4° . (Hain, *15967 ; Voulliéme, 702 et 700.)";"Null";"Null"
"http://data.bnf.fr/ark:/12148/cb30650223n";"Le Codicille et testament de maistre Jehan de Meun, avecques l'épitaphe du feu roy Charles septiesme, qui trespassa audit Meun";"1500";"(Paris";"A. Vérard";"1500";"In-4° , sign. a-g, car. goth., à 2 col., fig. sur bois";"Null";"Null"
"http://data.bnf.fr/ark:/12148/cb30652732g";"Illustrium virorum opuscula. [Edidit Cyprianus Benetus.]";"1500";"Parisiis";"Null";"1500";"In-fol. (Pellechet, 1414.)";"Null";"Null"
"http://data.bnf.fr/ark:/12148/cb30652639m";"Septenaria sodalitas litteraria Germaniae";"1500";"Viennae";"ductu C. Celtis";"1500";"In-4° . (Hain, 2182.)";"Null";"Null"
"http://data.bnf.fr/ark:/12148/cb30655595j";"Textus de Sphera Johannis de Sacro Bosco, cum additione... adjecta, novo commentario [Jacobi Fabri Stapulensis] nuper edito ad utilitatem studentium philosophice parisiensis Academie illustratus, cum compositione anuli astronomici Boni [sic] Latensis et Geometria Euclidis Megarensis [in latinum a Boetio translata]";"1500";"Parisiis";"per W. Hopyl";"1500";"In-fol. (Copinger, 5207.)";"Null";"Null"
"http://data.bnf.fr/ark:/12148/cb30670997j";"Juvencus presbyter immensam evangelicae legis majestatem heroicis versibus concludens. Hermanni Buschii In presbyterum Juvencum Hispanum epigramma";"1500";"(Deventer";"J. de Breda.)";"1500";"In-4° . (Campbell, 1059.)";"Null";"Null"
"http://data.bnf.fr/ark:/12148/cb306729809";"Collectio duarum passionum Jesu Christi, ex quatuor evangeliorum concordantiis, auctore Johanne Kannemann. Rabani abbatis Historia seu passio divae virginis sanctae Katherinae";"1500";"(Bazileae.)";"Null";"1500";"In-4° . (Hain-Copinger, *9759.)";"Null";"Null"
"http://data.bnf.fr/ark:/12148/cb306799146";"Fasciculus medicinae, auctore Johanne de Ketham";"1500";"Venetiis";"per J. et G. de Gregoriis";"1500";"In-fol.";"Null";"Null""http://data.bnf.fr/ark:/12148/cb30724786f";"Le Chevalier délibéré";"1500";"Paris";"Jean Trepperel";"1500";"42 ff.";"Null";"http://gallica.bnf.fr/ark:/12148/bpt6k713939"
"http://data.bnf.fr/ark:/12148/cb307247884";"Le Chevalier délibéré";"1500";"Lyon";"Martin Havard";"1500";"Sign. A-H";"Null";"http://gallica.bnf.fr/ark:/12148/bpt6k70509w"
"http://data.bnf.fr/ark:/12148/cb30724796r";"Le Débat de Cuidier et de Fortune";"1500";"Valenciennes";"Jean de Liège";"1500";"10 ff. non ch., sans récl. ni sign.";"Null";"http://gallica.bnf.fr/ark:/12148/bpt6k70383r"
"http://data.bnf.fr/ark:/12148/cb307736639";"Ars suppositionum Jacobi Fabri Stapulensis, adjectis passim Caroli Bovilli,... annotationibus...";"1500";"Paris";"Félix Baligault pour Jean Petit";"1500";"Null";"Null";"Null"
"http://data.bnf.fr/ark:/12148/cb30773694k";"In hoc opusculo he continentur Introductiones : in suppositiones, in predicabilia, in divisiones, in predicamenta, in librum de enunciatione, in primum priorum, in secundum priorum, in libros posteriorum, in locos dialecticos, in fallacias, in obligationes, in insolubilia. - A la fin : Absolutum est hoc opus Parisiis per Johannem Hignanum et Volgangum Hopglium,... anno... 1500...";"1500";"Parisiis";"Null";"1500";"In-4° . (Vander Haeghen, p. 288.)";"Null";"Null"
"http://data.bnf.fr/ark:/12148/cb307788543";"Sophologium";"1500";"[Paris]";"Félix Baligault pour Jean Richard";"1500";"Null";"Null";"Null"
"http://data.bnf.fr/ark:/12148/cb38497153k";"[Illustrations de Les Commentaires de Jules César.]";"1500";"Paris";"A. Vérard";"1500";"9 est. : gravures sur bois : n. et b.";"http://data.bnf.fr/ark:/12148/cb11975832b";"http://gallica.bnf.fr/ark:/12148/btv1b2200033q"
"http://data.bnf.fr/ark:/12148/cb384983343";"[Illustrations de Le Roman de la Rose]";"1500";"Paris";"A. Vérard, Galliot du Pré";"1500";"87 est. : gravures sur bois : Noir et blanc";"Null";"http://gallica.bnf.fr/ark:/12148/btv1b2200044h"
"http://data.bnf.fr/ark:/12148/cb384983374";"[Illustrations de Le Chevalier délibéré]";"1500";"Paris";"Jean Trepperel";"1500";"15 est. : gravures sur bois : Noir et blanc";"Null";"http://gallica.bnf.fr/ark:/12148/btv1b22000418"
"http://data.bnf.fr/ark:/12148/cb307994101";"Le dialogue de confidence en Dieu, moult dévot et consolatif pour relever l'âme pécheresse";"1500";"[Paris";"Étienne Jehannot pour] Simon Vostre";"1500";"32 ff.";"Null";"http://gallica.bnf.fr/ark:/12148/bpt6k5772619d"
"http://data.bnf.fr/ark:/12148/cb38692379z";"Timone Comoedia del Magnifi|co Co[n]te Matheo Maria Boyardo ||";"1500";"Scandiano";"Pellegrino Pasquali et Gasparo Crivello";"1500";"[40] f. signés a-f6, g4";"Null";"Null"
"http://data.bnf.fr/ark:/12148/cb30826417f";"Michaelis Lochmaier Parochiale curatorum";"1500";"Basileae";"Null";"1500";"In-4° . (Copinger, 3632.)";"Null";"Null"
"http://data.bnf.fr/ark:/12148/cb308264252";"Celeberrimi domini Michaelis Lochmaier Sermones de sanctis perutiles, cum viginti tribus sermonibus magistri Pauli Wann annexis";"1500";"Hagenaw";"Null";"1500";"In-fol. (Hain-Copinger, *10174.)";"Null";"Null"
"http://data.bnf.fr/ark:/12148/cb30844082q";"Titi Lucretii Cari Libri sex nuper emendati [de rerum natura, curante Hieronymo Avancio]";"1500";"Venetiis";"apud Aldum";"1500";"In-4° . (Hain-Copinger, *10285.)";"Null";"Null"
"http://data.bnf.fr/ark:/12148/cb30844664f";"Lo Segon del cartoxa [Ludolpho] traducido por Juan Ruiz de Corella";"1500";"Valencia";"(C. Cofman)";"1500";"In-fol. (Haebler, 375.)";"Null";"Null"
"http://data.bnf.fr/ark:/12148/cb308588796";"Regimen sanitatis Magnini Mediolanensis";"1500";"[Paris]";"Félix Baligault pour Claude Jaumar et Thomas Julian";"1500";"[124] p. et [2] p. pour la table";"Null";"Null"
"http://data.bnf.fr/ark:/12148/cb30861238g";"La Confession frère Olivier Maillard";"1500";"[Paris";"Michel Le Noir";"1500";"14 ff.";"Null";"Null"
"http://data.bnf.fr/ark:/12148/cb308612583";"Divini eloquii preconis celeberrimi fratris Oliverii Maillardi, ordinis Minorum professoris, Sermones de Adventu, declamati Parisius in ecclesia sancti Johannis in Gravia et Lugduni noviter impressi";"1500";"Paris";"Philippe Pigouchet pour Jean Petit, Jean Richard et Durand Gerlier à Paris, et Jacques Huguetan à Lyon";"1500";"Null";"Null";"Null"
"http://data.bnf.fr/ark:/12148/cb30861268d";"Quadragesimale opus declamatum Parisiorum urbe ecclesia sancti Johannis in Gravia, per venerabilem patrem Sacre Scripture interpretem et divini verbi preconem exomium, fratrem Oliverium Maillardi, ordinis fratrum Minorum, Lugduni noviter impressum";"1500";"Paris";"Philippe Pigouchet pour Jean Petit, Jean Richard et Durand Gerlier à Paris, et Jacques Huguetan à Lyon";"1500";"136 ff., table";"Null";"Null"
"http://data.bnf.fr/ark:/12148/cb308702311";"Ant. Mancinelli Spica voluminum IIII. Versilogus. - A la fin : Impressum Mediolani, per Joannem Angelum Scinzenzeler, anno Domini 1500, die 28 julii";"1500";"Milano";"Giovanni Angelo Scinzenzeler pour Giovanni da Legnano";"1500";"[46] ff. non ch., sign. a-f";"Null";"Null"
"http://data.bnf.fr/ark:/12148/cb308702133";"Omnia opera Mancinelli, per Ant. Mancinellum : Elegantia portus. Lau. Vallensis lima. Rhetoricen ad Herennium esse Ciceronis. Rhetorices ad Herennium commentariolus. Domicii Palladii Sorani carmen. - À la fin : Impressum Mediolani per Petrum Martirem de Mantegaciis";"1500";"Milano";"Pietro Martire Mantegazza pour Giovanni da Legnano";"1500";"sign. a-m";"Null";"Null"
"http://data.bnf.fr/ark:/12148/cb30870215s";"Ant. Mancinelli Carmen de floribus. Carmen de figuris. De Poetica virtute. Vitae carmen. - A la fin : Impressum Mediolani per Petrum Martirem de Mantegatiis, ad impensa domini Johannis de Legnano, anno a nativitate Domini 1500, die 10 mensis junii";"1500";"Milano";"Pietro Martire Mantegazza pour Giovanni da Legnano";"1500";"[62 ff.] non ch., sign. a-h";"Null";"Null"
"http://data.bnf.fr/ark:/12148/cb30873907t";"Parthenice Mariana";"1500";"Pictavis";"[s.n.]";"1500";"152 p.";"Null";"http://gallica.bnf.fr/ark:/12148/bpt6k70190g"
"http://data.bnf.fr/ark:/12148/cb30893296r";"Seneca de Quatuor virtutibus cardinalibus et de formula honeste vite. [Marque de M. Durand Gerlier.] - A la fin : Explicit tractatus Senece de Quatuor virtutibus et de formula honeste vite";"1500";"[Paris";"Étienne Jehannot ou Pierre Le Dru ? pour] Durand Gerlier";"1500";"6 ff. n. ch., signés a6";"Null";"Null"
"http://data.bnf.fr/ark:/12148/cb30893109q";"Les Vigilles de Charles VII. - Fol. ai : Les Vigilles de la mort du feu roy Charles septiesme, à neuf pseaulmes et neuf leçons, contenans la cronique et les faitz advenuz durant la vie dudit feu roy, composées par maistre Marcial de Paris dit d'Auvergne, procureur en Parlement. - A la fin : Imprimé à Paris par Pierre Le Caron, demourant en la rue de la Juyrie, à l'enseigne de la Rose, ou à la première porte du Palais";"1500";"Paris";"Pierre Le Caron";"1500";"In-fol., sign. a-q, à 2 col., car. goth., fig. gr. sur bois, marque de Pierre Le Caron au titre";"Null";"http://gallica.bnf.fr/ark:/12148/bpt6k851093b"
"http://data.bnf.fr/ark:/12148/cb39304659d";"Eximii doctoris beati Gregorii pape Trentenarius unacu[m] quibusda[m] novis missis";"1500";"Lugduni";"Franciscu[m] Fradin et Johan[n]e[m] Fyrobe[m]";"1500";"[?]-CLII f.";"Null";"Null"
"http://data.bnf.fr/ark:/12148/cb39306916f";"Conclusiones de diversis materiis moralibus sive de regulis mandatorum";"1500";"Parisiis";"Georgius Mittelhus";"1500";"Null";"Null";"Null"
"http://data.bnf.fr/ark:/12148/cb39310767j";"Sti Thomae de Aquino Super libris Boetii de consolatione philosophiae commentarius. - in Ejusd. Boetii de Scholarium disciplinâ commentarium";"1500";"Lugduni";"Joh. Devingle";"1500";"In-4 °";"Null";"Null"
"http://data.bnf.fr/ark:/12148/cb39322173h";"Carmen juvenile Sulpitii Verulani de moribus in mensa servandis... [A la fin :] Carmen juvenile Sulpitii Verulani de Moribus in mensa servandis feliciter finit";"1500";"Paris";"Nicole de La Barre";"1500";"6 ff. in-4 ° car. goth.";"Null";"http://gallica.bnf.fr/ark:/12148/btv1b86184421"
"http://data.bnf.fr/ark:/12148/cb39326209n";"Oratio Philippi Beroaldi Bononie[n]sis De felicitate... enarratio[n]e Georgico[?] Virgilii & Columelle [?]";"1500";"Null";"Null";"Null";"Sig. A2-8, B8";"Null";"Null"
"http://data.bnf.fr/ark:/12148/cb39328425x";"[Métamorphoses]. La Bible des poètes de metamorphoze. [Adaptation par Colard Mansion]";"1500";"[Paris]";"[Antoine Vérard]";"1500";"In-fol.";"Null";"Null"
"http://data.bnf.fr/ark:/12148/cb393700802";"Historia ecclesiastica. Trad. Tyrannius Rufinus.  Historia ecclesiastica gentis Anglorum venerabilis Bedae";"1500";"Argentinae";"Georg Husner";"1500";"In fol.";"Null";"Null"
"http://data.bnf.fr/ark:/12148/cb39371911z";"Modus legendi abbreviaturas in utroque jure";"1500";"Null";"Null";"1500";"Sig. a-i8, k3";"Null";"Null"
"http://data.bnf.fr/ark:/12148/cb309481317";"Cy commance la destruction de Troye la grant. [par J. Millet.]";"1500";"Lyon";"Null";"1500";"In-fol. (Hain, 11166.)";"Null";"Null"
"http://data.bnf.fr/ark:/12148/cb30959447w";"La Tersdésirée [sic] et proufitable naissance de très illustre enfant Charles d'Austrice, filz de monseigneur l'archiduc nostre très redoubté prince et seigneur naturel. - A la fin : Imprimez en Vallenchiennes de par Jehan de Liége, demorant entre le pont des ronneaux et le toucquet du leu devant le soleil";"1500";"Valenciennes";"Null";"1500";"In-4° , 6 ff. n. ch. car. goth.";"Null";"Null"
"http://data.bnf.fr/ark:/12148/cb39941343b";"[Fragments] [Das Büch der Croniken und geschichten [trad. Georg Alt]";"1500";"[Augsburg]";"[Schönsperger, Johann, I]";"1500";"83  f.";"Null";"Null"
"http://data.bnf.fr/ark:/12148/cb31017221x";"Consolatorium timorate conscientie venerabilis fratris Johannis Nyder,... - A la fin : Tantum de consolatione timorate conscientie dixisse sufficiat. A cujus modi compilatione si quisque quod suum est recipere velit, nihil aut modicum autori manebit. - Tabula Consolatorii timorate conscientie magistri Johannis Nyder...";"1500";"[Paris";"Félix Baligault pour] Jacques Moerart et pour Jean Petit";"1500";"104 ff., sign. a-n8";"Null";"Null"
"http://data.bnf.fr/ark:/12148/cb31023955d";"Nonius Marcellus. Festus Pompeius. Varro";"1500";"Mediolani";"Null";"1500";"In-fol. (Hain-Copinger, 11909.)";"Null";"Null"
"http://data.bnf.fr/ark:/12148/cb310406736";"Pauli Orosii. Historiarum adversus paganos libri VII";"1500";"Venetiis";"Null";"1500";"In-fol. (Hain-Copinger, *12104.)";"Null";"Null"
"http://data.bnf.fr/ark:/12148/cb40282347f";"[Saint Joseph au bâton fleuri] : [dessin]";"1500";"Null";"Null";"1500";"1 dessin : pierre noire sur papier bistre ; 289 x 171 mm";"Null";"Null"
"http://data.bnf.fr/ark:/12148/cb310465783";"[Publii Ovidii Nasonis Epistola Sapphus ad Phaonem.] - (Fol. 1 :) Sapho ad Phaonem. - (Fol. 2 :) Poetice Saphus ad Phaonem, epistola cultissima. - (Fol. 9 v° :) Poetice Saphus ad Phaonem epistola finit feliciter. Impressum per magistrum Jacobum Moerart, prima die mensis junii";"1500";"[Paris";"Petit Laurens pour] Jacques Moerart";"1500";"9 ff. non ch., sign. a-b";"Null";"Null"
"http://data.bnf.fr/ark:/12148/cb31058144c";"Medula dyaletices edita a perspicacissimo artium preceptore Hieronymo Pardo feliciter incipit. - A la fin : Explicit medulla dyaletices edita a... Hieronymo Pardo... impressa Parisius per Felicem Baligault anno christiane salutis millesimo quingentesimo die vero septima mensis maii";"1500";"Paris";"Félix Baligault";"1500";"Sign. a-z, A-J.";"Null";"Null"
"http://data.bnf.fr/ark:/12148/cb31074008p";"Sermones pomerii de sanctis fratris Pelbarti de Themeswar...";"1500";"Haguenaw";"per H. Gran, sumptibus Rynman";"1500";"In-fol., car. goth. (Hain, *12556)";"Null";"Null"
"http://data.bnf.fr/ark:/12148/cb310790097";"Summa virtutum ac vitiorum Guilhelmi Paraldi,...";"1500";"[Lyon]";"Nicolaus de Benedictis";"1500";"[430] ff. en 3 parties : 226 ff. foliotés et signés a-z8, τ8, ɔ 8, ♃8, A8, B10 ; 186 ff. foliotés et signés C-Z8, aa8, bb10 ; [18] ff. non signés [✽]8, [✽✽]10";"Null";"Null"
"http://data.bnf.fr/ark:/12148/cb31083628x";"Nicolai Perotti Cornucopiae, sive Commentariorum linguae latinae libri. Edidit L. Odaxius";"1500";"Parisiis";"per U. Gering et B. Renbolt";"1500";"In-fol. (Hain-Copinger, *12707.)";"Null";"Null"
"http://data.bnf.fr/ark:/12148/cb40580362c";"Ptolemaei typus";"1500";"Null";"Null";"1500";"1 carte : 15 x 27 cm sur flle 33 x 50 cm";"Null";"Null"
"http://data.bnf.fr/ark:/12148/cb40587637p";"Faernand Cortez";"1500";"Null";"Null";"1500";"1 est.";"http://data.bnf.fr/ark:/12148/cb11932843f";"http://gallica.bnf.fr/ark:/12148/btv1b10500914n"
"http://data.bnf.fr/ark:/12148/cb40592045n";"Fortezza di Gerbi";"1500";"[S.l.]";"[s.n.]";"1500";"1 carte : 27,5 x 40 cm";"Null";"http://gallica.bnf.fr/ark:/12148/btv1b77593298"
"http://data.bnf.fr/ark:/12148/cb40594933m";"Das ist der Rom Weg von meylen zu meylen mit puncten verzeychnet von eyner stat zu der endern durch Deutzche lantt";"1500";"[Nuremberg ?";"[s.n.]";"1500";"1 flle gravée sur bois : 289 x 40";"Null";"http://gallica.bnf.fr/ark:/12148/btv1b550050743"
"http://data.bnf.fr/ark:/12148/cb406154210";"[Reproduction photographique, exécutée";"1500";"[S.l.]";"[s.n.]";"1500";"1 flle : 1000 x 625";"Null";"Null"
"http://data.bnf.fr/ark:/12148/cb31094389r";"Singulier et proufitable exemple pour toutes femmes mariées qui veullent faire leur devoir en mariage envers Dieu et leurs marys et avoir louenge du monde";"1500";"[S.l.]";"[s.n.]";"1500";"13 ff.";"Null";"http://gallica.bnf.fr/ark:/12148/bpt6k105084t"
"http://data.bnf.fr/ark:/12148/cb310945074";"Triumphi de misser Francescho Petrarcha, con li Sonetti correcti novamente [col commento di Bernardo Glicino. - Sonetti con canzoni di Francesco Petrarche con la interpretatione di Francesco Philelpho da continuata da Girolamo Squarzafico";"1500";"Venetia";"Null";"1500";"2 parties en 1 vol. in-fol. (Hain, 12777 ; Fiske, p. 84.)";"Null";"Null"
"http://data.bnf.fr/ark:/12148/cb310955092";"Legend von sant Katherinen";"1500";"Strassburg";"Null";"1500";"In-4° . (Hain, *12851.)";"Null";"Null"
"http://data.bnf.fr/ark:/12148/cb40645592d";"[Vue du port de Margat et de la ville de Valanié]";"1500";"[S.l.]";"[s.n.]";"1500";"1 carte : ill.  ; 21,5 x 29 cm";"Null";"http://gallica.bnf.fr/ark:/12148/btv1b85928962"
"http://data.bnf.fr/ark:/12148/cb40670179h";"Roma antiqua";"1500";"[S.l.]";"Gotfridus de Scachys";"1500";"1 carte : ill.  ; 40,5 x 55 cm";"Null";"http://gallica.bnf.fr/ark:/12148/btv1b5963884p"
"http://data.bnf.fr/ark:/12148/cb40675432w";"Alger";"1500";"[S.l.]";"[s.n.]";"1500";"Null";"Null";"Null"
"http://data.bnf.fr/ark:/12148/cb406751144";"Portulans";"1500";"[S.l.]";"[s.n.]";"1500";"Null";"Null";"http://gallica.bnf.fr/ark:/12148/btv1b84591366"
"http://data.bnf.fr/ark:/12148/cb311060871";"[Auree epistole Joannis Pici Mirandule.]";"1500";"Parisiis";"Null";"1500";"In-4° (Hain, *12997)";"Null";"Null"
"http://data.bnf.fr/ark:/12148/cb406827326";"Colonia Agrippina civitas amplissima";"1500";"[S.l.]";"[s.n.]";"1500";"Null";"Null";"Null"
"http://data.bnf.fr/ark:/12148/cb40685148n";"Egrana civitas";"1500";"[S.l.]";"[s.n.]";"1500";"Null";"Null";"Null"
"http://data.bnf.fr/ark:/12148/cb40690635p";"Friburgum Brisgoix praclara civitas";"1500";"[S.l.]";"[s.n.]";"1500";"Null";"Null";"Null"
"http://data.bnf.fr/ark:/12148/cb31109141q";"Scholastica historia magistri Petri Comestoris sacre scripture seriem brevem nimis et expositam exponentis";"1500";"Argentine";"Null";"1500";"In-fol. (Pellechet, 3883.)";"Null";"Null"
"http://data.bnf.fr/ark:/12148/cb40698704m";"Delineatio urbis Meldorpin anno 1500";"1500";"[S.l.]";"[s.n.]";"1500";"Null";"Null";"Null"
"http://data.bnf.fr/ark:/12148/cb311175437";"Les cent histoires de Troye";"1500";"Paris";"[Philippe Pigouchet]";"1500";"[105] p.";"Null";"http://gallica.bnf.fr/ark:/12148/bpt6k71372b"
"http://data.bnf.fr/ark:/12148/cb407524787";"Alba graeca";"1500";"[S.l.]";"[s.n.]";"1500";"Null";"Null";"Null"
"http://data.bnf.fr/ark:/12148/cb40760544x";"Delineatio urbis Maldorpiae anno 1500";"1500";"[S.l.]";"[s.n.]";"1500";"Null";"Null";"Null"
"http://data.bnf.fr/ark:/12148/cb311224658";"Plautus integer cum interpretatione Joannis Baptistae Pii";"1500";"Milano";"Ulrich Scinzenzeler";"1500";"422 f. signés AA6, a6, b-z8, &8, ɔ8, R̸8, A-Z8, aa-bb8, cc10";"Null";"Null"
"http://data.bnf.fr/ark:/12148/cb407822382";"Opusculum Johannis de sacro busto spericum cum notabili commento a Magnifico viro domino Wenceslao Fabri de Budweysz medicine Doctore edito cumque figuris textum declarantibus utilissimis";"1500";"[Leipzig";"Martin de Landsberg";"1500";"Null";"Null";"Null"
"http://data.bnf.fr/ark:/12148/cb311268582";"Pogii florentini... Facetiarum liber...";"1500";"Venetiis";"Null";"1500";"In-4° . (Hain-Copinger, 13202.)";"Null";"Null"
"http://data.bnf.fr/ark:/12148/cb31126914q";"Sigillum auris. - Fol. sign. A ii : Jesus Maria. Religiosissimae... dominae Camillae Bentivolae... Jacobus Pogius. S. P. D. - Fol. sign. L i, v° : Et sic habes, splendidissime lector, opus editum per nobilem virum Jacobum Pogium diligenterque Bononiae impressum per Joannem Antonium Platonidem, benedictorum bibliopolam necnon civem Bononiensem, sub anno MCCCCC die vero XVIII marcii...";"1500";"Bononiae";"Null";"1500";"In-4° , 81 ff.";"Null";"Null"
"http://data.bnf.fr/ark:/12148/cb31132773x";"Romanae historiae compendium, per Pomponium Laetum";"1500";"Venetiis";"Null";"1500";"In-4° , (Hain-Copinger, *9831.)";"Null";"Null"
"http://data.bnf.fr/ark:/12148/cb31162287v";"Examen de conscience pour soy congnoistre à bien se confesser, composé par maistre Jehan Quentin, pénitencier de Paris";"1500";"[Paris";"Félix Baligault ?";"1500";"[16] p. non ch.";"Null";"Null"
"http://data.bnf.fr/ark:/12148/cb31165793w";"Quintus Curtius Rufus Epistolae";"1500";"Regii Lepidi";"[s.n.]";"1500";"[53] p.";"Null";"http://gallica.bnf.fr/ark:/12148/bpt6k702228"
"http://data.bnf.fr/ark:/12148/cb311801896";"Excellentissimi artium et theologie doctoris magistri Johannis Raulin, cum plerisque dubiis Nicolai amantis passim annexis in Logicam Aristotelis, Commentarium feliciter incipit. - Opus preclarum parisiaca urbe impressum honestorum virorum impensa, Nicolai Vaultier et Durandi Gerlier...";"1500";"Paris";"Félix Baligault pour Nicolas Vaultier et Durand Gerlier";"1500";"[228] ff. non ch.";"Null";"Null"
"http://data.bnf.fr/ark:/12148/cb311929444";"Facetus cum commento. - À la fin : Facetus cum commento finit feliciter, impressum Rothomagi per Guillermun Gaullemier impensis et ere Petri Regnault, bibliopole Universitatis cadomensis, in vico Frigido commorante";"1500";"Rothomagi";"Null";"1500";"In-4° , 11 ff., car. goth. (Delisle, 175.)";"Null";"Null"
"http://data.bnf.fr/ark:/12148/cb312112852";"Richardi de Bury Philobiblion, sive de Amore librorum";"1500";"Paris";"J. Petit";"1500";"In-4° , (Hain, 4152.)";"Null";"Null"
"http://data.bnf.fr/ark:/12148/cb41678981b";"Soixante planches gravées dédiées à Carolo Rubeo";"1500";"Nuremberg";"Jac de Sandrart";"1500";"Null";"Null";"Null"
"http://data.bnf.fr/ark:/12148/cb41873038v";"Sensuyt le livre Tulles Des Offices";"1500";"Paris";"Le Petit Laurens. - Jean Petit";"1500";"Null";"Null";"Null"
"http://data.bnf.fr/ark:/12148/cb312748830";"Viola anime per modus dyalogi inter Raymundum Sebundium,... et Dominum Dominicum Seminiverbium, de Hominis natura (propter quem omnia facta sunt) tractans, ad cognoscendum se, Deum et hominem";"1500";"Toledo";"P. Hagenbach";"1500";"In-4° . (Copinger, 5197. Haebler Bibliografia iberica del siglo XV, 590.)";"Null";"Null"
"http://data.bnf.fr/ark:/12148/cb42053962j";"[L'Homme de douleur debout, les bras étendus] : [estampe]";"1500";"[S.l.]";"[s.n.]";"1500";"1 est. : burin ; 11,6 x 7 cm (tr. c.)";"http://data.bnf.fr/ark:/12148/cb119503221";"http://gallica.bnf.fr/ark:/12148/btv1b69512111"
"http://data.bnf.fr/ark:/12148/cb42059030w";"[Les armoiries au coq] : [estampe]";"1500";"[S.l.]";"[s.n.]";"1500";"1 est. : burin ; 18,2 x 11,8 cm (tr. c.)";"http://data.bnf.fr/ark:/12148/cb15709882m";"http://gallica.bnf.fr/ark:/12148/btv1b6951303t"
"http://data.bnf.fr/ark:/12148/cb312886828";"Hoc in volumine hec continentur : Pomponii Epistola ad Augustinum Mapheum ; C. Crispii Salustii Bellum Catilinarum cum commento Laurentii Valensis. Portii Latronis Declamatio contra L. Catilinam ; C. Crispii Salustii Bellum Jugurtinum, C. Crispii Salustii varie orationes ex libris ejusdem Historarium excerptae, C. Crispii Salustii vita. Rome per Pomponium emendata";"1500";"(S. l.";"Null";"1500";"In-fol., sign. A-H et la table, car. goth.";"Null";"Null"
"http://data.bnf.fr/ark:/12148/cb421143258";"Calendrier et compost des bergers";"1500";"Genèvre";"Jean Belot";"1500";"1 vol.";"Null";"http://gallica.bnf.fr/ark:/12148/bpt6k111259f"
"http://data.bnf.fr/ark:/12148/cb313063876";"La Expositione del Pater Noster composta per Frate Girolamo da Ferrara";"1500";"[Firenze]";"[Antonio Tubini et Andrea Ghirlandi]";"1500";"In-4° , grav. sur bois. (Kristeller, 384c)";"Null";"http://gallica.bnf.fr/ark:/12148/bpt6k134896v"
"http://data.bnf.fr/ark:/12148/cb313064028";"Expositione sopra el psalmo Verba mea";"1500";"[Firenze]";"[imprimeur du Pseudo-Savonarola, Esposizione sopra il Salmo Verba mea";"1500";"Null";"Null";"Null"
"http://data.bnf.fr/ark:/12148/cb31306460f";"Predica del Reverendo Padre Frate Hieronymo da Ferrara, facta il di di sancto Symone et Juda a di XXVIII di octobre 1496...";"1500";"(Firenze";"A. Tubini";"1500";"In-4° . (Hain-Cop.-Reichl., 14389.)";"Null";"Null"
"http://data.bnf.fr/ark:/12148/cb313064566";"Prediche del Reverendo Padre Frate Hieronymo da Ferrara facte l'anno del 1496 ne giorni delle feste... raccolte per ser Lorenzo Violi...";"1500";"[Firenze";"Antonio Tubini, Lorenzo d'Alopa et Andrea Ghirlandi";"1500";"In-fol. (Hain-Cop., 14384 ; B. M., VI, 694.)";"Null";"Null"
"http://data.bnf.fr/ark:/12148/cb42349581g";"Tractatulus de spiritualibus ascensionibus [a Gerardo de Zutphania]";"1500";"[Paris,";"s. n.";"1500";"[68] ff. signés aa-hh8, ii 4";"Null";"Null"
"http://data.bnf.fr/ark:/12148/cb31339153p";"Incipit tabula in librum qui dicitur Mensa philosophica";"1500";"Köln";"apud Praedicatores [= Cornelius von Zyrickzee]";"1500";"In-4";"Null";"Null"
"http://data.bnf.fr/ark:/12148/cb42444708x";"L'enfant sage a trois ans";"1500";"Paris";"s.n.";"1500";"12p.";"Null";"http://gallica.bnf.fr/ark:/12148/btv1b8622092z"
"http://data.bnf.fr/ark:/12148/cb42547876k";"Le livre Tulles des offices";"1500";"Paris";"le Petit Laurens pour Jean Petit";"1500";"Null";"Null";"Null"
"http://data.bnf.fr/ark:/12148/cb425509097";"La Vie de sainte Reine";"1500";"Paris";"Nicolas de La Barre";"1500";"Null";"Null";"Null"
"http://data.bnf.fr/ark:/12148/cb42553334h";"La belle dame sans mercy";"1500";"[Paris";"Nicolas de La Barre";"1500";"Null";"Null";"Null"
"http://data.bnf.fr/ark:/12148/cb42555867b";"Le messaigier damours";"1500";"[France ?";"s. b";"1500";"[14] ff. signés a8, b6. 32 ll.";"Null";"Null"
"http://data.bnf.fr/ark:/12148/cb314195735";"Lucain, Suétoine et Saluste en françoys";"1500";"Paris";"pour Antoine Vérard";"1500";"Null";"Null";"Null"
"http://data.bnf.fr/ark:/12148/cb428602854";"Munich, Staatsbibl., Cod. hebr. 401, fol. 210 r°, 227 r° et v°. Notation de téamîm attribuée à J. Böschenstein";"1500";"Null";"Null";"Null";"Null";"http://data.bnf.fr/ark:/12148/cb135052513";"Null"
"http://data.bnf.fr/ark:/12148/cb31439861d";"Consiliorum [1um-2um volumen], questiones et disputationes abbatis Panormitani [N. Tedeschi]";"1500";"Lugduni";"Null";"1500";"4 parties en 1 vol. in-fol., titre en rouge";"Null";"Null"
"http://data.bnf.fr/ark:/12148/cb314396866";"Opere del Thebaldeo de Ferrara. Sonetti CCLXXXIII, dialogo I, epistole III, egloghe IIII, disperata I, capitoli XIX";"1500";"Venetia";"impresso per B. da Sessa";"1500";"In-4° , car. goth., sign. aii-kii, marque typogr. à la fin. (Hain-Copinger, 15454.)";"Null";"Null"
"http://data.bnf.fr/ark:/12148/cb31451748d";"Theodolus. - Fol. 2 non ch. : Ethiopum terras jam fervida torruit estas, In cancro solis dum volvitur aureus axis... - À la fin : Explicit Theodolus";"1500";"[Paris";"André Bocard";"1500";"8 ff. non chiffrés";"Null";"Null"
"http://data.bnf.fr/ark:/12148/cb31462134h";"In hoc parvo libello continentur tres tractatuli : primus est sancti Thome Aquinatis de Mirabili quidditate et efficacia venerabilis sacramenti Eucharistie ; secundus est magistri Nycolai de Lira de Idoneo ministrante et suscipiente idem sacramentum ; tercius est alicujus docti collectoris de Expositione Dominice orationis...";"1500";"[Köln";"Heinrich Quentell";"1500";"Null";"Null";"Null"
"http://data.bnf.fr/ark:/12148/cb31461892c";"Summa de Veritate... sancti Thome Aquinatis... per... Theodoricum de Susteren,... revisa...";"1500";"Agrippine";"opera H. Quentell";"1500";"In-fol. (Hain, *1421 ; Pellechet, 1020 ; Vouillième, 1160 ; Polain, 3763.)";"Null";"Null"
"http://data.bnf.fr/ark:/12148/cb314618795";"Questiones disputate Angelici doctoris, sancti Thome Aquinatis,... per... Theodericum de Susteren,... in luculentam erecte consonantiam : de Potentia Dei, de Malo, de Unione Verbi incarnati, de Spiritualibus creaturis, de Anima, de Virtutibus";"1500";"Agrippine";"opera H. Quentell";"1500";"In-fol. (Hain-Copinger, *1418 ; Pellechet, 1017 ; Vouillième, 1145.)";"Null";"Null"
"http://data.bnf.fr/ark:/12148/cb314813018";"Revelationes... [Editae a Floriano Waldauf.]";"1500";"Norimbergae";"Null";"1500";"In-fol., fig. et pl. (Hain, 3205 ; Pellechet, 3001 ; Br. Mus., Books pr. XVth c., t. II, p. 445 ; Gesamtkatalog der Wiegendrucke, IV, 4392.)";"Null";"Null"
"http://data.bnf.fr/ark:/12148/cb31481758b";"Vocabularius poeticus, sive Elucidarius carminum et historiarum continens fabulas, historias, provincias, urbes, insulas, fluvios et montes illustres, et cetera [auctore H. Torrentino]";"1500";"Coloniae";"apud Predicatores (impressum per C. von Zyrickzee";"1500";"In-4° à 2 col. (Copinger, 6375 ; Voullième, 1188 ; Schramm, Der Bilderschmuck der Frühdrucke, t. VIII.)";"Null";"Null"
"http://data.bnf.fr/ark:/12148/cb31520510g";"Valere le grant";"1500";"Paris";"A. Vérard";"1500";"2 t. en 1 vol. ([ca 670 p.])";"Null";"http://gallica.bnf.fr/ark:/12148/bpt6k1106657"
"http://data.bnf.fr/ark:/12148/cb31520738d";"C. Valerii Flacci,... Argonautica diligenter accurateque emendata et suo nitori reddita in hoc volumine continentur";"1500";"Venetiis";"per C. de Pensis";"1500";"In-8° , 72 ff. n. ch.";"Null";"Null"
"http://data.bnf.fr/ark:/12148/cb31545379h";"Compendiosa doctrina... de proprietate sermonum...";"1500";"Mediolani";"per J. A. Scinzenzeler";"1500";"In-fol. (Hain-Copinger, 11909.)";"Null";"Null"
"http://data.bnf.fr/ark:/12148/cb31553014t";"Francisci Philelphi,... De Educatione liberorum clarisque eorum moribus, opus saluberrimum...";"1500";"[Poitiers]";"Jean Bouyer et Guillaume Bouchet";"1500";"sign. a-v";"Null";"Null"
"http://data.bnf.fr/ark:/12148/cb31564928f";"Questa devota et molto utile opereta, come zardin de infiniti suavissimi et redolenti fiori, contien in si melliflua et saluberrima meditation contemplante el sacratissimo sacramento del corpo del nostro redemptor Christo Jesu... Dapoi parla della confessione. Ultimo loco contien uno tractadello de communione devotissimo. Composto per lo venerando padre Paulo Veronese,... - À la fin : Finisse il devotissimo libro del sacramento, stampato in Venetia per maistro Pietro da Pavia, nel anno del M.CCCCC., a di XII del mese de decembrio";"1500";"Venetia";"Null";"1500";"In-fol. à 2 col., sign. a-m⁽6, fig. au titre et à la fin";"Null";"Null"
"http://data.bnf.fr/ark:/12148/cb31572284q";"[Rhetoricorum libri cum commentariis... Fabii Victorini, Francisci Maturantii et Antonii Mancinelli]";"1500";"Venetiis";"Null";"1500";"In-fol. (Hain, 5085.)";"Null";"Null"
"http://data.bnf.fr/ark:/12148/cb31584919w";"Le grant testament Villon et le petit";"1500";"Paris";"[J. Trepperel]";"1500";"Sign. A-E⁽6, f-g⁽6, h⁽4";"Null";"http://gallica.bnf.fr/ark:/12148/bpt6k705552"
"http://data.bnf.fr/ark:/12148/cb31606915h";"[Legenda hec aurea (per Jacobum de Voragine) excuditur formis, claretque plurimum censoria castigatione, usque adeo ut nihil perperam adhibitum semontive, quod ad rem potissimum pertinere non videatur, offendi possit.]";"1500";"(Lugduni";"per J. Pivard,)";"1500";"In-4° . (Copinger, 6471 ; Polain, 2214 ; Brit. Mus., Books pr. XVth c., t. VIII, p. 334 ; Goff, J-136.)";"Null";"Null"
"http://data.bnf.fr/ark:/12148/cb31621660q";"Celeberrimi sacre theologie necnon juris pontificii doctoris et artium magistri ac ecclesie Pataviensis canonici domini Michaelis Lochmair Sermones de sanctis perutiles, cum vigintitribus sermonibus magistri Pauli Wann annexis...";"1500";"Haguenaw";"expensis J. Rynman impressum per H. Gran";"1500";"In-fol. (Hain, *10174.)";"Null";"Null"
"http://data.bnf.fr/ark:/12148/cb316561082";"Oracio querulosa contra invasores sacerdotum";"1500";"[Basel ?";"s. n.";"1500";"signé a10";"Null";"Null"
"http://data.bnf.fr/ark:/12148/cb31656083j";"[Quaestiones super primum librum Sententiarum.]";"1500";"Nurembergae";"Null";"1500";"In-fol. (Hain, Copinger, 3543 ; Pellechet, 2717.)";"Null";"Null"
"http://data.bnf.fr/ark:/12148/cb31656066z";"Ad illustris domini Ludovici comitis in Levensten filium primogenitum D. Wolfgangum Adolescentia Wymphelingii";"1500";"Argentinae";"M. Flach";"1500";"In-4° , pièces limin., 74 ff., fig. gr. sur bois. (Hain, Copinger, 16190 ; Pellechet, 11809 ; Br. Mus., Books pr. XVth c., t. I, p. 156 ; F. R. Goff, Incunabula in American libraries, 3rd cursus, p. 633, W-20 ; T. Guarnaschelli, E. Valenziani, E. Cerulli, Indice generale degli incunabuli delle bibliotheche d'Italia, 10384 ; Schreiber, 5471 ; Schramm, t. XX, p. 28, et fig. 1687-1689";"Null";"Null"
"http://data.bnf.fr/ark:/12148/cb31656099x";"Immunitatis et libertatis ecclesiastice statusque sacerdotalis defensio";"1500";"(Viennae";"J. Winterberg";"1500";"In-4° , signé a⁽8, car. goth. (Hain 6080 ; Pellechet 4183 ; Br. Mus., Books pr. XVth c., III, p. 813 ; Goff, p. 633, W-25.)";"Null";"Null"
"http://data.bnf.fr/ark:/12148/cb316732666";"Xenophontis Opera in hoc volumine impressa : Xenophon de Venatione, per Omnibonum Vincentinum in latinum traductus... Liber de Re publica et de legibus Lacedaemoniorum ; Franciscus Philelfus e graeco traduxit... Oratio de regis Agesilai Lacedemoniorum laudibus, per Philelfum traducta... Apologia pro Socrate, per Leonardum Aretinum in latinum conversa... Opusculum de Tyrannide, per Leonardum Aretinum traductum... Libellus de Aequivocis. Paedia Cyri Persarum regis";"1500";"(Mediolani";"Guillermus Le Signerre";"1500";"In-fol. (Hain-Copinger, 16225 ; Br. Mus., Books pr. XVth c., t. VII, p. 1150 ; Goff, p. 635, X-2 ; Indice gen. degli incunaboli... d'Italia, 10403.)";"Null";"Null"
"http://data.bnf.fr/ark:/12148/cb31673955g";"Missale mixtum secundum regulam beati Isidori, dictum mozarabes [perfectum et emendatum per... Alfonsum Ortiz]";"1500";"Toleti";"Null";"1500";"In-fol. (Hain, 11336.)";"Null";"Null"
"http://data.bnf.fr/ark:/12148/cb45057616x";"[Recueil. Oeuvre de Jacopo de' Barbari. Oeuvre de Réserve. Pièces de grand format]";"1500";"Null";"Null";"Null";"Est. : formats divers";"Null";"Null"
"http://data.bnf.fr/ark:/12148/cb45056929v";"[Vue de Venise à vol d'oiseau] : [estampe]";"1500";"[Venise]";"[s.n.]";"1500";"1 est. en six feuilles destinées à être assemblées par trois en largeur et par deux en hauteur : gravure sur bois ; 67 x 91,5 cm (1re pl.), 67 x 100 cm (2e pl.), 67 x 91 cm (3e pl.), 67,5 x 91,5 cm (4e pl.), 67 x 99,5 cm (5e pl.), 67,5 x 91 cm (6e pl.), 134 x 282 cm (ensemble)";"http://data.bnf.fr/ark:/12148/cb11933474v";"Null"
"http://data.bnf.fr/ark:/12148/cc8082r";"Herbier [ציורי עשבים]";"1500";"Null";"Null";"Null";"74 f.";"Null";"Null"
"http://data.bnf.fr/ark:/12148/cb317098948";"Doctrinale cum commento (Ludovici de Guaschis.) - A la fin : Doctrinale Alexandri grammatici pro eruditione puerorum feliciter explicit. Impressum Venetiis per Christophorum de Pensis. Anno Domini M. ccccc, die XIIII Augusti";"1500";"Venise";"Null";"1500";"Null";"Null";"Null"
"http://data.bnf.fr/ark:/12148/cb31710631v";"Cyrurgia pawa";"1500";"Venetiis";"Null";"1500";"Null";"Null";"Null"
"http://data.bnf.fr/ark:/12148/cb317301954";"Probleumata Aristo//telis, determinantia multas questiones de variis cor//porum humanorum dispositionibus, valde audientibus//suaves, cum ejusdem Aristotelis vita et morte metrice descripta... - (A la fin :) Imprimé pour Alexandre, demourant à Paris, au//Mont Saincte Geneviefve, devant le college de la Marche, 1500, le IIII jour d'apvril";"1500";"Paris";"Guy Marchant pour Alexandre [Aliate]";"1500";"Null";"Null";"Null"
"http://data.bnf.fr/ark:/12148/cb317319780";"(A la fin :) Getruckt zu Strassburg, anno Domini MCCCCC";"1500";"Strasbourg";"Null";"1500";"Null";"Null";"Null"
"http://data.bnf.fr/ark:/12148/cb320144765";"Ad Helenam et Alexandrum [en grec et latin]. Trad. Ludovicus Ponticus Virunnius";"1500";"Reggio Emilia";"Dionisio Bertocchi pour Ludovicus Ponticus Virunius";"1500";"22 ff.";"Null";"Null"
"http://data.bnf.fr/ark:/12148/cb32158408n";"Cyrurgia parva Guidonis";"1500";"Venetiis";"Null";"1500";"Null";"Null";"Null"
"http://data.bnf.fr/ark:/12148/cb321964963";"Lettres nouvelles de Milan : avec les regretz du Seigneur Ludovic";"1500";"[Paris";"Pierre Le Caron";"1500";"[6] ff.";"Null";"http://gallica.bnf.fr/ark:/12148/bpt6k108654g"
"http://data.bnf.fr/ark:/12148/cb322483535";"[Tractatus de vinis.] (A la fin :) Getruckt zu Strassburg, anno Domini MCCCCC";"1500";"Strasbourg";"Null";"1500";"Null";"Null";"Null"
"http://data.bnf.fr/ark:/12148/cb32348294n";"Triumphi de misser Francesco Petrarcha, con li Sonetti correcti novamente [col commento di Bernardo Glicino. - Sonetti con canzoni di Francesco Petrarche con la interpretatione di Francesco Philelpho da continuata da Girolamo Squarzafico]";"1500";"Venetia";"Null";"1500";"Null";"Null";"Null"
"http://data.bnf.fr/ark:/12148/cb32409096c";"Quadragesimale opus declamatum Parisiorum urbe, ecclesia sancti Johannis in Gravia, per... fratrem Oliverium Maillardi,... Parisius noviter impressum";"1500";"Paris";"Philippe Pigouchet pour Jean Petit, Jean Richard et Durand Gerlier à Paris, et Jacques Huguetan à Lyon";"1500";"Null";"Null";"Null"
"http://data.bnf.fr/ark:/12148/cb32502426s";"Ovidius. De Tristibus";"1500";"Venezia";"Giovanni Tacuino";"1500";"Null";"Null";"Null"
"http://data.bnf.fr/ark:/12148/cb325318895";"Rosarium beatissimae Virginis Mariae...";"1500";"Bononiae";"Null";"1500";"Null";"Null";"Null"
"http://data.bnf.fr/ark:/12148/cb33274147g";"Das buchlein saget von bewerter ertzeney der Pferd";"1500";"Erfurth";"imp. de la paroisse St Paul";"1500";"In-4°";"http://data.bnf.fr/ark:/12148/cb119317010";"Null"
"http://data.bnf.fr/ark:/12148/cb333366183";"[La dance macabre]";"1500";"[Paris]";"[A. Verard]";"1500";"[23] p. n. ch.";"Null";"http://gallica.bnf.fr/ark:/12148/bpt6k111056p"
"http://data.bnf.fr/ark:/12148/cb333425349";"Destructorium vitiorum";"1500";"[S.l.]";"[s.n.]";"1500";"142 p.";"Null";"http://gallica.bnf.fr/ark:/12148/bpt6k70533r"
"http://data.bnf.fr/ark:/12148/cb33368631d";"Les enseignemens moraulx et les concilles des devotz";"1500";"[Paris";"Jean Maurand ? pour Antoine Verard";"1500";"20 ff., ill.";"Null";"Null"
"http://data.bnf.fr/ark:/12148/cb33399756w";"Galien Rethore nouvellement imprimé a Paris";"1500";"Paris";"A. Vérard";"1500";"120 f.";"Null";"http://gallica.bnf.fr/ark:/12148/bpt6k111284k"
"http://data.bnf.fr/ark:/12148/cb33415696d";"Hercule. - (Titre :) Les proesses et vaillances du preux Hercule. (Vignette. - Au verso la marque de Michel Le Noir. - A la fin :) Cy finent les prouesses et vaillances avec la mort du tres vaillant Hercules. Imprimees a Paris par Michel Le Noir, demourant sur le pont Sainct Michiel a l'ymage Sainct Jehan l'evangeliste. L'an Mil Cinq cens. Le second jour d'Octobre";"1500";"Paris";"Michel Le Noir";"1500";"[100] ff.";"Null";"http://gallica.bnf.fr/ark:/12148/btv1b86001264"
"http://data.bnf.fr/ark:/12148/cb33495246d";"De mundicia continentia et castitate sacerdotum. (A la fin) Opusculum quod de mundicia continentia et castitate sacerdotum intitulatur feliciter finit";"1500";"Paris";"Pierre Le Dru] pour Denys Roce et Jean Petit";"1500";"Cahiers a-e";"Null";"Null"
"http://data.bnf.fr/ark:/12148/cb334940249";"La Morte de Bovo d'Antona";"1500";"Milani";"Pietro Martire Mantegazza pour Giovanni da Legnano";"1500";"18 feuillets signés a-c, ill.";"Null";"Null"
"http://data.bnf.fr/ark:/12148/cb336106987";"Der spiegel [...]... [Le miroir du salut des hommes, avec de belles histoires et Extrait de la Bible quant aux Evangiles et aux Epîtres, avec figures. (A la fin)...";"1500";"Imprimé dans la ville impériale d'Augspurg";"par Hans Schönsperger";"1500";"In-fol.";"Null";"Null"
"http://data.bnf.fr/ark:/12148/cb33610705p";"Le miroir de la redemption humaine";"1500";"Paris";"A. Vérard";"1500";"221 f.";"Null";"http://gallica.bnf.fr/ark:/12148/bpt6k110631p"
"http://data.bnf.fr/ark:/12148/cb33610699k";"Der spiegel [...]... (Le miroir du Salut des hommes, avec de belles histoires et extraits de la Bible quant aux évangiles et aux épîtres, avec figures)";"1500";"(A la fin :) Imprimé dans la ville impériale d'Augspurg";"par Hans Schönsperger";"1500";"In-fol.";"Null";"Null"
"http://data.bnf.fr/ark:/12148/cb336128957";"(Titre :) Statuta Dominorum Artistarum // Achademiae Patavinae. - (A la fin :) Expensis Magistri pasquini de roma // et // B.F.//A. // ad utilitatem et commodum dominorum doctorum et scholasticorum gymnasii patavini";"1500";"[Venezia ou Padova ?]";"Null";"1500";"In-4°. Caractère italique. [...]ff. prélim. et 36 ff. chiffrés I-V, II, VII, IIII, IX, XIII-XXXVII, LX, XXXIII, XXXVIII. Réclames. Signatures A-K";"Null";"Null"
"http://data.bnf.fr/ark:/12148/cb33632233f";"(Fol 1 recto : Titre :) Les troys grans. // - (Fol 2 recto :) Sensuiuent les gestes et faitz de troys grans // Cestassauoir Alexandre Pompee et Charlemaigne // Et pourquoy ilz sont appellez grans par-dessus // tous autres... - (A la fin :) Cy finent les troys grans. Cestassauoir // Alexandre Pompee et Charlemaigne. //";"1500";"[Lyon";"Pierre Maréchal et Barnabé Chaussard";"1500";"[10] ff. non chiffrés, signés a6, b4. Car. goth. A longues lignes";"Null";"Null"
"http://data.bnf.fr/ark:/12148/cb33713287c";"Coppie de la pancarte du tribut prétendu appellé la cloison d'Angers, levé sur les bateaux et marchandises passant par la rivière de Loire ès lieux des ponts de Sée, Ingrande et autres lieux du pays d'Anjou";"1500";"(S. l. n. d.)";"Null";"1500";"Sign. A-B";"Null";"Null"
"http://data.bnf.fr/ark:/12148/cb33715547f";"Arrêt du parlement par lequel est donné autorité aux commissaires de contraindre toutes personnes de quelque qualité qu'ils soient au paiement pour le nettoiement et pavé de la ville";"1500";"(S. l. n. d.)";"Null";"1500";"4°";"Null";"Null"
"http://data.bnf.fr/ark:/12148/cb33715548s";"Arrêt de parlement par lequel la cour a commis un des conseillers de ladite cour pour l'exécution des arrêts donnés sur le fait de la police";"1500";"(S. l. n. d.)";"Null";"1500";"4°";"Null";"Null"
"http://data.bnf.fr/ark:/12148/cb337309510";"Arret de la Cour de parlement de Grenoble donné entre les sieurs prieur et religieux de la Chartreuse du Val S. Hugon en Savoye, Demandeurs d'une part, et les fermiers du peage et gabelles appartenants au roi dans le mandement d'Allevard en Dauphiné, défendeurs d'autre part et encore Mr. le procureur général du roi audit parlement reçu partie intervenante pour les intérêts de sa majesté, par lequel lesdits pères chartreux ont été maintenus en la possession de ne payer aucun peage, gabelle, ni droit pour les mines qu'ils font passer dudit mandement et porter dans leur Martinet, proche ladite chartreuse de S. Hugon ensemble pour le fer fabriqué audit Martinet à condition neanmoins que ce sera tout dol et fraude cessant et pour la nourriture et sustentation tant seulement des religieux de ladite chartreuse et sans en pouvoir commercer et trafiquer ledit fer, ni l'employer d'autre usage, Du 11 avril 1500";"1500";"[S. l. n. d. ?]";"Null";"1500";"Null";"Null";"Null"
"http://data.bnf.fr/ark:/12148/cb33744014g";"Coppie de la pancarte du tribut prétendu appelé la cloison d'Angers, levé sur les bateaux passant par la Loire, ès lieux des Ponts-de-Sée, Ingrande et autres lieux d'Anjou. (Ordonnance des maires et échevins d'Angers.)";"1500";"Orléans";"F. Hotot";"1500";"8°";"Null";"Null"
"http://data.bnf.fr/ark:/12148/cb337649371";"Legrãt pardò // et Jubile universel par tout le monde don//ne par notre sainct pere le Pape Clement // sixiesme";"1500";"(S. l. n. d.)";"Null";"1500";"In-8°. Pièce";"Null";"Null"
"http://data.bnf.fr/ark:/12148/cb33768034g";"Acta scitu dignissima docteque Concinnata Constantiensis Concilii celebratissimi, ex editione Hieronymi de Croaria";"1500";"Haguenau";"Heinrich Gran pour Johannes Rynman";"1500";"Null";"Null";"Null"
"http://data.bnf.fr/ark:/12148/cb337689192";"(Traduction du Stabat mater, en bas allemand, imprimée sous forme de placard, à la récitation de laquelle le pape Boniface a attaché une indulgence de sept ans et commençant par ces mots : Wer dyt-gebet spricht yn der eren Marien...)";"1500";"(S. l.";"Null";"1500";"In-fol. plano, car. goth., fig.";"Null";"Null"
"http://data.bnf.fr/ark:/12148/cb338028674";"Statuta provincialia et synodalia ecclesia Coloniensis edita";"1500";"Null";"Null";"1500";"[6] f.";"Null";"http://gallica.bnf.fr/ark:/12148/bpt6k857395p"
"http://data.bnf.fr/ark:/12148/cb338042162";"Regulae S. Benedicti, S. Blasii, S. Augustini, et S. Francisci a Joh. Francisco Brixiano collectae";"1500";"Venetiis";"cura et impensis L. A. de Giunta";"1500";"In-4°";"Null";"Null"
"http://data.bnf.fr/ark:/12148/cb33810136n";"Le présent Livre fait mencion des ordonnances de la prévosté des marchans et eschevinaige de la ville de Paris. Imprimé par l'ordonnance de messeigneurs de la court de Parlement, ou moys de janvier l'an de grace mil cinq cens. - A la fin : La fin et conclusion de ce présent volume intitulé des faiz et ordonnances de la prévosté des marchans et eschevinaige de la ville de Paris. Imprimé par l'ordonnance que dessus";"1500";"Paris";"Null";"1500";"In-fol., car. goth., 92 ff., fig. gr.";"Null";"Null"
"http://data.bnf.fr/ark:/12148/cb33810350r";"Ordonnancez roiaulx nouvellement publiées à Paris de par le roy Loys XII de ce nom, le XIIIe jour du moys de juing, l'an mil CCCC IIII XX et XIX";"1500";"[Paris";"Pierre Le Caron pour Antoine Vérard";"1500";"[22] ff., sign. A-C6, D4 car. goth.,";"Null";"Null"
"http://data.bnf.fr/ark:/12148/cb33810356t";"Déclaration portant que les charges de procureurs en la Chambre des comptes de Paris ne dérogent point à la noblesse";"1500";"(S. l. n. d.)";"Null";"1500";"In-4°, 3 p.";"Null";"Null"
"http://data.bnf.fr/ark:/12148/cb33991433h";"Tractatus de sensu composito ac diviso...";"1500";"Venetiis";"Null";"1500";"In-4°";"Null";"Null"
"http://data.bnf.fr/ark:/12148/cb339939085";"Tractatus de sensu composito ac diviso magistri Gulielmi Hentisberi, cum expositione infra scriptorum, videlicet : Magistri Alexandri Sermonete, magistri Bernardini Petri de Landuciis, magistri Pauli Pergulensis, magistri Baptiste de Fabriano. In fine : Impressum Venetiis, per Jacobum Pentium de Leuco, anno Domini MCCCCC, die IIIa decembris";"1500";"Venise";"Null";"1500";"In-4°";"Null";"Null"
"http://data.bnf.fr/ark:/12148/cb33995650m";"Tractatus de sensu composito ac diviso...";"1500";"Venise";"Null";"1500";"In-4°";"Null";"Null"
"http://data.bnf.fr/ark:/12148/cb34000465m";"Tractatus de sensu composito ac diviso...";"1500";"Venise";"Null";"1500";"In-4°";"Null";"Null"
"http://data.bnf.fr/ark:/12148/cb352839217";"Sermones dominicales";"1500";"Paris";"Philippe Pigouchet pour Jean Petit, Jean Richard et Durand Gerlier à Paris, et Jacques Huguetan à Lyon";"1500";"84 [-5 de table] ff.";"Null";"Null"
"http://data.bnf.fr/ark:/12148/cb358705039";"Habes in hoc volumine diligens lector lepidissimi poete publij Terentij comedias sex # cum ... Guidonis Iuuenalis interp[re]tatione.";"1500";"Null";"Null";"Null";"192 ff., sig. a-z8, @8 ; 60 ll. (commentaire)";"Null";"Null"
"http://data.bnf.fr/ark:/12148/cb35944987s";"Les cinquante et ung arrest damours";"1500";"[Paris";"s. n.";"1500";"Sig. a-b8, c-g6, h4, i6, k8 (64 f. non ch.)";"Null";"http://gallica.bnf.fr/ark:/12148/bpt6k111095p"
"http://data.bnf.fr/ark:/12148/cb359510942";"Biblia cum summariis concordantiis";"1500";"Null";"Null";"1500";"[16]-CCCLXXXII-[33] f.";"Null";"Null"
"http://data.bnf.fr/ark:/12148/cb35951224f";"[Sans titre]";"1500";"Null";"Null";"1500";"CVI f.";"Null";"Null"
"http://data.bnf.fr/ark:/12148/cb359512202";"Psalterium";"1500";"Null";"Null";"1500";"[136] f.";"Null";"Null"
"http://data.bnf.fr/ark:/12148/cb36125210v";"Iste sunt auctoritates sanctorum doctorum de adventu :Cristi: +Christi+ ad judicium # cum horribili preambulo :& malicia: +et malitia+ illius pessimi hominis Anticripsti";"1500";"Null";"Null";"Null";"Sig. +  a2-5, b-c4, d3 +";"Null";"Null"
"http://data.bnf.fr/ark:/12148/cb36281805c";"La legende des Venitiens. Ou autrement leur cronicque abbregee. Par laquelle est demonstre le tresiuste fondement de la guerre contre eulx. La plaincte du desire C'estadire la deploration du trespas de feu monseigneur le conte de Ligny. Les regretz de la dame infortunee... - (Au verso du titre :)... Lacteur... A faict imprimez ceste sienne oeuvre par Geuffroy de marnef, Libraire iure de luniuersite de Paris";"1500";"Paris";"Geoffroy de Marnef";"1500";"In-4 °. 18 feuillets";"Null";"Null"
