id;title;date;place;publisher;firstyear;description;subject;gallica
"http://data.bnf.fr/ark:/12148/cb30007482b";"Alberti Magni opus de Animalibus";"1479";"Mantova";", Paulus de Butzbach [pour lui-même et pour Marco Mazola à Brescia et Antonio de' Vignono à Venezia]";"1479";"Null";"Null";"Null"
"http://data.bnf.fr/ark:/12148/cb30009443x";"Consilia domini Alexandri de Nevo Vincentini, juris utriusque doctoris, contra Judeos foenerantes";"1479";"Nürnberg";"Friedrich Creussner";"1479";"[44] ff.";"Null";"Null"
"http://data.bnf.fr/ark:/12148/cb30019552c";"Liber Sextus Decretalium";"1479";"Venetiis";"Null";"1479";"In-fol.";"Null";"Null"
"http://data.bnf.fr/ark:/12148/cb30023105h";"Confessionale volgare di frate Antonino, arcivescovo di Firenze, intitolato Specchio di coscienza, ovvero Omnis mortalium cura";"1479";"Firenze";"impr. per mano di don Ipolito, ad petitione di G. di Nato da Firenze";"1479";"In-4° . (Pellechet, 865.)";"Null";"Null"
"http://data.bnf.fr/ark:/12148/cb30023111f";"Confessionale in vulgari sermone, editum per D. Antoninum. - Libreto de la doctrina christiana";"1479";"Venesia";"per Raynaldo de Novimagio";"1479";"In-4° . (Pellechet, 872.)";"Null";"Null"
"http://data.bnf.fr/ark:/12148/cb300275732";"Aristotelis Organon";"1479";"Augustae Vindelicorum";"per A. Keller";"1479";"In-fol. (Pellechet, 1176.)";"Null";"Null"
"http://data.bnf.fr/ark:/12148/cb30029417s";"Tractat Arnoldi de Nova Villa von Bewarung und Beraitung der Wein (in Deutsch gebrächt durch Wilhelm von Hirnnkofen genannt Renwart)";"1479";"(Esslingae";"C. Fyner";"1479";"In-fol. (Pellechet, 1317.)";"Null";"Null"
"http://data.bnf.fr/ark:/12148/cb300335065";"Astesani Summa de casibus conscientiae";"1479";"Köln";"Heinrich Quentell";"1479";"Null";"Null";"Null"
"http://data.bnf.fr/ark:/12148/cb30039119v";"Aurelii Augustini Logica";"1479";"Florentiae";"apud Sanctum Jacobum de Ripoli";"1479";"In-4° . (Pellechet, 1592.)";"Null";"Null"
"http://data.bnf.fr/ark:/12148/cb30038843d";"Divi Aurelii Augustini de Civitate Dei, cum commento Thomae Walleis et Nicolai Triveth";"1479";"Basileae";"M. Wenssler";"1479";"In-fol. (Pellechet, 1556.)";"Null";"Null"
"http://data.bnf.fr/ark:/12148/cb300389999";"Divi Aurelii Augustini liber de Conflictu vitiorum et virtutum. Speculum aureum animae peccatricis a quodam cartusiense editum";"1479";"Paris";"[Pasquier ou Jean Bonhomme]";"1479";"Null";"Null";"Null"
"http://data.bnf.fr/ark:/12148/cb30041954v";"Canonis libri V Avicennae, in latinum translati a Gerardo Cremonensi. Ejusdem libellus de Viribus cordis, translatus ab Arnaldo de Villanova";"1479";"Patavii";"Null";"1479";"In-fol. (Pellechet, 1661.)";"Null";"Null"
"http://data.bnf.fr/ark:/12148/cb30048973t";"Liber viginti unius omeliarum...";"1479";"(Bruxellis,)";"Null";"1479";"In-4° . (Hain, *5038.)";"Null";"Null"
"http://data.bnf.fr/ark:/12148/cb30063142j";"Consilia, disputationes et tractatus varii Bartoli de Saxoferrato";"1479";"Mediolani";"per B. et J. A. de Honate";"1479";"In-fol. (Pellechet, 1969.)";"Null";"Null"
"http://data.bnf.fr/ark:/12148/cb300928614";"Historiae naturalis libri XXXVII";"1479";"Tarvisii";"Null";"1479";"In-fol.";"Null";"Null"
"http://data.bnf.fr/ark:/12148/cb30116713g";"Johannes Boccacius. Von ettlichen Frauen, durch Heinricum Steinhöwel geteütschet";"1479";"Augspurg";"von Anthoni Sorgen";"1479";"In-fol. (Pellechet, 2477.)";"Null";"Null"
"http://data.bnf.fr/ark:/12148/cb30116677f";"Ameto, overe comoedia de Nymphe fiorentine, da Giovanni Boccaccio. Con sonetti di Girolamo Bononio";"1479";"Trevigi";"per Michele Manzolo";"1479";"In-4° . (Pellechet, 2249.)";"Null";"Null"
"http://data.bnf.fr/ark:/12148/cb30118292q";"Boetii de Consolatione philosophiae";"1479";"Pinerolii";"Jacobus Rubens";"1479";"In-4° . (Pellechet, 2514.)";"Null";"Null"
"http://data.bnf.fr/ark:/12148/cb301265103";"Liber sextus Decretalium Bonifacii Papae VIII, Clementinae ac Decretales extravagantes, a Francisco Moneliensi castigati, una cum novellis et declaratione Joannis Andreae de arboribus consanguinitatis et affinitatis. - Fol. a II : Circa lecturam arboris. - Fol. a 4 : Quia preposterus est ordo... Incipit sextus liber Decretalium. - A la fin Sexti libri decretalium opus perutile enucleatius emendatum atque castigatum impensa industriaque singulari Nicolai Jenson Gallici Venetiis impressum feliciter explicit Olympiadibus domini nostri Jesu Christi M CCCC LXXIX, nono calendarum decembris. Registrum... - 2e partie fol. 69°v : Clementinarum opus perutile enucleatius castigatum elimatumque impensa atque industria singulari Nicolai Jenson Gallici Venetiis impressum feliciter explicit Olimpiadibus dominicis M CCCC LXXIX, octavas calendas decembres. - Fol. G. 10 : Incipiunt decretales extravagantes...";"1479";"Venetiis";"Null";"1479";"In-fol., car. goth., 2 col., commentaire encadrant le texte, sign. a-r et A-H";"Null";"Null"
"http://data.bnf.fr/ark:/12148/cb30125384v";"Sancti Bonaventurae Sermones de tempore et sanctis";"1479";"Zwollis";"Null";"1479";"In-fol. (Hain-Copinger, 3512.)";"Null";"Null"
"http://data.bnf.fr/ark:/12148/cb30126511f";"Liber sextus Decretalium Bonifacii Papae VIII ac Clementinae, a Francisco Moneliensi castigati, una cum novellis et declaratione Joannis Andreae de arboribus consanguinitatis et affinitatis";"1479";"Venetiis";"per N. Jenson";"1479";"In-fol. (Hain-Copinger, *3598.)";"Null";"Null"
"http://data.bnf.fr/ark:/12148/cb30126512s";"Liber sextus Decretalium Bonifacii Papae VIII per Franciscum Brevium emendatus, una cum praefatione Petri Albignani, novellis et declaratione Joannis Andreae de arboribus consanguinitatis et affinitatis. Clementinae ac Extravagantes";"1479";"Venetiis";"J. de Colonia et J. Manthen de Gheretzem";"1479";"In-fol. (Hain-Copinger, *3599 et 5424.)";"Null";"Null"
"http://data.bnf.fr/ark:/12148/cb301364957";"Casus longi super quinque libros Decretalium, a domino Bernardo (Bottoni), earumdem precipuo glossatore, utiliter compilati";"1479";"[Basel";"Michael Wenssler";"1479";"Null";"Null";"Null"
"http://data.bnf.fr/ark:/12148/cb30149797p";"La Somme rural (de Jean Boutillier)";"1479";"Bruges";"Colard Mansion";"1479";"2 parties";"Null";"http://gallica.bnf.fr/ark:/12148/bpt6k10751608"
"http://data.bnf.fr/ark:/12148/cb30178426q";"Gualterus Burlaeus. Libellus de vita et moribus philosophorum et poetarum";"1479";"Nürnberg";"Friedrich Creussner";"1479";"Null";"Null";"Null"
"http://data.bnf.fr/ark:/12148/cb301784272";"Liber de vita ac moribus philosophorum poetarumque veterum, ex multis libris tractus, necnon breviter ac compendiose per venerabilem virum magistrum Walterum Burley compilatus";"1479";"[Köln]";"Konrad Winters";"1479";"Null";"Null";"Null"
"http://data.bnf.fr/ark:/12148/cb30186558b";"Opera";"1479";"Vicentiae";"Null";"1479";"In-fol.";"Null";"Null"
"http://data.bnf.fr/ark:/12148/cb30195022x";"Roberti Caraccioli de Licio sermones de timore judiciorum divinorum";"1479";"Nurembergae";"per F. Creussner";"1479";"In-fol. (Hain-Copinger, 4469.)";"Null";"Null"
"http://data.bnf.fr/ark:/12148/cb30195006p";"Roberti Caraccioli de Licio sermo peroptimus de morte";"1479";"Nurembergae";"per F. Creussner";"1479";"In-fol. (Hain-Copinger, 4493.)";"Null";"Null"
"http://data.bnf.fr/ark:/12148/cb30194992b";"Roberti Caraccioli De licio opus quadragesimale quod de penitentia dictum est";"1479";"(Argentorati";"per G. Hussner.)";"1479";"In-fol. (Hain, *4421.)";"Null";"Null"
"http://data.bnf.fr/ark:/12148/cb30194990n";"Roberti Caraccioli de Licio opus quadragesimale quod de penitentia dictum est";"1479";"Lyon";"Nicolaus Philippi et Marcus Reinhart";"1479";"Null";"Null";"Null"
"http://data.bnf.fr/ark:/12148/cb301950071";"Roberti Caraccioli de Licio sermones per Adventum, seu Collecta magistralia de formatione hominis moralis";"1479";"Nuremberge";"per Fridericum Creussner";"1479";"In-fol. (Hain-Copinger, 4458.)";"Null";"Null"
"http://data.bnf.fr/ark:/12148/cb30195021k";"Roberti Caraccioli de Licio Sermones de timore judiciorum divinorum (cum ejusdem sermone notabili de morte)";"1479";"[Lyon]";"[Nicolaus Philippi et Marcus Reinhart]";"1479";"In-4";"Null";"Null"
"http://data.bnf.fr/ark:/12148/cb30195008c";"Roberti Caraccioli de Licio sermones per Adventum et de festivitatibus a Nativitate usque ad Epiphaniam cum Dominici Bollani in quaestionem de conceptione gloriosissime Virginis prohemio";"1479";"[Lyon";"Nicolaus Philippi et Marcus Reinhart";"1479";"Null";"Null";"Null"
"http://data.bnf.fr/ark:/12148/cb30195631j";"Sermonarium triplicatum per adventum et per duas quadragesimas, editum per Michaelem de Carchano";"1479";"Basilee";"per M. Wenfsler";"1479";"In-fol. (Hain-Copinger, *4509)";"Null";"Null"
"http://data.bnf.fr/ark:/12148/cb30213995n";"Boec vanden tijtverdrijf edelre heren ende vrouwen als vanden scaecspul. (Door Jacobus de Cessolis.)";"1479";"Ter Goude";"G. Leeu";"1479";"In-fol. (Pellechet, 3507.)";"Null";"Null"
"http://data.bnf.fr/ark:/12148/cb30213988c";"Solacium ludi schaccorum, auctore Jacobo de Cessolis";"1479";"Mediolani";"ad impensas Paulini de Suardis";"1479";"In-fol. (Pellechet, 3506.)";"Null";"Null"
"http://data.bnf.fr/ark:/12148/cb30242970p";"M. T. Ciceronis Epistolae ad familiares";"1479";"Mediolani";"L. Pachel et U. Scinzenzeler impresserunt";"1479";"In-fol. (Pellechet, 3602.)";"Null";"Null"
"http://data.bnf.fr/ark:/12148/cb302429711";"M. T. Ciceronis Epistolae ad familiares";"1479";"(S. l.,)";"Null";"1479";"In-fol. (Pellechet, 3604.)";"Null";"Null"
"http://data.bnf.fr/ark:/12148/cb302444505";"M. T. Ciceronis Rhetoricorum novorum et veterum libri. Edidit Omnibonus Leonicenus";"1479";"Venetiis";"per Philippum condam Petri";"1479";"In-fol. (Pellechet, 3652.)";"Null";"Null"
"http://data.bnf.fr/ark:/12148/cb302491825";"Clementis papae V Constitutiones. Decretales extravagantes, cum apparatu Jo. Andreae per Petrum Albignanum editae";"1479";"Venetiis";"J. Manthen et J. de Colonia";"1479";"In-fol. (Pellechet, 2742.)";"Null";"Null"
"http://data.bnf.fr/ark:/12148/cb302491856";"Clementis papae V Constitutiones ; Extravagantes decretales, cum apparatu Joh. Andreae, a Franc. Moneliensi editae";"1479";"Venetiis";"N. Jenson";"1479";"In-fol. (Pellechet, 2740.)";"Null";"Null"
"http://data.bnf.fr/ark:/12148/cb30324266r";"Opera Dionysii Areopagitae, interprete Ambrosio Camaldulensi";"1479";"Bruges";"Colard Mansion";"1479";"Null";"Null";"http://gallica.bnf.fr/ark:/12148/bpt6k1075208n"
"http://data.bnf.fr/ark:/12148/cb30347184j";"Dominici de Sancto Geminiano Lectura secunda super sexto libro Decretalium, a Johanne Stoll et Henrico Niffer edita";"1479";"Speyer";"Peter Drach";"1479";"2 parties";"Null";"Null"
"http://data.bnf.fr/ark:/12148/cb303848194";"Guilelmi Durandi Rationale divinorum officiorum";"1479";"[Strasbourg";"Georg Husner";"1479";"Null";"Null";"Null"
"http://data.bnf.fr/ark:/12148/cb30384820b";"Guilelmi Durandi Rationale divinorum officiorum";"1479";"[Strasbourg";"Georg Husner";"1479";"Null";"Null";"Null"
"http://data.bnf.fr/ark:/12148/cb30384805f";"Guilelmi Durandi Rationale divinorum officiorum";"1479";"[Treviso";"Michele Manzolo]";"1479";"Null";"Null";"Null"
"http://data.bnf.fr/ark:/12148/cb30410557m";"[Eusebii Historia ecclesiastica, latine, interprete Rufino. Joannes Schallus edidit.]";"1479";"Mantuae";"J. Schall";"1479";"In-fol. (Pellechet, 4638.)";"Null";"Null"
"http://data.bnf.fr/ark:/12148/cb30411901b";"Margarita poetica, opus clarissimum feliciter incipit Albertus de Eyb,...";"1479";"[Strasbourg";"Georg Husner";"1479";"[243] ff. non signés [a-b]6, [c-g]10, [h-i]8, [k]8 (5+1), [l-q]8, [r-s]10, [t-z]8, [A-F]8";"Null";"Null"
"http://data.bnf.fr/ark:/12148/cb304187213";"Lumen animae";"1479";"[Reutlingen";"Michael Greyff (?)]";"1479";"Null";"Null";"Null"
"http://data.bnf.fr/ark:/12148/cb30459413q";"Determinatio de tempore adventus Antichristi, auctore P. M. Francisci";"1479";"(Coloniae";"Null";"1479";"In-4° . (Pellechet, 4915.)";"Null";"Null"
"http://data.bnf.fr/ark:/12148/cb30498775p";"Cordiale de quatuor novissimis [a Gerardo de Vliederhoven]";"1479";"[Köln,]";"Konrad Winters";"1479";"[68] ff. signés [a]-f8, g-h6, i8";"Null";"Null"
"http://data.bnf.fr/ark:/12148/cb305016453";"Jean Gerson. Le Trésor de sapience";"1479";"[Lyon";"Guillaume Le Roy";"1479";"[26] ff. signés a-b8, c10";"Null";"Null"
"http://data.bnf.fr/ark:/12148/cb30502935v";"Johannis Gews,... Tractatus de viciis linguae. Accedit Albertani causidici brixiensis de doctrina dicendi et tacendi";"1479";"Nürnberg";"Ermites de S. Augustin";"1479";"[100] ff. signés A-K10";"Null";"Null"
"http://data.bnf.fr/ark:/12148/cb30538144p";"Compilatio Decretalium Gregorii IX [cum glossa Bernardo Bottoni. Edita a Petro Albignano]";"1479";"Venezia";"Johannes de Colonia et Johannes Manthen";"1479";"[326] ff. signés a10, b12, c-i10, k8, l-z10, τ10, [c renversé]10, R$8, aa-bb10, cc-dd8, ee-ff10, gg12, le premier et le dernier ff. blancs";"Null";"Null"
"http://data.bnf.fr/ark:/12148/cb30538062b";"El Libro de le omelie di sancto Gregorio papa";"1479";"Milano";"Leonhard  Pachel et Ulrich Scinzenzeler";"1479";"[158] ff. signés a-s8, t6, u8, le f. a1 et le f. u8 blancs";"Null";"Null"
"http://data.bnf.fr/ark:/12148/cb305380641";"Dit is die prologus of die voersprake in sinte Gregorius omelie in duutschen...";"1479";"[Utrecht";"Johann Veldener]";"1479";"[312] ff. chiffrés I-CCCviii, non signés [a]-[z]8, [A]8, [B]10, [C]-[P]8, [Q]6, le premier et le dernier blancs";"Null";"Null"
"http://data.bnf.fr/ark:/12148/cb305381362";"Nova compilatio Decretalium Gregorii IX [cum glossa Bernardi Bottoni]";"1479";"Mainz";"Peter Schöffer";"1479";"[305] ff. non signés [a]-[c]10, [d]6, [e]4+1 (3+1), [f]-[h]10, [i]-[k]6, [l]-[m]10, [n]8, [o]10+1 (9+1), [p]-[q]10, [r]8, [s]6+1 (5+1), [t]-[x]10, [y]6, [z]6+1, [A]-[C]10, [D]8, [E]6, [F]-[G]10, [H]8+1 (7+1), [I]-[K]10, [L]12, le dernier f. blanc";"Null";"Null"
"http://data.bnf.fr/ark:/12148/cb305437492";"Quadragesimale fratris Johannis Gritsch,...";"1479";"[Reutlingen";"Michael Greyff";"1479";"[396] ff.";"Null";"Null"
"http://data.bnf.fr/ark:/12148/cb30543744b";"Quadragesimale fratris Johannis Gritsch,...";"1479";"[Nürnberg]";"Anton Koberger";"1479";"[246] ff.";"Null";"Null"
"http://data.bnf.fr/ark:/12148/cb30555316p";"Liber qui Manipulus curatorum appellatur, in quo pernecessaria officia eorum quibus animarum cura commissa est breviter pertractantur, feliciter incipit. - A la fin : Doctissimi viri domini Guidonis de Monte Rocherii liber Manipulus curatorum vulgariter dictus finit feliciter. Impressus Parisius in vico sancti Jacobi sub signo Follis viridis. Anno Domini millesimo quadringentesimo septuagesimo sexto, mensis maii die vero vicesimo quinto. Deo gratias";"1479";"Paris";"atelier du Soufflet vert";"1479";"[160] ff. partiellement signés a-q10 (signatures aux cahiers a, d, e, f, g, k, p, q)";"Null";"Null"
"http://data.bnf.fr/ark:/12148/cb30555311z";"Historien van Troyen als si bescreven is bi den rechter Guidonem van der Columnen";"1479";"Goudae";"G. Leeu";"1479";"In-fol. (Pellechet, 3875.)";"Null";"Null"
"http://data.bnf.fr/ark:/12148/cb36812065v";"Breviarium Romanum";"1479";"[Venezia";"Piero di Piasi et Bartolomeo de'Blavi ?";"1479";"5 parties, 8 °";"Null";"Null"
"http://data.bnf.fr/ark:/12148/cb368126645";"(Folio a 1, après 12 feuillets préliminaires)/Christi nomine invocato : ac ejus // pie genitricis. Ordo pendii diurni //nuncupati...";"1479";"Venetiis";"P. Octavianus Scotus";"1479";"In-24";"Null";"Null"
"http://data.bnf.fr/ark:/12148/cb36814206c";"Missale Romanum";"1479";"Milano";"Antonio Zarotto";"1479";"2 °, 192 ff.";"Null";"Null"
"http://data.bnf.fr/ark:/12148/cb36814201n";"Missale Romanum";"1479";"Venezia";"[Nicolas Jenson]";"1479";"2 °";"Null";"Null"
"http://data.bnf.fr/ark:/12148/cb36821125v";"Lectionarium [Benedictinum congregationis Bursfeldensis]";"1479";"Erfurt";"couvent de S. Petersberg";"1479";"[298] ff.";"Null";"Null"
"http://data.bnf.fr/ark:/12148/cb306119590";"Opus... Roperti Holkot,... super Sapientiam Salomonis...";"1479";"(Coloniae";"C. Winters de Homborch";"1479";"In-fol. (Hain, *8755 et Voullième, 588.)";"Null";"Null"
"http://data.bnf.fr/ark:/12148/cb306164214";"Quinti Horatii Flacci Opera";"1479";"Venetiis";"per Philippum quondam Petri";"1479";"In-fol. (Han, 8875.)";"Null";"Null"
"http://data.bnf.fr/ark:/12148/cb306263301";"Fol. 1 : Domini Hugonis cardinalis, ordinis Predicatorum, Tractatus amantissimus, qui Speculum Ecclesie nuncupatur, incipit feliciter. - Fol. 14 : Incipit Speculum sacerdotum volentium celebrare missam. - A la fin : Domini Petri, Helenensis episcopi, breve et jocundissimum in Ecclesie Speculum epigramma...";"1479";"(Tolosae";"Null";"1479";"In-4° , 15 ff. non sign., car. goth., à longues lignes";"Null";"Null"
"http://data.bnf.fr/ark:/12148/cb30636689q";"Sancti Isidori, ispalensis archiepiscopi, Sinonima";"1479";"Marsipolis";"Null";"1479";"In-4° . (Hain, *9295.)";"Null";"Null"
"http://data.bnf.fr/ark:/12148/cb306495223";"Sancti Johannis Chrysostomi Homiliae XXI, interprete Petro Balbo";"1479";"(Bruxellis";"apud Fratres vitae communis,)";"1479";"In-4° . (Hain-Copinger, *5038.)";"Null";"Null"
"http://data.bnf.fr/ark:/12148/cb30652717k";"Vite de' santi padri, da S. Girolamo, Erradio, Leonzo, Giovanni di Gierusalemme, volgarizzate da Domenico Cavalca. Il Prato spirituale, volgarizzato di Giovanni Everato da Fr. Belcari";"1479";"Vicentiae";"H. Lichtenstein";"1479";"In-fol. (Hain, 8620.)";"Null";"Null"
"http://data.bnf.fr/ark:/12148/cb306707463";"Juvenalis et Persii Saturae";"1479";"Mediolani";"impressit A. Zarothus Parmensis";"1479";"In-fol. (Hain, 9685.)";"Null";"Null"
"http://data.bnf.fr/ark:/12148/cb306707583";"Juvenalis et Persii Satirae";"1479";"(Rome";"Ulric Han et Simon de Chardella";"1479";"In-fol. (Hain, *9675.)";"Null";"Null"
"http://data.bnf.fr/ark:/12148/cb30670080b";"Justini Epitome Historiarum Trogi Pompeii";"1479";"Venetiis";"per Philippum condam Petri";"1479";"In-fol. (Hain-Copinger, *9651.)";"Null";"Null""http://data.bnf.fr/ark:/12148/cb307332203";"Landulphus Sagax de Columna. Breviarium historiale";"1479";"Pictavis";"Null";"1479";"In-4° . (Copinger, 1708.)";"Null";"Null"
"http://data.bnf.fr/ark:/12148/cb387933212";"[Sans titre]";"1479";"Null";"Null";"Null";"[460] f.";"Null";"Null"
"http://data.bnf.fr/ark:/12148/cb30841718t";"[M. A. Lucani Pharsalia. Lucani vita, ex commentario antiquissimo.]";"1479";"[Verona";"Giovanni et Alberto Alvise";"1479";"Null";"Null";"http://gallica.bnf.fr/ark:/12148/bpt6k8588677"
"http://data.bnf.fr/ark:/12148/cb308534598";"Le Mirouer de la redemption de l'umain lignage...";"1479";"(Lyon,)";"Null";"1479";"In-fol.";"Null";"http://gallica.bnf.fr/ark:/12148/btv1b7300026v"
"http://data.bnf.fr/ark:/12148/cb308623020";"Tractatus de jure emphiteotico juxta verbum Ulpiani, per Jasonem de Mayno...";"1479";"Tholose";"Null";"1479";"In-fol. (Hain, 10959.)";"Null";"Null"
"http://data.bnf.fr/ark:/12148/cb308794203";"Mammotrectus super Bibliam...";"1479";"Venetiis";"per N. Jenson";"1479";"Sig. a-y8,1-7(8), A10, B-C8";"Null";"Null"
"http://data.bnf.fr/ark:/12148/cb393062155";"Quadragesimale";"1479";"[Reutlingen]";"[Michael Greyff]";"1479";"Null";"Null";"Null"
"http://data.bnf.fr/ark:/12148/cb30907508r";"Leonardi de Utino Quadragesimales sermones de legibus, etiam dominicales, F. Felicis (Fabri vulgo Schmid),... studio, per tabulam registrati";"1479";"Per P. Drach, civem spirensem";"Null";"1479";"In-fol. (Hain, *16120.)";"Null";"Null"
"http://data.bnf.fr/ark:/12148/cb309075093";"Sermones quadragesimales de legibus fratris Leonardi de Utino";"1479";"Vicenza";"Stephan Koblinger";"1479";"Null";"Null";"Null"
"http://data.bnf.fr/ark:/12148/cb393707115";"[Gratianus. Decretum cum apparatu Bartholomaei Brixiensis a Petro Albignano editum]";"1479";"Venetiis";"J. de Colonia et J. Manthen";"1479";"In-fol.";"Null";"Null"
"http://data.bnf.fr/ark:/12148/cb30934488v";"Universa opera divi Joannis Mesue, cum complemento Francisci de Pedemontium ac Nicolao et Servitore";"1479";"Venetiis";"opere R. Novimagii";"1479";"In-fol. (Hain, 11108. Hain-Copinger, *11108.)";"Null";"Null"
"http://data.bnf.fr/ark:/12148/cb30934199p";"Epistola Fr. E. Cultificis declaratoria jurium et privilegiorum fratrum ordinum mendicantium...";"1479";"Noviomagi";"Null";"1479";"In-4° . (Hain, 5850.)";"Null";"Null"
"http://data.bnf.fr/ark:/12148/cb30934198b";"Fr. E. Cultificis Epistola declaratoria et defensoria jurium et privilegiorum Fratrum Mendicantium...";"1479";"Noviomagi";"Null";"1479";"In-4° . (Hain, 5849.)";"Null";"Null"
"http://data.bnf.fr/ark:/12148/cb30934487h";"Opera Joannis Mesue";"1479";"Mediolani";"ad impensas P. de Suardis";"1479";"In-fol. (Hain. 11106.)";"Null";"Null"
"http://data.bnf.fr/ark:/12148/cb31016077r";"Moralia super totam Bibliam Nicolai de Lira,...";"1479";"(Argentorati";"apud G. Husnerum";"1479";"In-fol.";"Null";"Null"
"http://data.bnf.fr/ark:/12148/cb31016155q";"Nicolai Antidotarium. - Fol. 1 r° : Ego Nicolaus rogatus a quibusdam in pratica studere volentibus ut modum conficiendi et dispensandi recto ordine insinuarem et certam eis doctrinam traderem... illorum precibus devictus acquievi. - Fol. 32 v° : Et etiam bene evacuare corpus est optimum. - Fol. 33 r° : Sinonima Nicolai. - A la fin : Impressum Mediolani, ad impensas Paulini de Suardis anno a natali christiano 1479 die 24 junii";"1479";"Mediolani";"Null";"1479";"In-4° , 44 ff. n. ch., car. goth. à 2 col., 39 l.";"Null";"Null"
"http://data.bnf.fr/ark:/12148/cb31016124f";"Nicolai de Auximo. Supplementum Summae Pisanellae";"1479";"Venezia";"s. n.";"1479";"Null";"Null";"Null"
"http://data.bnf.fr/ark:/12148/cb31017245x";"Tractatus de morali lepra Johannis Nyder";"1479";"(Coloniae,)";"C. de Homborch";"1479";"In-4° . (Hain, *11817 ; Voullième, 867.)";"Null";"Null"
"http://data.bnf.fr/ark:/12148/cb310172824";"Johannis Nider Sermones totius anni de tempore et de sanctis cum quadragesimali";"1479";"Spirae";"P. Trach";"1479";"In-fol. (Hain, *11803.)";"Null";"Null"
"http://data.bnf.fr/ark:/12148/cb31017256k";"Manuale confessorum Johannis Nyder";"1479";"(Coloniae,)";"C. de Homborch";"1479";"In-4° . (Hain, *11841 ; Voullième, 851.)";"Null";"Null"
"http://data.bnf.fr/ark:/12148/cb310172557";"Johannis Nider Manuale confessorum. Ejusdem Tractatus de lepra morali";"1479";"Parisiis";"per Udalricum Gering";"1479";"In-4° . (Hain-Copinger, 11845.)";"Null";"Null"
"http://data.bnf.fr/ark:/12148/cb31017226n";"Tractatus de contractibus mercatorum Johannis Nider";"1479";"(Coloniae,)";"Conradus [Winters] de Homborch";"1479";"In-4° . (Hain, *11826 ; Voullième, 865.)";"Null";"Null"
"http://data.bnf.fr/ark:/12148/cb31017275v";"Praeceptorium divinae legis";"1479";"Null";"Null";"1479";"In-fol. (Hain-Copinger, *11783.)";"Null";"Null"
"http://data.bnf.fr/ark:/12148/cb31036177f";"Apologia religionis fratrum heremitarum ordinis sancti Augustini, cum Regula sancti Augustini, et summorum pontificum decretis in ea ; Historia et translatio sanctae Monicae, a fratre Paulo Bergomensi";"1479";"Romae";"in domo F. de Cinquinis";"1479";"In-4° . (Hain-Copinger, 16086.)";"Null";"Null"
"http://data.bnf.fr/ark:/12148/cb31046598q";"[Publii Ovidii Nasonis Metamorphoses, edente Domitio Calderino.]";"1479";"(Parmae";"[impr. S. Corallus]";"1479";"In-fol. (Hain-Copinger, *12159.)";"Null";"Null"
"http://data.bnf.fr/ark:/12148/cb310470392";"Ovidii Nasonis... de Vetula [cum commentario Leonis protonotarii bizantei.]";"1479";"Köln";"Johannes Koelhoff des Ältere";"1479";"Signé a-e8, f6";"Null";"Null"
"http://data.bnf.fr/ark:/12148/cb31048358d";"Sumula de pacifica conscientia, composta dal P. Pacifico da Novara";"1479";"Mediolani";"Null";"1479";"In-8° . (Hain-Copinger, 12259.)";"Null";"Null"
"http://data.bnf.fr/ark:/12148/cb310690347";"Breviarium totius juris canonici, Paulo Florentino auctore";"1479";"Milano";"Leonhard Pachel et Ulrich Scinzenzeler";"1479";"Null";"Null";"Null"
"http://data.bnf.fr/ark:/12148/cb31079002t";"Summa vitiorum";"1479";"Köln";"Heinrich Quentell";"1479";"[308] ff. signés a-c10, d8, e-i10, k8, l-n10, o8, p-t10, v-z8, τ10, ɔ6, 96, A-D8, E-F6, G-H10, I6, le premier et le dernier blancs";"Null";"Null"
"http://data.bnf.fr/ark:/12148/cb31079001g";"Summa virtutum";"1479";"Köln";"Heinrich Quentell";"1479";"[432] ff. signés a8, b-k10, l8, m6, n-v10, x8, A-E10, F8, G6, H-O10, P12, Q-X10, Z8, τ10, le premier et le dernier blancs";"Null";"Null"
"http://data.bnf.fr/ark:/12148/cb310885861";"D. Junii Juvenalis et Auli Persii Flacci Satyrae";"1479";"Mediolani";"impr. A. Zarothus";"1479";"In-fol. (Hain, 9685 ; Morgan, 17.)";"Null";"Null"
"http://data.bnf.fr/ark:/12148/cb311072107";"Enee Silvii de Duobus amantibus Eurialo et Lucresia opusculum";"1479";"Louvain";"in alma universitate Lovaniensi Conradus Braem";"1479";"In-4";"Null";"Null"
"http://data.bnf.fr/ark:/12148/cb311214562";"Platinae Vitae pontificum";"1479";"Venetiis";"Null";"1479";"In-fol. (Hain-Copinger, *13045.)";"Null";"Null"
"http://data.bnf.fr/ark:/12148/cb31123486g";"[Caii Plinii Secundi Historia naturalis, ex emendatione Philippi Beroaldi.]";"1479";"Tarvisii";"Null";"1479";"In-fol. (Hain-Copinger, 13092.)";"Null";"Null"
"http://data.bnf.fr/ark:/12148/cb31126848r";"Poggii florentini... Facetiarum liber...";"1479";"[Nürnberg";"Friedrich Creussner";"1479";"Null";"Null";"Null"
"http://data.bnf.fr/ark:/12148/cb31126897z";"In Laurentium Vallam... Pogii... invectiva. - Fol. A i : In Laurentium Vallam poetam Pogii florentini oratoris clarissimi invectiva incipit. - Fol. A vi : In Laurentium Vallam poetam Pogii florentini oratoris clarissimi invectiva feliciter finitur. Impressum Parisius in vico sancti Jacobi in intersignio follis viridis. Anno Domini millesimo quadringentesimo septuagesimo nono...";"1479";"Paris";"Au soufflet vert";"1479";"In-4° , 6 p.";"Null";"Null"
"http://data.bnf.fr/ark:/12148/cb414874493";"Histoire de Mélusine, par Jean d'Arras";"1479";"[Lyon]";"[Martin Huss]";"1479";"1 vol., ill.";"Null";"Null"
"http://data.bnf.fr/ark:/12148/cb312378549";"Fasciculus temporum";"1479";"[Coloniae]";"H. Quentel";"1479";"In-fol., 62 ff. sign. b-h, et 8 ff. de table, car. goth., fig.";"Null";"Null"
"http://data.bnf.fr/ark:/12148/cb31237855n";"Fasciculus temporum [auctore W. Rolevinck]";"1479";"Venetiis";"G. Walch";"1479";"In-fol., 8 ff. non ch., 64 ff. ch., sans sign. ni récl., lettrines, fig. (Polain, Belg. 3370.)";"Null";"Null"
"http://data.bnf.fr/ark:/12148/cb416180521";"De Animalibus";"1479";"Mantova";"Paul von Butzbach";"1479";"Null";"Null";"Null"
"http://data.bnf.fr/ark:/12148/cb416250306";"[Biblia latina]";"1479";"Cologne";"Conradus de Homborch (=Konrad Winters)";"1479";"404 ff.";"Null";"Null"
"http://data.bnf.fr/ark:/12148/cb312925535";"La Epistola di Rabbi Samuel Israelita [tradotta in italiano per Bastiano Salviano]";"1479";"[Firenze";"Nicolò di Lorenzo";"1479";"Null";"Null";"Null"
"http://data.bnf.fr/ark:/12148/cb42793249f";"Bulla « Decet Romanum pontificem » [contre Lorenzo de’ Medici (17 VIII 1479)]";"1479";"[Roma";"Georg Lauer";"1479";"4 feuillets non signés";"Null";"Null"
"http://data.bnf.fr/ark:/12148/cb427932096";"Bulla « Et si natura omnibus in rebus » [contre Roberto Malatesta (16 VIII 1479)]";"1479";"[Roma";"Georg Lauer";"1479";"4 feuillets non signés";"Null";"Null"
"http://data.bnf.fr/ark:/12148/cb31431086m";"[Liber de consolatione theologie, per fratrem Johannem de Tambaco.]";"1479";"(Strasbourg)";"Null";"1479";"In-fol. (Hain, *15236. Proctor, 338. Polain, II, n  2316";"Null";"Null"
"http://data.bnf.fr/ark:/12148/cb314398784";"[Lectura Nicolai Tedeschi super II. Decretalium. 1a pars.]";"1479";"Venetiis";"N. Jenson";"1479";"In-fol. (Hain, *12326.)";"Null";"Null"
"http://data.bnf.fr/ark:/12148/cb31443396f";"[Terentii Comoediae, cum Donati interpretatione et expositione Calphurnii, per magistrum Franciscum Dianam recognitae.]";"1479";"Venetiis";"per N. Girardengum";"1479";"In-fol., sign. a-z et &, car. rom. (Hain, *15409 ; Brunet, V, col. 709 ; Lawton, 34.)";"Null";"Null"
"http://data.bnf.fr/ark:/12148/cb314617567";"Summa theologica. [Secundus liber Secunde partis beati Thome de Aquino.]";"1479";"Venetiis";"(L. Wild)";"1479";"In-fol. (Hain-Copinger, 1463 ; Pellechet, 1053 ; Cat. of books printed in the XVth century, now in the British Museum, V, p. 264 ; Polain, 3754.)";"Null";"Null"
"http://data.bnf.fr/ark:/12148/cb31462087t";"Tractatulus... de Arte et vero modo predicandi, ex diversis sacrorum doctorum scripturis, et principaliter... Thome de Aquino, ex parvo suo quodam tractatulo, recollectus...";"1479";"[Strasbourg";"Heinrich Knoblochtzer";"1479";"Null";"Null";"Null"
"http://data.bnf.fr/ark:/12148/cb314622145";"Bonum universale, de proprietatibus apum [authore Thoma de Cantiprato]";"1479";"(Coloniae";"J. Koelhoff";"1479";"In-fol. (Pellechet, 3212 ; Polain, 3768.)";"Null";"Null"
"http://data.bnf.fr/ark:/12148/cb314813289";"Meditationes... Johannis de Turrecremata,... posite et depicte de ipsius mandato in ecclesie ambitu Sancte Marie de Minerva Rome";"1479";"(Moguntiae,)";"per J. Numeister";"1479";"In-fol., fig. (Hain-Copinger, *15726 ; Br. Mus., Books pr. XVth c., t. I, p. 43.)";"Null";"Null"
"http://data.bnf.fr/ark:/12148/cb314823663";"[Joannis Tortellii,... Commentariorum grammaticorum de orthographia dictionum e graecis tractarum opus...]";"1479";"Vicentiae";"per S. Koblinger";"1479";"In-fol. (Hain, *15566 ; Polain, 3792 ; Br. Mus., Books pr. XVth c., t. VII, p. 1043.)";"Null";"Null"
"http://data.bnf.fr/ark:/12148/cb31496680n";"Summa de ecclesiastica potestate, edita a fratre Augustino de Ancona,...";"1479";"Rome";"impressa in domo F. de Cinquinis";"1479";"In-4° . (Hain, *962 ; Pellechet, 618.)";"Null";"Null"
"http://data.bnf.fr/ark:/12148/cb315530364";"[Quae Virgilius composuit unacum Servii Honorati commentariis.]";"1479";"Vincentiae";"Null";"1479";"In-fol. (Copinger, 6045 ; Br. Mus., Books pr. XVth c., VII, 1031.)";"Null";"Null"
"http://data.bnf.fr/ark:/12148/cb31587760h";"Mirabile opusculum sancti Vincencij,... de fine mundi. - À la fin : Ista prophetia ancti [sic] Vincencij,... de fine mundi extat feciliter millesimo quadringentesimo septuagesimo nono";"1479";"(S. l.,)";"Null";"1479";"In-4° à 2 col., car. goth., 25 ff. n. ch. n. sign.";"Null";"Null"
"http://data.bnf.fr/ark:/12148/cb31591352j";"[Publii Virgilii Maronis Opera.]";"1479";"Parmae";"opera et impensis A. Portiliae";"1479";"In-fol. (Copinger, 6023 et *29 ; Br. Mus., Books pr. XVth c., t. VII, p. 936 ; Mambelli, 35 ; Goff, p. 622, V-161.)";"Null";"Null"
"http://data.bnf.fr/ark:/12148/cb315913578";"[Omnia... quae Virgilius composuit, una cum Servii Honorati commentariis.]";"1479";"Vincentie";"Leonardus de Basilea";"1479";"In-fol. (Copinger, 6045 et *51 ; Br. Mus., Books pr. XVth c., t. VII, p. 1031 ; Mambelli, 36 ; Goff, p. 622, V-168.)";"Null";"Null"
"http://data.bnf.fr/ark:/12148/cb31606876f";"[Legendae sanctorum per anni circuitum venientium, quas compilavit frater Jacobus de Voragine.] - Au f. [325 :] Iste legende que hic sequuntur non habentur in Hystoria lombardica, sed addite sunt ex aliis legendis et libris...";"1479";"Colonie";"per J. Koelhoff de Lubeck";"1479";"In-fol. (Copinger, 6416 ; Voullième, 619 ; Polain, 2190 ; Goff, J-93.)";"Null";"Null"
"http://data.bnf.fr/ark:/12148/cb31606894c";"[Legendae sanctorum quas compilavit frater Jacobus Januensis natione,...]";"1479";"[Basel";"Berthold Ruppel";"1479";"[183] ff. non signés";"Null";"Null"
"http://data.bnf.fr/ark:/12148/cb31606877s";"[Legendae sanctorum per anni circuitum venientium, quas compilavit frater Jacobus de Voragine.] - Au f. [325 :] Iste legende que hic sequuntur non habentur in Hystoria lombardica, sed addite sunt ex aliis legendis et libris...";"1479";"(Daventriae,)";"per R. Paffroed de Colonia";"1479";"In-fol. (Campbell, 1752 ; Copinger, 6418 ; Brit. Mus., Books pr. XVth c., t. IX, p. 112 ; Goff, J-94.)";"Null";"Null"
"http://data.bnf.fr/ark:/12148/cb31620311f";"Accii Zuchi,... In Aesopi fabulas interpretatio per rhythmos in libellum Zucharinum inscriptum contexta...";"1479";"Veronae";"[s.n.]";"1479";"[240] p.";"Null";"http://gallica.bnf.fr/ark:/12148/bpt6k70317z"
"http://data.bnf.fr/ark:/12148/cc7712d";"Mordek̲ay ben Elî'ezer Comtino. Commentaire sur la Torah";"1479";"Null";"Null";"Null";"I+174+I f.";"Null";"http://gallica.bnf.fr/ark:/12148/btv1b10540860s"
"http://data.bnf.fr/ark:/12148/cc785786";"De Animalibus";"1479";"Null";"Null";"Null";"Null";"Null";"http://gallica.bnf.fr/ark:/12148/btv1b8447060m"
"http://data.bnf.fr/ark:/12148/cb317249744";"Prima pars summe fratris Anthonini...";"1479";"(Venetiis, ex officina Nicolai Jenson";"Null";"1479";"Null";"Null";"Null"
"http://data.bnf.fr/ark:/12148/cb31843290s";"Vita scholastica de discipulorum moribus";"1479";"Mediolani, per Dom. de Vespolate";"Null";"1479";"Null";"Null";"Null"
"http://data.bnf.fr/ark:/12148/cb320280976";"[Comoediae, cum commentario Aelii Donati et expositione Joh. Calphur nii in Heauton timorumanon.]";"1479";"Venetiis";"Null";"1479";"Null";"Null";"Null"
"http://data.bnf.fr/ark:/12148/cb320877854";"Leonardi de Utino Quadragesimales sermones de legibus,... (cum tabula)";"1479";"(S. l.)";"Null";"1479";"Null";"Null";"Null"
"http://data.bnf.fr/ark:/12148/cb32523189h";"[Sonetti et Canzone del Petrarcha col commento di Francesco Philelpho. - Triumphi del Petrarcha col commento di Bernardo Glicino da Sena.]";"1479";"Venexia, per T. de Reynsburch et R. de Novimagio";"Null";"1479";"Null";"Null";"Null"
"http://data.bnf.fr/ark:/12148/cb334151632";"Heldenbuch";"1479";"[Strasbourg";"Johannes Prüss";"1479";"[282] ff. non signés [a-b10, c-l8, m6, n-p8, q6, r8, s-z8/6, A6, B8, C-F6, G-H8, I-L4, M6, N8, O-R6]";"Null";"Null"
"http://data.bnf.fr/ark:/12148/cb33457555v";"Levenons heren J. C.";"1479";"Delft";"[Jacob Jacobszoon Van der Meer et Mauricius Yemantszoon]";"1479";"178 feuillets non chiffrés, sign. ai-ziij, caractères gothiques, à longues lignes";"Null";"Null"
"http://data.bnf.fr/ark:/12148/cb336107019";"Cy commence le mirouer de la redemp//tion de lumain [...]";"1479";"Lyon";"Null";"1479";"In-fol.";"Null";"Null"
"http://data.bnf.fr/ark:/12148/cb33764728h";"(Casus summarii decretalium Sexti et Clementinarum.) (A la fin :) Libell'iste utilissim' casus sūmarios libro @ // d'cretaliū sexti & Clemētina@ unacū nuclio si//ve medulla glosula@ omniū eorūdē librorū ī // se @tinens arte & ingenio Michaelis wenslers // Basilee īpressus...// ... Anno... // ... post millesimū & quadringentesimum Sep//tuagesimo nono octavo kalendas Septem//bris...";"1479";"[S. l. n. d. ?]";"Null";"1479";"In-fol.";"Null";"Null"
"http://data.bnf.fr/ark:/12148/cb33810286g";"Lettres portant exemption de ban et arrière-ban en faveur des officiers de la Chambre des comptes de Paris";"1479";"(S. l. n. d.)";"Null";"1479";"In-4°, 2 p.";"Null";"Null"
"http://data.bnf.fr/ark:/12148/cb35951057v";"[Sans titre]";"1479";"Null";"Null";"1479";"[538] f.";"Null";"Null"
"http://data.bnf.fr/ark:/12148/cb35951056h";"[Sans titre]";"1479";"Köln";"Konrad Winters";"1479";"[1]-CCCXCIX-[6] f.";"Null";"Null"
"http://data.bnf.fr/ark:/12148/cb359510586";"[Sans titre]";"1479";"Null";"Null";"Null";"[452] f.";"Null";"Null"
"http://data.bnf.fr/ark:/12148/cb359510555";"[Sans titre]";"1479";"Null";"Null";"Null";"[1]-CCCCLXI-[6] f.";"Null";"Null"
