id;title;date;place;publisher;firstyear;description;subject;gallica
"http://data.bnf.fr/ark:/12148/cb38757175k";"[Argument de] Philoctete, tragédie par Chateaubrun, 1755";"17";"(S. l.)";"(s. n.)";"Null";"[4] ff.";"Null";"Null"
"http://data.bnf.fr/ark:/12148/cb38762460c";"Crispin médecin, comédie";"17";"(S. l. n. d.)";"Null";"Null";"84 p.";"Null";"Null"
"http://data.bnf.fr/ark:/12148/cb387711328";"La Pipe cassée, poëme epitragipoissardiheroicomique";"17";"Sur le Port au Bled et se trouve à Paris";"chez Duchesne";"Null";"48 p.";"Null";"Null"
"http://data.bnf.fr/ark:/12148/cb38771881d";"Zéphire et Flore, opéra-comique";"17";"(S. l. n. d.)";"Null";"Null";"Null";"Null";"Null"
"http://data.bnf.fr/ark:/12148/cb38946209z";"Dictionnaire d'amour";"17";"A Paris";"Chaumerot jeune";"Null";"VIII-278 p.";"http://data.bnf.fr/ark:/12148/cb11931877h";"http://gallica.bnf.fr/ark:/12148/bpt6k205748b""http://data.bnf.fr/ark:/12148/cb393084512";"Dissertation sur Elie et Enoch, par M. Boulanger Esope fabuliste ou dissertation sur les incertitudes qui concernent les premiers Ecrivains de l'antiquité. - Traité mathématique sur le bonheur, par Irenée Krantzovius, ouvrage trad. de l'Allem. en Angl. avec des remarques par A. B. [Boulanger.] et trad. de l'Angl. en Franç. avec une lettre préliminaire par le traducteur François";"17";"[S. l. ?]";"Null";"Null";"In-8 °";"Null";"Null"
"http://data.bnf.fr/ark:/12148/cb39308452d";"Dissertation sur Elie et Enoch, par M. Boulanger Esope fabuliste ou dissertation sur les incertitudes qui concernent les premiers Ecrivains de l'antiquité. - Traité mathématique sur le bonheur, par Irenée Krantzovius, ouvrage trad. de l'Allem. en Angl. avec des remarques par A. B. [Boulanger] et trad. de l'Angl. en Franç. avec une lettre préliminaire par le traducteur François";"17";"[S. l. ?]";"Null";"Null";"In-8 °";"Null";"Null"
"http://data.bnf.fr/ark:/12148/cb39318140s";"De paragomphosi capitis foetu";"17";"Goettingae";"apud Vandenhoeck";"Null";"In 16";"Null";"Null"
"http://data.bnf.fr/ark:/12148/cb39318575j";"De Epimenide Athenarum lustratore...";"17";"Misenae";"ex officina Loewiana";"Null";"In-16, 12 p.";"Null";"Null"
"http://data.bnf.fr/ark:/12148/cb39328246b";"P. Virgilii Maronis Opera, cum notis brevioribus ad usum scholarum. [P. Virgilii Maronis vita, auctore incerto.]";"17";"Parisiis";"apud Brocas et Nyon";"Null";"In-12, XXIV-418 p.";"Null";"Null"
"http://data.bnf.fr/ark:/12148/cb394316402";"Dictionnaire Sino-vietnamien-Vietnamien usuel-Latin, classé par clefs : Ms. 18è s. [31]-852 p.";"17";"[S. l. n. d. ?]";"Null";"Null";"Null";"Null";"Null"
"http://data.bnf.fr/ark:/12148/cb39773679x";"Règles des cinq ordres d'architecture";"17";"A Paris";"chez Mondhare et Jean rue St Jean de Beauvais près celle des Noyers";"Null";"58 f. de pl.";"Null";"Null"
"http://data.bnf.fr/ark:/12148/cb39978832c";"Lettre d'un docteur de Sorbonne à M. de CH. de l'académie françoise, sur l'extrait de l'histoire de la Sorbonne, par M. l'Abbé Duvernet, inséré au Mercure de France, numéro 50, pag. 54";"17";"Null";"Null";"Null";"p. 417- 424";"Null";"Null"
"http://data.bnf.fr/ark:/12148/cb40027718k";"Le repos de la France, ou M. Necker a l'assemblée nationale";"17";"Null";"Null";"Null";"8 p.";"Null";"Null"
"http://data.bnf.fr/ark:/12148/cb40602305j";"Recueil de tables et cartes géographiques contenant les Isles Britanniques... les Provinces-Unies des Pays-Bas et les Pays-Bas catholiques";"17";"[S.l.]";"[s.n.]";"Null";"194 pl. dont 183 de cartes en coul.";"Null";"Null"
"http://data.bnf.fr/ark:/12148/cb40617088n";"Atlas composé de cartes de la géographie ancienne et moderne";"17";"[S.l.]";"Guérard";"Null";"Cartes en noir et en coul. Index : 54 cm.";"Null";"Null"
"http://data.bnf.fr/ark:/12148/cb40617191t";"Atlas nouveau et curieux des plus célèbres itinéraires ou Recueil de Nouvelles cartes géographiques des voiages modernes de long-cours... dans toutes les parties du monde... depuis l'an 1246 jusqu'à l'an 1696...";"17";"Leide";"Van der Aa Pierre";"Null";"142 cartes, index : 46 cm. x 37 cm.";"Null";"Null"
"http://data.bnf.fr/ark:/12148/cb406195290";"Illustriorum Hispaniae urbium tabulae cum appendice celebriorum alibi aut nunc parentium Hispanis aut eorum civitatum commerciis florentium. Illustriorum Italiae urbium tabulae, cum appendice celebriorum in maris Mediterranei insulis civitatum";"17";"Amstelodami";"ex. off. J. Janssonii";"Null";"Plans. Texte et index : 50 cm.";"Null";"Null"
"http://data.bnf.fr/ark:/12148/cb406221340";"Provinces-Unies des Pays-Bas";"17";"Paris";"Huquier";"Null";"99 cartes en noir et en coul., table mss : 56 cm.";"Null";"Null"
"http://data.bnf.fr/ark:/12148/cb40627890m";"Mechlinia dominium et Aerschot ducatus";"17";"[S.l.]";"Nunc apud Pet. Schenk Jun. ";"Null";"1 flle, col. : 46, 2 x 56 cm";"Null";"Null"
"http://data.bnf.fr/ark:/12148/cb40642137f";"Descriptio Urbis Jerusalem & Suburbanorum ejus ad illustrationem commentariorum in Harmonian Evangelicam";"17";"[S.l.]";"[s.n.]";"Null";"1 plan : 28 x 38 cm";"Null";"http://gallica.bnf.fr/ark:/12148/btv1b53078089g"
"http://data.bnf.fr/ark:/12148/cb40651265x";"Delflandia & Schielandia & circumjacentes Insulae...";"17";"Amst";"Apud Petrum Schenk Junior";"Null";"1 flle, col. : 46 x 56 cm";"Null";"Null"
"http://data.bnf.fr/ark:/12148/cb40651253x";"Flandriae Comitatus pars australis...";"17";"[S.l.]";"Nunc apud P. Schenk Junior";"Null";"1 flle, col. : 49, 3 x 55, 2 cm";"Null";"Null"
"http://data.bnf.fr/ark:/12148/cb40651231m";"Dominii Frisiae tabula inter Flevum et Lavicam";"17";"[S.l.]";"Apud P. Schenk Jun. ";"Null";"1 flle, col. : 47, 5 x 56, 5 cm";"Null";"Null"
"http://data.bnf.fr/ark:/12148/cb40651294h";"Lovaniensis Tetrarchia una cum Arscotano Ducatu ...";"17";"Amst";"Ap.Petrum Schenk Jun. ";"Null";"1 flle : 58, 3 x 48, 3 cm";"Null";"Null"
"http://data.bnf.fr/ark:/12148/cb40651250w";"Flandriae comitatus pars septentrionalis ...";"17";"[S.l.]";"Nunc apud P. Schenk Jun. - Ca 16.. -17.. ";"Null";"1 flle, col. : 49, 8 x 57, 2 cm";"Null";"Null"
"http://data.bnf.fr/ark:/12148/cb40651249p";"Flandiae comitatus pars orientalis...";"17";"[S.l.]";"Nunc apud P. Schenk Jun";"Null";"1 flle, col. : 51, 3 x 59, 8 cm";"Null";"Null"
"http://data.bnf.fr/ark:/12148/cb40651297j";"Flandriae Comitatus ...";"17";"Amst";"Apud P. Schenk Jun. ";"Null";"1 flle, col. : 48, 5 x 58 cm";"Null";"Null"
"http://data.bnf.fr/ark:/12148/cb406512997";"Leodiensis Episcopatus pars Septentrionalis. ..";"17";"Amst";"Petrum Schenk Jun. ";"Null";"1 flle, col. : 49, 5 x 59 cm";"Null";"Null"
"http://data.bnf.fr/ark:/12148/cb40651289x";"Limburci ducatus et comitatus Valckenburgi nova descriptio";"17";"[S.l.]";"Apud P. Schenk Jun";"Null";"1 flle, col. : 46, 2 x 56 cm";"Null";"Null"
"http://data.bnf.fr/ark:/12148/cb40651255m";"Brabantiae batavae pars orientalis...";"17";"[S.l.]";"Nunc apud Petrum Schenk Junior";"Null";"1 flle, col. : 48, 7 x 58, 4 cm";"Null";"Null"
"http://data.bnf.fr/ark:/12148/cb40651298w";"Flandriae Comitatus Pars Occidentalis (..)";"17";"[S.l.]";"Nunc apud P. Schenk Jun";"Null";"1 flle, col. : 51 x 57 cm";"Null";"Null"
"http://data.bnf.fr/ark:/12148/cb40651295v";"Belgium distributum in Septemdecem provincias Artesiam, Flandriam ...";"17";"Venundantur";"Gerardo & Leonardo Valk";"Null";"1 flle, col. : 59, 8 x 48, 7 cm";"Null";"Null"
"http://data.bnf.fr/ark:/12148/cb40651252k";"Flandriae Comitatus pars batava ...";"17";"[S.l.]";"Nunc apud Petrum Schenk Jun";"Null";"1 flle, col. : 49, 8 x 55 cm";"Null";"Null"
"http://data.bnf.fr/ark:/12148/cb406512935";"Belgium Foederatum emendate auctum & novissime editum";"17";"[S.l.]";"Apud P. Schenk Jun";"Null";"1 flle, col. : 46, 6 x 56, 4 cm";"Null";"Null"
"http://data.bnf.fr/ark:/12148/cb406512517";"Flandriae Comitatus pars media...";"17";"[S.l.]";"Apud P. Schenk Jun. ";"Null";"1 flle, col. : 48 x 57, 7 cm";"Null";"Null"
"http://data.bnf.fr/ark:/12148/cb406512548";"Brabantiae batavae pars occidentalis";"17";"[S.l.]";"Nunc apud P. Schenk Junior";"Null";"1 flle, col. : 49 x 58 cm";"Null";"Null"
"http://data.bnf.fr/ark:/12148/cb406512339";"Tabula nova Provinciae Ultrajectinae...";"17";"[S.l.]";"Nunc apud Petrum Schenk Jun";"Null";"1 flle, col. : 47 x 85, 3 cm";"Null";"Null"
"http://data.bnf.fr/ark:/12148/cb406512904";"Comitatus Namurci (..) delineatio";"17";"[S.l.]";"Apud Pet. Schenk Jun. ";"Null";"1 flle, col. : 46, 1 x 55, 7 cm";"Null";"Null"
"http://data.bnf.fr/ark:/12148/cb40662485j";"Recueil de tables et cartes géographiques contenant les Isles Britanniques... les Provinces-Unies des Pays-Bas et les Pays-Bas catholiques";"17";"[S.l.]";"[s.n.]";"Null";"194 pl. dont 183 de cartes en coul. : In-fol";"Null";"Null"
"http://data.bnf.fr/ark:/12148/cb40666037j";"Carte particulière de la route depuis Kokura jusqu'à Khurissima";"17";"[S.l.]";"[s.n.]";"Null";"1 flle, col. : 30, 5 x 37 cm";"Null";"Null"
"http://data.bnf.fr/ark:/12148/cb407734499";"Brabantiae batavae pars orientalis...";"17";"Amst[elodami]";"apud Petrum Schenk Junior";"Null";"1 carte gravée : en coul.  ; 50 x 58 cm";"Null";"Null"
"http://data.bnf.fr/ark:/12148/cb40773448z";"Brabantiae batavae pars orientalis...";"17";"Amst[elodami]";"apud Petrum Schenk Junior";"Null";"1 carte gravée : en coul.  ; 50 x 58 cm";"Null";"Null"
"http://data.bnf.fr/ark:/12148/cb413146092";"Plan du bassin de Quebek";"17";"[S.l.";"[S.n.]";"Null";"1 carte : ms. col. ; 26  x 36  cm";"Null";"http://gallica.bnf.fr/ark:/12148/btv1b5968900w"
"http://data.bnf.fr/ark:/12148/cb42079521q";"Carte particuliere de l'Isle de la Martinique Avec les Sondes";"17";"Null";"Null";"Null";"1 carte : ms. aquarellée ; 48 x 29 cm, sur flle 50 x 30,5 cm";"Null";"http://gallica.bnf.fr/ark:/12148/btv1b53016949p"
"http://data.bnf.fr/ark:/12148/cb42390976v";"[Maquette de costume pour un spectacle non identifié] : [maquette de costume]";"17";"Null";"Null";"Null";"1 dess. : 336 x 232 mm";"Null";"http://gallica.bnf.fr/ark:/12148/btv1b8455447s"
"http://data.bnf.fr/ark:/12148/cb435797171";"Plan de la Ville du Port Louis de l'Isle de France avec la position Réspective de tous les Batiments appartenants au Roy";"17";"Null";"Null";"Null";"1 plan : ms, col. ; 61,5 x 74 cm";"Null";"http://gallica.bnf.fr/ark:/12148/btv1b53105319s"
"http://data.bnf.fr/ark:/12148/cb32568273f";"Die triumphierende Tugend";"17";"Augsburg und Dillingen";"Null";"Null";"Null";"Null";"Null"
"http://data.bnf.fr/ark:/12148/cb35856248g";"Récit véritable, remarquable et surprenant";"17";"Null";"Null";"Null";"12 p.";"Null";"Null"
