id;title;date;place;publisher;firstyear;description;subject;gallica
"http://data.bnf.fr/ark:/12148/cb30002018x";"Homiliae in Evangelium S. Joannis";"1470";"Romae";"Null";"1470";"In-fol. (Hain, *5036.)";"Null";"Null"
"http://data.bnf.fr/ark:/12148/cb300019870";"Vitae illustrium virorum";"1470";"Romae";"Null";"1470";"2 vol. in-fol.";"Null";"Null"
"http://data.bnf.fr/ark:/12148/cb300043663";"Liber de remediis utriusque fortunae, auctore Adriano Carthusiensi";"1470";"[Köln]";"[Ulrich Zell]";"1470";"Null";"Null";"Null"
"http://data.bnf.fr/ark:/12148/cb30019576c";"Epistolae ad Marcum Brutum, ad Quintum fratrem, ad Octavium et ad Attium";"1470";"Romae";"Null";"1470";"In-fol. (Hain, *5213.)";"Null";"Null"
"http://data.bnf.fr/ark:/12148/cb300195751";"Epistolae familiares";"1470";"(S. l.)";"Null";"1470";"In-fol. (Hain, 5160.)";"Null";"Null"
"http://data.bnf.fr/ark:/12148/cb30019592m";"Historiae romanae decades";"1470";"Romae";"Null";"1470";"3 vol. in-fol. (Hain, *10129.)";"Null";"Null"
"http://data.bnf.fr/ark:/12148/cb300230951";"S. Antonini confessionale, et S. Joannis Chrysostomi sermo de poenitentia";"1470";"[Köln";"Ulrich Zell";"1470";"Null";"Null";"Null"
"http://data.bnf.fr/ark:/12148/cb30023096c";"S. Antonini confessionale, et S. Joannis Chrysostomi sermo de poenitentia";"1470";"[Köln";"Ulrich Zell";"1470";"Null";"Null";"Null"
"http://data.bnf.fr/ark:/12148/cb300274148";"Aristotelis de Moribus ad Eudemium, Leonardo Aretino interprete";"1470";"[Köln";"Ulrich Zell";"1470";"Null";"Null";"Null"
"http://data.bnf.fr/ark:/12148/cb30039328c";"Sermo divi Aurelii Augustini de verbis evangelicis";"1470";"[Köln";"imprimeur du Dictys, GW 8324 (= Arnold Therhoernen ?)";"1470";"Null";"Null";"Null"
"http://data.bnf.fr/ark:/12148/cb30038835s";"Divi Aurelii Augustini de Civitate Dei";"1470";"Venetiis";"Joannes et Vindelinus de Spira";"1470";"In-fol. (Pellechet, 1547.)";"Null";"Null"
"http://data.bnf.fr/ark:/12148/cb300388364";"Divi Aurelii Augustini de Civitate Dei";"1470";"Romae";"C. Sweynheym et Pannartz";"1470";"In-fol. (Pellechet, 1548.)";"Null";"Null"
"http://data.bnf.fr/ark:/12148/cb30039029w";"Divi Aurelii Augustini de Disciplina christiana";"1470";"(Coloniae";"U. Zell";"1470";"In-4° . (Pellechet, 1478.)";"Null";"Null"
"http://data.bnf.fr/ark:/12148/cb300388829";"D. Aurelii Augustini Confessionum libri XIII";"1470";"(Argentinae";"J. Mentelin";"1470";"In-fol. (Pellechet, 1536.)";"Null";"Null"
"http://data.bnf.fr/ark:/12148/cb30039321z";"Divi Aurelii Augustini Sermo super Orationem dominicam ; Expositio super Symbolum ; Sermo de ebrietate cavenda";"1470";"(Coloniae";"U. Zell";"1470";"In-4° . (Pellechet, 1500.)";"Null";"Null"
"http://data.bnf.fr/ark:/12148/cb30048939n";"Summa quae vocatur Catholicon edita a fratre Johanne de Janua (Balbi)";"1470";"Argentinae";"J. Mentelin";"1470";"In-fol. (Pellechet, 1699.)";"Null";"Null"
"http://data.bnf.fr/ark:/12148/cb30048940v";"Summa quae vocatur Catholicon edita a fratre Johanne de Janua (Balbi)";"1470";"Argentinae";"J. Mentelin";"1470";"In-fol. (Pellechet, 1698.)";"Null";"Null"
"http://data.bnf.fr/ark:/12148/cb30063497n";"Gasparini Pergamensis Epistolae";"1470";"Parisiis";"U. Gering, M. Crantz et M. Friburger";"1470";"[240] p.";"Null";"http://gallica.bnf.fr/ark:/12148/btv1b8602971b"
"http://data.bnf.fr/ark:/12148/cb30063508g";"Gasparini Pergamensis orthographiae liber";"1470";"(Parisiis";"U. Gering, M. Crantz et M. Friburger";"1470";"In-4° . (Pellechet, 1989.)";"Null";"http://gallica.bnf.fr/ark:/12148/bpt6k131477g"
"http://data.bnf.fr/ark:/12148/cb300898608";"Florum S. Bernardi nobiliorum libri X (auctore Guillelmo, S. Martini Tornacensis monacho)";"1470";"[Nürnberg";"Johann Sensenschmidt";"1470";"[162] ff. non signés [a-b10, c8, d6, e-i10, k8, l6, m-q10, r6, s8], dont 10 blancs : les ff. 1, 34, 97 et 98, 153 et 154, 159 à 162";"Null";"Null"
"http://data.bnf.fr/ark:/12148/cb301264982";"Liber sextus Decretalium Bonifacii Papae VIII, cum novellis Joannis Andreae";"1470";"Moguntiae";"per P. Schoiffer";"1470";"In-fol. (Hain-Copinger, 3587.)";"Null";"Null"
"http://data.bnf.fr/ark:/12148/cb301561903";"Liber ethimologiarum Isidori";"1470";"(Argentorati";"Null";"1470";"In-fol. (Hain-Copinger, *9270.)";"Null";"Null"
"http://data.bnf.fr/ark:/12148/cb30170125m";"Leonardi Aretini de Bello italico adversus Gothos";"1470";"Fulginei";"Emilianus de Orsinis et Johannes Numeister impresserunt";"1470";"In-fol. (Pellechet, 1112.)";"Null";"Null"
"http://data.bnf.fr/ark:/12148/cb30170162t";"Leonardi Aretini Isagogicon";"1470";"[Venezia";"imprimeur du Juvenalis (H 9665)";"1470";"Null";"Null";"Null"
"http://data.bnf.fr/ark:/12148/cb30186031x";"Auctoritates Decretorum, Johanne Calderino auctore";"1470";"Coloniae";"Null";"1470";"In-fol. (Hain-Copinger, 4246.)";"Null";"Null"
"http://data.bnf.fr/ark:/12148/cb30242673w";"M. T. Ciceronis de Amicitia dialogus, cum versibus XII sapientum positis in epitaphio Ciceronis, et Horatii Flacci carmine de vitae humanae brevitate";"1470";"(Coloniae";"apud U. Zell";"1470";"In-4° . (Pellechet, 3678.)";"Null";"Null"
"http://data.bnf.fr/ark:/12148/cb30242933g";"M. T. Ciceronis Epistolae ad Brutum, ad Quintum fratrem, ad Octavium et ad Atticum. Johannes Andreae, episcopus Alériensis, edidit";"1470";"Romae";"impr. C. Sweynheym et A. Pannartz";"1470";"In-fol. (Pellechet, 3629.)";"Null";"Null"
"http://data.bnf.fr/ark:/12148/cb30242934t";"M. T. Ciceronis Epistolae ad Brutum, ad Quintum fratrem, ad Octavium et ad Atticum";"1470";"Venezia";"Nicolas Jenson";"1470";"Null";"Null";"Null"
"http://data.bnf.fr/ark:/12148/cb30242955s";"M. T. Ciceronis Epistolae ad familiares";"1470";"(Venetiis,)";"Null";"1470";"In-fol. (Pellechet, 3592.)";"Null";"Null"
"http://data.bnf.fr/ark:/12148/cb30244272x";"M. Tullii Ciceronis de Oratore libri tres";"1470";"[Venezia";"Wendelinus de Spira";"1470";"Null";"Null";"Null"
"http://data.bnf.fr/ark:/12148/cb30243945q";"M. T. Ciceronis Philippicae ex recognitione Joannis Antonii Campani";"1470";"[Roma]";"Ulricus Han";"1470";"Null";"Null";"Null"
"http://data.bnf.fr/ark:/12148/cb302444447";"Marci Tullii Ciceronis rhetoricorum novorum sive ad Herennium, et veterum, sive de Inventione, libri. Omnibonus Leonicenus edidit";"1470";"Venetiis";"per Nicolaum Jenson";"1470";"In-fol. (Pellechet, 3650.)";"Null";"Null"
"http://data.bnf.fr/ark:/12148/cb30243217j";"M. Tullii Ciceronis de Officiis libri, de Amicitia et de Senectute dialogi, Paradoxa, Somnium Scipionis. Accessere XII Sapientum versus";"1470";"Venetiis";"impr. a Vindelino de Spira";"1470";"In-4° . (Pellechet, 3728.)";"Null";"Null"
"http://data.bnf.fr/ark:/12148/cb302491705";"Clementis papae V. Constitutiones, cum apparatu Johannis Andreae. Accedunt bullae Clementis V Exivi de Paradiso et Johannis XXII Constitutio execrabilis";"1470";"[Strasbourg";"Heinrich Eggestein";"1470";"Null";"Null";"Null"
"http://data.bnf.fr/ark:/12148/cb30293929h";"Epistolae et tractatus S. Hieronymi...";"1470";"Mayence";"Null";"1470";"2 vol. in-fol. (Hain* 8554.)";"Null";"Null"
"http://data.bnf.fr/ark:/12148/cb302936824";"De summo bono libri tres";"1470";"(Coloniae";"Null";"1470";"In-4° . (Hain, *9281.)";"Null";"Null"
"http://data.bnf.fr/ark:/12148/cb303245417";"Opera";"1470";"(Venetiis,)";"Null";"1470";"In-fol. (Hain, 13355.)";"Null";"Null"
"http://data.bnf.fr/ark:/12148/cb30347635q";"Donati grammatici in P. Terentii Afri Comoedias examinata interpretatio...";"1470";"(S. l.)";"Null";"1470";"In-fol. (Pellechet, 4428.)";"Null";"Null"
"http://data.bnf.fr/ark:/12148/cb30384797n";"Guilelmi Durandi Rationale divinorum officiorum";"1470";"Augsburg";"Günther Zainer";"1470";"Null";"Null";"Null"
"http://data.bnf.fr/ark:/12148/cb304105328";"[Eusebii Caesariensis de Praeparatione evangelica libri, e graeco in latinum a Georgio Trapezuntio translati.]";"1470";"Venetiis";"N. Jenson";"1470";"In-fol. (Pellechet, 4642.)";"Null";"Null"
"http://data.bnf.fr/ark:/12148/cb30410533m";"[Eusebii Caesariensis de Praeparatione evangelica libri, e graeco in latinum a Georgio Trapezuntio translati.]";"1470";"Venetiis";"N. Jenson";"1470";"In-fol. (Pellechet, 4642 A.)";"Null";"Null"
"http://data.bnf.fr/ark:/12148/cb30435561g";"Vitae illustriorum virorum sive parallelae";"1470";"(Argentinae";"Null";"1470";"2 tomes en 1 vol. in-fol. (Hain, *13124.)";"Null";"Null"
"http://data.bnf.fr/ark:/12148/cb30501616h";"Johannis Gerson Tractatus de meditatione cordis. Tractatus de oratione et valore ejus. Expositio doctrinalis super septem psalmos poenitentiales";"1470";"[Köln";"Ulrich Zell";"1470";"[56] ff. non signés [a-g]8, le dernier blanc";"Null";"Null"
"http://data.bnf.fr/ark:/12148/cb30501605v";"Johannis Gerson Tractatulus de remediis contra pusillanimitatem scrupulositatem, contra deceptorias inimici consolationes ejusque tentationes";"1470";"[Köln";"Ulrich  Zell";"1470";"[16] ff. non signés [a-b]8, les ff. [a]1, [b]7 et [b]8 blancs";"Null";"Null"
"http://data.bnf.fr/ark:/12148/cb30501449x";"Conclusiones Johannis Gerson de diversis materiis moralibus, sive de regulis mandatorum";"1470";"[Köln";"Ulrich Zell";"1470";"[40] ff. non signés [a-e]8";"Null";"Null"
"http://data.bnf.fr/ark:/12148/cb30501563r";"Johannis Gerson Questio notabilis de custodia linguae et corde bene ruminanda...";"1470";"[Köln";"Ulrich Zell";"1470";"[6] ff. non signés [a]6";"Null";"Null"
"http://data.bnf.fr/ark:/12148/cb30501593p";"Johannis Gerson Tractatulus de pollutione nocturna";"1470";"[Köln";"Ulrich Zell";"1470";"[16] ff. non signés [a-b]8";"Null";"Null"
"http://data.bnf.fr/ark:/12148/cb30501586d";"Johannis Gerson de Spiritualibus nuptiis. Opusculum super Cantica canticorum";"1470";"Nürnberg";"[Johann Sensenschmidt et Heinrich Keffer]";"1470";"[40] ff. non signés [a-d]10, le dernier blanc";"Null";"Null"
"http://data.bnf.fr/ark:/12148/cb305014504";"Conclusiones Johannis Gerson de diversis materiis moralibus, sive de regulis mandatorum";"1470";"Nürnberg";"[Johann Sensenschmidt";"1470";"[20] ff. non signés [a-b]10";"Null";"Null"
"http://data.bnf.fr/ark:/12148/cb30501632r";"Johannis Gerson Tractatus de trahendis ad Christum parvulis";"1470";"Nürnberg";"[Johann Sensenschmidt";"1470";"[10] ff. non signés [a]10";"Null";"Null"
"http://data.bnf.fr/ark:/12148/cb305016004";"Johannis Gerson Tractatulus de cognitione castitatis et pollutionibus diurnis. Forma absolutionis sacramentalis";"1470";"[Köln";"Ulrich Zell";"1470";"[16] ff.  non signés [a-b]8";"Null";"Null"
"http://data.bnf.fr/ark:/12148/cb305015523";"Johannis Gerson de Modo audiendi confessiones. Ejusdem remedia contra recidiva";"1470";"[Nürnberg";"Johann Sensenschmidt";"1470";"[8] ff. non signés [a]8";"Null";"Null"
"http://data.bnf.fr/ark:/12148/cb305015643";"Johannis Gerson Questio notabilis de custodia linguae et corde bene ruminanda...";"1470";"[Köln";"Ulrich Zell";"1470";"[6] ff. non signés [a]6";"Null";"Null"
"http://data.bnf.fr/ark:/12148/cb30538091x";"Liber regulae pastoralis Gregorii papae...";"1470";"[Köln";"Ulrich Zell";"1470";"[106] ff. non signés [a]-[m]8, [n]10, le dernier f. blanc";"Null";"Null"
"http://data.bnf.fr/ark:/12148/cb36813021g";"Inchominciano lepistole et lectioni evangeli iquali sileggono i tutto lanno nellemessi ciae domenicha li feriali esestiui Sechondo luso della santa chiesa di Roma";"1470";"[Florence]";"[Impr. du Tenrentius]";"1470";"In-4 °";"Null";"Null"
"http://data.bnf.fr/ark:/12148/cb368188943";"B Ordinaris aduenti. Prim 9 aduēt 9//Cūsuis ebdödis vsqz döz tciā ptotū // vt hē2 in libro... (A la fin :)... populo teste// surrexit. Tu autē domine miserere nostri// Deo gracias";"1470";"Coloniae Agrippinae";"Null";"1470";"In-8 °";"Null";"Null"
"http://data.bnf.fr/ark:/12148/cb30592709m";"Dialogus rationis et conscientiae";"1470";"[Köln";"Ulrich Zell";"1470";"In-4";"Null";"Null"
"http://data.bnf.fr/ark:/12148/cb30635266q";"Liber de miseria humanae conditionis Lotharii, qui postea Innocentius tertius appellatus est";"1470";"(S. l.";"Null";"1470";"In-fol. (Hain, *10209.)";"Null";"Null"
"http://data.bnf.fr/ark:/12148/cb372975478";"Dialogi in latinum versi per Rinuccium Aret. et Joh. Aurispam";"1470";"Romae";"[s.n.]";"1470";"1 vol. ([160] p.)";"Null";"http://gallica.bnf.fr/ark:/12148/bpt6k704653"
"http://data.bnf.fr/ark:/12148/cb306366829";"De summo bono Isidori, hispalensis episcopi, liber";"1470";"Nurenbergae";"(J. Sensenschmidt";"1470";"In-fol.";"Null";"Null"
"http://data.bnf.fr/ark:/12148/cb30636677q";"Speculum Isidori de summo bono. Liber sancti Cipriani de duodecim abusivis seculi";"1470";"Coloniae";"U. Zell";"1470";"In-4° . (Hain, *9281 ; Voullième, 704.)";"Null";"Null"
"http://data.bnf.fr/ark:/12148/cb306498071";"S. Johannis Chrysostomi de Eo quod nemo laeditur ab alio nisi a semetipso";"1470";"(Coloniae";"U. Zell";"1470";"In-4° . (Voulliéme, 646.)";"Null";"Null"
"http://data.bnf.fr/ark:/12148/cb306495196";"Sancti Johannis Chrysostomi Sermones XXV, e graeco in latinum versi a Christophoro Persona";"1470";"Romae";"per G. Lauer";"1470";"In-fol. (Hain, 5039.)";"Null";"Null"
"http://data.bnf.fr/ark:/12148/cb30649589c";"Homiliae S. Joannis Chrysostomi in Evangelium S. Johannis, Francisco [Accolti] Aretino interprete";"1470";"Romae";"(G. Lauer)";"1470";"In-fol. (Hain, *5036.)";"Null";"Null"
"http://data.bnf.fr/ark:/12148/cb30649803n";"S. Johannis Chrysostomi de Reparatione lapsi ad Amanticum lapsum";"1470";"(Coloniae";"U. Zell";"1470";"In-4° . (Voulliéme, 651.)";"Null";"Null"
"http://data.bnf.fr/ark:/12148/cb30652535z";"Aureola ex suavissimis salutiferisque floribus gloriosi Hieronymi adfabre contexta";"1470";"(Norimbergae";"J. Sensenschmidt";"1470";"In-fol.";"Null";"Null"
"http://data.bnf.fr/ark:/12148/cb30652565w";"Epistolae et tractatus S. Hieronymi. Epistolae Damasi. Opuscula Rufini circa Origenem. Epistolae S. Augustini ad S. Hieronymum. Epistola Eusebii de morte S. Hieronymi. Epistola S. Augustini ad S. Cyrillum de laudibus S. Hieronymi. Epistola S. Cyrilli ad S. Augustinum de miraculis S. Hieronymi";"1470";"Moguntiae";"P. Schoiffer";"1470";"1 tome en 2 vol. in-fol. (Hain, *8553.)";"Null";"Null"
"http://data.bnf.fr/ark:/12148/cb306525667";"Epistolae et tractatus S. Hieronymi. Epistolae Damasi. Opuscula Rufini circa Origenem. Epistolae S. Augustini ad S. Hieronymum. Epistola Eusebii de morte S. Hieronymi. Epistola S. Augustini ad S. Cyrillum de laudibus S. Hieronymi. Epistola S. Cyrilli ad S. Augustinum de miraculis S. Hieronymi";"1470";"Moguntiae";"P. Schoiffer";"1470";"1 tome en 2 vol. in-fol. (Hain, *8854.)";"Null";"Null"
"http://data.bnf.fr/ark:/12148/cb306526446";"Epistola... ad Cyrillum... de magnificentiis... Hieronymi";"1470";"(Coloniae";"Null";"1470";"In-4° . (Voulliéme, 187.)";"Null";"Null"
"http://data.bnf.fr/ark:/12148/cb30652561h";"Epistolae et tractatus sancti Hieronymi, Theodorus Laelius et Johannes Andreas ediderunt. Epistolae Damasi, S. Augustini, Epiphanii, Theophili ad S. Hieronymum. Opuscula Rufini circa Origenem. Translatio homeliarum Origenis. Sermo Petri Pauli Vergerii in laudem S. Hieronymi. Epistola S. Augustini ad S. Cyrillum de laudibus S. Hieronymi. Epistola S. Cyrilli ad S. Augustinum de miraculis S. Hieronymi. Epistola Eusebii de vita et transitu S. Hieronymi";"1470";"Roma";"in domo P. et F. de Maximis, Konrad Sweynheym et Arnold Pannartz";"1470";"2 parties";"Null";"Null"
"http://data.bnf.fr/ark:/12148/cb30660751g";"[Josephi libri Antiquitatum viginti. - Libri de Bello judaico septem.]";"1470";"(Augustae,)";"per J. Schussler";"1470";"In-fol. (Hain, 9451.)";"Null";"Null"
"http://data.bnf.fr/ark:/12148/cb30670742q";"Juvenalis Satirae";"1470";"(Venetiis";"Vindelinus de Spira,)";"1470";"In-fol. (Hain, 9665.)";"Null";"Null"
"http://data.bnf.fr/ark:/12148/cb30670075r";"Justini Epitoma in Trogi Pompei Historias";"1470";"(Romae";"per U. Gallum";"1470";"In-fol. (Hain-Copinger, 9646.)";"Null";"Null""http://data.bnf.fr/ark:/12148/cb30711859w";"Lactantii Firmiani Opera. De Divinis institutionibus adversus gentes libri septem ; de Ira Dei liber unus ; de Opificio hominis liber ; Phoenix ; Dantes Phoenice (Inferno, XXIV, 107-112), Ovidius Phoenix (Metamorph, XV, 391-402) ; de Resurrectionis dominicae die. Ex recensione fratris Adami Genuensis. Errata per fratrem Antonium Raudensem collecta. Andreas episcopus aleriensis curavit";"1470";"Romae";"in domo P. et F. de Maximis, per C. Sweynheim et A. Pannartz";"1470";"In-fol. (Hain, 9808.)";"Null";"Null"
"http://data.bnf.fr/ark:/12148/cb30791964d";"Leonis magni, papae, Sermones et epistolae curante G. Andrea";"1470";"Roma";"Konrad Sweynheym et Arnold Pannartz";"1470";"Null";"Null";"Null"
"http://data.bnf.fr/ark:/12148/cb307919632";"Leonis magni, papae, Sermones et epistolae curante G. Andrea";"1470";"[Roma]";"[Johannes Philippus a Lignamine]";"1470";"Null";"Null";"Null"
"http://data.bnf.fr/ark:/12148/cb38498359f";"[Illustrations de Rime, sonetti, canzoni, trionfi]";"1470";"Venise";"[s.n.]";"1470";"1 est. : gravure sur bois : en noir";"Null";"http://gallica.bnf.fr/ark:/12148/btv1b2200021h"
"http://data.bnf.fr/ark:/12148/cb30879416v";"Mammotrectus super Bibliam, auctore Johanne Marchesino";"1470";"(Beromunster,)";"per H. Helye alias de Louffen";"1470";"In-fol. (Hain, *10555.)";"Null";"Null"
"http://data.bnf.fr/ark:/12148/cb30879415h";"Mammotrectus super Bibliam, auctore Johanne Marchesino";"1470";"Moguntiae";"per P. Schoiffer";"1470";"In-fol. (Hain, *10554.)";"Null";"Null"
"http://data.bnf.fr/ark:/12148/cb30892910w";"Marci Valerii Martialis Epigrammatum libri XV";"1470";"(Romae";"C. Sweynheym et A. Pannartz";"1470";"In-4° . (Hain-Reichling, 10805.)";"Null";"Null"
"http://data.bnf.fr/ark:/12148/cb39302860p";"Mammetractus Sive expositio in singulis libri Bibliae per singula capitula. [authore Marchesino]";"1470";"Moguntiae";"per Petrum Schoiffer de Gernsheym";"1470";"In-fol.";"Null";"Null"
"http://data.bnf.fr/ark:/12148/cb39302743t";"D. Thomae Aquinatis Catena aurea super Matthaeum et Marcum";"1470";"Roma";"Konrad Sweynheym et Arnold Pannartz";"1470";"In-fol.";"Null";"Null"
"http://data.bnf.fr/ark:/12148/cb39304398g";"Homiliae super Johannem. Trad. Franciscus Griffolinus";"1470";"Roma";"[Georg Lauer]";"1470";"Null";"Null";"Null"
"http://data.bnf.fr/ark:/12148/cb393107368";"De officis ; Paradoxa ; de Amicitia ; de Senectute ; Somnium Scipionis";"1470";"[Romae";"U. Han";"1470";"In-fol °";"Null";"Null"
"http://data.bnf.fr/ark:/12148/cb310172108";"Consolatorium timoratae conscientiae";"1470";"Null";"Null";"1470";"in-4";"Null";"Null"
"http://data.bnf.fr/ark:/12148/cb31017250h";"Johannis Nider Manuale confessorum. Ejusdem Dispositorium moriendi";"1470";"[Köln";"Ulrich Zell";"1470";"Null";"Null";"Null"
"http://data.bnf.fr/ark:/12148/cb310172437";"Tractatus de morali lepra Johannis Nyder";"1470";"(Coloniae";"Ulricus Zell";"1470";"In-4° . (Hain-Copinger, 11814 ; Voullième, 866.)";"Null";"Null"
"http://data.bnf.fr/ark:/12148/cb31017211m";"Consolatorium timoratae conscientiae fratris Johannis Nyder";"1470";"(Augustae Vindelicorum";"A. Sorg.";"1470";"In-fol. (Hain-Copinger, *11807";"Null";"Null"
"http://data.bnf.fr/ark:/12148/cb31023947s";"[Nonii Marcelli de Proprietate latini sermonis.]";"1470";"(Romae";"Null";"1470";"In fol. (Hain-Copinger, 11899.)";"Null";"Null"
"http://data.bnf.fr/ark:/12148/cb310680836";"Dialogus, qui vocatur scrutinium Scripturarum, compositus per Paulum de Sancta Maria...";"1470";"(Romae";"Null";"1470";"In-4° . (Hain, 10764.)";"Null";"Null"
"http://data.bnf.fr/ark:/12148/cb310891687";"XXV sermones magis morales";"1470";"[Rome";"Null";"1470";"In-fol.";"Null";"Null"
"http://data.bnf.fr/ark:/12148/cb31088582n";"Junii Juvenalis et Auli Persii Satirae";"1470";"(Venetiis";"per Vindelinum de Spira";"1470";"In-fol. (Hain, 9672 ; Morgan, 2.)";"Null";"Null"
"http://data.bnf.fr/ark:/12148/cb31094494m";"Rime di Francesco Petrarca";"1470";"[Venetiiis]";"[s.n.]";"1470";"[360] p.";"Null";"http://gallica.bnf.fr/ark:/12148/bpt6k70418k"
"http://data.bnf.fr/ark:/12148/cb31099231c";"Epistole Phalaridis per F. Aretinum translate";"1470";"(Parisiis";"Null";"1470";"In-8° . (Hain-Copinger, 12885.)";"Null";"http://gallica.bnf.fr/ark:/12148/btv1b8604273c"
"http://data.bnf.fr/ark:/12148/cb31107308z";"Epistola Enee poete de fortuna";"1470";"[Köln";"imprimeur du Dictys, GW 8324 (= Arnold Therhoernen ?)";"1470";"Null";"Null";"Null"
"http://data.bnf.fr/ark:/12148/cb31107310h";"Sompnium Enee Silvii, poete laureati, de fortuna";"1470";"[Köln";"imprimeur du Dictys, GW 8324 (= Arnold Therhoernern ?)";"1470";"Null";"Null";"Null"
"http://data.bnf.fr/ark:/12148/cb311234823";"[C. Plinii Secundi Naturalis historiae libri XXXVII, ex recensione Johannis Andreae, episcopi Aleriensis]";"1470";"Roma";"Konrad Sweynheym et Arnold Pannartz";"1470";"Null";"Null";"Null"
"http://data.bnf.fr/ark:/12148/cb31125256g";"Plutarchi Vitae parallelae, in latinum translatae a Fr. Philelpho, J. Tortellio, Lapo Florentino, Donato Acciaiolo, Guarino Veronensi, Antonio Tudertino, Fra. Barbaro, Leonardo Aretino, Leonardo Justiniano. Evagorae vita ex Isocrate, interprete Guarino Veronensi. Pomponii Attici vita a Cornelio Nepote. Platonis vita a Guarino Veronensi. Aristotelis vita a Leonardo Aretino. Homeri vita ex Herodoto a P. Allio. Vita Caroli Magni a D. Acciolo [sic]. Edidit J. A. Campanus";"1470";"Romae";"Ubiscus Han";"1470";"2 vol. in-fol., encadr. colorié au 1er feuillet, initiales peintes. (Hain-Copinger, *13125.)";"Null";"Null"
"http://data.bnf.fr/ark:/12148/cb31126847d";"Poggii florentini... Facetiarum liber...";"1470";"[Roma";"Georg Lauer";"1470";"[110] ff. non signés [a8, b-c10, d8, e-h10, i8, k10, l-m8]";"Null";"Null"
"http://data.bnf.fr/ark:/12148/cb31152606x";"[Prisciani Caesariensis Opera.]";"1470";"(Venetiis,)";"Null";"1470";"In-fol. (Hain-Copinger, 13355.)";"Null";"Null"
"http://data.bnf.fr/ark:/12148/cb311658459";"M. F. Quintiliani Institutiones oratoriae, ex recognitione Joh. Andreae";"1470";"Rome";"Null";"1470";"In-fol. (Hain-Copinger, 13645.)";"Null";"Null"
"http://data.bnf.fr/ark:/12148/cb31165846n";"M. F. Quintiliani Institutiones oratoriae";"1470";"Rome";"Null";"1470";"In-fol. (Hain-Copinger, 13646.)";"Null";"Null"
"http://data.bnf.fr/ark:/12148/cb31237909r";"Sermo ad populum predicabilis in festo Presentationis beatissime Marie semper Virginis [auctore W. Rolevinck]";"1470";"[Köln";"Arnold Therhoernen]";"1470";"[12] ff.";"Null";"Null"
"http://data.bnf.fr/ark:/12148/cb31268994p";"Expositio Symboli Hieronymi contra Jovianum haereticum";"1470";"(Coloniae";"U. Zell";"1470";"In-4° . (Voullième, 1057.)";"Null";"Null"
"http://data.bnf.fr/ark:/12148/cb312886572";"[Sallustii Opera.]";"1470";"Parisiis";"Gering, Crantz et Friburger";"1470";"In-4° , (Hain-Copinger, 14189.)";"Null";"http://gallica.bnf.fr/ark:/12148/btv1b8604283r"
"http://data.bnf.fr/ark:/12148/cb31288655c";"[Sallustii Bellum Catilinarium et Jugurthinum.]";"1470";"(Venetiis";"Vindelinus de Spira";"1470";"In-fol. (Hain-Copinger, *14197.)";"Null";"Null"
"http://data.bnf.fr/ark:/12148/cb31288656q";"C. Salustii Crispi de Conjuratione Catiline. [De Jugurthino bello liber.]";"1470";"(S. l.,)";"Null";"1470";"In-4° . (Hain-Copinger, 14196.)";"Null";"Null"
"http://data.bnf.fr/ark:/12148/cb31292915q";"Compendiosa historia hispanica, auctore Roderico Sanctio de Arevalo";"1470";"[Roma]";"Ulrich Han";"1470";"Null";"Null";"Null"
"http://data.bnf.fr/ark:/12148/cb31292918r";"[Speculum vitae humanae, auctore Rodorico Sanctio de Arevalo.]";"1470";"(Savilliani,)";"pressit C. Beyamus";"1470";"In-fol. (Hain-Copinger, 13937.)";"Null";"Null"
"http://data.bnf.fr/ark:/12148/cb31351873q";"Hunc librum composuit Seneca, nobilissmus [sic] orator, ad Gallionum [sic] amicum suum, contra omnes impetus et machinamenta fortune...";"1470";"(Paris";"P. Caesaris et J. Stoll";"1470";"In-4° , (Hain-Copinger, 14658 ; Polain, 3492.)";"Null";"Null"
"http://data.bnf.fr/ark:/12148/cb314194987";"[Suetonii Tranquilli Vitae XII Caesarum, ex recognitione Jo. Andreae, cum Ausonii carmine de XII Caesaribus.]";"1470";"Romae";"apud C. Sweynheym et A. Pannartz";"1470";"In-fol. (Hain-Copinger, *15116.)";"Null";"Null"
"http://data.bnf.fr/ark:/12148/cb31419497w";"[Suetonii Tranquilli Vitae XII Caesarum, ex recognitione Jo. Ant. Campani.]";"1470";"Romae";"Null";"1470";"In-fol. (Hain-Copinger, 15115.)";"Null";"Null"
"http://data.bnf.fr/ark:/12148/cb31443375g";"[Publii Terentii Comoediae sex : Andria, Enuchus (sic), Heutontumerumenon (sic), Adelphos, Echira (sic), Phormio.] - (Fol. [1,] r° :) Publii Terentii Affri, poete comici, Comediarum liber incipit feliciter. - Ephitaphium [sic] Terentii : Natus in excelsis tectis Cartaginis [sic] alte... (Suivent cinq vers.) - Argumentum Andrie : Sororem falso creditam meretricule... - Prologus : Poeta cum primum animum ad scribendum appulit... - (À la fin :) Publii Terencii Affri, poete comici, Comediarum liber finit";"1470";"(Argentorati";"Null";"1470";"In-fol., 100 ff. n. ch., s. sign. n. récl., car. semi-goth. (Copinger, 5736-Reichling, VI, p. 167 ; Brunet, V, col. 702, n  II des éditions s. d. ; Lawton : Térence en France au XVIe s., éditions et traductions, n  I du cat. des éditions";"Null";"Null"
"http://data.bnf.fr/ark:/12148/cb31443678b";"[Aelii Donati Commentarius in P. Terentii Comoedias.] - (Fol. [1,] r° :) [P] ublius Terentius Afer, Carthagine natus, servivit Rome Terencio Lucano senatori... - (Fol. [2,] v° :) Initium tragoedie et comoedie a rebus divinis est inchoatum... - (Fol. [5,] v°, vers le milieu :) Comedia est fabula diversa... - (Fol. [7,] v° :) Chremes Atticus, pater Pasibule et Philomene... - (Fol. [8,] v° :) Poeta cum primum animum ad scribendum appulit. Comedia Andria, cum palliata sit fabula... - (À la fin : ce distique :) Qui cupit obstrusam frugem gustasse Terenti/Donatum querat noscere grammaticum";"1470";"(Argentinae";"A. Rusch";"1470";"In-fol., 250 ff. n. ch. s. sign. n. récl., car. rom. (Hain, *6382 ; Pellechet, 4428 ; Polain, 1347 ; Lawton, catalogue des comm., n  1, i.)";"Null";"Null"
"http://data.bnf.fr/ark:/12148/cb31462042v";"Soliloquium (« Verbum mihi … »)";"1470";"[Köln";"imprimeur du Dictys (= Arnold Therhoernen ?)";"1470";"In-4° . (Hain-Copinger, 1533 ; Pellechet, 1521 ; Vouillième, 211.)";"Null";"Null"
"http://data.bnf.fr/ark:/12148/cb31461952d";"[Divi Thome Aquinatis Continuum in quatuor evangelistas, recognitum a Johanne Andree.]";"1470";"Romae";"C. Sweynheym et A. Pannartz";"1470";"2 vol.";"Null";"Null"
"http://data.bnf.fr/ark:/12148/cb31461896r";"[Quaestiones de quodlibet sancti Thome de Aquino.]";"1470";"(Romae";"G. Lauer";"1470";"In-fol. (Hain-Copinger, 1400 ; Pellechet, 1002.)";"Null";"Null"
"http://data.bnf.fr/ark:/12148/cb314745120";"[Titi Livii Historiae romanae decades I, III-IV, cum Johannis Andreae Epistola et L. Flori Epitome decadum XIV.]";"1470";"(Venetiis";"Vendelinus de Spira,)";"1470";"2 vol.";"Null";"Null"
"http://data.bnf.fr/ark:/12148/cb31474511n";"[Titi Livii Historiae romanae decades I, III-IV, cum L. Flori Epitome decadum XIV, cura G. Antonii Campani.]";"1470";"Romae";"U. Gallus";"1470";"3 vol. in-fol. (Hain-Copinger, 10129 ; Br. Mus., Books pr. XVth c., t. IV, p. 20.)";"Null";"Null"
"http://data.bnf.fr/ark:/12148/cb31481302m";"[Reverendissimi cardinalis Sancti Sixti (domini Johannis de Turrecremata) Expositio brevis et utilis super toto Psalterio.]";"1470";"Rome";"per U. Gallum";"1470";"In-4° . (Hain-Copinger, 15695 ; Br. Mus., Books pr. XVth c., t. IV, p. 21 ; Polain, 3857.)";"Null";"Null"
"http://data.bnf.fr/ark:/12148/cb31498028c";"Justini Epitome Historiarum Trogi Pompeii";"1470";"Venetiis";"N. Jenson";"1470";"In-4° . (Hain, 9647 ; Br. Mus. books pr. XVth c., t. V, p. 167.)";"Null";"Null"
"http://data.bnf.fr/ark:/12148/cb31520430t";"Valerii Maximi Factorum et dictorum memorabilium... liber I [-IX]";"1470";"(Argentinae";"J. Mentelin";"1470";"In-fol. (Hain, *15773 ; Br. Mus., Books pr. XVth c., t. I, p. 55.)";"Null";"Null"
"http://data.bnf.fr/ark:/12148/cb315530244";"Mafei Vegei Dialogus inter Alithiam et Philaliten...";"1470";"(Coloniae";"U. Zell";"1470";"In-4° . (Hain-Copinger, 15928 ; Voullième, 1202 ; Br. Mus., Books pr. XVth c., I, 186.)";"Null";"Null"
"http://data.bnf.fr/ark:/12148/cb43708843h";"[Jésus et le perroquet] : [voeu pour la nouvelle année]";"1470";"[Allemagne du sud]";"Null";"1470";"1 est. : gravure sur bois, col. ; 196 x 133 mm";"http://data.bnf.fr/ark:/12148/cb12001866t";"http://gallica.bnf.fr/ark:/12148/btv1b105055443"
"http://data.bnf.fr/ark:/12148/cb437225320";"[Sainte Anne] : [estampe]";"1470";"[Souabe]";"Null";"1470";"1 est. : gravure sur bois, col. ; 275 x 190 mm";"Null";"http://gallica.bnf.fr/ark:/12148/btv1b105056236"
"http://data.bnf.fr/ark:/12148/cb437224541";"[Sainte Hélène] : [estampe]";"1470";"[Souabe]";"Null";"1470";"1 est. : gravure sur bois, col. ; 275 x 190 mm";"Null";"http://gallica.bnf.fr/ark:/12148/btv1b105056219"
"http://data.bnf.fr/ark:/12148/cb43728542r";"[Sainte Opportune] : [estampe]";"1470";"[Rhin inférieur]";"Null";"1470";"1 est. : gravure en criblé collée sur parchemin ; 154 x 100 mm";"Null";"http://gallica.bnf.fr/ark:/12148/btv1b105056649"
"http://data.bnf.fr/ark:/12148/cb315913380";"[Publii Virgilii Maronis Opera.]";"1470";"(Argentorati";"A. Rusch";"1470";"In-fol. (Copinger, 5996 et *1 ; Br. Mus., Books pr. XVth c., t. I, p. 54 ; Mambelli, 2 ; Goff, p. 621, V-151.)";"Null";"Null"
"http://data.bnf.fr/ark:/12148/cb31591337n";"[Publii Virgilii Maronis Opera.]";"1470";"(Venetiis,)";"Vindelinus de Spira";"1470";"(Copinger, 6003 et *9 ; Br. Mus., Books pr. XVth c., t. V, p. 154 ; Mambelli, 3 ; Goff, p. 621, V-150.)";"Null";"Null"
"http://data.bnf.fr/ark:/12148/cb31591953j";"Publii Virgiliis [sic] Maronis Bucolicum carmen...";"1470";"(Coloniae";"U. Zell";"1470";"In-4° . (Copinger, 6106 et *112 ; Voullième, 1204 ; Br. Mus., Books pr. XVth c., t. I, p. 182 ; Polain, 3966 ; Mambelli, 663 ; Goff, p. 624, V-202.)";"Null";"Null"
"http://data.bnf.fr/ark:/12148/cb31591954w";"[Bucolica Virgilii.]";"1470";"(Argentorati";"H. Eggestein";"1470";"In-4° . (Copinger, 6111 et *117 ; Mambelli, 661 ; Goff, p. 624, v-203.)";"Null";"Null"
"http://data.bnf.fr/ark:/12148/cb316171670";"Summa collationum, sive Communiloquium";"1470";"[Köln";"Ulrich Zell";"1470";"Null";"Null";"Null"
"http://data.bnf.fr/ark:/12148/cb31678326f";"[Lectura Francisci de Zabarellis super Clementinas.]";"1470";"(Romae,)";"S. Riessinger";"1470";"In-fol. (Hain, 16250 ; Polain, Catalogue général des incunables des bibliothèques publiques de France, 11858 ; Goff, p. 637, Z-2.)";"Null";"Null"
"http://data.bnf.fr/ark:/12148/cc61665";"David ben Joseph Kimchi. Commentaire sur les Psaumes. Massafra";"1470";"Null";"Null";"Null";"Null";"http://data.bnf.fr/ark:/12148/cb12532124p";"http://gallica.bnf.fr/ark:/12148/btv1b10540028p"
"http://data.bnf.fr/ark:/12148/cb31742147z";"Incipit sermo beati Augustim êpi. Sermo super Orationem dominicam";"1470";"(Cologne, U. Zell";"Null";"1470";"Null";"Null";"Null"
"http://data.bnf.fr/ark:/12148/cb325395073";"[Singularia in causis criminalibus...]";"1470";"(S. l.";"Null";"1470";"Null";"Null";"Null"
"http://data.bnf.fr/ark:/12148/cb32668822c";"Opera";"1470";"Venetiis, Vendelinus de Spira";"Null";"1470";"Null";"Null";"Null"
"http://data.bnf.fr/ark:/12148/cb332469555";"Ars moriendi « Quamvis secundum philosophum … »";"1470";"[Allemagne rhénane (Rhin inférieur, Köln, Mainz ?)";"s. n.";"1470";"24 ff.";"Null";"http://gallica.bnf.fr/ark:/12148/bpt6k1040402g"
"http://data.bnf.fr/ark:/12148/cb336020578";"Sermo ad populum predicabilis in festo praesentationis beatissimae virginis Mariae";"1470";"Köln";"Arnold Therhoernen";"1470";"[12] ff.";"Null";"Null"
"http://data.bnf.fr/ark:/12148/cb33733831t";"Sentence qui explique et confirme les droits des confrères pèlerins fondateurs et patrons laïques de l'Hopital et chapelle de Saint Jacques aux Pélerins";"1470";"(S. l. n. d.)";"Null";"1470";"4°";"Null";"Null"
"http://data.bnf.fr/ark:/12148/cb33764926c";"Regule, ordinationes et constitutiones Cancellarie... domini Pauli... pape secundi scripte et correcte in Cancellaria apostolica... - Fol. 24 recto : Termini causarum in Romana curia servari soliti in causa beneficiali... - Fol. 27 verso : Deinde sequitur stilus et modus. observandi et practicandi terminorum productorum... - Fol. 33 verso : Secuntur certe constitutions [sic] de litibus abbreviandis. - Fol. 34 recto, à la fin : Explicit";"1470";"[Roma]";"[Ulrich Han]";"1470";"[40] ff. n. ch., [a-e]8";"Null";"Null"
"http://data.bnf.fr/ark:/12148/cb337649251";"Bulla Ad futuram rei memoriam (1 X 1464). Constitutio Ad id maxime versatur (21 I 1464) [Célébration de la fête de la Présentation de la Vierge]";"1470";"[Köln";"Arnold Therhoernen";"1470";"4°";"Null";"Null"
"http://data.bnf.fr/ark:/12148/cb337649220";"Bulla Pauli secundi de celebratione festi praesentationis beatae Mariae virginis";"1470";"(Coloniae";"apud Arnoldum Therhoernen";"1470";"In-4°";"Null";"Null"
"http://data.bnf.fr/ark:/12148/cb33768939p";"Feuille de parchemin, mutilée, contenant une double formule des lettres d'indulgences que le doyen et le chapitre de Saintes, en vertu d'une autorisation du pape Sixte IV, accordaient aux fidèles qui contribuaient par leurs aumônes aux travaux de la cathédrale de Saintes. Les formules sont ainsi datées : Anno Domini millesimo quadringentesimo LXX, avec un blanc destiné à recevoir l'indication des unités";"1470";"[S. l. n. d. ?]";"Null";"1470";"Null";"Null";"Null"
