id;title;date;place;publisher;firstyear;description;subject;gallica
"http://data.bnf.fr/ark:/12148/cb30048937z";"Summa quae vocatur Catholicon edita a fratre Johanne de Janua (Balbi)";"1460";"Mainz";"[imprimeur du Catholicon (GW 3182)]";"1460";"Null";"Null";"Null"
"http://data.bnf.fr/ark:/12148/cb30249162j";"Clementis papae V Constitutiones cum commento Johannis Andreae. Accedunt Bullae Clementis V Exivi de paradiso, Joannis XXII Constitutio execrabilis, et Benedicti XII Ad regimen universalis ecclesiae";"1460";"Moguntiae";"per J. Fust et P. Schoeffer";"1460";"In-fol. (Pellechet, 3835.)";"Null";"Null""http://data.bnf.fr/ark:/12148/cb40559216g";"Veüe de l'Abbaye de la Benisson-Dieu // 1460 : [dessin]";"1460";"Null";"Null";"1460";"Aquarelle : 32,8 x 30 cm (f.), 28,9 x 25,7 cm (tr. c.)";"Null";"http://gallica.bnf.fr/ark:/12148/btv1b6901965m"
"http://data.bnf.fr/ark:/12148/cb43716871g";"[Le Martyre de saint Erasme] : [estampe]";"1460";"[Souabe]";"Null";"1460";"1 est. : gravure sur bois, col. ; 374 x 260 mm";"Null";"http://gallica.bnf.fr/ark:/12148/btv1b10505655b"
"http://data.bnf.fr/ark:/12148/cb43726423q";"[Le Jugement dernier] : [estampe]";"1460";"[Rhin inférieur]";"Null";"1460";"1 est. : gravure en criblé ; 301 x 223 mm";"http://data.bnf.fr/ark:/12148/cb11949540g";"http://gallica.bnf.fr/ark:/12148/btv1b10505610f"
"http://data.bnf.fr/ark:/12148/cb439070949";"[Construction de Saint-Denis] : [enluminure]";"1460";"Null";"Null";"Null";"1 enluminure : 83 x 87 mm";"http://data.bnf.fr/ark:/12148/cb119556013";"http://gallica.bnf.fr/ark:/12148/btv1b105111504"
"http://data.bnf.fr/ark:/12148/cb43907085b";"[Histoire de Childebert II] : [enluminure]";"1460";"Null";"Null";"Null";"1 enluminure : 113 x 88 mm";"Null";"http://gallica.bnf.fr/ark:/12148/btv1b10511147v"
"http://data.bnf.fr/ark:/12148/cb43906318s";"[Chilpéric Ier tue Galswinthe, se remarie et est assassiné] : [enluminure]";"1460";"Null";"Null";"Null";"1 enluminure : 101 x 87 mm";"Null";"http://gallica.bnf.fr/ark:/12148/btv1b10511139b"
"http://data.bnf.fr/ark:/12148/cb439070693";"[Mort de Gondovald] : [enluminure]";"1460";"Null";"Null";"Null";"1 enluminure : 86 x 88 mm";"Null";"http://gallica.bnf.fr/ark:/12148/btv1b105111432"
"http://data.bnf.fr/ark:/12148/cb43907242m";"[Bataille de Charles Martel] : [enluminure]";"1460";"Null";"Null";"Null";"1 enluminure : 88 x 88 mm";"Null";"http://gallica.bnf.fr/ark:/12148/btv1b10511154x"
"http://data.bnf.fr/ark:/12148/cb43907351v";"[Mariage de Geoffroi comte de Rennes et duc de Bretagne, avec Havoise de Normandie, soeur de Richard II, duc de Normandie] : [enluminure]";"1460";"Null";"Null";"Null";"1 enluminure : 86 x 82 mm";"Null";"http://gallica.bnf.fr/ark:/12148/btv1b10511164b"
"http://data.bnf.fr/ark:/12148/cb439074189";"[Arrivée de l'empereur Henri V à Rome] : [enluminure]";"1460";"Null";"Null";"Null";"1 enluminure : 84 x 79 mm";"Null";"http://gallica.bnf.fr/ark:/12148/btv1b10511167p"
"http://data.bnf.fr/ark:/12148/cb43907252x";"[Sacre de Pépin] : [enluminure]";"1460";"Null";"Null";"Null";"1 enluminure : 87 x 88 mm";"Null";"http://gallica.bnf.fr/ark:/12148/btv1b10511158q"
"http://data.bnf.fr/ark:/12148/cb439074398";"[Bataille de Poitiers] : [enluminure]";"1460";"Null";"Null";"Null";"1 enluminure : 92 x 84 mm";"http://data.bnf.fr/ark:/12148/cb12473591t";"http://gallica.bnf.fr/ark:/12148/btv1b105111739"
"http://data.bnf.fr/ark:/12148/cb43907297w";"[Batailles du début du règne de Charlemagne] : [enluminure]";"1460";"Null";"Null";"Null";"1 enluminure : 85 x 88 mm";"http://data.bnf.fr/ark:/12148/cb11967988h";"http://gallica.bnf.fr/ark:/12148/btv1b105111610"
"http://data.bnf.fr/ark:/12148/cb43907431h";"[Affaire des templiers] : [enluminure]";"1460";"Null";"Null";"Null";"1 enluminure : 83 x 85 mm";"Null";"http://gallica.bnf.fr/ark:/12148/btv1b10511170z"
"http://data.bnf.fr/ark:/12148/cc8394r";"ʾAšrey (moʿed, našiym, ṭohorwt)";"1460";"Null";"Null";"Null";"415 f.";"Null";"Null"
"http://data.bnf.fr/ark:/12148/cb31951746k";"(F. 1a :) Incipit constitutiones clementis // papae unacum apparatu domini Ioannis Andree. // ... (F. 488 :) Preséns Clementis papae quinti constitutionum codex unacum apparatu domini Iohannis... // ... est sūmatus. Per Iohānez fust cinē Moguntin̄. // Et petru Schoiffher de geansheim. Clericū dioces cinsche. Anno dinī. MCCCC. Sexagesimo. XXV die Mensis Jūnij. (suit un ft contenant la Constitution dite execrabilis)";"1460";"In-fol. (Hain 5410)";"Null";"1460";"Null";"Null";"Null"
"http://data.bnf.fr/ark:/12148/cb33381187c";"Exercitium super Pater noster [latin-flamand]";"1460";"[Pays-Bas du Sud";"s. n.";"1460";"10 ff.";"Null";"http://gallica.bnf.fr/ark:/12148/bpt6k1040426w"
"http://data.bnf.fr/ark:/12148/cb33810239z";"Édit du Roy concernant l'auctorité et jurisdiction de la Chambre des comptes";"1460";"(S. l.)";"Null";"1460";"In-4°, 5 p.";"Null";"Null"
"http://data.bnf.fr/ark:/12148/cb338102378";"Ordonnance portant pouvoir aux prévost de Paris, sénéchaux, baillis ou leurs lieutenants, de recevoir les foy et hommages des terres non excédant cinquante livres de revenu, et à la Chambre des comptes de recevoir ceux des terres valant jusqu'à 100 livres parisis de revenu par chacun an et prescrit la manière de les recevoir";"1460";"(S. l. n. d.)";"Null";"1460";"In-4°, 3 p.";"Null";"Null"
"http://data.bnf.fr/ark:/12148/cb33810236x";"Lettres qui déclarent les gens des comptes juges souverains en matière de finance, dépendans du domaine et du fait des comptes, sans qu'on puisse interjetter appel de leurs jugemens";"1460";"(S. l. n. d.)";"Null";"1460";"In-4°, 2 p.";"Null";"Null"
"http://data.bnf.fr/ark:/12148/cb33810235k";"Ordonnance portant règlement pour la reddition des comptes du Trésor";"1460";"(S. l. n. d.)";"Null";"1460";"In-4°, 2 p.";"Null";"Null"
"http://data.bnf.fr/ark:/12148/cb35951128j";"[Sans titre]";"1460";"Null";"Null";"1460";"[427] f.";"Null";"Null"
