id;title;date;place;publisher;firstyear;description;subject;gallica
"http://data.bnf.fr/ark:/12148/cb40670221g";"[Atlas nautique, dit Atlas Catalan]";"1375";"Null";"Null";"Null";"1 atlas : ms. col. 6 doubles feuillets de parchemin collés sur 5 planches de bois et sur les contreplats de la reliure, formant 6 tableaux ; 64,5 cm x 24,9 cm";"Null";"Null"
"http://data.bnf.fr/ark:/12148/cb40689545p";"[Fragment de la carte catalane de 1375 représentant la France]. Reproduction photographique";"1375";"[S.l.]";"[s.n.]";"1375";"1 flle : en noir ; 13 x 28 cm";"Null";"Null"
"http://data.bnf.fr/ark:/12148/cb40692874m";"Rijnland";"1375";"[S.l.]";"[s.n.]";"1375";"Null";"Null";"Null""http://data.bnf.fr/ark:/12148/cc34905r";"Atlas de cartes marines";"1375";"Null";"Null";"Null";"6 doubles feuillets de parchemin, collés sur cinq planches de bois (recto et verso) et sur les contreplats en bois de la reliure";"Null";"http://gallica.bnf.fr/ark:/12148/btv1b55002481n"
"http://data.bnf.fr/ark:/12148/cb337458665";"Ordonnance de la chambre des comptes touchant les francs-fiefs";"1375";"(S. l. n. d.)";"Null";"1375";"In-4°, 3 p.";"Null";"Null"
"http://data.bnf.fr/ark:/12148/cb33810053z";"Lettre du Roy, adressante au chancelier de France, pour ne passer ou sceller aucune commission pour complaincte qu'on fasse de sentences ou griefz donnez en la Chambre des comptes et qu'ils les renvoye en laditte Chambre et non ailleurs pour en connoistre";"1375";"(S. l.)";"Null";"1375";"In-4°, 2 p.";"Null";"Null"
"http://data.bnf.fr/ark:/12148/cb35878002h";"U.S. government information policies and practices... 5";"1375";"Washington";"Government printing office";"1375";"Null";"Null";"Null"
