id;title;date;place;publisher;firstyear;description;subject;gallica
"http://data.bnf.fr/ark:/12148/cb40699454k";"Mappemonde de Marino Sanuto de 1321";"1321";"[Paris]";"impr de Kaeppelin";"1321";"1 flle : en noir ; 72 x 52 cm";"Null";"Null"
"http://data.bnf.fr/ark:/12148/cb406994537";"Mappemonde de Maunus Sanuto du XIVe siècle (1321) renfermée dans le manuscrit n° 9404 de l'ouvrage de cet auteur conservé dans la Bibliothèque royale de Bruxelles";"1321";"[S.l.]";"[s.n.]";"1321";"1 flle : en coul.  ; 72 x 52 cm";"Null";"Null""http://data.bnf.fr/ark:/12148/cc86980";"Gersonide (1288-1344). Explications de divers commentaires d'Averroès sur Aristote";"1321";"Null";"Null";"Null";"76 f.";"Null";"http://gallica.bnf.fr/ark:/12148/btv1b10720127j"
"http://data.bnf.fr/ark:/12148/cb338023563";"Extrait d'un imprimé à la diligence de messieurs les administrateurs de S. Jacques de l'hôpital à Paris, qui a pour titre : Mémoire instructif des obligations, charges et devoirs des chanoines et chapelains de l'église de S. Jacques de l'hôpital à Paris ; Avec la bulle de Jean XXII, pape, qui contient la fondation de l'église et hôpital, et des quatre chapelains et quatre clers pour faire l'office divin. Bulle de la fondation... du 18 juillet 1321";"1321";"(S. l. n. d.)";"Null";"1321";"In-4°. Pièce";"Null";"Null"
"http://data.bnf.fr/ark:/12148/cb33809968f";"Ordonnance touchant les amortissemens, les nouveaux acquests et franc-fiefs";"1321";"(S. l. n. d.)";"Null";"1321";"In-4°, 3 p.";"Null";"Null"
"http://data.bnf.fr/ark:/12148/cb338099673";"Ordonnance portant que la Chambre (des comptes) donnera des cédulles de debentur aux gens des enquestes, pour estre payez de leurs gages";"1321";"(S. l. n. d.)";"Null";"1321";"In-4°, 1 p.";"Null";"Null"
"http://data.bnf.fr/ark:/12148/cb33809966r";"Lettres patentes du roy Philippe le Long de protection et de confirmation des lettres de 1227 et des franchises et libertés de l'Hôtel-Dieu de Paris";"1321";"(S. l. n. d.)";"Null";"1321";"In-4°, 2 p.";"Null";"Null"
