id;title;date;place;publisher;firstyear;description;subject;gallica
"http://data.bnf.fr/ark:/12148/cb38639597w";"Essai (type du teston ; poids du double écu)";"814";"Paris";"Null";"814";"Null";"Null";"http://gallica.bnf.fr/ark:/12148/btv1b77001265"
"http://data.bnf.fr/ark:/12148/cb386395956";"Denier";"814";"[s.l.]";"Null";"814";"Null";"Null";"http://gallica.bnf.fr/ark:/12148/btv1b7700124b"
"http://data.bnf.fr/ark:/12148/cb38639599k";"Ecu d'or à l'effigie";"814";"Paris";"Null";"814";"Null";"Null";"http://gallica.bnf.fr/ark:/12148/btv1b77001280"
"http://data.bnf.fr/ark:/12148/cb38639600z";"Piéfort du franc";"814";"Paris";"Null";"814";"Null";"Null";"http://gallica.bnf.fr/ark:/12148/btv1b7700129d"
"http://data.bnf.fr/ark:/12148/cb386395987";"Essai (type du teston ; poids de 5 écus)";"814";"Paris";"Null";"814";"Null";"Null";"http://gallica.bnf.fr/ark:/12148/btv1b7700127k"
"http://data.bnf.fr/ark:/12148/cb386395925";"Denier";"814";"Quentovic";"Null";"814";"Null";"Null";"http://gallica.bnf.fr/ark:/12148/btv1b77001213"
"http://data.bnf.fr/ark:/12148/cb386396030";"Demi-escu";"814";"Saint-Lô";"Null";"814";"Null";"Null";"http://gallica.bnf.fr/ark:/12148/btv1b7700132w"
"http://data.bnf.fr/ark:/12148/cb386397843";"Ecu aux trois couronnes";"814";"Paris";"Null";"814";"Null";"Null";"http://gallica.bnf.fr/ark:/12148/btv1b7700317w"
"http://data.bnf.fr/ark:/12148/cb38639596j";"Denier";"814";"Chinon";"Null";"814";"Null";"Null";"http://gallica.bnf.fr/ark:/12148/btv1b7700125r"
"http://data.bnf.fr/ark:/12148/cb38639783r";"Ecu aux trois couronnes";"814";"Paris";"Null";"814";"Null";"Null";"http://gallica.bnf.fr/ark:/12148/btv1b7700316g"
"http://data.bnf.fr/ark:/12148/cb386399196";"Denier";"814";"Paris";"Null";"814";"Null";"Null";"http://gallica.bnf.fr/ark:/12148/btv1b7700455x"
"http://data.bnf.fr/ark:/12148/cb386396019";"Piéfort du teston";"814";"Paris";"Null";"814";"Null";"Null";"http://gallica.bnf.fr/ark:/12148/btv1b77001302"
"http://data.bnf.fr/ark:/12148/cb38639604b";"Dix louis";"814";"Paris";"Null";"814";"Null";"Null";"http://gallica.bnf.fr/ark:/12148/btv1b77001339"
"http://data.bnf.fr/ark:/12148/cb38639590g";"Sesquisolidus";"814";"Le Palais";"Null";"814";"Null";"Null";"http://gallica.bnf.fr/ark:/12148/btv1b77001191"
"http://data.bnf.fr/ark:/12148/cb38639602n";"Franc";"814";"Paris";"Null";"814";"Null";"Null";"http://gallica.bnf.fr/ark:/12148/btv1b7700131g"
"http://data.bnf.fr/ark:/12148/cb38639786s";"Ecu à la vieille tête";"814";"Paris";"Null";"814";"Null";"Null";"http://gallica.bnf.fr/ark:/12148/btv1b7700319q"