id;title;date;place;publisher;firstyear;description;subject;gallica
"http://data.bnf.fr/ark:/12148/cb38639581h";"Médaille";"1451";"[S.l.]";"Null";"1451";"Null";"Null";"http://gallica.bnf.fr/ark:/12148/btv1b77001109""http://data.bnf.fr/ark:/12148/cc588867";"De temporibus";"1451";"Null";"Null";"Null";"98  ff. à longues lignes précédés et suivis de 2 gardes de parchemin anciennes";"Null";"http://gallica.bnf.fr/ark:/12148/btv1b8446960d"
"http://data.bnf.fr/ark:/12148/cc4223s/ca101";"Batey hanepeš whalḥašiym";"1451";"Null";"Null";"Null";"Null";"Null";"Null"
"http://data.bnf.fr/ark:/12148/cb33810215z";"Statuts et lettres patentes de l'état et métier de marchand bonnetier chapelier et appartenances, en la ville et banlieue de Rouen";"1451";"(S. l. n. d.)";"Null";"1451";"In-4°, 16-8 p.";"Null";"Null"
"http://data.bnf.fr/ark:/12148/cb33810212x";"Lettres patentes pour procéder par la Chambre des comptes au jugement du procès criminel de Macé Aguillon, prisonnier en la conciergerie du Palais";"1451";"(S. l.)";"Null";"1451";"In-4°, 2 p.";"Null";"Null"
"http://data.bnf.fr/ark:/12148/cb33810214m";"Lettres patentes pour procéder par la Chambre des comptes au jugement du procès de Macé Aguillon, prisonnier en la Conciergerie du Palais, et qu'à la Chambre appartient, en fait de comptes et deppendances, toute jurisdiction civile et criminelle sans ressort";"1451";"(S. l.)";"Null";"1451";"In-4°, 3 p.";"Null";"Null"
