id;title;date;place;publisher;firstyear;description;subject;gallica
"http://data.bnf.fr/ark:/12148/cb300076419";"Alberti Magni Summa naturalium, seu Opus philosophiae naturalis";"1506";"Basileae";"cura M. Furter";"1506";"In-4°";"Null";"Null"
"http://data.bnf.fr/ark:/12148/cb30007545d";"Secreta mulierum et virorum nuperrime correcta & emendata";"1506";"Null";"Null";"1506";"[44] f. (sig. [A]8, B-E8, F4)";"Null";"Null"
"http://data.bnf.fr/ark:/12148/cb30009823d";"[(Index librorum in hoc volumine contentorum.)] Opuscula...";"1506";"Lugduni";"Null";"1506";"In-8°";"Null";"Null"
"http://data.bnf.fr/ark:/12148/cb300208480";"Summa angelica";"1506";"Null";"Null";"1506";"[18]-CCCCLVI f. (sig. ã8, ẽ10, a-z8, [-]8, [-]8, A-X8, AA-LL8)";"Null";"Null"
"http://data.bnf.fr/ark:/12148/cb30019824z";"Epithalamium Fausti de Claudia regia et Francisco Valesiorum duce";"1506";"Null";"Null";"Null";"[6] f.";"Null";"Null"
"http://data.bnf.fr/ark:/12148/cb300231285";"Prima (-quarta) pars totius summe majoris beati Antonini (cum Repertorio Johannis Molitoris)";"1506";"Lugduni";"in officina J. Cleyn, vulgo Schvab";"1506";"4 vol. in-fol., car. goth.";"Null";"Null"
"http://data.bnf.fr/ark:/12148/cb300232362";"Vocabularius Anthonii Nebrissensis. - A la fin : Aelii Antonii Nebrissensis grammatici lexicon, ex sermone latino in hispaniensem. Hispali impressum per Jacobum Kronberger alemanum, anno M. D. VI";"1506";"Séville";"Null";"1506";"In-fol., car. goth., sign. a-n, aa-tt., 2 col.";"Null";"Null"
"http://data.bnf.fr/ark:/12148/cb300277608";"Contenta. Politicorum (Aristotelis) libri octo ; commentarii (Jacobi Fabri Stapulensis in eosdem)";"1506";"Null";"Null";"1506";"178 f.";"Null";"Null"
"http://data.bnf.fr/ark:/12148/cb30045545r";"De Calamitatibus temporum, seu Contra peccatorum monstra aureum... poema...";"1506";"Parrhisius";"Null";"1506";"In-4°";"Null";"Null"
"http://data.bnf.fr/ark:/12148/cb30052480g";"Tractatus de laudibus et inclita corona beate Marie";"1506";"Null";"Null";"1506";"Sign. a-d.";"Null";"Null"
"http://data.bnf.fr/ark:/12148/cb30063136m";"Elegantia commentaria super Institutionibus";"1506";"Null";"Null";"1506";"49 f.";"Null";"Null"
"http://data.bnf.fr/ark:/12148/cb300753763";"Marinus Becichemus, Scodrensis... Opera... Panegyricus... Centuria epistolicarum quaestionum... Castigationes multae... Artes de componenda epistola, de componendo dialogo, de imitatione, de componenda funebri oratione, de componenda nuptiali oratione. - Fol. 159 r°¸ : Impressum fuit hoc opus a Bernardino Veneto de Vitalibus anno... MDVI. Venetiis VIII idus octobris... - Marini Becichemi Scodrensis variarum observationum collectanea";"1506";"Venitiis";"Null";"1506";"In-fol., 160 ff., la suite sign. AA-FF";"Null";"Null"
"http://data.bnf.fr/ark:/12148/cb30089966m";"Les Méditations sainct Bernard en françoys";"1506";"Null";"Null";"1506";"sign.A-M";"Null";"Null"
"http://data.bnf.fr/ark:/12148/cb30125217f";"Guido Bonatus de Forlivio, decem continens tractatus astronomie. - A la fin : Venetiis mandato et expensis Melchionis Sesse, per Jacobum Pentium Leucensem, anno Domini 1506 die 3 julii, regnante inclyto Leonardo Lauretano, Venetiarum principe";"1506";"Venetiis";"Null";"1506";"In-fol., sign. A-B, AA-JJ, fig. sur bois";"Null";"Null"
"http://data.bnf.fr/ark:/12148/cb30164678b";"(Marcus Tullius Cicero.) De Officiis, amicitia et senectute. Paradoxa ejusdem...";"1506";"Venetiis";"Null";"1506";"In-fol.";"Null";"Null"
"http://data.bnf.fr/ark:/12148/cb301701217";"Libro intitulato Aquila volante. - A la fin : Qui finisse... la excellente et delectabile opera intitulata l'Aquila, composta per... miser Leonardo Aretino, et da ipso curiosamente translata da latino in vulgare sermone... et impressa Venetia, per Piero di Quarengii Bergamascho, nel M CCCCCVI, adì VI del mese de mazo";"1506";"Venise";"Null";"1506";"In-fol., 6 ff. n. ch., 122 ff.";"Null";"Null"
"http://data.bnf.fr/ark:/12148/cb30176641p";"Cantica M. Petri Buri de omnibus festis Domini";"1506";"Null";"Null";"1506";"96 f. (sig. A-Q8/4)";"Null";"Null"
"http://data.bnf.fr/ark:/12148/cb30178434b";"Vita omnium philosophorum & poetarum cum auctoritatibus & sententiis aureis eorumdem annexis";"1506";"Null";"Null";"1506";"[60] f. (sig. A4, B6, C-D4, E8, F4, G8, H4, I6, K12)";"Null";"Null"
"http://data.bnf.fr/ark:/12148/cb30180346b";"Mariale eximii viri Bernardi de Busti,... de singulis festivitatibus beate virginis per modum sermonum tractans... - A la fin : Mariale... recollectum impensis circumspecti viri archibibliopole Joannis Rynman, in officina industrii Henrici Gran, civis in oppido imperiali Hagenaw. Impressum anno salutis nostre MDVI, pridie kal. martii. Finit feliciter";"1506";"Haguenaw";"Null";"1506";"In-fol., car. goth. à 2 col., signé A-B, A-Z, AA-ZZ";"Null";"http://gallica.bnf.fr/ark:/12148/bpt6k9100356g"
"http://data.bnf.fr/ark:/12148/cb30204027q";"Guielmi Castelli seu mavis Castalii Turonensis Elegiae : una cum Sybillino carmine aegloga epigrammatis ac quibusdam aliis quorum series foliculo sequenti ponetur";"1506";"Null";"Null";"1506";"[XXXI] f.- [1 bl] f. (sign. A-D8/4, E8)";"Null";"Null"
"http://data.bnf.fr/ark:/12148/cb30221767k";"Constitutiones legitimae seu legatinae regionis Anglicanae";"1506";"Null";"Null";"Null";"[12] f. (sign. [-]6, [-]6)";"Null";"Null"
"http://data.bnf.fr/ark:/12148/cb30243248t";"Tullii de Officiis, Amicitia et Senectute. Paradoxa ejusdem. Opus Benedicti Brugnoli studio emaculatum... cum recognitione commentariorum Petri Marsi et Francisci Maturantii Perusini nunc primum habitorum, adjunctis preterea commentariis ejusdem Francisci in ultimum Paradoxum... nec non castigatissima tabula... - A la fin : Impressum Venetiis ac magisquam unquam aliquo alio tempore emendatum, sumptu miraque diligentia Joannis de Tridino, alias Tacuini, anno salutiferae incarnationis MDVI die XX februarii regnante inclito duce Leonardo Lauredano";"1506";"Venetiis";"Null";"1506";"In-fol., IV-247 ff., fig.";"Null";"Null"
"http://data.bnf.fr/ark:/12148/cb30253993s";"In hoc Codri volumine hec continentur : Orationes... Epistole. Silve. Satyre. Egloge. Epigrammata (Philippo Beroaldo edente. Accessit Vita Codri a Bartholomaeo Blanchino.) - A la fin : Opus Codri impressum, est Venetiis mandato et impensis Petri Liechtensteyn Coloniensis Germani, anno salutifere incarnationis MDVI, kalendis septembribus";"1506";"Venetiis";"Null";"1506";"In-fol., LXXII ff., car. rom., titre en car. goth.";"Null";"Null"
"http://data.bnf.fr/ark:/12148/cb302572182";"Pandulphi Collenucii,... de Vipera libellus (curante Annibale Collenuccio). - A la fin : Jo. Petrus Quarengius Bergomas hoc Pandulphi Collenucci de vipera opusculum a se proprio aere, Venetiis, M D VI, eidibus juniis, quam elimatissime impressum primus publicat";"1506";"Venetiis";"Null";"1506";"In-4° , sign. A-C";"Null";"Null"
"http://data.bnf.fr/ark:/12148/cb30260594h";"Interrogationes grammatice Petri Columbe, genere Rothomagi, in lucem modo prodent ad juvenum eruditionem ipsis operam navantium... - A la fin : Explicit interrogationum grammatice libellus... diligentissime novissimeque impressus Rothomagi per Richardum Auzoult pro Roberto Macé, bibliopola Universitatis Cadomensis, eidem urbi moram trahente juxta pontem Sancti Petri. Anno Domini millesimo quingentesimo sexto, sexto kalendas mayi";"1506";"Rothomagi";"Null";"1506";"In-8° , sign. A-E, car. goth., marque de Robinet Macé à la fin";"Null";"http://gallica.bnf.fr/ark:/12148/btv1b73000456"
"http://data.bnf.fr/ark:/12148/cb30299273h";"Commedia di Dante, insieme con uno dialogo circa el sito, forma et misure dello Inferno";"1506";"Firenze";"F. di Giunta";"1506";"In-8°";"Null";"Null"
"http://data.bnf.fr/ark:/12148/cb30302094j";"Augustini Dathi, Senensis, libellus de elegantia cum commentariis et additionibus solitis, et alter de antiphrasi et floribus Ciceronis";"1506";"Null";"Null";"1506";"Sign. a-k, Aa";"Null";"Null"
"http://data.bnf.fr/ark:/12148/cb30308354k";"Solemnis repetitio rubrice et capituli primi de probatio., in qua multa exquisite ponuntur et praecipue materia tituli de eden. Edita Pisis per acutissimum juris consultum dominum Philippum Decium sive de Decio, Mediolanensem, eo tunc jura civilia ordinarie legentem in studio pisano. - A la fin : Impressum Papie per Bernardinum de Garaldis, anno incarnationis Domini nostri Jesu Christi M CCCCC VI, die XI mensis septembris";"1506";"Papiae";"Null";"1506";"In-fol., 22 ff., car. goth., 2 col.";"Null";"Null"
"http://data.bnf.fr/ark:/12148/cb303083568";"Super ti. de constitu. d. Philippi Decii commentaria amplissima. - A la fin : Papie, per Jacob de Burgofranco, impensis solertissimi viri Aloysii de Castello, Comensis ac etiam non immerito civis Papiensis, die IIII. junii 1506";"1506";"Papiae";"Null";"1506";"In-fol., 38 ff., table, car. goth., 2 col., fig.";"Null";"Null"
"http://data.bnf.fr/ark:/12148/cb30324633w";"Opus super Sentencias valde egregium, in disciplina theologie cunctis proficere volentibus permaxime necessarium (quod Resolutio theologorum merito dicitur) per famosissimum virum magistrum Nicholaum Deniise,... fideliter discussum, aggregatum atque examinatum, impensisque honesti viri magistri Martini Morin, Rothomagi ad Divi Laudi limina commorantis, impressioni traditum, hoc nostre salutis anno millesimo quingentesimo sexto, feliciter incipit";"1506";"Rouen";"Null";"1506";"In-8° à 2 col., sign. A-Z, 1, 2, 9, A-X, yy-ZZ, @ , @ , 99, @ , titre rouge et noir, marque de Martin Morin à la fin";"Null";"Null"
"http://data.bnf.fr/ark:/12148/cb30344812w";"Introductorium in astronomiam Albumasaris Abalachi, octo continens libros partiales. - A la fin : Venetiis, mandato et expensis Melchionis Sessa, per Jacobum Pentium Leucensem, anno Domini 1506, die 5 septembris...";"1506";"Venise";"Null";"1506";"In-4° , sign. a-h. Car. goth.";"Null";"http://gallica.bnf.fr/ark:/12148/bpt6k8552631"
"http://data.bnf.fr/ark:/12148/cb30385606g";"In hoc volumine continentur : Durandus, episcopus meldensis,... de Origine jurisdictionum. Ejusdem tractatus de legibus. Petrus de Palude, de causa immediate ecclesiastice potestatis. Ejusdem articulus de audientia confessionum. Johannes pariensis,... de utraque potestate, papali scilicet et regali. Herveus Natalis... de eodem tractatu. Quidam tractatus, de eodem qui incipit rex pacificus, cujus auctor ignoratur- A la fin de la 3e partie : Finit tractatus reverendi domini fratris Petri de Palude, patriarche ierosolimitani... de causa immediata ecclesiastice potestatis. Impressus Parisius per Johannem Barbier, impressorem, pro Johanne Petit, librario commorante in vico sancti Jacobi... anno nostre salutis M.CCCCC.VI";"1506";"Parisiis";"Null";"1506";"7 parties en 1 vol. in-4° , sign. a-b, a-b, a-h, a-c,  a- e, AA-EE, A-B, car. goth.";"Null";"Null"
"http://data.bnf.fr/ark:/12148/cb30395858g";"Nobilissimo et clarissimo viro Gonzalo Ruitio,... Joannes Baptista Egnatius,... - Joannis Baptistae Egnatii,Veneti, funebris oratio in Laurentii [Suarez de La Verga], Hispaniarum regis, ad senatum Venetum legati clarissimi, funere habita";"1506";"Venetiis";"impressit J. Leucius";"1506";"In-4° , sign. A";"Null";"Null"
"http://data.bnf.fr/ark:/12148/cb30405400c";"Regula decimarum";"1506";"Null";"Null";"1506";"[27] f. (sign. A-C8, D4)";"Null";"Null"
"http://data.bnf.fr/ark:/12148/cb30410230r";"Euripidis tragici poete nobilissimi Hecuba et Iphigenia, latine facte, Erasmo,... interprete...";"1506";"(Parisiis)";"ex officina Ascensiana, ad. id. septemb.";"1506";"Sign. A-M";"Null";"Null"
"http://data.bnf.fr/ark:/12148/cb30428744z";"Epistole Caroli Phernandi";"1506";"Null";"Null";"1506";"Sign. A-D.";"Null";"http://gallica.bnf.fr/ark:/12148/bpt6k706916"
"http://data.bnf.fr/ark:/12148/cb304355399";"Epistolae breviores Francisci Philelphi";"1506";"Daventriae";"R. Pafraet";"1506";"In-4° , 6 ff. n. ch., 65 ff. ch. et 1 ff. blanc, car. goth.";"Null";"Null"
"http://data.bnf.fr/ark:/12148/cb304494663";"Novissime historiarum omnium repercussiones, noviter a reverendissimo patre Jacobo Philippo Bergomense,... edite, que supplementum supplementi cronicarum nuncupantur, incipiendo ab exordio mundi usque in annum salutis nostre 1502...";"1506";"Venetiis";"opera G. de Rusconibus";"1506";"In-fol., 449 p. et table, fig. gravées sur bois";"Null";"Null"
"http://data.bnf.fr/ark:/12148/cb30462863w";"Riso de Democrito";"1506";"Milan";"[s.n.]";"1506";"Sign. A-D";"Null";"http://gallica.bnf.fr/ark:/12148/bpt6k70758n"
"http://data.bnf.fr/ark:/12148/cb30483256m";"Tractatus d. Martini Laudensis. Tractatus de principibus. Tractatus de cardinalibus. Tractatus de consiliariis principum. Tractatus de legatis maxime principum. Tractatus de officialibus dominorum. Tractatus de milite. Tractatus de castellanis et castris. Tractatus de confederatione, pace et conventionibus principum. Tractatus de bello. Tractatus de crimine lese majestatis. Tractatus de privilegio et rescripto. Tractatus de dignitate. Tractatus de fisco. Alius tractatus de cardinalibus. Tractatus de primogenitura. Solennis repeticio super rubrica. ff. de rei vendicatione. Tractatus de legitimatione. - Au fol. 34, verso : Expliciunt quamplurimi solemnes quottidiani ac practicabiles tractatus, editi per clarissimum juriconsul. d. Martinum de Caraziis, Lauden. Impressum Papie, per magistrum Bernardinum de Garaldis, die XIII. augusti 1506";"1506";"Papiae";"Null";"1506";"In-fol., car. goth., 42 ff. non. ch.";"Null";"Null"
"http://data.bnf.fr/ark:/12148/cb30485937r";"Marci Gatinarie de Curis egritudinum particularium noni Almansoris practica uberrima. Blasii Astarii de Curis febrium libellus utilis. Cesaris Landulphi de Curis earundem opusculum. Sebastiani Aquilani Tractatus de morbo gallico celeberrimus. Ejusdem Questio de febre sanguinis. - A la fin : Impressum Lugduni, per Simonem Bevilaqua, expensis honesti viri Vincentii de Portonariis, anno Domini millesimo quingentesimo sexto, die vero XXIX. mensis octobris";"1506";"Lugduni";"Null";"1506";"In-4° , car. goth., 2 col., 91 ff. et 4 ff. non ch.";"Null";"Null"
"http://data.bnf.fr/ark:/12148/cb305016275";"Les Reigles de bien vivre selon maistre Jehan Jarson";"1506";"Paris";"A. Vérard";"1506";"In-4° , car. goth., sign., d-a fig. miniaturées. (Macfarlane, 79.)";"Null";"http://gallica.bnf.fr/ark:/12148/bpt6k10705262"
"http://data.bnf.fr/ark:/12148/cb305031278";"Logica et philosophia Algazelis Arabis. - A la fin : Explicit opus logice et philosophie Algazelis Arabis, nuperrime impressum ingenio et impensis Petri Liechtensteyn coloniensis, anno virginei partus 1506 idibus februariis, sub hemispherio veneto";"1506";"Venetiis";"Null";"1506";"In-4° , 64 ff. n. ch., car. goth. à 2 col., fig.";"Null";"Null"
"http://data.bnf.fr/ark:/12148/cb30535879j";"Decretum Gratiani, cum multis noviter additis, videlicet arbore consanguinitatis et affinitatis, casibus litteralibus... medullis glosarum [Bartholomaei Brixiensis] in marginibus positis cum earum tabula... Insuper et cum Margarita decreti [seu tabula martiniana edita per fratrem Martinum, ordinis Predicatorum]. - Fol. 424 r° : In nomine sancte et individue Trinitatis, tripartitum decreti aurei opus insigne atque laudabile fideliter... elimatum... finem accepit in inclyta Lugduni urbe, per magistrum Nicolaum de Benedictis, anno salutis millesimo quingentesimo sexto, die vero XII. martii";"1506";"Lyon";"Null";"1506";"In-fol., 423 ff. et les tables, car. goth., fig. sur bois";"Null";"Null"
"http://data.bnf.fr/ark:/12148/cb30534691m";"Lunarium, in quo reperiuntur conjunctiones et oppositiones lune et eclypses solis et lune per anni circulum, festa mobilia, aureus numerus et littera dominicalis et cetera. - Fol. 1 v° : Incipit tractatus multum utilis per circunspectum virum dominum Bernardum de Granollachs, Barchinonensem, artium et medicine magistrum, ex nobilissima arte astrologie extractus, in quo conjunctiones et oppositiones lune cujuslibet mensis in quolibet anno facillime reperiri possunt, incipiendo ab anno Domini M. CCCCC. IIII. usque ad annum Domini M. CCCCC. L. durantem";"1506";"(Roma)";"Null";"1506";"In-8° , 25 ff. non ch., fig.";"Null";"Null"
"http://data.bnf.fr/ark:/12148/cb30538099p";"Pastorale sancti Gregorii. Jacobus Mazzocchius,... emptori salutem... - A la fin, avant la liste d'errata : Impressum Rome per Magistrum Joannem Besicken,... expensis Jacobi de Mazochis,... anno Domini MDVI...";"1506";"Romae";"Null";"1506";"In-fol., sign. a-i, car. rom. à 2 col.";"Null";"Null"
"http://data.bnf.fr/ark:/12148/cb305381482";"Decretalium Domini pape Gregorii noni libellus... [cum glossa B. Bottoni. Gregorii noni vita, si Platyne creditur. Tabula Ludovici Bolognini. Margarita Decretalium]. - A la fin, avant les tables : Preclarissimum Decretalium opus Lugduni nuperrime impressum per... Jacobum Sacon,... anno... millesimo quingentesimo sexto, die vero mensis februarii XX";"1506";"Lugduni";"Null";"1506";"In-fol., II-318 (sic pour 320) ff., sign. aa-bb, aaa-ccc, car. goth., en rouge et en noir, à 2 col., le texte encadré par les gloses, figure, marque typogr. à la fin";"Null";"Null"
"http://data.bnf.fr/ark:/12148/cb30543751m";"Sermones quadragesimales fratris Johannis Gritsch,... una cum registro sermonum de tempore et de sanctis... Venundantur Lugduni, per Johannem Huguetan... - A la fin : Explicit Quadragesimale eximii sacre theologie doctoris Johannis Gritsch,... Impressum correctius Lugduni per Claudium Davost... per Johannem Huguetan, M. CCCCCVI, die vero XXV. mensis junii";"1506";"Lugduni";"Null";"1506";"In-4° , sign. a-z, A-H, car. goth.";"Null";"Null"
"http://data.bnf.fr/ark:/12148/cb36816560g";"Heures a lusaige de Langres";"1506";"Null";"Null";"1506";"[72] f. (sign. a-i8)";"Null";"Null"
"http://data.bnf.fr/ark:/12148/cb368168473";"Ces p̃sentes heures a lusaige de Metz au lõg //... pour Symõ vostre... à Paris";"1506";"[Paris]";"Simon Vostre";"1506";"8 °";"Null";"Null"
"http://data.bnf.fr/ark:/12148/cb368174566";"Missale ad consuetudinem insignis ecclesie Coloniensis";"1506";"Null";"Null";"1506";"[8]-CXXVIII-[92]-XXXVIII f.";"Null";"Null"
"http://data.bnf.fr/ark:/12148/cb36816908g";"Ces presentes heures à lusaige de Paris sont tout au long sans riens requerir";"1506";"Paris";"Veuve Jehan Du Pré";"1506";"Null";"Null";"Null"
"http://data.bnf.fr/ark:/12148/cb36817051c";"Les presentes heures a lusaige de Xaintes au // long...";"1506";"Paris";"Simon Vostre";"1506";"8 °";"Null";"Null"
"http://data.bnf.fr/ark:/12148/cb368169074";"Ces presentes heures a lusage de Paris furent achevees le xxii. iour Daoust Mil cinq cens & six. pour Anthoine verard libraire";"1506";"Paris";"pour Antoine Vérard";"1506";"Null";"Null";"Null"
"http://data.bnf.fr/ark:/12148/cb36817470r";"Missale Elnense. - In hoc Missali par//vo, diligenti studio emendato, conti//nentur misse omnium dominicarum// totius anni, cum quibusdam festis // principalibus, etiam cum omnibus // festis beate Marie Virginis, cum be//nedictione nuptiarum simulque cum // benedictionibus in die sancti Blasii // et Lupi, cum multis missis votivis, // cum communi sanctorum et aliis quam // pluribus, que hic non annumerantur, // sed in tabula patent. - (A la fin :) Ad laudem Dei omnipotentis augmentumque cultus // divini, explicit Missale parvum secundum usum ecclesie cathedra//lis Elnensis, continens in se missas festorum principalium totius // anni, omnia festa beate Virginis, de omnibus apostolis, et prin//cipalioribus sanctis, cum missa pro defunctis, canone // et cum commune sanctorum, cum multisque aliis missis voti//vis, que omnia largissime in tabula reperiuntur. Impressum // Barchinone, expensis Joannis Rosembach, artis im//pressorie magistrum, anno ab incarnatione Domini M. D. // VI, VIIII kalendas februarii";"1506";"Barcelone";"Joannis Rosembach";"1506";"In-4 °, 10 f. préliminaires, 104 et 173 feuillets. Cahiers signés a (rouge), a-n et a-y. Caractères gothiques";"Null";"Null"
"http://data.bnf.fr/ark:/12148/cb36817637g";"Missale // Ad honorẽ sctẽ ac ĩdividue trinitatis... necnõ et cele//bris ecclĩe. Nouiomeñ :... Johãnes ricardus mercator et Magister Martinus // Morin impressor ciues Rothomageñ...";"1506";"(Rouen)";"Martin Morin impr.";"1506";"Null";"Null";"Null"
"http://data.bnf.fr/ark:/12148/cb368211653";"Missale monasticum scdm morem et ritum Casinensis congregationis als sancte Justine";"1506";"Venetiis";"L. A. de Giuntis";"1506";"Null";"Null";"Null"
"http://data.bnf.fr/ark:/12148/cb368207258";"Manuale ad usum insignis ecclesie metropolis Rothomageñ";"1506";"Rouen";"Magister Martini Morin";"1506";"In-4 °, mus.";"Null";"Null"
"http://data.bnf.fr/ark:/12148/cb368210843";"[Graduale ad usum ordinis Sancti Hieronymi ?]";"1506";"[Granada]";"[Juan Varela]";"1506";"In-fol., mus.";"Null";"Null"
"http://data.bnf.fr/ark:/12148/cb36821780n";"Lordinaire en francoys selon lordre de Cysteaux nagaires corrige & a bonne forme redige par ung moyne dudict ordre";"1506";"Null";"Null";"1506";"[9]-XLIX f. (a-f8, g6, h4)";"Null";"Null"
"http://data.bnf.fr/ark:/12148/cb36821770b";"Breviarium Cartusiensium. - (A la fin :) Breviarium sacre religio//nis Cartusie, ab exemplari // correctissimo, impressum // Salutiis, per magistrum Si//monem Bevelaqua Papiensem, // anno Domini 156 (sic), die 22 aprilis";"1506";"Saluces";"Null";"1506";"In-8 °. Caractères gothiques, à deux colonnes. 342 pages, plus 3 cahiers préliminaires A-C et un cahier complémentaire XX";"Null";"Null"
"http://data.bnf.fr/ark:/12148/cb36824783d";"Officium beate ma//rie virginis pm cõ//suetudinem ro//mane curie";"1506";"Venetiis";"B. Stagninus. imp.";"1506";"In-32";"Null";"Null"
"http://data.bnf.fr/ark:/12148/cb368248187";"Hore dive virginis Marie secundum verum usum Romanum";"1506";"Null";"Null";"1506";"[8]-96 f.";"Null";"Null"
"http://data.bnf.fr/ark:/12148/cb36828057w";"Hore intemerate virginis Marie secundum usum Romanum";"1506";"Null";"Null";"1506";"Null";"Null";"Null"
"http://data.bnf.fr/ark:/12148/cb36828056j";"Heures à l'usage de Rome. - Fol. a 2 : Calendrier. Januarius. etc. - A la fin : Ces présentes heures à l'usage de Rome furent achevées le XX jour en Novembre l'an mil cinq cens et VI par Jehan Barbier, imprimeur demourant à Paris, pour Guillaume Du Puy libraire demourant au dit Paris en la rue Sainct Jacques à l'enseigne de la Croix blanche au desoubz de Sainct Benoist";"1506";"Paris";"Null";"1506";"In-8 °, cahiers A-M., fig.";"Null";"Null"
"http://data.bnf.fr/ark:/12148/cb305939338";"Le pelerinage de Nostre Dame et de Joseph de Nazareth en Bethleem, la Nativite de Nostre Seigneur, la venue des pastoureaulx & des roys et plusieurs autres choses singulieres bien moralizees. Extraict du pseaume Eructavit";"1506";"Null";"Null";"1506";"[56] f. (sig. [A]8, B-G8)";"Null";"Null"
"http://data.bnf.fr/ark:/12148/cb306063898";"Libelli duo...";"1506";"(Lugduni";"Null";"1506";"In-8°";"Null";"Null"
"http://data.bnf.fr/ark:/12148/cb30617167v";"Institutio moralis philosophie metrica. Continentur in hoc codice Horatii Flacci morales Epistole, cum argumentis breviter ad unius cujuslibet caput adjectis... [Edidit Joannes Cesarius Juliacensis.]";"1506";"Daventriae";"per R. Paffraet";"1506";"In-4° , 30 ff., sign. A-E";"Null";"Null"
"http://data.bnf.fr/ark:/12148/cb306263572";"In hoc libro contenta opera Hugonis de Sancto Victore : de Institutione novitiorum ; de Operibus trium dierum ; de Arra anime ; de Laude charitatis ; de Modo orandi ; Duplex expositio orationis dominice ; de Quinque septenis ; de Septem donis Spiritus Sancti";"1506";"Null";"Null";"1506";"95 f.";"Null";"Null"
"http://data.bnf.fr/ark:/12148/cb30626328g";"Reverendissimi in Christo patris et domini... Hugonis de Sancto Charo, sacrosancte Ecclesie romane... cardinalis primi de ordine beati Dominici, Postilla super Epistolas et Evangelia, tam de tempore quam de sanctis, per totum anni circulum. Venales habes in Leone argenteo vici Sancti Jacobi. - A la fin : Domini Hugonis cardinalis super Epistolas et Evangelia tertia pars et ultima feliciter finit. Ex Paris., 20 septembris 1506";"1506";"Parisiis";"Null";"1506";"3 vol. in-4° , 160-303-354 ff., car. goth., à 2 col., marque de J. Petit gr. s. bois au titre";"Null";"Null"
"http://data.bnf.fr/ark:/12148/cb306280927";"Expositio Umberti,... super regulam beati Augustini episcopi";"1506";"Haguenau";"Null";"1506";"2 parties en 1 vol. in-4° , car. goth.";"Null";"Null"
"http://data.bnf.fr/ark:/12148/cb30635277c";"Fundamentum eterne felicitatis";"1506";"Coloniae";"Null";"1506";"In-8°";"Null";"Null"
"http://data.bnf.fr/ark:/12148/cb372852096";"Index librorum in hoc volumine contentorum : domini Symphoriani Champerii, physici Lugdunensis, libelli duo, primus De medicine claris scriptoribus in quinque partibus, secundus De legum divinarum conditoribus...";"1506";"[Lyon]";"[Janot de Camps]";"1506";"Non paginé [ca 180] p.-[1] f. de pl.";"http://data.bnf.fr/ark:/12148/cb119342438";"http://gallica.bnf.fr/ark:/12148/bpt6k79099g"
"http://data.bnf.fr/ark:/12148/cb373005336";"Index librorum in hoc volumine contentorum. Domini Symphoriani Champerii, physici Lugdunensis, libelli duo, primus, de medicine claris scriptoribus in quinque partitus tractatus, secundus de legum divinarum conditoribus,...";"1506";"Lugduni";"J. de Campis";"1506";"293 p.";"Null";"http://gallica.bnf.fr/ark:/12148/bpt6k71280p"
"http://data.bnf.fr/ark:/12148/cb30650389v";"Vexillum fratrum religiosorum Divae Virginis de Monte Carmelo...";"1506";"(S. l.,)";"Null";"1506";"In-4°";"Null";"Null"
"http://data.bnf.fr/ark:/12148/cb306498714";"Opus Joannis Scolastici, quod Climax sceu [sic] Scala paradisi nuncupatur";"1506";"Mediolani";"per J. M. de Ferrariis, ad impensas J. J. et fratris de Legnano";"1506";"In-8° . (Van Praet, T. I, Théol., n  369.)";"Null";"Null""http://data.bnf.fr/ark:/12148/cb30738564r";"Resolutorium dubiorum circa celebrationem missarum occurrentium, per venerabilem dominum Joannem de Lapide,... ex sacrorum canonum probatorumque doctorum sententiis diligenter collectum. - A la fin : Explicit Resolutorium dubiorum circa celebrationem missarum occurrentium, impressum Colonie, in officina honestorum liberorum quondam Henrici Quentell, anno Domini M. CCCCC. VI, ad medium junii";"1506";"Cologne";"Null";"1506";"In-4° , sign. A-D, car. goth., à longues lignes";"Null";"Null"
"http://data.bnf.fr/ark:/12148/cb30738563d";"Resolutorium dubiorum circa celebrationem missarum occurrentium, per venerabilem dominum Joannem de Lapide,... ex sacrorum canonum probatorumque doctorum sententiis diligenter collectum. - A la fin : Explicit Resolutorium dubiorum circa celebrationem missarum occurrentium, impressum Colonie, in officina honestorum liberorum quondam Henrici Quentell, anno Domini M. CCCCC. VI, ad medium junii";"1506";"Cologne";"Null";"1506";"In-4° , sign. A-D, car. goth., à longues lignes";"Null";"Null"
"http://data.bnf.fr/ark:/12148/cb307385653";"Resolutorium dubiorum circa celebrationem et [sic] missarum occurrentium, per venerabilem dominum Johannem de Lapide,... ex sacrorum canonum probatorumque doctorum sententiis diligenter collectum. Summa dubiorum in hoc opere resolutorum, CLXVI. - A la fin : Impressum Colonie, per me Johannem Landen, anno Domini M. CCCCC. VI";"1506";"Cologne";"Null";"1506";"In-8° , sign. A-F, car. goth., à longues lignes, fig. sur bois au r  et v  du dernier feuillet";"Null";"Null"
"http://data.bnf.fr/ark:/12148/cb307520363";"Opera divi Laurentii Justiniani, Venetiarum protopatriarchae. [Edidit Hieronymus Caballus Brixiensis. Divi Laurentii Justiniani,... vita, opusculum Bernardi Justiniani. Lignum vitae. De disciplina et perfectione monasticae conversationis. De spirituali et casto verbi animaeque connubio. Fasciculus amoris in Coena Domini. De triumphali agone mediatoris Christi. Opusculum de interiori conflictu. De compunctione et complanctu christianae perfectionis et animae reformatione ad perfectionem. De corpore Christi. Opusculum de spirituali interitu animae et de resurrectione ejusdem. De institutione et regimine praelatorum. De obedientia. De humilitate. De perfectionis gradibus. Epistolae.] - A la fin : Haec divi Laurentii Justiniani,... tam admiranda opuscula. Brixiae, per me Angelum Britannicum, ejusdem urbis civem, imprimi curavit venerabilis... D. Hieronymus Caballus Brixianus... quinto calendas apriles, anno... MDVI";"1506";"Brescia";"Null";"1506";"1 tome en 2 vol. in-fol., initiales enluminées";"Null";"Null"
"http://data.bnf.fr/ark:/12148/cb30772271k";"Le respit de la mort, nouvellement imprimé à Paris";"1506";"Null";"Null";"1506";"[58] f. (sgn. a-i6, k4)";"Null";"Null"
"http://data.bnf.fr/ark:/12148/cb30778855f";"Sophologium sapientie magistri Jacobi Magni";"1506";"Null";"Null";"Null";"118 f., 2f. de tables";"Null";"Null"
"http://data.bnf.fr/ark:/12148/cb38691045k";"Georgi Anselmi... Hecuba : A la fin : Excussum Formis Francisci Ugoletti, nonis juniis, MDVI, Parme";"1506";"Parme";"Fr. Ugoletti";"1506";"28 ff. non paginés";"Null";"Null"
"http://data.bnf.fr/ark:/12148/cb30841736r";"M. Annei Lucani Cordubensis pharsalia";"1506";"Null";"Null";"Null";"[6]-CCLV-[1 bl.] (sign. Aa6, a-z6, A-S6, T4, V6)";"Null";"Null"
"http://data.bnf.fr/ark:/12148/cb308433573";"Luciani viri quam disertissimi compluria opuscula longe festivissima ab Erasmo Roterodamo & Thoma Moro interpretibus optimis in Latinorum linguam traducta";"1506";"Null";"Null";"1506";"[1]- LXI [i.e. LXV]-[17]-[1 bl.] (sign. Aa-Ll6, AAa-CCc6)";"Null";"Null"
"http://data.bnf.fr/ark:/12148/cb30849676n";"Provinciale seu Constitutiones Anglie";"1506";"Null";"Null";"Null";"CLXXXIX [i.e. 179]-[1] f. (sign. a-h8, i-y6/8, z-8, [-]10)";"Null";"Null"
"http://data.bnf.fr/ark:/12148/cb30852617n";"Herbarum varias qui vis cognoscere vires, Macer adest";"1506";"Null";"Null";"1506";"[56] f. Sig. a-g8";"Null";"Null"
"http://data.bnf.fr/ark:/12148/cb30861269r";"Opus quadragesimale egregium magistri Oliverii Maillardi sacre theologie preclarissimi ordinis minorum preconis : quod quidem in civitate Nannetensi fuit per eorumdem publice declamatum, ac nuper Parisius impressum";"1506";"Null";"Null";"1506";"102-[22] f. (sign. a-p8, q4)";"Null";"Null"
"http://data.bnf.fr/ark:/12148/cb30861259f";"Divini eloquii preconis celeberrimi fratris Oliverii Maillardi ordinis Minorum professoris, sermones de Adventu, declamati Parisius in ecclesia sancti Johannis in Gravia";"1506";"Null";"Null";"1506";"116-[5-1 bl.] f. (sig. a-o⁸, p⁴, q⁶)";"Null";"Null"
"http://data.bnf.fr/ark:/12148/cb30864189t";"Magister Joannes Majoris,... inclitarum artium ac sacre pagine doctoris acutissimi magistri Johannis Majoris,... libri quos in artibus in collegio Montis acuti Parisius regentando compilavit";"1506";"Null";"Null";"1506";"3 parties ([8]-155 [i.e. 153]-[1] ; 123 [i.e. 144] ; 10 [i.e. 12]-[8])";"Null";"Null"
"http://data.bnf.fr/ark:/12148/cb30870217g";"Ant. Mancinelli Carmen de floribus. Carmen de figuris. De Poetica virtute. Vitae carmen";"1506";"Null";"Null";"1506";"[72] f. (sign. a-m8/4)";"Null";"Null"
"http://data.bnf.fr/ark:/12148/cb30870392h";"Practica electionum et postulationum a magistro Guillermo Mandagoto subtiliter composita, viginti quinque formas instrumentorum in ea re necessariorum continens. -";"1506";"Null";"Null";"1506";"80 f.";"Null";"Null"
"http://data.bnf.fr/ark:/12148/cb308738600";"F. Baptiste Mantuani Buccolica seu Adolescentia in decem aeglogas divisa";"1506";"Null";"Null";"Null";"LXXXIIII f. (sign. a-o6)";"Null";"http://gallica.bnf.fr/ark:/12148/bpt6k9100363m"
"http://data.bnf.fr/ark:/12148/cb30873876c";"De calamitatibus temporum seu contra peccatorum monstra aureum Baptiste Mantuani poema";"1506";"Null";"Null";"1506";"[4]-CLXV [i.e. CLXVIII]";"Null";"http://gallica.bnf.fr/ark:/12148/bpt6k721601"
"http://data.bnf.fr/ark:/12148/cb30873879d";"Cecilie viraginis [sic] romanae et merito castitatis et fortitudinis in martyrio incomparabilis agon, a F. Baptista Mantuano, heroicis versibus dictus, et ab Ascensio familiariter explanatus... In ejusdem venundatur aedibus. - A la fin : Ex aedibus ascensianis apud Parrhisios, anno salutis humane MDIX, ad octavum calendas novembris";"1506";"Parisiis";"Null";"1506";"In-4° , XXXIX ff., marque de Josse Bade au titre";"Null";"Null"
"http://data.bnf.fr/ark:/12148/cb30873934q";"Sylvarum F. Baptistae Mantuani carmelite sex opuscula";"1506";"Null";"Null";"Null";"CXXIX-[1 bl.] f.";"Null";"Null"
"http://data.bnf.fr/ark:/12148/cb30903429g";"Pacifici Maximi, poetae asculani, Opera... - A la fin : Impressum Fani, anno gratiae MCCCCCVI, per Hieronimum Soncinum";"1506";"Fani";"Null";"1506";"In-8° , sign. a-h";"Null";"Null"
"http://data.bnf.fr/ark:/12148/cb393025825";"Ludolphi Carthusiensis qui et autor fuit Vite Christi: In Psalterium expositio. : In qua subiecte reperiuntur materie. Tabula cunctorum Dauiticorum Psalmorum. Tabula versiculorum omnium: que quantum vtilitatis contineat non est explicare facile";"1506";"Null";"Null";"1506";"[32]-CCXXXII-[3] f.";"Null";"Null"
"http://data.bnf.fr/ark:/12148/cb393025229";"Textus jdem Biblie cum glossâ ordinariâ interlineari, concordantiis sacrorum canonum unà cum postillis, additionibus et replicis Nicolai de Lyrâ, francisci Pauli Brugensis Episcopi et Matthiae Thoringi";"1506";"Lugduni. - Bâle";"Jac. Mareschal";"1506";"6 vol. in-fol.";"Null";"Null"
"http://data.bnf.fr/ark:/12148/cb39304813n";"[Primus [-quartus] scripti Oxoniensis doctoris subtilis fratris Ioannis duns Scoti ordinis Minorum super sententias]";"1506";"Null";"Null";"1506";"4 vol. ([f. 161-223, [f. 97-149],[f. 72-113], [f. 169-240]";"Null";"Null"
"http://data.bnf.fr/ark:/12148/cb39304513t";"Prima pars librorum divi Aurelii Augustini quos edidit cathecuminus : De academicis : libri III. De beata vita : Liber I ... De libris disciplinaru[m] : ... Principia rhetorice [-Undecima pars libroru[m] divi Aurelii Augustini...]";"1506";"Null";"Null";"1506";"11 parties";"Null";"Null"
"http://data.bnf.fr/ark:/12148/cb393044873";"Registru[m] florigeru[m] in Tripertitu[m] opus libror[um] b[ea]ti Ambrosii episcopi Mediolanen[sis]. ordine alphabetico accuratissime ordinatu[m]";"1506";"Null";"Null";"1506";"sig. a-m8, n7";"Null";"Null"
"http://data.bnf.fr/ark:/12148/cb393048140";"Questiones quolibetales Joannis Duns Scoti Ordinis Minoru[m]...";"1506";"Null";"Null";"1506";"62-[5] f.";"Null";"Null"
"http://data.bnf.fr/ark:/12148/cb39304837n";"[Eximi doctoris magistri Nicholai de Orbellis Super sententias compendium";"1506";"Null";"Null";"1506";"[430] f. (sig. a-z8, [-]8, [-]8, aa-yy8, zz4, A-E8, F10)";"Null";"Null"
"http://data.bnf.fr/ark:/12148/cb39303333n";"Missale Romanu[m] ; multis frigiis, imaginibus, ac divine scripture & sacroru[m] doctoru[m] auctoritatibus ad festivatu[m] co[n]gruentiam decoratum. Nupe[er]rimeq[ue] impressu[m]";"1506";"Null";"Null";"1506";"[8]-261-[1] f.";"Null";"Null"
"http://data.bnf.fr/ark:/12148/cb393066843";"Lordinayre des chrestiens";"1506";"Null";"Null";"1506";"[172] f. (sign. a-d6, e4, f-i6, k4, l-o6, p4, q-t6, u4, x-y6, z4, A-B6, C4, D-E6, F4, G-H6)";"Null";"Null"
"http://data.bnf.fr/ark:/12148/cb393069184";"Opusculum tripertitum, ejusdem De preceptis decalogi, de confessione et de arte moriendi";"1506";"Paris";"Gilles et Jean de Gourmont";"1506";"In-8 °";"Null";"Null"
"http://data.bnf.fr/ark:/12148/cb393058027";"Tractatus de contractibus";"1506";"Null";"Null";"1506";"[32] f. (sig. a-d8/4, e8)";"Null";"Null"
"http://data.bnf.fr/ark:/12148/cb39306244r";"Aurea opuscula celeberrimi juris utriusque doctoris... Petri Ravennatis... cum additionib[us] in fine positis...";"1506";"Null";"Null";"1506";"sig. A-K6";"Null";"Null"
"http://data.bnf.fr/ark:/12148/cb39310027c";"De quattuor virtutibus cardinalibus";"1506";"Parisiis";"Pro Johanne Petit";"1506";"Null";"Null";"Null"
"http://data.bnf.fr/ark:/12148/cb393286751";"Cantalycii epìscopi Pinnensis atque Adrienois de bis recepta Parthenope. Gonsalvia";"1506";"Parthenope [Naples]";"Sigismondo Mayr";"1506";"In fol.";"Null";"Null"
"http://data.bnf.fr/ark:/12148/cb39337132b";"Titi Livii Decades";"1506";"Null";"Null";"1506";"20-CCLIII f.";"Null";"Null"
"http://data.bnf.fr/ark:/12148/cb393611048";"Aquila volante [nella quale si contiene dal principio del mondo di molte dignissime historie et favole, di Saturno e Giove, del gran guerre fatte da Greci, da Trojani e da Romani Sino al tempo di Nerone etc ; tradotto per Leonardo Aretino e da ipso curiosamente translata da latino in vulgare Sermone]";"1506";"Venetia";"Piero di Quarangii";"1506";"In-fol., 122 ff.";"Null";"Null"
"http://data.bnf.fr/ark:/12148/cb39370584t";"Le tresor de noblesse";"1506";"Null";"Null";"1506";"[6]-CXX [i.e. 126]-[4] f.";"Null";"Null"
"http://data.bnf.fr/ark:/12148/cb393732941";"Decisiones à Guidone Pape compositae, cum apostillis in margine super additis ab Antonio Rambandi";"1506";"Lugduni";"Joan. de Vingle";"1506";"In-4 °";"Null";"Null"
"http://data.bnf.fr/ark:/12148/cb30971148w";"Le livre du sainct sacrement de l'autel, composé par maistre Raoul de Montfiquet";"1506";"Null";"Null";"1506";"Sign. A-P";"Null";"Null"
"http://data.bnf.fr/ark:/12148/cb40052574x";"La cyrurgie de maistre Guillaume de Salicet ...";"1506";"Null";"Null";"1506";"Paris";"http://data.bnf.fr/ark:/12148/cb119342438";"Null"
"http://data.bnf.fr/ark:/12148/cb40117520j";"Coñsolatoriư Theologicư Johañnis de Tambaco";"1506";"Null";"Null";"1506";"[76] f. (sig. A-B8 C-M4/8)";"Null";"Null"
"http://data.bnf.fr/ark:/12148/cb310186725";"Speculum stultorum";"1506";"Null";"Null";"Null";"[56] f. (sign. a-i)";"Null";"Null"
"http://data.bnf.fr/ark:/12148/cb402352157";"Auli Flacci Persii Satyrae que diligentissime recognite & fidelissime coimpresse. Quarum haec sunt Ascensiana Argumenta";"1506";"Null";"Null";"1506";"[16] f. (sig. A-B8)";"Null";"Null"
"http://data.bnf.fr/ark:/12148/cb40235255g";"Juvenalis Satyrae. XVI. diligentissimae ab Ascensio cum marginalibus adnotamentis & argumentis Mancinellicis coimpressae. Sunt autem haec eiusdem, Argumenta";"1506";"Null";"Null";"1506";"LXXXII f. (sig. a-k8 l2)";"Null";"Null"
"http://data.bnf.fr/ark:/12148/cb40611546n";"[Planisphère nautique]";"1506";"Null";"Null";"Null";"10 flles assemblées en une carte : mss. sur vélin enluminé ; 115 x 225 cm";"Null";"http://gallica.bnf.fr/ark:/12148/btv1b550070757"
"http://data.bnf.fr/ark:/12148/cb31096171m";"Sermones convivales Conradi Peutingeri de admirandis Germanie antiquitatibus";"1506";"Argentinae";"J. Priis";"1506";"Sign. A-E";"Null";"http://gallica.bnf.fr/ark:/12148/bpt6k503766b"
"http://data.bnf.fr/ark:/12148/cb311022419";"Philostratus De Vita Apollonii Tyanei scriptor luculentus a Philippo Beroaldo castigatus";"1506";"Null";"Null";"Null";"[210] f. (sig. []4 a-z8 A-B8 C6)";"Null";"Null"
"http://data.bnf.fr/ark:/12148/cb31104026b";"Thesauri theologorum pars prima [quarta], primo [-quarto] libro sententiarum correspondens... - A la fin : Impressum Mediolani per Joannem de Casteliono ad impendia... Joannis Jacobi de Lignano, 1506, die XII. mensis februarii";"1506";"Milan";"Null";"1506";"4 parties en 1 vol. in-4° , car. goth.";"Null";"Null"
"http://data.bnf.fr/ark:/12148/cb31104845t";"Confutatio legis late Sarrhacenis a... Mahometo...";"1506";"Romae";"Null";"1506";"In-4°";"Null";"Null"
"http://data.bnf.fr/ark:/12148/cb407516118";"Mappemonde terrestre ou Planisphère de Giovanni Mattes Contarini (1506). Moitié orientale comprenant une partie de l'Extrême Orient, Reprod. photogr. en noir";"1506";"[S.l.]";"[s.n.]";"1506";"Null";"Null";"http://gallica.bnf.fr/ark:/12148/btv1b8459141h"
"http://data.bnf.fr/ark:/12148/cb311237284";"Quedam elegantissime et breviores epistole M. Tullii Ciceronis et C. Plinii Secundi. - A la fin : Finiunt quedam epistole Ciceronis et Plinii elegantissime. Impressum Daventrie per me Jacobum de Breda, anno Domini MCCCCCVI, altera die post Lucie Virginis";"1506";"Daventriae";"Null";"1506";"In-4° , car. goth., sign. a-d, fig.";"Null";"Null"
"http://data.bnf.fr/ark:/12148/cb31123637t";"[C. Plinii Cęcilii Secundi Epistolarum libri novem, ejusdem Plinii libellus epistolarum ad Trajanum cum rescriptis ejusdem principis, ejusdem Panegyricus Trajano Caesari dictus, cum enarrationibus Joannis Marię Catanaei.] - À la fin : Impressum Mediolani apud Alexandrum Minutianum M.D.VI";"1506";"Mediolani";"Null";"1506";"In-fol., pièces limin., 228 ff. et index";"Null";"Null"
"http://data.bnf.fr/ark:/12148/cb31125116z";"Plutarchi Cheronei de placitis philosophorum libri a Guilielmo Budeo latini facti";"1506";"Null";"Null";"1506";"[2]-XXVII-[1 bl.] f. (sig. a-b8, c4, d8)";"Null";"http://gallica.bnf.fr/ark:/12148/bpt6k725399"
"http://data.bnf.fr/ark:/12148/cb311532856";"Procopius de Bello Gottorum. - Fol. Ai r° : Opus Procopi de bello Gottorum. - Fol. Ai v° : Jacobus Mazzochius Ro. achademiae bibliopola T. Phedro Ingeramio S. P. D. - Fol. Aii r° : Procopius de bello Gothorum per Christophorum Persona Romanum priorem S. Balbinae traductus. - A la fin : Impressum Romae per Joannem Besickem Alemanum, impensa Jacobi Mazzochii romanae Academiae bibliopole. Anno salutis humanae M D VI, die XX mensis Junii";"1506";"Romae";"Null";"1506";"In-fol., sign. a-x, car. rom.";"Null";"Null"
"http://data.bnf.fr/ark:/12148/cb312011022";"[De Rudimentis hebraïcis.] - Au titre : Principium libri. - Au verso du titre, fol. 1 : Liber Joannis Reuchlin, phorcensis L. L. doct., ad Dyonisium, fratrem suum germanum, de Rudimentis hebraïcis liber primus. - Au verso de la p. 620, à la fin : Exegi monumentum e̡re perennius, nonis martiis anno MDVI. - Au recto du folio suivant, à la fin : Phorce, in aedib. Thomae Anshelmi, sexto kal. apriles, anno MDVI";"1506";"Phorcae";"(S. l.)";"1506";"Petit in-fol., 622 p.";"Null";"Null"
"http://data.bnf.fr/ark:/12148/cb31201101q";"[De Rudimentis hebraïcis.] - Au titre : Principium libri. - Au verso du titre, fol. 1 : Liber Joannis Reuchlin, phorcensis L. L. doct., ad Dyonisium, fratrem suum germanum, de Rudimentis hebraïcis liber primus. - Au verso de la p. 620, à la fin : Exegi monumentum e̡re perennius, nonis martiis anno MDVI. - Au recto du folio suivant, à la fin : Phorce, in aedib. Thomae Anshelmi, sexto kal. apriles, anno MDVI";"1506";"Phorcae";"Null";"1506";"Petit in-fol., 622 p., armes de Reuchlin au verso du dernier fol.";"Null";"Null"
"http://data.bnf.fr/ark:/12148/cb312095530";"Michaelis Ritii de Regibus Neapolis historia. - À la fin : Impressum Mediolani per Joannem de Castelliono... 1506...";"1506";"Milan";"Null";"1506";"In-8° , sign. A-P., car. rom.";"Null";"Null"
"http://data.bnf.fr/ark:/12148/cb31209025c";"... Tragediae";"1506";"Florentiae";"Null";"1506";"In-8°";"Null";"Null"
"http://data.bnf.fr/ark:/12148/cb31211376c";"Opera venerabilis et eximii doctoris Ricardi de Sancto Victore. - A la fin :... Venetiis... expensis Domini Benedicti Fontane... per Jacobus Pentium,... anno... 1506, die 23. Madii [sic]...";"1506";"Venise";"Null";"1506";"In-8° , sign. A-Z ; AA-HH, car. goth.";"Null";"Null"
"http://data.bnf.fr/ark:/12148/cb31214798h";"[Confutatio legis latae Sarrhacenis a... Mahometo.] - F. a II r° : Bartholomeus Picernus de Montearduo Fernandino regi Aragonie... S. P. D. - F. a III r° : Rhicardi, ex ordine fratrum qui... predicatores appellantur, Confutatio legis late Sarrhacenis a maledicto Mahometo, translata ex romana lingua in grecam per Demetrium Cydonium, deinde per Bartholomeum Picernum de Montearduo e greco in latinum conversa. - À la fin : Impressum Rome per magistrum Joannem Besicken alemanum, expensis Stephani Guillereti de Lothoringia... anno Domini millesimo quingentesimo sexto, die vero XXVIII mensis maii";"1506";"Romae";"Null";"1506";"In-4° , 38 ff. non ch., sign. a2-e7, car. goth.";"Null";"Null"
"http://data.bnf.fr/ark:/12148/cb31218835v";"Der Text des Passions, oder Lidens Christi";"1506";"Null";"Null";"1506";"Sig. A-C6, D4, E6, F5";"Null";"Null"
"http://data.bnf.fr/ark:/12148/cb41634146t";"Codri Opera";"1506";"Venetiis";"P. Liechtensteyn";"1506";"Null";"Null";"Null"
"http://data.bnf.fr/ark:/12148/cb418737828";"Ludolphi Carthusiensis in Psalterium expositio";"1506";"Paris";"Ulrich Gering. - Berthold Rembolt";"1506";"Null";"Null";"Null"
"http://data.bnf.fr/ark:/12148/cb41873798n";"Missale ad consuetudinem ecclesie Romane";"1506";"Paris";"Thielman Kerver";"1506";"Null";"Null";"Null"
"http://data.bnf.fr/ark:/12148/cb41873758d";"Ces presentes Heures a lusage de Romme";"1506";"Paris";"Antoine Vérard";"1506";"Null";"Null";"Null"
"http://data.bnf.fr/ark:/12148/cb418737572";"Hore diue Virginis Marie secundum vsum Romanuni";"1506";"Paris";"Thielman Kerver";"1506";"Null";"Null";"Null"
"http://data.bnf.fr/ark:/12148/cb418736940";"Vita omnium philosophorum & poetarum cum auctoritatibus & sententiis aureis eorumdem annexis";"1506";"Paris";"[Antoine Bonnemère ?]. - Denis Roce";"1506";"Null";"Null";"Null"
"http://data.bnf.fr/ark:/12148/cb41873693n";"Diurnale insignis ecclesie Trajectensis";"1506";"Paris. - Bruxelles";"Wolfgang Hopyl. - Willem Houtmart";"1506";"Null";"Null";"Null"
"http://data.bnf.fr/ark:/12148/cb41873674c";"Contenta. Politicorum libri octo";"1506";"Paris";"Henri I Estienne";"1506";"Null";"Null";"Null"
"http://data.bnf.fr/ark:/12148/cb41873776b";"Le Cry des monnoies nouuellement publiées a Paris";"1506";"Paris";"sans nom";"1506";"Null";"Null";"Null"
"http://data.bnf.fr/ark:/12148/cb418737034";"Acta scitu dignissima docteque concinnata Constantiensis consilii celebratissimi";"1506";"Paris";"Jean I Petit";"1506";"Null";"Null";"Null"
"http://data.bnf.fr/ark:/12148/cb41873793x";"Ant. Mancinelli Carmen De floribus";"1506";"Paris";"Jean Marchant. - Jean I Petit";"1506";"Null";"Null";"Null"
"http://data.bnf.fr/ark:/12148/cb41873762n";"Hore diue Virginis Marie secundum vsum insignis ecclesie Sarum";"1506";"Paris";"Guillaume Le Rouge. - Antoine Vérard";"1506";"Null";"Null";"Null"
"http://data.bnf.fr/ark:/12148/cb41873809g";"Grammatica ♦ [et alia opera : Josse BADE, GUARINO VERONESE]";"1506";"Paris";"Jean Lambert";"1506";"Null";"Null";"Null"
"http://data.bnf.fr/ark:/12148/cb41873792k";"Propositum De infinito ♦";"1506";"Paris";"Jean Lambert";"1506";"Null";"Null";"Null"
"http://data.bnf.fr/ark:/12148/cb41873691z";"Breuiarium seu Portiforium ad vsum Sarum";"1506";"Paris. - Londres";"Thielman Kerver. - Michael Morin et Wynkyn de Worde";"1506";"Null";"Null";"Null"
"http://data.bnf.fr/ark:/12148/cb418737123";"Argumentum Institutionum imperialium";"1506";"Paris";"Berthold Rembolt";"1506";"Null";"Null";"Null"
"http://data.bnf.fr/ark:/12148/cb418737421";"Hore intemerate Virginis Marie secundum vsum Cenomanensis";"1506";"Paris. - Le Mans";"Pierre Le Dru. - Pierre Cocheri";"1506";"Null";"Null";"Null"
"http://data.bnf.fr/ark:/12148/cb418737096";"Decreti hujus plenissimum argumentum";"1506";"Paris. - Lyon";"Thielman Kerver. - Jean Petit. - Johannes Schabeler";"1506";"Null";"Null";"Null"
"http://data.bnf.fr/ark:/12148/cb418737243";"Regula decimarum";"1506";"Paris";"Jean Lambert";"1506";"Null";"Null";"Null"
"http://data.bnf.fr/ark:/12148/cb41873801q";"Dictionarius pauperum omnibus predicatoribus pernecessarius";"1506";"Paris";"François Regnault. - Jean Seurre";"1506";"Null";"Null";"Null"
"http://data.bnf.fr/ark:/12148/cb418736809";"Carmen lugubre ♦ De dominicae Passionis die [et alia opera]";"1506";"Paris";"Jean Marchant. - Jean Petit";"1506";"Null";"Null";"Null"
"http://data.bnf.fr/ark:/12148/cb41873711r";"Extravagantes XX ♦";"1506";"Paris";"Ulrich Gering. - Berthold Rembolt";"1506";"Null";"Null";"Null"
"http://data.bnf.fr/ark:/12148/cb418738022";"Eximii doctoris magistri Nicolai de Orbellis Super Sententias compendium...";"1506";"Paris";"Jean Barbier. - Jean Petit";"1506";"Null";"Null";"Null"
"http://data.bnf.fr/ark:/12148/cb418737212";"In hoc volumine continentur ♦ De origine iurisdictionum [et ♦ Tractatus de legibus et alia opera : PIERRE de LA PALU, JEAN de PARIS, dit Jean Quidort, HERVÉ de NÉDELLEC]";"1506";"Paris";"Jean Barbier. - Jean Petit";"1506";"Null";"Null";"Null"
"http://data.bnf.fr/ark:/12148/cb41873790w";"Obligationes ♦ nouiter emendata";"1506";"Paris";"Jean Lambert";"1506";"Null";"Null";"Null"
"http://data.bnf.fr/ark:/12148/cb418737870";"♦ Sermones dominicales vna cum aliquibus sermonibus valde vtilibus";"1506";"Paris";"Jean Petit";"1506";"Null";"Null";"Null"
"http://data.bnf.fr/ark:/12148/cb41873779c";"♦ Pharsalia";"1506";"Paris";"Josse Bade. - Jean Petit";"1506";"Null";"Null";"Null"
"http://data.bnf.fr/ark:/12148/cb41873810p";"Auli Flacci Persii Satyrae quam diligentissime recognitae";"1506";"Paris";"Josse Bade";"1506";"Null";"Null";"Null"
"http://data.bnf.fr/ark:/12148/cb41873665d";"Posteriora ♦";"1506";"Paris";"Olivier Senant";"1506";"Null";"Null";"Null"
"http://data.bnf.fr/ark:/12148/cb41873716g";"♦ Libellus De elegantia [et alia opera : Josse BADE, GUARINO VERONESE, Giovanni SULPIZIO, Francesco NEGEI, Josse CLICHTOVE]";"1506";"Paris";"Josse Bade. - Jean Petit";"1506";"Null";"Null";"Null"
"http://data.bnf.fr/ark:/12148/cb41873672p";"Sequitur Opus nouum... super Epistolas totius Quadragesime quod dicitur Anima fidelis";"1506";"Paris";"Jean Petit";"1506";"Null";"Null";"Null"
"http://data.bnf.fr/ark:/12148/cb41873737f";"La Cyrurgie ♦";"1506";"Paris";"François Regnault";"1506";"Null";"Null";"Null"
"http://data.bnf.fr/ark:/12148/cb41873729t";"Stephanus Fliscus [Synonyma et Gasparino BARZIZZA, ♦ De eloquentia tractatus]";"1506";"Paris";"Jean Petit";"1506";"Null";"Null";"Null"
"http://data.bnf.fr/ark:/12148/cb41873686c";"In nomine Domini nostri Iesu Christi amen. Ordo Breuarii secundum morem insignis monasterii Sanctissime Trinitatis de Tironio... feliciter incipit";"1506";"Paris";"Johann Philippi";"1506";"Null";"Null";"Null"
"http://data.bnf.fr/ark:/12148/cb418737065";"Sexti libri [decretalium] materia cum capitulorum numero";"1506";"Paris";"Ulrich Gering. - Berthold Rembolt";"1506";"Null";"Null";"Null"
"http://data.bnf.fr/ark:/12148/cb418736762";"Sept pseaulmes penitenciales";"1506";"Paris";"Antoine Vérard";"1506";"Null";"Null";"Null"
"http://data.bnf.fr/ark:/12148/cb418737750";"Sophologium sapientie ♦";"1506";"Paris";"Jean Petit. - Gaspard Philippe";"1506";"Null";"Null";"Null"
"http://data.bnf.fr/ark:/12148/cb41873813q";"Regimen sanitatis Salerni";"1506";"Paris";"Pierre Baquelier. - Jean Barbier. - Denis Roce";"1506";"Null";"Null";"Null"
"http://data.bnf.fr/ark:/12148/cb418737185";"Le Pelerin de vie humaine";"1506";"Paris";"Michel Le Noir";"1506";"Null";"Null";"Null"
"http://data.bnf.fr/ark:/12148/cb418737661";"In hoc libro contenta Opera ♦, De institutione nouitiorum [et alia opera]";"1506";"Paris";"Henri I Estienne";"1506";"Null";"Null";"Null"
"http://data.bnf.fr/ark:/12148/cb418736820";"Symbola Pythagore ♦";"1506";"Paris";"Jean Barbier. - Denis Roce";"1506";"Null";"Null";"Null"
"http://data.bnf.fr/ark:/12148/cb41873756q";"Hore dive Virginis Marie secundum verum usum Romanum...";"1506";"Paris";"Thielman Kerver";"1506";"Null";"Null";"Null"
"http://data.bnf.fr/ark:/12148/cb41873777p";"La Medecine des cheuaux et bestes cheualines";"1506";"Paris";"Antoine Vérard";"1506";"Null";"Null";"Null"
"http://data.bnf.fr/ark:/12148/cb418736851";"Boetius de consolatione philosophie";"1506";"Paris. - Caen. - Rouen";"Jean Petit. - Robert Macé. - sans nom";"1506";"Null";"Null";"Null"
"http://data.bnf.fr/ark:/12148/cb418738084";"Argutissime totiusque posterioristice resolutionis Questiones... ♦";"1506";"Paris";"Jean Barbier. - Jean Petit";"1506";"Null";"Null";"Null"
"http://data.bnf.fr/ark:/12148/cb418737154";"Questiones super Posteriorum lectura...♦";"1506";"Paris";"Jean Barbier. - Denis Roce";"1506";"Null";"Null";"Null"
"http://data.bnf.fr/ark:/12148/cb41873743c";"Heures a lusaige de Metz";"1506";"Paris";"Antoine Vérard";"1506";"Null";"Null";"Null"
"http://data.bnf.fr/ark:/12148/cb41873668f";"Doctrinalis [pars prima - secunda] ♦";"1506";"Paris";"Josse Bade";"1506";"Null";"Null";"Null"
"http://data.bnf.fr/ark:/12148/cb41873731c";"[Liber De doctrina cordis]";"1506";"Paris";"Jean Petit. - Gaspard Philippe";"1506";"Null";"Null";"Null"
"http://data.bnf.fr/ark:/12148/cb418737708";"Vocabularius perutilis vtriusque iuris tam ciuilis quam canonici [et Giambattista CACCIALUPI, Tractatus de modo studendi in vtroque iure]";"1506";"Paris";"Jean Lambert. - Jean Petit";"1506";"Null";"Null";"Null"
"http://data.bnf.fr/ark:/12148/cb41873786n";"Divini eloquii preconis celeberrimi fratris Oliverii Maillardi ordinis Minorum professoris, sermones de Adventu";"1506";"Paris";"Jean Petit";"1506";"Null";"Null";"Null"
"http://data.bnf.fr/ark:/12148/cb41873701f";"Le Liure ♦ de vieillesse... imprime nouuellement";"1506";"Paris";"Antoine Vérard";"1506";"Null";"Null";"Null"
"http://data.bnf.fr/ark:/12148/cb41873752b";"Hore intemerate Dei genitrieis Virginis Marie secundum vsum Romanum";"1506";"Paris";"Thielman Kerver";"1506";"Null";"Null";"Null"
"http://data.bnf.fr/ark:/12148/cb41873708v";"Extravagantes communes";"1506";"Paris";"Ulrich Gering. - Berthold Rembolt";"1506";"Null";"Null";"Null"
"http://data.bnf.fr/ark:/12148/cb41873714s";"Tractatus Noticiarum ♦";"1506";"Paris";"Denis Roce";"1506";"Null";"Null";"Null"
"http://data.bnf.fr/ark:/12148/cb41873666r";"Secreta mulierum et virorum nuperrime correcta et emendata";"1506";"Paris";"Gilles de Gourmont. - Jacques Guillotoys";"1506";"Null";"Null";"Null"
"http://data.bnf.fr/ark:/12148/cb41873678r";"De artibus magicis ac magorum malificiis Opus... ♦ nuper.... emendatum";"1506";"Paris";"Gaspard Philippe. - Denis Roce";"1506";"Null";"Null";"Null"
"http://data.bnf.fr/ark:/12148/cb41873710d";"Compendium textuale compillationis decretalium ♦";"1506";"Paris";"Galliot Du Pré. - Jean de La Garde. - Geoffroy de Marnef";"1506";"Null";"Null";"Null"
"http://data.bnf.fr/ark:/12148/cb418737003";"La Cheute du diable et de ses adherens";"1506";"Paris";"Antoine Vérard";"1506";"Null";"Null";"Null"
"http://data.bnf.fr/ark:/12148/cb41873738s";"Tractatus De contractibus";"1506";"Paris";"Jean Barbier. - Denis Roce";"1506";"Null";"Null";"Null"
"http://data.bnf.fr/ark:/12148/cb41873683b";"Horologium deuotionis circa vitam Christi";"1506";"Paris";"Jean de Gourmont. - Jean Petit";"1506";"Null";"Null";"Null"
"http://data.bnf.fr/ark:/12148/cb41873695b";"Cantica ♦ de omnibus festis Domini";"1506";"Paris";"Josse Bade. - Claude Chevallon";"1506";"Null";"Null";"Null"
"http://data.bnf.fr/ark:/12148/cb41873781x";"Lucydaire en francoys. Au present liure est contenu diuerses matieres subtiles et merueilleuses en matiere dinterrogation";"1506";"Paris";"[Pierre Le Dru]. - Geoffroy de Marnef";"1506";"Null";"Null";"Null"
"http://data.bnf.fr/ark:/12148/cb41873807s";"♦ De remedio amoris";"1506";"Paris";"Nicolas de La Barre";"1506";"Null";"Null";"Null"
"http://data.bnf.fr/ark:/12148/cb41873720q";"Questiones Super octo libros Phisicorum Aristotelis, necnon super libros De celo et mundo ♦";"1506";"Paris";"Nicolas Des Prez. - Olivier Senant";"1506";"Null";"Null";"Null"
"http://data.bnf.fr/ark:/12148/cb41873717t";"Preclarissimum... Opus quod Gemma predicantium nuncupatur... ♦";"1506";"Paris. - Caen. - Rouen";"François Regnault. - Pierre Regnault. - Pierre Olivier";"1506";"Null";"Null";"Null"
"http://data.bnf.fr/ark:/12148/cb41873747r";"Heures a lusaige de Poitiers";"1506";"Paris";"Simon Vostre";"1506";"Null";"Null";"Null"
"http://data.bnf.fr/ark:/12148/cb41873788b";"♦ Libri quos in artibus in collegio Montis Acuti Parisius regentendo compilauit";"1506";"Paris";"Guillaume Anabat. - Jean Granjon";"1506";"Null";"Null";"Null"
"http://data.bnf.fr/ark:/12148/cb418737332";"Les Reigles de bien vivre";"1506";"Paris";"Antoine Vérard";"1506";"Null";"Null";"Null"
"http://data.bnf.fr/ark:/12148/cb41873796z";"Missale ad consuetudinem insignis ecclesie Coloniensis nuper... impressum";"1506";"Paris. - Cologne";"Wolfgang Hopyl. - sans nom";"1506";"[8]-CXXVIII-[92]-XXXVIII f.";"Null";"Null"
"http://data.bnf.fr/ark:/12148/cb41873671b";"Buccolica ♦";"1506";"Paris";"Jean Marchant. - Jean Petit";"1506";"Null";"Null";"Null"
"http://data.bnf.fr/ark:/12148/cb418737990";"Le livre du Sainct Sacrement de lautel";"1506";"Paris";"Antoine Vérard";"1506";"Null";"Null";"Null"
"http://data.bnf.fr/ark:/12148/cb41873750n";"[Heures a lusaige de Rome]";"1506";"Paris";"Jean Barbier. - Guillaume Du Puy";"1506";"Null";"Null";"Null"
"http://data.bnf.fr/ark:/12148/cb41873719h";"Tractatus corporis Christi quomodo sacerdotes se debeant habere erga Eucharistiam consecrandam [seu Lectura Decretalis Cum Marthe]";"1506";"Paris";"Jean Lambert";"1506";"Null";"Null";"Null"
"http://data.bnf.fr/ark:/12148/cb418737619";"Hore beatissime Virginis Marie ad consuetudinem insignis ecclesie Sarum nuper... impresse";"1506";"Paris. - Londres";"Wolfgang Hopyl. - William Bretton. - [Henri Jacobi. - Joyce Pelgrim]";"1506";"Null";"Null";"Null"
"http://data.bnf.fr/ark:/12148/cb41873702s";"De potestate Pape Tractatus et votorum commutatione in redemptionem captiuorum... ♦ nouiter... impressus";"1506";"Paris";"Gilles et Jean de Gourmont";"1506";"Null";"Null";"Null"
"http://data.bnf.fr/ark:/12148/cb41873744q";"Ces presentes fleures a lusaige de Noion";"1506";"Paris";"Simon Vostre";"1506";"Null";"Null";"Null"
"http://data.bnf.fr/ark:/12148/cb41873764b";"Sermones et epistole ♦";"1506";"Paris";"Jean Granjon. - Johann Philippi";"1506";"Null";"Null";"Null"
"http://data.bnf.fr/ark:/12148/cb41873780k";"Luciani viri quam disertissimi compluria opuscula";"1506";"Paris";"Josse Bade";"1506";"Null";"Null";"Null"
"http://data.bnf.fr/ark:/12148/cb418736700";"Embammata phisicalia ♦";"1506";"Paris";"Jean Petit. - François Regnault";"1506";"Null";"Null";"Null"
"http://data.bnf.fr/ark:/12148/cb41873741p";"Heures a lusaige de Lyon nouuellement imprimees et corrigees";"1506";"Paris. - Lyon";"Thielman Kerver. - Adam Aymery";"1506";"Null";"Null";"Null"
"http://data.bnf.fr/ark:/12148/cb41873699q";"Catholicon abbreuiatum";"1506";"Paris";"Jean Lambert";"1506";"Null";"Null";"Null"
"http://data.bnf.fr/ark:/12148/cb41873800c";"De lubrico temporis curriculo deque hominis miseria";"1506";"Paris";"Jean Lambert";"1506";"Null";"Null";"Null"
"http://data.bnf.fr/ark:/12148/cb41873765p";"♦ Postilla super Epistolas et Euangelia, tam de tempore quam de sanctis per totum anni circulum";"1506";"Paris";"Jean Petit";"1506";"Null";"Null";"Null"
"http://data.bnf.fr/ark:/12148/cb41873669s";"Embammata phisicalia ♦";"1506";"Paris";"Jean Barbier. - Denis Roce";"1506";"Null";"Null";"Null"
"http://data.bnf.fr/ark:/12148/cb418737781";"♦ Bellum ciuile Pharsalicum nuperrime... recognitum";"1506";"Paris";"Nicolas Des Prez";"1506";"Null";"Null";"Null"
"http://data.bnf.fr/ark:/12148/cb41873677d";"Catholicon seu Vniuersale vocabularium ac summa grammatices ♦";"1506";"Paris";"Josse Bade. - Jean Petit";"1506";"Null";"Null";"Null"
"http://data.bnf.fr/ark:/12148/cb41873755c";"Hore diue Virginis Marie secundum verum vsum Romanum";"1506";"Paris";"Thielman Kerver";"1506";"Null";"Null";"Null"
"http://data.bnf.fr/ark:/12148/cb41873759r";"Ces presentes Heures a lusaige de Romme";"1506";"Paris";"Simon Vostre";"1506";"Null";"Null";"Null"
"http://data.bnf.fr/ark:/12148/cb41873723r";"♦ Veterum maxime insignium Paroemiarum id est Adagiorum collectanea rursus... recognita atque aucta";"1506";"Paris";"[Josse Bade ou Jean Marchant ?]. - Jean Petit";"1506";"Null";"Null";"Null"
"http://data.bnf.fr/ark:/12148/cb41873767c";"La Legende doree ou Vie des sainctz et sainctes";"1506";"Paris";"Nicolas Cousteau. - Jean Petit";"1506";"Null";"Null";"Null"
"http://data.bnf.fr/ark:/12148/cb418736882";"[Breuiarium secundum sacrosancte Romane ecclesie vsum et precipue Fratrum Minorum nouissime castigatum]";"1506";"Paris";"Thielman Kerver";"1506";"Null";"Null";"Null"
"http://data.bnf.fr/ark:/12148/cb418737541";"Hore beatissime Virginis Marie secundum vsum Romane ecclesie";"1506";"Paris";"Thielman Kerver";"1506";"Null";"Null";"Null"
"http://data.bnf.fr/ark:/12148/cb418737483";"Hore Virginis Marie secundum vsum ordinis Premonstratensis";"1506";"Paris";"Simon Vostre";"1506";"Null";"Null";"Null"
"http://data.bnf.fr/ark:/12148/cb41873681n";"Paenes diuae Virginis. Vir prudens";"1506";"Paris";"Jean Barbier";"1506";"Null";"Null";"Null"
"http://data.bnf.fr/ark:/12148/cb41873784z";"Herbarum varias qui vis cognoscere vires Macer adest";"1506";"Paris";"Pierre Baquelier. - Jean Seurre";"1506";"Null";"Null";"Null"
"http://data.bnf.fr/ark:/12148/cb418738053";"Lordinayre des chrestiens";"1506";"Paris";"Thomas Du Guernier. - François Regnault";"1506";"Null";"Null";"Null"
"http://data.bnf.fr/ark:/12148/cb41873722d";"♦ Veterum maxime insignium Paroemiarum id est Adagiorum collectanea rursus... recognita atque aucta [et Varia epigrammata]";"1506";"Paris";"Jean Barbier. - Denis Roce";"1506";"Null";"Null";"Null"
"http://data.bnf.fr/ark:/12148/cb41873725f";"Euripidis tragici poete nobilissimi Hecuba et Iphigenia";"1506";"Paris";"Josse Bade";"1506";"Null";"Null";"Null"
"http://data.bnf.fr/ark:/12148/cb418737948";"Practica electionum et postulationum";"1506";"Paris";"Henri I Estienne. - Enguilbert I et Geoffroy de Marnef";"1506";"Null";"Null";"Null"
"http://data.bnf.fr/ark:/12148/cb41873705t";"Termini ♦";"1506";"Paris";"Durand Gerlier. - Jean Lambert";"1506";"Null";"Null";"Null"
"http://data.bnf.fr/ark:/12148/cb41873689d";"Breuiarium Leodiense";"1506";"Paris";"sans nom [Wolfgang Hopyl ?]";"1506";"Null";"Null";"Null"
"http://data.bnf.fr/ark:/12148/cb418736793";"Les Meditations";"1506";"Paris";"Antoine Vérard";"1506";"Null";"Null";"Null"
"http://data.bnf.fr/ark:/12148/cb418737274";"Epistolae ♦";"1506";"Paris";"Josse Bade";"1506";"Null";"Null";"Null"
"http://data.bnf.fr/ark:/12148/cb41873746d";"Ces presentes Heures a lusaige de Paris";"1506";"Paris";"[Guillaume Le Rouge]. - Antoine Vérard";"1506";"Null";"Null";"Null"
"http://data.bnf.fr/ark:/12148/cb41873675q";"[Auctoritates Aristotelis Senece Boetii Platonis Apulei Affricani Empedoclis Porphirii et Gilberti Porritani]";"1506";"Paris";"Jean Petit";"1506";"Null";"Null";"Null"
"http://data.bnf.fr/ark:/12148/cb41873760z";"Ces presentes Heures a lusaige de Rouan";"1506";"Paris";"Philippe Pigouchet. - Simon Vostre";"1506";"Null";"Null";"Null"
"http://data.bnf.fr/ark:/12148/cb41873735r";"Les Loups rauissans";"1506";"Paris";"Michel Le Noir";"1506";"Null";"Null";"Null"
"http://data.bnf.fr/ark:/12148/cb41873795m";"Regimen sanitatis ♦ [et alia opera : ARNAUD de VILLENEUVE, HIPPOCRATES, IMBRASIUS d'EPHÈSE, JOHANNES de ZANTVLIETE, NICOLAUS SALERNITANUS, AVERROES";"1506";"Paris";"Jean Petit. - Gaspard Philippe";"1506";"Null";"Null";"Null"
"http://data.bnf.fr/ark:/12148/cb41873806f";"Pauli Orosii, historiographi clarissimi, opus prestantissimum";"1506";"Paris";"Jean Marchant. - Jean I Petit";"1506";"Null";"Null";"Null"
"http://data.bnf.fr/ark:/12148/cb418736673";"Alixandre le Grant [nouuellement imprime]";"1506";"Paris";"Michel Le Noir";"1506";"Null";"Null";"Null"
"http://data.bnf.fr/ark:/12148/cb41873768q";"Le Resolu en mariage";"1506";"Paris";"Antoine Vérard";"1506";"Null";"Null";"Null"
"http://data.bnf.fr/ark:/12148/cb418737979";"Missale ad consuetudinem ecclesie Romane";"1506";"Paris";"sans nom [Wolfgang Hopyl ?]";"1506";"Null";"Null";"Null"
"http://data.bnf.fr/ark:/12148/cb41873732q";"Opusculum tripertitum, eiusdem De preceptis decalogi, de confessione et de arte moriendi";"1506";"Paris";"Gilles et Jean de Gourmont";"1506";"Null";"Null";"Null"
"http://data.bnf.fr/ark:/12148/cb41873771m";"Justini historia ex Trogo Pompeio quattuor & triginta epithomatis collecta";"1506";"Paris";"Jean Marchant. - Jean Petit";"1506";"Null";"Null";"Null"
"http://data.bnf.fr/ark:/12148/cb418737510";"Ces presentes Heures a lusaige de Romme";"1506";"Paris";"veuve de Jean I Du Pré";"1506";"Null";"Null";"Null"
"http://data.bnf.fr/ark:/12148/cb41873804r";"Lordinayre des crestiens";"1506";"Paris";"Antoine Caillaut. - Michel Le Noir";"1506";"Null";"Null";"Null"
"http://data.bnf.fr/ark:/12148/cb418737917";"Parua logicalia O nouiter impressa... diligenter emendata";"1506";"Paris";"Jean Lambert";"1506";"Null";"Null";"Null"
"http://data.bnf.fr/ark:/12148/cb41873690m";"[Breuiarium ad vsum Sarum]";"1506";"Paris. - Rouen";"Jean Bienayse. - Pierre Violette";"1506";"Null";"Null";"Null"
"http://data.bnf.fr/ark:/12148/cb41873684p";"♦ Des nobles maleureux";"1506";"Paris";"Antoine Vérard";"1506";"Null";"Null";"Null"
"http://data.bnf.fr/ark:/12148/cb41873726s";"Lexercice consolatif des crestiens de tous estatz... le tout en rime";"1506";"Paris";"Michel Le Noir";"1506";"Null";"Null";"Null"
"http://data.bnf.fr/ark:/12148/cb418736731";"Aethica seu Moralia ♦";"1506";"Paris";"veuve de Jean I Du Pré. - Jean Granjon";"1506";"Null";"Null";"Null"
"http://data.bnf.fr/ark:/12148/cb418736929";"[Breuiarium insignis ecclesie Morinensis nouissime castigatum]";"1506";"Paris. - sans lieu";"André Bocard. - Didier Maheu. - Jean Petit. - Jean de Bois-Yvon [?]";"1506";"Null";"Null";"Null"
"http://data.bnf.fr/ark:/12148/cb41873783m";"Provinciale seu Constitutiones Anglie... rursum reuise atque impresse";"1506";"Paris. - Londres";"Wolfgang Hopyl. - William Bretton. - [Henri Jacobi. - Joyce Pelgrim]";"1506";"Null";"Null";"Null"
"http://data.bnf.fr/ark:/12148/cb41873698c";"♦ Elegiae vna cum Sybillino carmine, aegloga, epigrammatis ac quibusdam aliis";"1506";"Paris. - Angers, Bourges et Poitiers";"Josse Bade. - les Frères de Marnef. - les Frères de Marnef";"1506";"Null";"Null";"Null"
"http://data.bnf.fr/ark:/12148/cb41873696p";"Hymni et cantica ♦ de festis sanctorum fere per anni circulum";"1506";"Paris";"Josse Bade";"1506";"Null";"Null";"Null"
"http://data.bnf.fr/ark:/12148/cb418738111";"Psalterium cum hymnis secundum vsum et consuetudinem Sarum et Eboracensem";"1506";"Paris. - Londres";"Wolfgang Hopyl. - William Bretton. - [Henri Jacobi. - Joyce Pelgrim]";"1506";"Null";"Null";"Null"
"http://data.bnf.fr/ark:/12148/cb41873687q";"Breuiarium ad vsum ordinis Cisterciensis nouissime... auctum, castigatum, emendatum";"1506";"Paris";"Enguilbert I et Geoffroy de Marnef. - Johann Philippi";"1506";"Null";"Null";"Null"
"http://data.bnf.fr/ark:/12148/cb41873704g";"Tractatus De laudibus et inclita corona Beate Marie";"1506";"Paris";"Pierre Le Dru";"1506";"Null";"Null";"Null"
"http://data.bnf.fr/ark:/12148/cb41873812c";"Figure Biblie ♦";"1506";"Paris";"François Regnault. - Jean Seurre";"1506";"Null";"Null";"Null"
"http://data.bnf.fr/ark:/12148/cb418737301";"Le chasteau de virginite";"1506";"Paris";"Jean I Trepperel";"1506";"Null";"Null";"Null"
"http://data.bnf.fr/ark:/12148/cb41873753p";"Heures a lusaige de Romme nouuellement imprimes";"1506";"Paris";"Thielman Kerver";"1506";"Null";"Null";"Null"
"http://data.bnf.fr/ark:/12148/cb41873803d";"Lordinaire en francoys selon lordre de Cysteaux";"1506";"Paris";"Enguilbert I et Geoffroy de Marnef";"1506";"Null";"Null";"Null"
"http://data.bnf.fr/ark:/12148/cb418737692";"Le Respit de la mort nouuellement imprime";"1506";"Paris";"Antoine Vérard";"1506";"Null";"Null";"Null"
"http://data.bnf.fr/ark:/12148/cb418737630";"Hore beate Marie Virginis secundum vsum Trecensem";"1506";"Paris";"Wolfgang Hopyl. - Simon Vostre";"1506";"Null";"Null";"Null"
"http://data.bnf.fr/ark:/12148/cb41873772z";"Iuuencus presbyter Immensam Euangelice legis maiestatem heroicis versibus concludens [et alia opera : S. HIERONYMUS, Johannes TRITHEMIUS, Battista SPAGNUOLI, dit Mantuanus]";"1506";"Paris";"Josse Bade. - Jean Petit";"1506";"Null";"Null";"Null"
"http://data.bnf.fr/ark:/12148/cb41873774n";"Artificialis Introductio per modum epitomatis in decem libros Ethicorum Aristotelis... in secunda recognitione";"1506";"Paris";"Henri I Estienne";"1506";"Null";"Null";"Null"
"http://data.bnf.fr/ark:/12148/cb41873707h";"Clementinarum materia cum capitulorum et titulorum numero";"1506";"Paris";"Ulrich Gering. - Berthold Rembolt";"1506";"Null";"Null";"Null"
"http://data.bnf.fr/ark:/12148/cb418737452";"Heures a lusaige de Paris nouuellement imprimees";"1506";"Paris";"Thielman Kerver";"1506";"Null";"Null";"Null"
"http://data.bnf.fr/ark:/12148/cb418737363";"Les Folles entreprises";"1506";"Paris";"Geoffroy de Marnef";"1506";"Null";"Null";"Null"
"http://data.bnf.fr/ark:/12148/cb41873734d";"Gesta Romanorum cum applicationibus moralisatis ac misticis";"1506";"Paris";"Jean Petit. - [Jean Seurre]";"1506";"Null";"Null";"Null"
"http://data.bnf.fr/ark:/12148/cb41873728g";"♦ De triplici vita [et alia opera] cum textu Salerni ad vnguem castigato";"1506";"Paris";"Josse Bade. - Jean Petit";"1506";"Null";"Null";"Null"
"http://data.bnf.fr/ark:/12148/cb41873740b";"Heures a lusaige de Langres";"1506";"Paris";"Martin Alexandre. - Nicolas de La Barre";"1506";"Null";"Null";"Null"
"http://data.bnf.fr/ark:/12148/cb418736971";"Summa angelica";"1506";"Paris";"Philippe Pigouchet. - Simon Vostre";"1506";"Null";"Null";"Null"
"http://data.bnf.fr/ark:/12148/cb418737739";"Lepitaphe de feu treshault trespuissant et redoubte prince Phelipes daustrice roy de Castilles";"1506";"Paris";"[Guillaume Bigneaux]";"1506";"Null";"Null";"Null"
"http://data.bnf.fr/ark:/12148/cb41873749f";"Heures a lusaige de Romme";"1506";"Paris";"Guillaume Anabat. - Gilles Hardouyn";"1506";"Null";"Null";"Null"
"http://data.bnf.fr/ark:/12148/cb41873789p";"♦ Libri quos in artibus in collegio Montis Acuti Parisius regentando [sic] compilauit";"1506";"Paris";"Jean Barbier. - Denis Roce";"1506";"Null";"Null";"Null"
"http://data.bnf.fr/ark:/12148/cb418737394";"Le pelerinage de Nostre Dame et de Joseph de Nazareth en Bethleem, la Nativite de Nostre Seigneur, la venue des pastoureaulx & des roys  et plusieurs autres choses singulires bien moralizees. Extraict du pseaulme Eructavit";"1506";"Paris";"Durand Gerlier. - Pierre Le Dru";"1506";"Null";"Null";"Null"
"http://data.bnf.fr/ark:/12148/cb41873816r";"Le tresor de noblesse";"1506";"Paris";"Antoine Vérard";"1506";"Null";"Null";"Null"
"http://data.bnf.fr/ark:/12148/cb41873843n";"Speculum stultorum";"1506";"Paris";"Jean Marchant. - Jean Petit";"1506";"Null";"Null";"Null"
"http://data.bnf.fr/ark:/12148/cb418738351";"Tristan cheualier de la Table Ronde nouuellement imprime";"1506";"Paris";"Antoine Vérard";"1506";"Null";"Null";"Null"
"http://data.bnf.fr/ark:/12148/cb41873815d";"De valore missarum [seu Libellus de venerabili sacramento et valore missarum et UBERTINO, De vita dulcissimi Iesu... ♦]";"1506";"Paris";"Pierre Le Dru. - Denis Roce";"1506";"Null";"Null";"Null"
"http://data.bnf.fr/ark:/12148/cb41873833b";"Lart de faulconerie et des chiens de chasse";"1506";"Paris";"Antoine Vérard";"1506";"Null";"Null";"Null"
"http://data.bnf.fr/ark:/12148/cb41873831n";"Les Stilles et usaiges de procedes en court laye es pays d'Anjou et du Maine de nouveau corrigees";"1506";"Paris";"Pierre Le Dru. - Geoffroy de Marnef";"1506";"Null";"Null";"Null"
"http://data.bnf.fr/ark:/12148/cb41873821b";"La proposition et harengue faicte ... par ... Claude de Seyssel au roy dangleterre Henry septiesme";"1506";"Paris";"sans nom";"1506";"Null";"Null";"Null"
"http://data.bnf.fr/ark:/12148/cb418738293";"Sylvarum F. Baptistae Mantuani carmelite sex opuscula";"1506";"Paris";"Jean I Petit";"1506";"Null";"Null";"Null"
"http://data.bnf.fr/ark:/12148/cb418738382";"[♦ Opera]";"1506";"Paris";"successeurs de Jean I Du Pré";"1506";"Null";"Null";"Null"
"http://data.bnf.fr/ark:/12148/cb41873841z";"Modus legendi abbreuiaturas in vtroque iure";"1506";"Paris";"Jean Petit";"1506";"Null";"Null";"Null"
"http://data.bnf.fr/ark:/12148/cb41873837q";"Aeneis ♦";"1506";"Paris";"Thielman Kerver. - Jean Petit";"1506";"Null";"Null";"Null"
"http://data.bnf.fr/ark:/12148/cb418738309";"♦ In Achilleide";"1506";"Paris";"Jean Marchant. - Jean Petit";"1506";"Null";"Null";"Null"
"http://data.bnf.fr/ark:/12148/cb418738173";"Phisionomia ♦";"1506";"Paris";"Jean Lambert";"1506";"Null";"Null";"Null"
"http://data.bnf.fr/ark:/12148/cb418738320";"Grammatice ♦ [et alia opera : Josse BADE, Aelius DONATUS, Antonio MANCINELLI]";"1506";"Paris";"Josse Bade";"1506";"Null";"Null";"Null"
"http://data.bnf.fr/ark:/12148/cb418738142";"Les Quatre filz Aymon";"1506";"Paris";"Thomas Du Guernier";"1506";"Null";"Null";"Null"
"http://data.bnf.fr/ark:/12148/cb41873834p";"Predicamenta ♦";"1506";"Paris";"Jean Lambert. - Jean Petit";"1506";"Null";"Null";"Null"
"http://data.bnf.fr/ark:/12148/cb41873840m";"Aureum Opus De veritate contritionis";"1506";"Paris";"François Regnault. - Jean Seurre";"1506";"Null";"Null";"Null"
"http://data.bnf.fr/ark:/12148/cb41873828r";"Parthenice Catharinaria ♦";"1506";"Paris";"Jean Petit";"1506";"Null";"Null";"Null"
"http://data.bnf.fr/ark:/12148/cb41873825q";"De calamitatibus temporum seu Contra peccatorum monstra aureum ♦ poema";"1506";"Paris";"Jean Barbier. - Denis Roce";"1506";"Null";"Null";"Null"
"http://data.bnf.fr/ark:/12148/cb418738231";"La Proposition et harengue translatee de latin en francoys par messire Claude de seessel [sic] conseillier et ambassadeur du roy trescrestien Loys douziesme de cenom au roy dangleterre Henry septiesme de ce nom pour le mariage de madame Claude de france. Avecques monsieur le duc de Valois";"1506";"Paris";"sans nom";"1506";"Null";"Null";"Null"
"http://data.bnf.fr/ark:/12148/cb41873827d";"Opuscula quaedam mortalia [sic] e Sylvis Baptistae Mantuani excerpta";"1506";"Paris";"Jean Barbier. - Denis Roce";"1506";"Null";"Null";"Null"
"http://data.bnf.fr/ark:/12148/cb41874431s";"Lart de faulconnerie et des chiens de chasse";"1506";"Paris";"Jean I Trepperel";"1506";"Null";"Null";"Null"
"http://data.bnf.fr/ark:/12148/cb418738429";"Elegantiarum medulla oratoriaque precepta";"1506";"Paris";"Jean Barbier. - Olivier Senant";"1506";"Null";"Null";"Null"
"http://data.bnf.fr/ark:/12148/cb41873836c";"Elegantie terminorum ♦";"1506";"Paris";"Denis Roce";"1506";"Null";"Null";"Null"
"http://data.bnf.fr/ark:/12148/cb418738262";"De calamitatibus temporum seu Contra peccatorum monstra aureum ♦ poema";"1506";"Paris";"[Thielman Kerver ?]. - Jean Petit";"1506";"Null";"Null";"Null"
"http://data.bnf.fr/ark:/12148/cb41873822p";"La proposition et harengue translatee de latin en francoys par messire Claude de Scessel [sic] ... au roy dangleterre Henry septiesme... pour le mariage de ma dame Claude de France avecques monsieur le duc de Valois";"1506";"Paris";"sans nom";"1506";"Null";"Null";"Null"
"http://data.bnf.fr/ark:/12148/cb41873824c";"♦ Bucolica seu Adolescentia";"1506";"Paris";"Jean Barbier. - Denis Roce";"1506";"Null";"Null";"Null"
"http://data.bnf.fr/ark:/12148/cb41873818f";"♦ De quattuor virtutibus cardinalibus";"1506";"Paris";"Pierre Le Dru";"1506";"Null";"Null";"Null"
"http://data.bnf.fr/ark:/12148/cb41873819s";"♦ De quattuor virtutibus cardinalibus";"1506";"Paris";"Jean Marchant. - Jean Petit";"1506";"Null";"Null";"Null"
"http://data.bnf.fr/ark:/12148/cb418738200";"Claudii de Seissello juriconsulti : christianissimi Lodovici duodecimi Francorum regis consiliarii & oratoris Ad serenissum & potentissimum Angliae regem Henricum septimum";"1506";"[Paris]";"[Josse Bade]";"1506";"Null";"Null";"Null"
"http://data.bnf.fr/ark:/12148/cb41947234j";"xiu xiang zhong lie quan zhuan : liu shi juan";"1506";"[S.l.]";"[s.n.]";"1506";"2 vol.";"Null";"http://gallica.bnf.fr/ark:/12148/bpt6k9611576q"
"http://data.bnf.fr/ark:/12148/cb312743828";"Suetonius Tranquillus, cum Philippi Beroaldi et Marci Antonii Sabellici commentariis...";"1506";"Venetiis";"Null";"1506";"In-fol.";"Null";"Null"
"http://data.bnf.fr/ark:/12148/cb31288684z";"Opera Salustiana. In Ca. Crispi Sallustii Opera Ascensii familiaris interpretatio... - Venundantur Lugduni a Stephano Gueynard. - À la fin : Finis reliquiarum C. Crispi Sallustii et plusculorum fragmentorum undeunde corrasorum et ab Ascensio utcumque explicatorum. Et a Johanne de Vingle diligenti accuratione coimpressorum. Anno Salutis christiane MCCCCC sexto., sexto calen. novembris";"1506";"Lugduni";"Null";"1506";"Pièces limin., 157 ff., fig. sur bois au titre, lettres ornées";"Null";"Null"
"http://data.bnf.fr/ark:/12148/cb421211883";"[Apollon, Hyacinthe et l'Amour] : [estampe]";"1506";"[S.l.]";"[s.n.]";"1506";"1 est. : burin ; 301 x 224 mm";"http://data.bnf.fr/ark:/12148/cb119712096";"http://gallica.bnf.fr/ark:/12148/btv1b69532908"
"http://data.bnf.fr/ark:/12148/cb421213561";"[Vénus au bord de la mer] : [estampe]";"1506";"[S.l.]";"[s.n.]";"1506";"1 est. : burin ; 214 x 150 mm";"http://data.bnf.fr/ark:/12148/cb12516237v";"http://gallica.bnf.fr/ark:/12148/btv1b6953293h"
"http://data.bnf.fr/ark:/12148/cb421336347";"[Achillini] : [estampe]";"1506";"[S.l.]";"[s.n.]";"1506";"1 est. : burin ; 184 x 135 mm";"http://data.bnf.fr/ark:/12148/cb12326089d";"http://gallica.bnf.fr/ark:/12148/btv1b69534380"
"http://data.bnf.fr/ark:/12148/cb313065376";"Lo Sottilissimo et devotissimo libro della verità della fede christiana dimandato Triumpho della croce di Christo, composto in latino per el Reverendo Padre Frate Hieronymo Savonarola,... e da poi traducto in vulgare per esso Frate Hieronymo, a consolatione delle persone meno litterate. - A la fin : Impresso in Venetia per Lazaro di Soardi nel anno del 1505 a di 21 di Febraro...";"1506";"Venetia";"Null";"1506";"In-8° , 116 ff., à longues lignes, car. rom., grav. sur bois au titre";"Null";"Null"
"http://data.bnf.fr/ark:/12148/cb313141532";"Libellus de laudibus Germaniae et ducum Saxoniae, editus a Christophoro Scheurlo,...";"1506";"Bononiae";"impr. per Benedictum Hectoris";"1506";"In-4° , sign. A-I, marque typ. à la fin";"Null";"Null"
"http://data.bnf.fr/ark:/12148/cb313288504";"Homeliarius doctorum in evangelia dominicalia de tempore et de sanctis per anni cursum, cum insertione trium librorum Alcuini de fide Trinitatis... - Au v° du titre : Joannes Scotus Argentinensis lectori S.D. - A la fin : ex officina, sumptibus atque expensis providi Nicolai Kessler, civis Basiliensis, ad sextum decimum Kalendas septembres, anno a Natali Christiano M.D.VI.Basileae";"1506";"Basileae";"Null";"1506";"In-fol., CLXVI-LXXXIII ff.";"Null";"Null"
"http://data.bnf.fr/ark:/12148/cb313518831";"Senecae Tragoediae. - (À la fin :) Hoc opus Tragoediarum impressum est Florentiae, studio et impensa Philippi de Giunta, Florentini, anno a nativitate Christi millesimo quingentesimo sexto, tertio nonas aprilis";"1506";"Florence";"Ph. de Giunta";"1506";"In-8° , sign. A-Z, @ , A-D";"Null";"Null"
"http://data.bnf.fr/ark:/12148/cb31394375k";"Eximia lectura j. u. monarce & doctoris prestantissimi domini Nicholai de Spinelis de Neapoli, super toto Institutionum libro";"1506";"Null";"Null";"1506";"80 [i.e. 85] f.";"Null";"Null"
"http://data.bnf.fr/ark:/12148/cb31408668d";"Jo. Francisci Quintiani Stoae,... Disticha in fabulas P. Ovidii Nasonis Metamorphoseon. Ejusdem Elegia qua deflet Philippum Beroaldum Bononiensem. - À la fin : Impressum Papiae per Magistrum Bernardinum Garaldum, a salutifero natali Domini MCCCCCVI, die XV. februarii";"1506";"Papiae";"Null";"1506";"In-8° , sign. A-D, caractères gothiques, notes mss, lettres ornées";"Null";"Null"
"http://data.bnf.fr/ark:/12148/cb31419507c";"Suetonius Tranquillus [de Vita Caesarum], cum Philippi Beroaldi et Antonii Sabellici commentariis, cum figuris nuper additis. - À la fin : Commentaria Philippi Beroaldi nec non Marci Antonii Sabellici in Suetonium Tranquillum foeliciter Venetiis exacta, per Joannem Rubeum Vercellensem, anno Domini MCCCCCVI, die VIII. januarii";"1506";"Venetiis";"Null";"1506";"In-fol., pièces limin., 358 ff., fig.";"Null";"Null"
"http://data.bnf.fr/ark:/12148/cb31433788q";"Lart de faulconnerie et des chiens de chasse";"1506";"Null";"Null";"1506";"[38 ] f. (sign. A-D6, E-F4, G6)";"Null";"http://gallica.bnf.fr/ark:/12148/bpt6k117932x"
"http://data.bnf.fr/ark:/12148/cb314396955";"[Soneti, capituli et egloge del prestantissimo M. Antonio Thebaldeo.]";"1506";"Mediolani";"impressum per J. de Castelliono";"1506";"In-4° , sign. aii-lii, marque typogr. de Jacomo de Legnano et frères au titre";"Null";"Null"
"http://data.bnf.fr/ark:/12148/cb31462167g";"Boetius de consolatione philosophie duplici cum commentario videlicet Sancti Thome et Jodoci Badii Ascensii cum utriusque tabula";"1506";"Null";"Null";"Null";"2 parties ([168] f. (sig. a-v8) ; [34] f. (sig. A8, B-D6, E8))";"Null";"Null"
"http://data.bnf.fr/ark:/12148/cb43200079h";"Lamentationum Jeremie // prophete Liber primus. // [A la fin] : Impressum Venetijs per Octavianum // Petrutium Forosemproniense. Die Octava // Aprilis Salutis anno 1506. Cum privile // gio invictissimi Dominij Venetiarum // quid nullus possit cantum figuratum impri // mere sub pena in ipso privilegio contenta. // Registrum. A B C D E F Omnes // quaterni propter F quid est quinternus //";"1506";"Venetiis";"per Octavianum Petrutium";"1506";"In-4° obl., 50 ff. sign. AA - EE par 8 - FF par 10";"Null";"Null"
"http://data.bnf.fr/ark:/12148/cb43200080q";"Lamentationum liber // Secundus. Auctores // Tronboncinus // Gaspar. // Erasmus. // [Au colophon] ; Impressum Venetiis per Octavianum Pe // trutium Forosemproniensem. Die XXIX Madii // Salutis anno M.CCCCC VI. Cum privilegio // invictissimi Dominii Venetiarum quid nullus // possit cantum Figuratum imprimere sub pena // in ipso privilegio contenta. // Registrum. // A B C D E F G Omnes quaterni. Preter G. // qui est duernus. // [Marque de Petrucci]";"1506";"Venetiis";"per Octavianum Petrutium";"1506";"In-4° obl., 52 ff. n. ch. sign. A - F par 8, G par 4";"http://data.bnf.fr/ark:/12148/cb11976033q";"Null"
"http://data.bnf.fr/ark:/12148/cb314791243";"Compendium juris civilis domini doctoris Petri Ravennatis, cum multis additionibus et aureis dictis que non sunt in primo compendio ejusdem doctoris. - Au fol. 108 v° : Finit Compendium juris civilis cum additionibus suis. Impressum per honestum virum Hermannum Bumgart de Ketwych, civem Colonien. ... anno... millesimo quingentesimo sexto. - À la fin : Impressum Colonie super antiquum forum in Silvestri viro";"1506";"Coloniae";"Null";"1506";"In-4° , 109 ff., car. goth., marque typogr. à la fin";"Null";"Null"
"http://data.bnf.fr/ark:/12148/cb31522384z";"Index librorum in hoc volumine contentorum : Domini Symphoriani Champerii,... Libelli duo, primus de medicine claris scriptoribus in quinque partitus tractatus, secundus de legum divinarum conditoribus...";"1506";"(Lugduni";"Null";"1506";"In-8°";"Null";"Null"
"http://data.bnf.fr/ark:/12148/cb31567809m";"Benedicti Victorii,... Commentaria in Tractatum proportionum Alberti de Saxonia. Thome Bravardini,... Tractatus proportionum perutilis. - À la fin : Impressi... sunt Bononie per Benedictum Hectoris bibliopolam,... anno Domini M. CCCCC. VI, die XX. martii...";"1506";"Bononie";"Null";"1506";"In-fol. à 2 col., 58 ff., car. goth. et rom., fig., marque typogr. à la fin";"Null";"Null"
"http://data.bnf.fr/ark:/12148/cb44341791p";"Divi Ambrosii ep[iscop]i Mediolanen[sis] o[mn]ia op[er]a denuo accuratissime revisa et noviter impressa";"1506";"Null";"Null";"1506";"2 vol. ([7]-275-[1] f., 315 f.)";"Null";"Null"
"http://data.bnf.fr/ark:/12148/cb31656119q";"Vita sancti Adelphi patroni collegii Novillarensis, in dominio Liechtenbergensi, dyocesis Argentinensis ubi et corpus ejus requiescit";"1506";"Argentinae";"J. Prüss";"1506";"In-4° , signé A⁽6, B⁽4, armoiries au titre, figure gr. sur bois au v  du titre. (C. Schmidt, III, 55 ; F. Ritter, IV, 2480.)";"Null";"Null"
"http://data.bnf.fr/ark:/12148/cb31656101n";"Jacobi Wimphelingi de Integritate libellus, cum epistolis pręstantissimorum virorum hunc libellum approbantium et confirmantium...";"1506";"(Argentinae,)";"J. Knobloch";"1506";"In-4° , signé A⁽8, B-C⁽4, D⁽8, E-F⁽4, G⁽6. (C. Schmidt, VII, 19 ; F. Ritter, IV, 2479.)";"Null";"Null"
"http://data.bnf.fr/ark:/12148/cb31656080h";"Elegantiarum medulla oratoriaque precepta Jacobi Vimphelingi";"1506";"Null";"Null";"1506";"[28] f. (sign. a-b8, c-e4)";"Null";"Null"
"http://data.bnf.fr/ark:/12148/cb31656118c";"De Vita et miraculis Joannis Gerson, defensio Wymphelingii pro divo Joanne Gerson et clero seculari qui in libro (cui titulus Supplemento celifodine) graviter taxati sunt et reprehensi";"1506";"(Argentinae";"J. Knobloch";"1506";"Sig. A-B4";"Null";"Null"
"http://data.bnf.fr/ark:/12148/cb450278443";"La chasse au lapin sauvage : [estampe]";"1506";"[Anvers]";"Null";"1506";"1 est. : eau-forte ; 21,3 x 28,8 cm (f.)";"http://data.bnf.fr/ark:/12148/cb121417280";"Null"
"http://data.bnf.fr/ark:/12148/cb317016071";"De Remediis utriusque fortune. Imprimé nouvellement à Rouen, à l'instance de Jehan Macé, libraire demourant à Renes... - (Fol. IIro : ) Liber de remediis utriusque fortune prospere scilicet et adverse, per quemdam A. [Adrianum Carthusiensem], poetam prestantem necnon sacre theologie professorem eximium noviter compilatus. - (A la fin. avant la table : ) De Remediis fortuitorum casuum liber pertutilis, Rothomagi recentissime impressus ad instantiam Johannis Mace, civitatis Redonensis bibliopole non immeriti, finit feliciter, anno Domini millesimo quingentesimo sexto, die vero XV novembris";"1506";"Redonis";"Null";"1506";"Null";"Null";"Null"
"http://data.bnf.fr/ark:/12148/cb31730179w";"Contenta : Politicorum [Aristotelis] libri octo";"1506";"(Apud Parisios, ex officina H. Stéphani";"Null";"1506";"178 f.";"Null";"Null"
"http://data.bnf.fr/ark:/12148/cb317828889";"Commentaria epistolarum";"1506";"Argentinae, per J. Grüninger";"Null";"1506";"Null";"Null";"Null"
"http://data.bnf.fr/ark:/12148/cb31838671m";"Devotissimum opusculum de laude melliflui nominis Jesu";"1506";"Lyon";"Null";"1506";"Null";"Null";"Null"
"http://data.bnf.fr/ark:/12148/cb31866106x";"[Navis stultifera";"1506";"(Bâle)";"Null";"1506";"Null";"Null";"Null"
"http://data.bnf.fr/ark:/12148/cb31963963d";"Concordantie majores Biblie tam dictionum declinabilium quam indeclinabilium [Conrado de Alemannia auctore] de novo summa diligentia... emendatissime excuse [per Conradum Leontorium]. - 'A la fin' : Concordantie... opera et impensis Johannium ['sic'] Amorbachii, Petri de Langendorff et Froben de Hammelburg jam denuo in urbe Basileorum... finiunt. Anno gratie millesimo supra quingentesimum sexto, pridie kalendis marcii. - Concordantie partium sive dictionum indeclinabilium totius Biblie";"1506";"Null";"Null";"1506";"2 parties en 1 vol.";"Null";"Null"
"http://data.bnf.fr/ark:/12148/cb32014468j";"Confutatio legis late Sarrhacenis à... Mahometo...";"1506";"Romae, Jo. Besicken";"Null";"1506";"Null";"Null";"Null"
"http://data.bnf.fr/ark:/12148/cb320163960";"Opus super Sentencias valde egregium in disciplina theologie cunctis proficere volentibus permaxime necessarium (quod Resolutio theologorum merito dicitur) per famosissimum virum magistrum Nicholaum Deniise,... fideliter discussum, aggregatum atque examinatum, impensisque... magistri Martini Morin, Rothomagi ad divi Laudi limina commorantis, impressioni traditum, hoc nostre salutis anno millesimo quingentesimo sexto, feliciter incipit";"1506";"Rothomagi";"Null";"1506";"Null";"Null";"Null"
"http://data.bnf.fr/ark:/12148/cb32117342g";"Confessionale seu Interrogatorium Reverendi patris fratris Jacobi Philippi, noviter editum [In fine] Impressum Antwerpie... Anno domini MCCCCCVIXXVIII. die mensis Martii";"1506";"Antwerpiae, H. Eckert de Homberek";"Null";"1506";"Null";"Null";"Null"
"http://data.bnf.fr/ark:/12148/cb32389763t";"[Navis stultifera";"1506";"(Bâle,)";"Null";"1506";"Null";"Null";"Null"
"http://data.bnf.fr/ark:/12148/cb32403452d";"Fabule Esopi, cum commento. Venale habetur Cadomi in officina Roberti Mace, Universitatis ejusdem loci bibliopole, cum altero, precipui. - (A la fin :) Liber fabularum, Esopi liber cum glosa finit feliciter, impressus Rothomagi per magistrum Petrum Olivier impensa Roberti Mace Universitatis Cadomi librarii";"1506";"Cadomi";"Null";"1506";"sign. A6-B6-C4-D6-E4-F6, car. goth., marque typogr. de Robert Macé (Silvestre, n° 134) au titre. (Delisle, 4)";"Null";"Null"
"http://data.bnf.fr/ark:/12148/cb32486204c";"De Lepra morali Johannis Nyder. - (Fol. Airo :) Eximii sacre theologie professoris fratris Johannis Nyder,... tractatus de lepra morali feliciter incipit. - (Fol. K [...]vo :) Religiosi doctissimique viri fratris Johannis Nyder,... tractatus de lepra morali cuilibet confessori pernecessarius... feliciter finit, Rothomagi impressus per magistrum Petrum Olivier, impensa Roberti Macé, Universitatis Cadomensis librarii cum altero precipui, anno Domini millesimo quingentesimo sexto, die vero decima octava mensis junii";"1506";"Cadomi";"Null";"1506";"Null";"Null";"Null"
"http://data.bnf.fr/ark:/12148/cb32523198g";"De Remediis utriusque fortunae...";"1506";"Redonis";"Null";"1506";"Null";"Null";"Null"
"http://data.bnf.fr/ark:/12148/cb32527036m";"Epistolae Platini cum tribus orationibus [Epithalamium in sponsalibus et nuptiis Jo. Nicolai Trivultii necnon Paulae Gonzagae. Oratio in funere. Philippi [...]. Oratio [...] in principio Salustii de Conjuratione Catilinae] et uno dialogo";"1506";"(Mediolani,) Gotardus de Ponte";"Null";"1506";"Null";"Null";"Null"
"http://data.bnf.fr/ark:/12148/cb32568943f";"[Michaelis Ritii de Regibus Francorum lib. III. De Regibus Hispaniae lib. III. De Regibus Hierosolymorum lib. I. De Regibus Neapolis et Siciliae lib. IV. De Regibus Ungariae lib. II.] - A la fin : Impressum Mediolani per Joannem de Castelliono... 1506";"1506";"Milano";"Null";"1506";"Null";"Null";"Null"
"http://data.bnf.fr/ark:/12148/cb33297364r";"Le chasteau de virginite";"1506";"Null";"Null";"1506";"[40] f. (sig. A-F6, G4)";"Null";"Null"
"http://data.bnf.fr/ark:/12148/cb33346821r";"Dictionarius pauperum omnibus predicatoribus pernecessarius...";"1506";"Null";"Null";"Null";"Null";"Null";"Null"
"http://data.bnf.fr/ark:/12148/cb334762854";"La medecine des chevaulx et des bestes chevalines";"1506";"Null";"Null";"1506";"Sig. A-B6";"http://data.bnf.fr/ark:/12148/cb119317010";"Null"
"http://data.bnf.fr/ark:/12148/cb334835080";"Le premier [-second] volume de la mer des hystoires augmentee en la fin du dernier volume de plusieurs belles hystoires. Et premierement des faitz gestes et victoires du roy Charles VIII. Et daulcunes vaillances triumphantes conquestes et oeuvres chevalereuses faictes ou temps du roy Louys XII";"1506";"Null";"Null";"1506";"2 vol. ([10]-CCX f. ; CLXXXVIII-[27] f.)";"Null";"Null"
"http://data.bnf.fr/ark:/12148/cb33521068x";"[L'Ordinaire des Chrestiens]";"1506";"Null";"Null";"1506";"[126] f.";"Null";"Null"
"http://data.bnf.fr/ark:/12148/cb33544163m";"Postilla Evangeliorum et Epistolarum dominicalium necnon de sanctis per circulum totius anni cum Passione Christi et etiam tabulam";"1506";"Null";"Null";"1506";"CLV-[1] f.";"Null";"Null"
"http://data.bnf.fr/ark:/12148/cb33586773w";"Le resolu en mariage";"1506";"Null";"Null";"1506";"[78] f. (sign. A6, B4, C-M6, N-O4)";"Null";"Null"
"http://data.bnf.fr/ark:/12148/cb336127969";"(Titre :) Statuta Bassanensa. - (A la fin :) Impressum Vincentie per magistrum Henricum de Sancto Urso. Anno domini M.CCCCC.VI. die IX decemb.";"1506";"Vicence";"Null";"1506";"In-fol.";"Null";"Null"
"http://data.bnf.fr/ark:/12148/cb33612795z";"Statuta Bassanensa";"1506";"Vicentiae";"per Henricum de Sancto Urso";"1506";"In-fol.";"Null";"Null"
"http://data.bnf.fr/ark:/12148/cb33615371k";"Les stilles et usaiges de proceder en court laye es pays danjou et du Maine, de nouveau corrigées.";"1506";"Null";"Null";"1506";"Sign. a-h";"Null";"Null"
"http://data.bnf.fr/ark:/12148/cb33631877g";"Tristan chevalier de la table ronde";"1506";"Paris";"pour Antoine Vérard";"1506";"2 parties, 2°";"Null";"Null"
"http://data.bnf.fr/ark:/12148/cb33647271d";"Vocabularius perutilis utriusque juris tam civilis quam canonici";"1506";"Null";"J. Lambert";"1506";"Goth.";"Null";"Null"
"http://data.bnf.fr/ark:/12148/cb33646780h";"Vita sancti Adelphi patroni collegii Novillarensis in dominio Liechtenbergensi diocesis Argentinensis, ubi et corpus ejus requiescit. (17 Kal. aug. 1506)";"1506";"S. l. [Argentinae]";"imp. per J. Prys";"1506";"Null";"Null";"Null"
"http://data.bnf.fr/ark:/12148/cb33763555m";"Le cry des monnoies nouvellement publiees a Paris";"1506";"Paris";"s. n.";"1506";"[3] f. Sign. A";"Null";"Null"
"http://data.bnf.fr/ark:/12148/cb33763556z";"Les Réformations des privilèges des universitez [12 mai 1499], avec le cry des monnoyes nouvellement publié à Paris";"1506";"Paris";"impr. de G. Nyverd";"1506";"In-8° (15,5 cm), [12] ff. sign. A-B, car. goth., marque typogr. à la fin";"Null";"Null"
"http://data.bnf.fr/ark:/12148/cb337649449";"Bulla... super electione pōtificis futura, publicata solenniter Rome r Bononie, r descripta in Quinterno Cancellarie";"1506";"[S. l. n. d. ?]";"Null";"1506";"Null";"Null";"Null"
"http://data.bnf.fr/ark:/12148/cb337649418";"Julii papae II bulla contra Joan. Bentivolum";"1506";"Romae";"Null";"1506";"In-4°";"Null";"Null"
"http://data.bnf.fr/ark:/12148/cb33764943z";"Bulla sanctissimi domini nostri domini Julii II, pontificis maximi, super electione pontificis futura, publicata solenniter Rome et Bononie, et descripta in quinterno cancellarie";"1506";"(S. l. n. d.)";"Null";"1506";"In-4° de 4 feuillets. Caractères italiques. Gravures sur le titre et au verso du titre";"Null";"Null"
"http://data.bnf.fr/ark:/12148/cb33764947b";"Bulla... contra Johannem Bentivolii in civitate Bononien̄ libertatē ecclesiasticā occupantē";"1506";"[S. l. ?]";"Null";"1506";"Null";"Null";"Null"
"http://data.bnf.fr/ark:/12148/cb337649460";"Bulle du 17 mai 1506 par laquelle le pape excommunie tous les fidèles qui se livraient au commerce de l'alun tiré des pays musulmans ou qui favorisaient ce commerce ; il accorde des indulgences à tous ceux qui prêteraient leur concours aux mesures prises pour entraver ce commerce. Placard in-folio, en caractères gothiques, qui a dû être imprimé dans les Pays-Bas et qui était destiné à l'affichage. Il provient des archives de la Chambre des comptes de Lille";"1506";"[S. l. n. d. ?]";"Null";"1506";"Null";"Null";"Null"
"http://data.bnf.fr/ark:/12148/cb33764940x";"Bulla Julii pape II. edita contra Johannem Bentivolum in civitate Bononiensi libertatem ecclesiasticam occupantem";"1506";"Impressum Rome";"per Johannem Besicken";"1506";"In-4°. (6 feuillets Caractères gothiques)";"Null";"Null"
"http://data.bnf.fr/ark:/12148/cb33764945n";"Declaratio pro familiaribus Cardicalium episcoporum et aliorum praelatorū et referendariorum in palatio apostolico etiam extra habitantium";"1506";"[S. l. n. d. ?]";"Null";"1506";"Null";"Null";"Null"
"http://data.bnf.fr/ark:/12148/cb337680365";"Acta scitu dignissima docteque concinnata Constantiensis consilii celebratissimi";"1506";"Null";"Null";"1506";"[172] f. (sign. [a]8, b-x8, y4)";"Null";"Null"
"http://data.bnf.fr/ark:/12148/cb33810368t";"Lettres patentes de Louis XII, accordées à Claude de France, sa fille, et à tous ses héritiers et successeurs mâles et femelles en ligne directe et collatérale, pour jouir en titre et privilège de pairie du comté de Soissons et dépendances";"1506";"(S. l. n. d.)";"Null";"1506";"In-4°, 4 p.";"Null";"Null"
"http://data.bnf.fr/ark:/12148/cb338103695";"(Édit ordonnant la rédaction des coutumes du bailliage de Senlis et nommant une commission à cet effet.)";"1506";"(S. l. n. d.)";"Null";"1506";"In-8°, 20 p.";"Null";"Null"
"http://data.bnf.fr/ark:/12148/cb33851076p";"Les Ordonnances royaulx du roy Loys XII, auquel Dieu doint bonne vie. Item celles qu'il a faictes puis naguères, tant pour les universitez que pour les monnoyes, orfèvres et geoliers, avec la table et répertoire des matières contenues en icelles. Item celles des feulx roys Charles VII et VIII de ce nom, lesquelles ont esté prinses et corrigées sur les premiers originaulx et nouvellement imprimées à Paris";"1506";"Paris";"G. de Marnef";"1506";"2 parties en 1 vol. ([135] f. (sig.a-p8 q4 A8 B4)";"Null";"Null"
"http://data.bnf.fr/ark:/12148/cb34080545x";"Claudii de Seissello juriconsulti : christianissimi Lodovici duodecimi Francorum regis consiliarii & oratoris Ad serenissum & potentissimum Angliae regem Henricum septimum : oratio";"1506";"Null";"Null";"1506";"[10] f. (sign. A10)";"Null";"Null"
"http://data.bnf.fr/ark:/12148/cb340805468";"La proposition et harengue faicte et proposee par messire Claude de Seyssel,... au roy dangleterre Henry septiesme... pour le mariage de ma dame Claude de France avec Monsieur le duc de Valois";"1506";"Null";"Null";"1506";"13 p.";"Null";"Null"
"http://data.bnf.fr/ark:/12148/cb357712622";"Opera divi Laurentii Justiniani";"1506";"Null";"Null";"Null";"Pag. multiple, signé (A)8, Y8, Z6, Aa-Kk8, L-M6, a-h8, aAa-mMm8";"Null";"Null"
"http://data.bnf.fr/ark:/12148/cb35939529h";"Articuli fidei";"1506";"Null";"Null";"Null";"[23] p.";"Null";"Null"
"http://data.bnf.fr/ark:/12148/cb36122639z";"Biblia cum pleno apparatu";"1506";"Null";"Null";"Null";"[14]-CCCXLVII-[30] f.";"Null";"Null"
"http://data.bnf.fr/ark:/12148/cb36125810h";"Ars notariatus";"1506";"Null";"Null";"Null";"Sig. A4, B3";"Null";"Null"
"http://data.bnf.fr/ark:/12148/cb36128819b";"Regimen sanitatis";"1506";"Null";"Null";"Null";"Sig. a6, b5";"Null";"Null"
