id;title;date;place;publisher;firstyear;description;subject;gallica
"http://data.bnf.fr/ark:/12148/cb40667509x";"[Carte marine de l'océan Atlantique Nord-Est, de la mer Méditerranée, de la mer Noire, de la mer Rouge, d'une partie de la mer Caspienne, du golfe Persique et de la mer Baltique]";"1413";"Null";"Null";"Null";"1carte , avec un morceau rapporté dans le bas : ms. col. sur vélin, enluminé ; 84, 5 x 118 cm, cou à l'ouest";"Null";"http://gallica.bnf.fr/ark:/12148/btv1b55007074s""http://data.bnf.fr/ark:/12148/cc46876";"Dictionnaire talmudique";"1413";"Null";"Null";"Null";"358 f. Foliotation à l'encre";"Null";"http://gallica.bnf.fr/ark:/12148/btv1b9064612g"
"http://data.bnf.fr/ark:/12148/cb33715494p";"Extrait des registres du parlement, du 20 septembre 1413. (Arrêt réglant le mode de réception des nouveaux chanoines dans la Sainte-Chapelle de Paris.)";"1413";"[S. l. n. d. ?]";"Null";"1413";"Manuscrit, in-fol.";"Null";"Null"
"http://data.bnf.fr/ark:/12148/cb33810126b";"Ordonnance portant règlement pour l'achapt des chevaux des écuries du Roy, foins, avoines, pailles et autres choses ; et concernant la passation desdites dépenses dans le compte desdites écuries";"1413";"(S. l. n. d.)";"Null";"1413";"In-4°, 2 p.";"Null";"Null"
"http://data.bnf.fr/ark:/12148/cb33810129c";"Lettres de déclaration portant que la Chambre (des comptes) nommera gens suffisans aux prévostez après les informations par elle faites";"1413";"(S. l. n. d.)";"Null";"1413";"In-4°, 1 p.";"Null";"Null"
"http://data.bnf.fr/ark:/12148/cb351294169";"Social security and welfare proposals 5";"1413";"Washington. - XXVI p.";"Government printing office";"1413";"Null";"Null";"Null"
