id;title;date;place;publisher;firstyear;description;subject;gallica
"http://data.bnf.fr/ark:/12148/cb300900367";"Speculum S. Bernardi de Honestate vitae";"1464";"(Moguntiae";"P. Schoeffer";"1464";"In-4° . (Pellechet, 2145.)";"Null";"Null"
"http://data.bnf.fr/ark:/12148/cb30305041p";"Speculum S. Bernardi de honestate vitae. (Auctore Davide de Augusta.)";"1464";"(Moguntiae";"P. Schoeffer";"1464";"In-4° . (Pellechet, 2145.)";"Null";"Null""http://data.bnf.fr/ark:/12148/cc512171";"Le Livre des vices et des vertus";"1464";"Null";"Null";"Null";"122 ff.";"Null";"http://gallica.bnf.fr/ark:/12148/btv1b9059603s"
"http://data.bnf.fr/ark:/12148/cb337155103";"(Arrêt du parlement en faveur de Jean Du Pont [de Ponte], demandeur, contre le procureur de la chambre des comptes, défendeur ; qui maintient Jean Du Pont dans la jouissance de la Sergenterie Sancti-Laudi de Carentonio et de Hometo.)";"1464";"(S. l. n. d.)";"Null";"1464";"4°";"Null";"Null"
"http://data.bnf.fr/ark:/12148/cb33764915q";"Bulla retractationum";"1464";"Coloniae";"Ulr. Zel";"1464";"In-4°";"Null";"Null"
"http://data.bnf.fr/ark:/12148/cb33810257w";"Lettres patentes accordées aux jurés huiliers, gardes du coin et de l'étalon royal...";"1464";"(S. l. n. d.)";"Null";"1464";"In-4°, 4 p.";"Null";"Null"
"http://data.bnf.fr/ark:/12148/cb338102587";"Lettres patentes du Roi, confirmant les statuts des maîtres huiliers de Paris";"1464";"(S. l. n. d.)";"Null";"1464";"In-4°, 4 p.";"Null";"Null"
