id;title;date;place;publisher;firstyear;description;subject;gallica
"http://data.bnf.fr/ark:/12148/cb43033753r";"Divertissement militaire. Marche (pour orchestre), Joseph Gung'l. Op. 26";"1381";"Paris";"Heugel et fils";"1381";"In 8°";"Null";"Null""http://data.bnf.fr/ark:/12148/cb33713676t";"Arrêt du Grand Conseil... qui confirme celuy rendu par ladite chambre contre Pierre l'Hermite dont il était appelant";"1381";"(S. l. n. d.)";"Null";"1381";"In-4° plano";"Null";"Null"
"http://data.bnf.fr/ark:/12148/cb337458696";"Arrêt de la chambre des comptes portant que les mercredis et samedis seront ouies les requêtes, et les autres jours employés à ouir les comptes";"1381";"(S. l. n. d.)";"Null";"1381";"4°";"Null";"Null"
"http://data.bnf.fr/ark:/12148/cb338100607";"Ordonnance qui règle le nombre des officiers de la Chambre des comptes et autres";"1381";"(S. l. n. d.)";"Null";"1381";"In-4°, 3 p.";"Null";"Null"
"http://data.bnf.fr/ark:/12148/cb359042709";"Nutrition and human needs, 1970 5";"1381";"Washington. - IV p.";"Government printing office";"1381";"Null";"Null";"Null"
