id;title;date;place;publisher;firstyear;description;subject;gallica
"http://data.bnf.fr/ark:/12148/cb40713592g";"Bataille de Poitiers 19 sept. 1356";"1356";"[S.l.]";"[s.n.]";"1356";"Null";"Null";"Null"
"http://data.bnf.fr/ark:/12148/cb407135914";"Battle of Poictiers 1356";"1356";"London";"Longmans";"1356";"Null";"Null";"Null""http://data.bnf.fr/ark:/12148/cb337535871";"Aurea bulla Karoli Quarti Rom. Imperatoris Norimbergae et Metis anno 1356 sancita. Güldene Bulla des Römischen Käysers Caroli des Vierdten welche zu Nürenberg und Metz anno Christi 1356 gemacht Worden,...";"1356";"(S. l. n. d.)";"Null";"1356";"In-fol.";"Null";"Null"
"http://data.bnf.fr/ark:/12148/cb33753576c";"Bulla aurea Caroli IV, Romanorum Imperatoris Noribergae sancita, anno 1356";"1356";"(S. l. n. d.)";"Null";"1356";"Null";"Null";"Null"
"http://data.bnf.fr/ark:/12148/cb33753588c";"Aurea Bulla sine // bulla Karolina // Aut Leges et Constitutiones Imperiä // les snb (sic) aurea bulla Karoli quarti rhoma // norum Imperatoris";"1356";"(S. l. n. d.)";"Null";"1356";"In-8°";"Null";"Null"
"http://data.bnf.fr/ark:/12148/cb337535829";"Aurea Bulla Caroli Quarti, Romanorum Imperatoris,... (En latin et en allemand)";"1356";"[S. l. n. d. ?]";"Null";"1356";"In-fol.";"Null";"Null"
"http://data.bnf.fr/ark:/12148/cb33753604s";"Bulle d'or";"1356";"(S. l. n. d.)";"Null";"1356";"In-4°";"Null";"Null"
"http://data.bnf.fr/ark:/12148/cb33810015d";"Extrait des douze articles des ordonnances arrestées dans les Estats généraux en 1356, et autre (sic) édits et déclarations subséquentes (des 9 janvier 1575 et 17 juillet 1577), vérifiées en Parlement, par lesquelles il paroist que la réception des prévosts et autres officiers de mareschaussée ne se peut faire ailleurs qu'au siège de la connestablie et mareschaussée de France à la Table de marbre du Palais";"1356";"(S. l. n. d.)";"Null";"1356";"In-4°, 4 p.";"Null";"Null"
"http://data.bnf.fr/ark:/12148/cb33849734d";"Articles extraits des ordonnances, édits et déclarations ou les douze anciens articles fondamentaux ... dits vulgairement l'ordonnance de 1356 pour la justice militaire et jurisdiction royale, civile de police et criminelle du siège général de la connestablie, et mareschaussée de France à la Table de marbre du Palais à Paris ...";"1356";"Paris";"C. Girard";"1356";"In-4°, 7 p.";"Null";"Null"
