id;title;date;place;publisher;firstyear;description;subject;gallica
"http://data.bnf.fr/ark:/12148/cb300044938";"Fertilissima Aegidii Romani Quolibetta castigatissima Laurentii Amolini Rhodigini opera, plurimis etiam ab eodem marginum altrinsecusque appendiculis donata. Ejusdem Laurentii Amolini,... tractatus in declaratione multarum propositionum Averroys et aliorum philosophorum. - Questio... Egidii de subjecto theologie nusquam hactenus impressa. Theoremata ejusdem de sacramento corporis Christi. Guilermus Ockam de sacramento altaris. Tabula in Quolibetta Egidii";"1504";"Venetiis";"impressa mandato hered. O. Scoti, per B. Locatellum";"1504";"In-fol. Car. goth.";"Null";"Null"
"http://data.bnf.fr/ark:/12148/cb30004473n";"Commentaria fidelissimi expositoris D. Egidii Romani in libros de Generatione et corruptione Aristotelis, cum textu intercluso... Questiones item subtilissime ejusdem doctoris super primo libro de Generatione nunc quidem primum in publicum prodeuntes. Questiones quoque... Marsilii Inguem in prefatos libros de Generatione. Item questiones... Alberti de Saxonia in eosdem libros de Gene(ratione) ultra nusquam impresse. Omnia accuratissime revisa atque castigata...";"1504";"(Venetiis,)";"expensis heredum O. Scoti, per B. Locatellum";"1504";"In-fol. Car. goth.";"Null";"Null"
"http://data.bnf.fr/ark:/12148/cb30006075q";"Tractatus Petri de Eliaco,... super libros Metheororum...";"1504";"Argentinae";"impressum a Johanne Priis";"1504";"In-4°";"Null";"Null"
"http://data.bnf.fr/ark:/12148/cb30007531q";"Postilla apprime magistralis super Joannis evangeliare, venerabilis domini Alberti Magni, quondam Ratisponensis episcopi, ordinis predicatorum. - A la fin : Impensis circumspecti viri Joannis Rynman de Oringaw archibibliopole, in officina industrii Henrici Gran, civis imperialis opidi Hagenaw, accuratiori ratione qua perfici potuit instaurata, anno virginei partus MDIV, augusti kal. IX, metam nanciscitur feliciter";"1504";"Haguenau";"H. Gran";"1504";"In-fol. Car. goth";"Null";"http://gallica.bnf.fr/ark:/12148/bpt6k9100357w"
"http://data.bnf.fr/ark:/12148/cb30009889b";"Practica Alexandri, yatros greci, cum expositione glose interlinearis Jacobi de Partibus et Januensis in margine posite";"1504";"Lugduni";"impr. per Franciscum Fradin";"1504";"In-4° , car. goth.";"Null";"Null"
"http://data.bnf.fr/ark:/12148/cb30015781j";"Divi Ambrosii, Mediolanensis episcopi, officiorum liber";"1504";"Null";"Null";"1504";"[96] f.";"Null";"Null"
"http://data.bnf.fr/ark:/12148/cb300198646";"Publii Fausti Andrelini foroliviensis Regi poetae laureati de obitu Caroli octavi deploratio";"1504";"Null";"Null";"1504";"12 f.";"Null";"Null"
"http://data.bnf.fr/ark:/12148/cb300293494";"Ilec sunt opera Arnaldi de Villa Nova que in hoc volumine continentur... - A la fin : Opus preclarum magistri Arnaldi de Villa Nova impendio nobilis viri Balthasaris de Gabiano, civis Astensis, summa cum diligentia Lugduni impressum anno salutis dominice quarto supra millenarium et quinquagenarium, decimo quarto kalendas decembris, per Franciscum Fradin, artis impressorie magistrum, regnante christianissimo et invictissimo Ludovico Duodecimo rege Francorum";"1504";"Lugduni";"Null";"1504";"In-fol., car. goth., sign. aa-bb, a-z, 9.5.4, A-Z, AA";"Null";"Null"
"http://data.bnf.fr/ark:/12148/cb30041388h";"Marco Cornelio, S. M. in Porticu cardinali, Veronae episcopatum ineunti Hieronymus Avantius gratulatur. - A la fin : Acta quarto novembris M CCCCC III. Impressum Venetiis per Joannem Tacuinum Corneliae domus mancipiolum";"1504";"Venetiis";"Null";"1504";"In-4° , 6 ff. non chiffrés";"Null";"Null"
"http://data.bnf.fr/ark:/12148/cb30045530q";"Sermones funebres...";"1504";"Lugduni";"Null";"1504";"In-4°";"Null";"Null"
"http://data.bnf.fr/ark:/12148/cb30057668c";"Sermones fratris Gabrielis Barelete, ordinis Predicatorum, tam quadragesimales quam de Sanctis, noviter impressi. Et ubi prius fuerunt interposita carmina Petrarche et Dantis in eorum vulgari modo, per venerabilem magistrum Johannem Anthonij, ordinis Minorum, sunt verbis latinis translata. Venundantur Lugduni apud Stephanum Gueygnart, in vico Mercuriali, alias à la rue Merchiere, ante intersignium Sancti Ludovici, regis Francie. - A la fin : Expliciunt sermones de Sanctis... Impressi Lugduni per magistrum Claudium Davost, alias de Troye, anno incarnationis Domini millesimo quingentesimo quarto, die vero tertia septembris";"1504";"Lyon";"Null";"1504";"1 vol. (2 part. en 1 , car. goth., 2 col., 188-108 ff.)";"Null";"Null"
"http://data.bnf.fr/ark:/12148/cb300928107";"(De Felicitate opusculum P. Beroaldi.)  -  A la fin : Opusculum hoc de felicitate luculentum impressum Daventrie per me Richardum Pafraet, anno Domini MCCCCIIII in die sancti Marci evangeliste";"1504";"Daventriae";"Null";"1504";"In-4° , car. goth.";"Null";"Null"
"http://data.bnf.fr/ark:/12148/cb30092790f";"Commentarii a Philippo Beroaldo conditi in Asinum aureum Lucii Apuleii. - A la fin : Impressum Venetiis per Bartholomeum de Zanis de Portesio, anno Domini M CCCCIIII, die XI mensis novembris";"1504";"Venetiis";"Null";"1504";"In-fol., 237 ff.";"Null";"Null"
"http://data.bnf.fr/ark:/12148/cb301167364";"Decamerone, over cento novelle de misser Johanni Boccaccio. - A la fin : Impresso in Venetia per Bertolamio de Zani de Portese. M CCCCC IIII a dì cinque de luio. Finis";"1504";"Venise";"Null";"1504";"In-fol. à 2 col., 125 ff., fig.";"Null";"Null"
"http://data.bnf.fr/ark:/12148/cb30125252z";"Sancti Bonaventure, doctoris seraphici, breviloquium theologie, quo omnis laus, magistro Johanne Gerson teste, longe inferior est";"1504";"Null";"Null";"1504";"[156] f. sign. A-V";"Null";"Null"
"http://data.bnf.fr/ark:/12148/cb301254039";"Speculum discipline sancti Bonaventure ad novicios";"1504";"Null";"Null";"1504";"[127-1 bl.] f. (sign. a-h)";"Null";"Null"
"http://data.bnf.fr/ark:/12148/cb30125407p";"Stimulus divini amoris, quem composuit sanctissimus frater Bonaventura, de Ordine Fratrum minorum. - A la fin : Antwerpie, juxta aureum Mortareum impressus";"1504";"Anvers";"[Adriaen Van Berghen";"1504";"ill.";"Null";"Null"
"http://data.bnf.fr/ark:/12148/cb30155502v";"Les regnars traversant les perilleuses voyes des folles fiances du monde, composees par Sebastien Brand";"1504";"Null";"Null";"1504";"[138] f. (sign. a-z6)";"Null";"http://gallica.bnf.fr/ark:/12148/bpt6k15106066"
"http://data.bnf.fr/ark:/12148/cb301555036";"Les regnars traversant les perilleuses voyes des folles fiances du monde";"1504";"Null";"Null";"1504";"[130] f. (sig. a-ll)";"Null";"Null"
"http://data.bnf.fr/ark:/12148/cb301877971";"Eclogae Vergilii, Calphurnii, Nemesiani, Francisci Pe(trarchae), Joannis Boc(cacii), Joan. Bap. Man(tuani), Pomponii Gaurici";"1504";"Florentiae";"opera et impensa P. de Giunta";"1504";"In-8° , sign. a-t";"Null";"Null"
"http://data.bnf.fr/ark:/12148/cb302034089";"Les colacions des sains Pères anciens";"1504";"Paris";"pour Antoine Vérard";"1504";"Null";"Null";"Null"
"http://data.bnf.fr/ark:/12148/cb30206717t";"Le Cathon en françois. - A la fin : Cy finist le Cathon en françoys, imprimé à Lyon sur le Rosne, par Claude Nourry, l'an de grace mil cinq cens et quattre, le XIIII jour de septembre";"1504";"Lyon";"Null";"1504";"In-4° , car. goth., sign. a-p";"Null";"Null"
"http://data.bnf.fr/ark:/12148/cb30208710w";"Questo libro si chiama lo Spechio de la croce, compilato da Frate Dominico Cavalca da Vico, Pisano, de l'ordine di sancto Domenico, homo di santa vita. - A la fin : Impresso in Venetia per Johanne de Tridento alias Tacuino, anno redemptionis humane M. D. IIII, die V novembris...";"1504";"Venise";"Null";"1504";"In-4° , 2 col., sign. A-I, fig. gravées au titre et à la fin";"Null";"Null"
"http://data.bnf.fr/ark:/12148/cb302139918";"Le Jeu des eschez moralise";"1504";"Null";"Null";"Null";"[4]-CII (sig. a4, b-s6)";"Null";"http://gallica.bnf.fr/ark:/12148/bpt6k10705247"
"http://data.bnf.fr/ark:/12148/cb302256976";"Les demandes d'amours";"1504";"Paris";"Jehan Trepperel";"1504";"[6] ff. n. ch.";"Null";"http://gallica.bnf.fr/ark:/12148/bpt6k70263v"
"http://data.bnf.fr/ark:/12148/cb30243247g";"Gemina explanatio Officiorum Ciceronis, Petri videlicet Marsi et Jodoci Badii Ascensii. Item ejusdem Ascensii in libros de Amicitia, Senectute et Paradoxis longe diligentissima interpretatio jamprimum edita. - A la fin : Habes nunc itaque lector aurea illa Marci Ciceronis de Moribus opera, Officiorum, de Amicitia et de Senectute ; ne quis in eorum lectione vacillet ab Jodoco Badio Ascensio familiarissime explanata, in ordinem contracta cum in ejusdem Paradoxa ejusdem prenotamentis non penitendis que rursus diligenter compressa sunt Lugduni, opera et solertia Stephani Baland anno... 1504...";"1504";"Lugduni";"Null";"1504";"In-4° , VIII-265 ff., car. goth.";"Null";"Null"
"http://data.bnf.fr/ark:/12148/cb302491527";"Pro piorum recreatione : et in hoc opere contenta. Epistola ante indicem. Index contentorum. Ad lectores. Paradysus Heraclidis";"1504";"Null";"Null";"1504";"[4]-119-[1 bl.] f. (sig. π4, a8, b-e6, f4, g6, h8, i6, k-r8)";"Null";"Null"
"http://data.bnf.fr/ark:/12148/cb302606238";"Opera agricolationum, cum ex scriptionibus D. P. Beroaldi et commentariis quae in aliis impressionibus non extant";"1504";"Bononiae";"Null";"1504";"In-fol.";"Null";"Null"
"http://data.bnf.fr/ark:/12148/cb302746970";"Fol. 1° : Tabula super libros sententiarum Pauli Cortesii protonotarii apostolici... - A la fin : Finis quattuor librorum sententiarum per Paulum Cortesium, protonotarium apostolicum, quos dominus Eucharius Silber alias Franck, calchographus, Julii, Pont. Max., auspiciis, ex archetypo acurate descriptos Romae in Campo flore imprimebat, quart. kalendas aprilis 1504";"1504";"Romae";"Null";"1504";"In-fol., car. rom.";"Null";"Null"
"http://data.bnf.fr/ark:/12148/cb30322499s";"Demosthenis orationes duae et sexaginta. Libanii sophistae in eas ipsas orationes argumenta. Vita Demosthenis per Libanium. Ejusdem vita per Plutarchum. [Ediderunt Aldus Manutius et Scipio Fortiguerra.]";"1504";"Venetiis";"in aedibus Aldi";"1504";"2 parties en 1 vol. in-fol.";"Null";"Null"
"http://data.bnf.fr/ark:/12148/cb303225005";"Demosthenis orationes duae et sexaginta. Libanii sophistae in eas ipsas orationes argumenta. Vita Demosthenis per Libanium. Ejusdem vita per Plutarchum. [Ediderunt Aldus Manutius et Scipio Fortiguerra.]";"1504";"Venetiis";"in aedibus Aldi";"1504";"2 parties en 1 vol. in-fol.";"Null";"Null"
"http://data.bnf.fr/ark:/12148/cb303476451";"Aelii Donati ars minor";"1504";"Köln";"Martin von Werden";"1504";"Null";"Null";"Null"
"http://data.bnf.fr/ark:/12148/cb303848252";"Rationale divinorum officiorum. - Fol. 2, r° : Incipit Rationale divinorum officiorum editum per reverendissimum in Christo patrem... Guilielmum Duranti... - A la fin : Finit Rationale divinorum officiorum correctum et emendatum jussu... primi archipraesulis granatensis et suis expensis impressum per Johannem Varela salamantinum, anno... millesimo quingentessimo quarto, XII. die mensis decembris";"1504";"(S. l.,)";"Null";"1504";"In-fol., 274 ff., car. goth.";"Null";"Null"
"http://data.bnf.fr/ark:/12148/cb30399444n";"Cimbriaci poe. encomiastica ad divos Caess. Foedericum imperatorem et Maximilianum regem Ro. - Fol. avo : Joannes Camers... divo Caesari Maximiliano. - A la fin : Venetiis, apud Aldum, mense augusto 1504";"1504";"Venetiis";"Null";"1504";"In-8° , 24 ff.";"Null";"Null"
"http://data.bnf.fr/ark:/12148/cb304022870";"Ad illustrissimum principem Philippum archiducem Austriae, ducem Burgundiae et cetera, de triumphali profectione Hispaniensi, deque foelici ejusdem in patriam reditu gratulatorius panegyricus... conscriptus a Desyderio Erasmo,...";"1504";"Antwerpiae";"(T. Martin)";"1504";"In-4° , sign. A-G";"Null";"Null"
"http://data.bnf.fr/ark:/12148/cb30435556w";"Orationes Francisci Philelfi,";"1504";"Null";"Null";"1504";"CLXXX f.";"Null";"Null"
"http://data.bnf.fr/ark:/12148/cb30459419s";"Rosarium beate marie Virginis";"1504";"Null";"Null";"1504";"LXXXIIII f.";"Null";"Null"
"http://data.bnf.fr/ark:/12148/cb304884671";"Pomponii Gaurici Neapolitani de Sculptura";"1504";"Florentiae";"Null";"1504";"In-8° , sign. a-f";"Null";"Null"
"http://data.bnf.fr/ark:/12148/cb30501556g";"Officium ex evangelio et probatis doctorum Bernardi, Petri de Heliaco et Johannis Gerson sententiis absque apochrifis collectum, de sancto Joseph Nutritore Cristi, cujus festum XIX. die marcii celebrandum instituit reverendissimus et illustris princeps dominus Albertus ex Bavarie ducibus, argentinensis episcopus...";"1504";"(Argentinae,)";"impr. de J. Wehinger";"1504";"In-4° , car. goth., 2 col., sign. A, fig.";"Null";"Null"
"http://data.bnf.fr/ark:/12148/cb30508963j";"Sermones funebres magistri Johannis de Sancto Geminiano. [Edidit Johannes Genas.]";"1504";"Lugduni";"J. Clein";"1504";"In-4° , sign. a-z et A-D, car. goth., à 2 colonnes, marque de J. Clein à la fin";"Null";"Null"
"http://data.bnf.fr/ark:/12148/cb305387508";"Gregorii, episcopi Nazanzeni, Carmina... e graeco in latinum ad verbum fere tralata [sic]... - A la fin : Venetiis, ex Aldi Academia, mense junio MDIIII";"1504";"Venetiis";"Null";"1504";"In-4° , sign. A-O, AA-OO, errata et index, marque d'Alde à la fin";"Null";"http://gallica.bnf.fr/ark:/12148/bpt6k8540189"
"http://data.bnf.fr/ark:/12148/cb305551373";"Bucolicorum carmen...";"1504";"Bononiae";"Null";"1504";"In-fol.";"Null";"Null"
"http://data.bnf.fr/ark:/12148/cb30555353w";"Manipulus curatorum";"1504";"Null";"Null";"1504";"140 f.";"Null";"Null"
"http://data.bnf.fr/ark:/12148/cb30557562w";"Le Pèlerin de vie humaine... [rédigé en prose par Jean Gallopes, d'après le poème de Guillaume de Deguileville]. - A la fin : Imprimé à Lyon par Claude Nourry, le VIII. jour de juing l'an de grâce mil cinq cens et quattre";"1504";"Lyon";"Null";"1504";"In-fol., sign. a-t, car. goth. à 2 col., fig., titre rouge et noir avec fig.";"Null";"Null"
"http://data.bnf.fr/ark:/12148/cb30562281b";"Synonyma Britonis. Duodecim decades Johannis de Gallandia";"1504";"Null";"Null";"1504";"[14] f. (sig. a-b)";"Null";"Null"
"http://data.bnf.fr/ark:/12148/cb368120844";"Breviarium ad usum Romane curie ob Dei gloriam et honorem animarumque salutem ac totius ecclesie militantis utilitatem. - (A la fin de la seconde partie, fol. CCXII verso :) ET sic finitur breviarium secundum usum Romane curie completum, cum summa diligentia correctum atque in multis passibus emendatum per magistrum Johannem Parrhini, in sacra theologie (sic) doctorem. Impressum Lugduni, in parrochia Sancti Pauli, per honestum virum Janot de Campis, anno Domini millesimo quinquagentesimo (sic) quarto, die quinta mensis julii. - (En tête de l'Appendice, fol. CCXIII :) Iste lectiones sunt per reverendum patrem fratrem Oliverium Maillardi, divini verbi preconem eximium et ordinis Minorum sacre familie generalem vicarium cismontanum, admisse et recepte anno Domini M.CCC.XCIII, feria sexta infra octavas Sancti Ludovici episcopi, tempore capituli provincialis in Keisersberg, etc. - (A la fin, fol. CCXXXII :) In hoc breviario per modum legende impresso, et magno studio per fratres Minores de observantia correcto...";"1504";"Lyon";"Null";"1504";"In-fol. Caractères gothiques. A deux colonnes. 160 et 232 feuillets, plus 8 feuillets préliminaires";"Null";"Null"
"http://data.bnf.fr/ark:/12148/cb36816461j";"Ces presentes heures a lusaige de Besenson ...";"1504";"Null";"Null";"1504";"Null";"Null";"Null"
"http://data.bnf.fr/ark:/12148/cb36817463g";"(Missale Constantiense. commençant par ces mots :) Hugo de Landenberg Dei et apostolice sedis gratia episcopus Constan̄. (A la fin :) Liber missalis secundum ritum ecclesie Constan̄ per Erhardum Ratdolt... Auguste (Vindeliciorum) impressus finit feliciter. Anno domini";"1504";"Augustae Vindelicorum";"per Erhardum Ratdolt";"1504";"In-folio";"Null";"Null"
"http://data.bnf.fr/ark:/12148/cb368175314";"Missale Lexoviense. - (Au commencement du propre du temps, fol. b. I :) Ordinatio missalis secundum usum ecclesie Lexoviensis... - (A la fin, fol. P 6 :) Anno incarnationis dominice quinquagesimo quarto supra millesimum quadringentesimum, die vero XXVI mensis februarii, ere et impensa Petri Regnault, librarii universitatis Cadomensis, ejusdem loci commorantis, hoc egregium opus sacri missalis ad usum et morem percelebris ecclesie Lexoviensis, nuper multa lima insta[n]tique cura et vigilia, licet quandoque bonus dormitet Homerus, in suis omnibus et singulis partibus, visum, correctum et emendatum, et palam tam in papiro quam pergameno, ut ita loquar, venale facili precio productum et exhibitum";"1504";"Caen";"P. Regnault";"1504";"In-4 °. Caractères gothiques. A deux colonnes. Ce volume se compose des cahiers a-k et A-P et contient le calendrier (fol. a. ii), le propre du temps pour la partie d'hiver (fol. b. i), les préfaces et le canon (fol. k. i), le propre du temps pour la partie d'été (fol. A. i), le propre des saints (fol. F. i verso), le commun (fol. K. v verso)";"Null";"http://gallica.bnf.fr/ark:/12148/bpt6k857697c"
"http://data.bnf.fr/ark:/12148/cb36816906s";"(Mq. le titre. à la fin :) Ces présentes heures a lusaige de... furent achevées le. XXV. iour de septembre mil. v cens r iiii. Pour Anthoine Verard... a Paris...";"1504";"Paris";"Antoine Vérard";"1504";"Null";"Null";"Null"
"http://data.bnf.fr/ark:/12148/cb36817679d";"Missale ad // verum et integrum insignis ecclesiae // Parisiensis ritum :...";"1504";"Parisiis";"P. Roffet, etc.";"1504";"Null";"Null";"Null"
"http://data.bnf.fr/ark:/12148/cb36818714b";"Breviarium Abrincense. - Impression gothique, du commencement du XVIe siècle, in-8 °, dont nous avons retrouvé les six feuillets du calendrier, reliés en tête d'un exemplaire du Quodlibet de veritate fraternitatis Rosarii...";"1504";"(Paris";"Jean Petit";"1504";"In-8 °";"Null";"Null"
"http://data.bnf.fr/ark:/12148/cb36820585k";"Manuale ecclesiae Lexoviensis";"1504";"Rouen";"Null";"1504";"In-4 °. Caractères gothiques";"Null";"Null"
"http://data.bnf.fr/ark:/12148/cb36821185q";"Missale completissimum ad usum Cisterciensis̄ ordinis per quem̃dam ejusdem ordinis monachũm studiossime correctum";"1504";"Null";"Null";"1504";"184 f.";"Null";"Null"
"http://data.bnf.fr/ark:/12148/cb36821227t";"Missale ordinis Humiliatorum";"1504";"Milano";"Antonio Zarotto";"1504";"2 °, ill., musique";"Null";"Null"
"http://data.bnf.fr/ark:/12148/cb368231182";"Officium ex evangelio et probatis doctorum Bernardi, Petri de Heliaco et Johannis Gerson ; sententiis absque apochrifis collectum de sancto Joseph nutritore Cristi : cujus festum XIX die marcii celebrandum instituit reverendissimus et illustris princeps dominus Albertus ex Bavarie ducibus Argentinensis episcopus";"1504";"S. l.";"imp. per J. Wehinger";"1504";"In-4 ° de 8 feuillets non chiffrés, sign. Aij-Avij. Caractères gothiques. A deux colonnes. Car. rouges et noirs";"Null";"Null"
"http://data.bnf.fr/ark:/12148/cb368248125";"Horae ad usum Romanum";"1504";"Null";"Null";"1504";"Null";"Null";"Null"
"http://data.bnf.fr/ark:/12148/cb368247822";"Officium beate ma//rie virginis pm cõ//suetudinem ro//mane curie";"1504";"Venetiis";"Lucant. de Giunta";"1504";"In-16";"Null";"Null"
"http://data.bnf.fr/ark:/12148/cb368248245";"Hore intemerate virginis Marie secundum usum Romanum";"1504";"Parisiis";"Thielman Kerver";"1504";"In-4 °";"Null";"Null"
"http://data.bnf.fr/ark:/12148/cb30600953g";"Itinerarius Joannis de Hese, presbyteri, a Hierusalem describens dispositiones terrarum, insularum, montium et aquarum ac etiam quedam mirabilia et pericula per diversas partes mundi contingentia lucidissime enarrans. Tractatus de decem nationibus et sectis christianorum. Epistola Joannis soldani ad Pium papam secundum. Epistola responsoria Pii pape ad soldanum. Joannis presbyteri, maximi Indorum et Ethiopum christianorum imperatoris et patriarche, epistola ad Emanuelem, Rome gubernatorem, de ritu et moribus Indorum deque ejus potentia, divitiis et excellentia. Tractatus pulcherrimus de situ et dispositione regionum et insularum totius Indie, necnon de rerum mirabilium ac gentium diversitate. - A la fin : Expliciunt duo tractatuli de mirabilibus rerum totius Indie ac principe eorum presbytero Joanne, impressi Daventrie per me Jacobum de Breda, anno Domini CCCCCIIII. In profesto conversionis sancti Pauli";"1504";"Daventriae";"Null";"1504";"In-4° , 18 ff. non ch., sign. a-c, car. goth.";"Null";"Null"
"http://data.bnf.fr/ark:/12148/cb37090663r";"Salustius";"1504";"Null";"Null";"Null";"[115] f. (sig. a-o8 p4)";"Null";"Null"
"http://data.bnf.fr/ark:/12148/cb30613675w";"Homeri Ilias. @ . Ulyssea. Batrachomyomachia. Hymni XXXII. [ @ . Edidit Aldus Manucius.]";"1504";"(Venetiis";"in aedibus Aldi";"1504";"2 vol. in-8°";"Null";"Null"
"http://data.bnf.fr/ark:/12148/cb371006156";"Habentur hoc volumine haec Theodoro Gaza interprete. Aristotelis de natura animalium. lib. IX. Ejusdem de partibus animalium. lib. IIII. Ejusdem de generatione animalium. lib. V. Theophrasti de historia plantarum. lib. IX. Et decimi principium duntaxat. Ejusdem de causis plantarum. lib. VI. Aristotelis problemata in duas de quadraginta sectiones... Alexandri Aphrodisiensis problemata duobus libris non unquam ante impressa eodem Theodoro interprete...";"1504";"Null";"Null";"Null";"[28], 273, [1] f. (sig. []12 a-b8 b-m8 o-p6 r-z8 &8 A-M8 N6)";"Null";"Null"
"http://data.bnf.fr/ark:/12148/cb306250439";"Quadruvium Ecclesie. Quatuor prelatorum officium quibus omnis status tum secularis, tum vero ecclesiasticus subjicitur. [Auctore J. Hugone.] - Fol. 60 : Exaratum est opus hoc salubre in inclitissima Helveciorum urbe Argentina, per Joannem Grüninger, calcographie artificem, ipso die in ventionis prothomartiris Stephani, anno salutis millesimo quingentesimo quarto";"1504";"Argentinae";"Null";"1504";"In-fol., 68 ff. ch. et 2 ff. non ch., car. rom., titre avec fig. sur bois coloriée, fig. et initiales gr. sur bois et coloriées";"Null";"Null"
"http://data.bnf.fr/ark:/12148/cb30626281n";"Tractatus de claustro anime, domini Hugonis Folietini, sancti Petri Corbiensis canonici... Item tractatus ejusdem de constructione tabernaculi ad litteram... - Fol. 151 : Finit liber de Claustro anime, cum tractatu de constructione tabernaculi ad litteram domini Hugonis Folietini, sancti Petri Corbiensis canonici retro Minores, anno a natali christiano MCCCCCIIII. tertia januari noviter impressus";"1504";"(S. l.,)";"Null";"1504";"In-8° , 152 ff. sign. A-Z, car. goth., à longues lignes, fig. sur bois au fol. 1 V  et 152 V";"Null";"Null"
"http://data.bnf.fr/ark:/12148/cb306395059";"Textus dominice passionis ex quattuor evangelistis... per quinque decades figuraliter ac in modum rosacee corone per fratrem Jacobum Gaudensem... distinctus. - Fol. C, II : Solutiones quorumdam dubiorum circa textum dominice passionis emergentium. - A la fin : Finitur figuralis passio Domini, per quinque decades artificiose partita, cum aliquot dubiis quibus evangeliste ad invicem certare videbantur etc. Exarata Colonie, in edibus pie memorie Henrici Quentell, anno post jubileum quarto";"1504";"Coloniae";"H. Quentell";"1504";"In-4° , sign. A-C, car. goth., à longues lignes, lettres ornées";"Null";"Null""http://data.bnf.fr/ark:/12148/cb30711916w";"L. Coellii Lactantii Firmiani... de Dominice resurrectioiis [sic] die venustissimum carmen";"1504";"Null";"Null";"1504";"(sign. A)";"Null";"Null"
"http://data.bnf.fr/ark:/12148/cb30756112b";"Le vergier dhonneur nouuellement imprime a paris. De lentreprise et voyage de Napples. Auquel est compris commant le roy Charles huitiesme de ce nom a banyere desployee, passa et rapassa de iournee en iournee depuis Lyon iusques a napples et de napples iusques a lyon, ensemble plusieurs aultres choses faictes et composees Par reuerend pere en dieu monseigneur Octouien de Sainct Gelais euesque dangolesme et par Maistre Andry de La Vigne secretaire de monsieur le duc de sauoye Auec aultres";"1504";"[Paris";"Pierre Le Dru";"1504";"Null";"Null";"Null"
"http://data.bnf.fr/ark:/12148/cb307737073";"In hoc opere continentur Totius phylosophie naturalis paraphrases,";"1504";"Null";"Null";"1504";"348 f. (sig. a-l, o-z, m-n, t, A-T, U)";"Null";"Null"
"http://data.bnf.fr/ark:/12148/cb307843690";"Le temple dhonneur et de vertus";"1504";"Null";"Null";"1504";"[20] f. (sig. A-C6 D4)";"Null";"Null"
"http://data.bnf.fr/ark:/12148/cb38497916k";"[Illustrations de Des Cent nouvelles]";"1504";"Paris";"A. Vérard";"1504";"100 est. : gravures sur bois : N. et b.  ; 15,8 x 13,4 cm et moins";"Null";"http://gallica.bnf.fr/ark:/12148/btv1b2200012j"
"http://data.bnf.fr/ark:/12148/cb30816193h";"Libanii, greci declamatoris,... Epistolae, cum adjectis Johannis Sommerfelt [et J. Speiser] argumentis et emendatione et castigatione clarissimis";"1504";"(Cracoviae";"I. Clymes,)";"1504";"In-4° , sign. a-u, car. rom., à longues lignes";"Null";"Null"
"http://data.bnf.fr/ark:/12148/cb30816202n";"Libanius de Modo epistolandi, noviter traductus ex graeco per excellentissimum virum d. Ponticum Virunium";"1504";"Impressus Papiae";"per Jacob de Paucisdrapis de Burgofrancho";"1504";"In-4° , 8 ff. n. ch., car. goth. à longues lignes, marque typographique à la fin";"Null";"Null"
"http://data.bnf.fr/ark:/12148/cb38692096q";"Bartholamei Zamberti | Veneti Comedia || Dolotechne ||";"1504";"Venise";"Null";"1504";"38 ff.";"Null";"Null"
"http://data.bnf.fr/ark:/12148/cb30826395z";"Poema nutheticon... ad latinos elegos traductum...";"1504";"Reutlingen";"Null";"1504";"In-4°";"Null";"Null"
"http://data.bnf.fr/ark:/12148/cb308453207";"Sermones aurei funebres, cunctos alios excellentes noviter inventi. - Fol. f. VII : Johannis Cropelli Soncinatis ad lectorem carmen. - A la fin : Finis tabule";"1504";"[Lyon]";"Pierre Maréchal et Barnabé Chaussard";"1504";"sign. a-f";"Null";"Null"
"http://data.bnf.fr/ark:/12148/cb308446513";"Le grant Vita Christi, par Ludolphe le Chartreux, translaté du latin en françoys par Guillaume Lemenand. - Vol. I. Fol. aij : Prologue du translateur. S'ensuyt le prologue de frère Guillaume Lemenand... - Fol. XCVIII : Cy finist la 2de partie selon le translateur et la 1re selon l'acteur. - Vol. II : Le second volume du grant Vita Christi en françois. - A la fin : Cy finist le très bel et prouffitable livre des méditations sur la vie de Jésuchrist... composé par... Ludoulphe, religieux de l'ordre des Chartreux, et translaté de latin en françois par... Guillaume Lemenand... Imprimé à Paris par Anthoine Vérard...";"1504";"Paris";"Null";"1504";"2 vol. in-fol., à 2 col., car. goth., fig. sur bois enluminées, marque de A. Vérard à la fin de chaque volume. (Van Praet, t. I, p. 49, n  47.)";"Null";"Null"
"http://data.bnf.fr/ark:/12148/cb30874053r";"Ulyssea. Batrachomyomachia. Hymni XXXII @";"1504";"Venetiis";"Null";"1504";"2 vol. in-8°";"Null";"Null"
"http://data.bnf.fr/ark:/12148/cb308739201";"Fratris Baptiste Mantuani,... Parthenice tertia, divarum Margaritę, Agathes, Lucię et Apolonię agonas continens [cum argumentis Jodoci Badii Ascensiani]. - Sign. G ii : De Studio poetic ̨ac laude Baptiste Mantuani,... ode monocolos Jacobi Montani,... - A la fin : Finem accipit hic Parthenice tercia F. Baptiste Mantuani divarum Margarite, Agathes, Lucie Apolonieque agonas continens, impressa Daventrie per me Richardum Pafraet, anno Domini 1504, die Marci evangeliste";"1504";"Daventriae";"Null";"1504";"In-4° , sign. A-G., car goth.";"Null";"Null"
"http://data.bnf.fr/ark:/12148/cb308912321";"Commentaria fidelissimi expositoris D. Egidii Romani in libros de Generatione et corruptione Aristotelis, cum textu intercluso... Questiones item subtilissime ejusdem doctoris super primo libro de Generatione nunc quidem primum in publicum prodeuntes. Questiones quoque... Marsilii Inguem in prefatos libros de Generatione. Item questiones... Alberti de Saxonia in eosdem libros de Generatione ultra nusquam impresse. Omnia accuratissime revisa atque castigata...";"1504";"(Venetiis,)";"expensis heredum O. Scoti, per B. Locatellum";"1504";"In-fol., 156 ff., car. goth. à 2 col.";"Null";"Null"
"http://data.bnf.fr/ark:/12148/cb30893012b";"Cornucopiae";"1504";"Null";"Null";"1504";"sign. aa-ff., la suite fol. I-242";"Null";"Null"
"http://data.bnf.fr/ark:/12148/cb39302751f";"Prima et secunda partes postille super evangeliare Luce venerabilis dominis";"1504";"Null";"Null";"1504";"[43]-CCCXLIII f.";"Null";"Null"
"http://data.bnf.fr/ark:/12148/cb393027743";"Le Grand Vita Christi translaté du latin de Ludolphe le Chartreux par frère Guill. Le Menand";"1504";"[Paris]";"Ant. Verard";"1504";"In-fol., ill.";"Null";"Null"
"http://data.bnf.fr/ark:/12148/cb39303953x";"Hore intemerate Marie Virginis secundum usum Bituricensem";"1504";"Null";"Null";"1504";"Null";"Null";"http://gallica.bnf.fr/ark:/12148/btv1b8626127z"
"http://data.bnf.fr/ark:/12148/cb39303323b";"Expositio himnorum cu[m] notablili co[m]me[n]to";"1504";"Null";"Null";"1504";"LXX f.";"Null";"Null"
"http://data.bnf.fr/ark:/12148/cb39306238t";"Sermones de s[an]ctis reverendi patris fratris Oliverii Maillard...";"1504";"Null";"Null";"Null";"CX [i.e. CXII] f.";"Null";"Null"
"http://data.bnf.fr/ark:/12148/cb39315466k";"Almanach nova plurimis annis venturis inservientia per Joannem Stoefflerinum,... et Jacobum Pflaumen,... accuratissime supputata,...  [Canon de domibus celi fabricandis. Ephemerides a. 1504-1531]";"1504";"Venetiis";"Petrus Liechtensteyn";"1504";"In-4 °";"Null";"Null"
"http://data.bnf.fr/ark:/12148/cb393152003";"[Pauli Veneti divi augustini scriptum super librum ab anima aristotilis]";"1504";"Venetiis";"heredum O. Scoti, per B. Locatellum";"1504";"In-fol., 173 ff.";"Null";"Null"
"http://data.bnf.fr/ark:/12148/cb393349602";"La terrible et merveilleuse vie de Robert le Diable";"1504";"Paris";"D. Janot";"1504";"In 4 °";"Null";"Null"
"http://data.bnf.fr/ark:/12148/cb39334875t";"Le premier [-tiers] volume de Lancelot du lac";"1504";"Null";"Null";"1504";"3 vol. in fol.";"Null";"http://gallica.bnf.fr/ark:/12148/btv1b7100008f"
"http://data.bnf.fr/ark:/12148/cb39373293p";"Decisiones per excellentissimu[m] legu[m] doctorem dominu[m] Guidone[m] Pape olim composite nuperque recensite et correcte...";"1504";"Null";"Null";"1504";"[26]-CCCXXXIII f.";"Null";"Null"
"http://data.bnf.fr/ark:/12148/cb30935219q";"Methodius primum Olimpiade et postea Tyri civitatum episcopus sub Diocleciano imperatore... qui cum eruditissimus esset vir multa edidit documenta";"1504";"Basilee";"Null";"1504";"In-4° , sign. a-m., car. goth., fig. gr. sur bois";"Null";"Null"
"http://data.bnf.fr/ark:/12148/cb31008646d";"Calpurnii et Nemesiani... Buccolicum carmen, una cum commentariis Diomedis Guidalotti,...";"1504";"Bononiae";"impr. per Caligulam Bazalerium";"1504";"In-fol., 4 ff. non ch., la suite sign. A-Q";"Null";"Null"
"http://data.bnf.fr/ark:/12148/cb31016004j";"Les postilles et expositions des Épistres et Évangilles dominicales";"1504";"Null";"Null";"1504";"[200] f. (sign. a-y, A-G)";"Null";"Null"
"http://data.bnf.fr/ark:/12148/cb31016779c";"Pauli Veneti In libros de Anima [Aristotelis] explanatio cum textu incluso singulis locis maxima quidem diligentia a vitiis... purgata... necnon annotationibus textuum : ac commentorum in marginibus exornata... - À la fin : Emendatum per... magistrum Hieronymum Surianum... Venetiis impressum mandato et impensis heredum... Octaviani Scoti,... per Bonetum Locatellum,... decimo kalendas novembres, anno salutis 1504";"1504";"Venise";"Null";"1504";"In-fol., 173 ff. ch., car. goth. à 2 col., marque typ.";"Null";"Null"
"http://data.bnf.fr/ark:/12148/cb402348280";"Onosandri viri Clarissimi ad Q. Verannium de optimo imperatore ejusque officio Opusculum plane divinum";"1504";"Null";"Null";"Null";"XLIIII f.";"Null";"Null"
"http://data.bnf.fr/ark:/12148/cb402347052";"Sexti Aurelii Victoris libellus aureus de vita & moribus imperatorum Romanorum a Caesare Augusto usque ad Theodosium";"1504";"Null";"Null";"1504";"XXIIII f. (sig. A-C8)";"Null";"Null"
"http://data.bnf.fr/ark:/12148/cb31040692g";"Le premier[-second] volume de Orose en françois";"1504";"Null";"Null";"1504";"2 vol. ([11]-CCXXVIII f. ; [4]-VI.XX.VII-[44] f.)";"Null";"http://gallica.bnf.fr/ark:/12148/bpt6k1070516p"
"http://data.bnf.fr/ark:/12148/cb31053944c";"Supplementum Celifodine. - Au v° du titre : Epistola reverentissimi Domini legati ad collectorem Celifodine. Vester amicus Raymundus cardinalis Gurczensis legatus... Bonne quinta May M. D. ii. venerabili... magistro Johanni de Palez ordinis fratrum heremitarum sancti Augustini... - Sign. a iiro : Supplementum celifodine de exercitibus infernalibus ipsas sacratissimas indulgentias impugnantibus et de modo expugnandi eos... - A la fin : Impressum Erphordie per Wolffgangum Schencken anno 1504 tercia feria post Invocavit";"1504";"Erphordie";"Null";"1504";"In-4° , car. goth., sign. A-ii, gravure sur bois au titre";"Null";"Null"
"http://data.bnf.fr/ark:/12148/cb31052663k";"Opera agricolationum, cum excriptionibus D. P. Beroaldi et commentariis quae in aliis impressionibus non extant";"1504";"Bononiae";"Null";"1504";"In-fol.";"Null";"Null"
"http://data.bnf.fr/ark:/12148/cb310739961";"Titre : Expositio compendiosa et familiaris sensus litteralem et mysticum complectens libri Psalmorum qui... multifariam inscribitur : Psalterium, Liber hymnorum, Liber soliloquiorum regii prophete, quam expositionem... frater Pelbartus de Themeswar... sapientissime profert : Item expositio Canticorum Veteris Testamenti, Canticorum Novi Testamenti, Symboli Athanasii, Hymni universalis creature. - À la fin : Psalmorum seu Hymnorum regii prophete necnon Canticorum... explanatio familiaris per... fratrem Pelbartum de Themeswar... contributa, impensis... Joannis Rynman de Oringaw, in officina industrii Henrici Gran, civis imperialis opidi... Hagenawensis, pridie kal. junii anno virginei partus 1504 optatum nacta est finem";"1504";"Haguenau";"Null";"1504";"In-fol. à 2 col., car. goth., sign. A-T";"Null";"Null"
"http://data.bnf.fr/ark:/12148/cb31074012x";"Pomerium sermonum quadragesimalium. Et est ob temporis exigentiam triplicatum primum de penitentia et ejus partibus : secundum de viciis in genere et specie ; tertium de decalogi preceptis. - À la fin : Pomerium sermonum quadragesimalium tripartitorum per... fratrem Pelbartum de Themeswar,... compendiose redactum impensis... Joannis Rynman de Oringaw, in officina industrii Henrici Gran, civis, in imperiali opidoHagenaw,... impressum, anno... MD et IIII., kal. XVI. martii, finem adeptum est feliciter";"1504";"Hagenaw";"Null";"1504";"In-4° , car. goth., sign. A-T";"Null";"Null"
"http://data.bnf.fr/ark:/12148/cb31079023s";"Hanc legendam beatissime virginis Katherine... fecit imprimi... Raimundus de Aquitania...";"1504";"Basileae";"Null";"1504";"In-8°";"Null";"Null"
"http://data.bnf.fr/ark:/12148/cb31102157d";"Joannis Grammatici In posteriora resolutoria Aristotelis comentaria. @ . - À la fin : Venetiis apud Aldum, mense martio MDIIII";"1504";"(Venetiis";"Null";"1504";"In-fol., 295 p. et 12 ff. non ch.";"Null";"Null"
"http://data.bnf.fr/ark:/12148/cb31102444w";"Poema nutheticon Phocylidis, graeci poetae christianissimi, a Jacobo Locher,... ad latinos elegos traductum. In quo morum saluberrima documenta adversus septem mortalia vicia ceterasque vite sordes, ad instar preceptorum Decalogi, continentur";"1504";"Reutlingen";"impressum per M. Greyffen";"1504";"In-4° , 8 ff. non ch., fig. au titre";"Null";"Null"
"http://data.bnf.fr/ark:/12148/cb31106088c";"Auree epistole Johannis Pici Mirandule viri omnium mortalium doctissimi eloquentissimique";"1504";"Null";"Null";"1504";"sign. A-E";"Null";"Null"
"http://data.bnf.fr/ark:/12148/cb311214593";"Platynae Historia de vitis pontificum perjucunda, diligenter recognita, et nunc tantum integre impressa. - Fol. CXLVI, à la fin : Platynae in vitas summorum pontificum, ad Sixtum IIII,... praeclarum opus, foeliciter explicit. Venetiis impressum a Philippo Pincio Mantuano, anno... 1504... - Platynae dialogus de falso et vero bono. - Dialogus contra amores. - De Vera nobilitate. - De Optimo cive. - Panegyricus in laudem Bessarionis patriarchae constantinopolitani. - Oratio de pace Italia confirmanda et bello Thurcis indicendo. - Diversorum academicorum panegyrici in parentalia B. Platynae. - À la fin : Venetiis a Philippo Pincio Mantuano... 1504...";"1504";"Venise";"Null";"1504";"2 parties en 1 vol. in-fol. (Panzer, T. VIII, p. 369, n  250.)";"Null";"Null"
"http://data.bnf.fr/ark:/12148/cb40782535v";"Margarita philosophica";"1504";"Argentinen. ";"opera Joannis Schotti";"1504";"Null";"Null";"Null"
"http://data.bnf.fr/ark:/12148/cb40782540f";"Von der new gefunnden Region die wol ein welt genennt mag werden Durch den Cristenlichen Künig von Portugall wunnderbarlich erfunden";"1504";"Nuremberg";"Wolffgang Hueber";"1504";"Null";"Null";"Null"
"http://data.bnf.fr/ark:/12148/cb31125094g";"Edidit A. Manucius.]";"1504";"Venetiis";"Null";"1504";"2 vol. in-8°";"Null";"Null"
"http://data.bnf.fr/ark:/12148/cb31139358m";"Oratio de vita, studiis, itineribus, scriptis et laboribus... Petri Lindebergii,... scripta... a Johanne Posselio...";"1504";"Rostochii";"exc. C. Reusnerus";"1504";"In-4° , sign. A-E";"Null";"Null"
"http://data.bnf.fr/ark:/12148/cb31166836k";"Rabani Mauri,... de Institutione clericorum, opusculum aureum. Ad lectorem Udalricus Carinthus... Georgius Symler... - Au v° du titre : Hendecasyllabon in Rabani Mauri Institutiones Udalrici Carinthi... - Sign. aiiro : Georgius Symler lectoribus faelicitatem. - A la fin : Impressum Phorce, per Thomam Anshelmi de Baden, IIII. calendas octobris M.D.IIII";"1504";"Phorce";"Null";"1504";"In-4° , sign. a-e, car. rom.";"Null";"Null"
"http://data.bnf.fr/ark:/12148/cb31182680z";"Summula clarissimi jurisconsultissimique viri Raymundi, demum revisa ac castigatissime correcta, brevissimo compendio sacramentorum alta complectens mysteria... - Fol. CXLV : Explicit Raymundi Summula elaborata... in... urbe Argentina, impensis... Johannis Knoblouch, impressa... MCCCCCIIII...";"1504";"Strasbourg";"Null";"1504";"In-4° , 152 ff., car. goth.";"Null";"Null"
"http://data.bnf.fr/ark:/12148/cb31193651t";"Margarita philosophica. - Au fol. 326 verso : Rursus exaratum pervigili nova itemque secundaria hac opera Joannis Schotti Argentinensis chalcographi civis, ad 17 Kalendas apriles anno gratie 1504";"1504";"Argentinae";"Null";"1504";"In-4° , 329 ff. non ch., titre gr., tableaux, fig.";"Null";"Null"
"http://data.bnf.fr/ark:/12148/cb31209546q";"Michaelis Ritti,... Oratio pro Ludovico christianissimo rege Francorum ad Julium. II. Pontificem maximum";"1504";"(S. l.";"Null";"1504";"In-4° , 4 ff., car. rom.";"Null";"Null"
"http://data.bnf.fr/ark:/12148/cb416364375";"Petri Criniti Commentarii de honesta disciplina";"1504";"Florentiae";"P. de Giunta";"1504";"Null";"Null";"Null"
"http://data.bnf.fr/ark:/12148/cb41873461g";"La Belle Maguelonne [Hystoire de Pierre fils du comte de Prouence et de la belle Maguelonne fille du roy de Naples]";"1504";"Paris";"Michel Le Noir";"1504";"Null";"Null";"Null"
"http://data.bnf.fr/ark:/12148/cb41873399w";"Commentum ♦ Super textu Summularum Johannis Buridani";"1504";"Paris";"Jean Granjon";"1504";"Null";"Null";"Null"
"http://data.bnf.fr/ark:/12148/cb418733945";"Les Colacions des sains peres anciens";"1504";"Paris";"Antoine Vérard";"1504";"Null";"Null";"Null"
"http://data.bnf.fr/ark:/12148/cb418734515";"Jurisconsultissimi facileque legum principis domini Odoffredi Super Digesto veteri commentaria";"1504";"Paris. - Angers";"Enguilbert I de Marnef. - Jean Alexandre";"1504";"Null";"Null";"Null"
"http://data.bnf.fr/ark:/12148/cb418733825";"Les Epistres sainct Pol glosees";"1504";"Paris";"Antoine Vérard";"1504";"Null";"Null";"Null"
"http://data.bnf.fr/ark:/12148/cb418734081";"Sermones ♦de tempore, sanctis et quadragesimali... cum diuersis tabulis... nouiter impressi et... reuisi [et alia opera]";"1504";"Paris";"Jean Barbier. - Jean Petit";"1504";"Null";"Null";"Null"
"http://data.bnf.fr/ark:/12148/cb41873377k";"Tractatus De arte bene vivendi et bene moriendi";"1504";"Paris";"Jean Lambert. - Denis Roce";"1504";"Null";"Null";"Null"
"http://data.bnf.fr/ark:/12148/cb418733856";"[Liber aureus De vita Christi]";"1504";"Paris";"Pierre Le Dru. - [Jean Petit]";"1504";"Null";"Null";"Null"
"http://data.bnf.fr/ark:/12148/cb418733736";"Bucolica ♦";"1504";"Paris";"Gaspard Philippe. - Jean Richard. - Jean I Trepperel";"1504";"Null";"Null";"Null"
"http://data.bnf.fr/ark:/12148/cb41873384v";"Sancti Bonaventure doctoris seraphici Breviloquium theologie,";"1504";"Paris";"Jean Petit. - Gaspard Philippe";"1504";"Null";"Null";"Null"
"http://data.bnf.fr/ark:/12148/cb41873392g";"Incipiunt logicales Questiones... Super duobus libris Posteriorum Aristotelis";"1504";"Paris";"Pierre Le Dru. - Denis Roce";"1504";"Null";"Null";"Null"
"http://data.bnf.fr/ark:/12148/cb41873390s";"Breuiarium Trecense";"1504";"Paris";"Simon Vostre";"1504";"Null";"Null";"Null"
"http://data.bnf.fr/ark:/12148/cb41873449m";"Missale ad consuetudinem insignis ecclesie Sarum nuper... impressum";"1504";"Paris. - [Londres]";"Wolfgang Hopyl. - Franz Birckmann. - Ghert Claes";"1504";"Null";"Null";"Null"
"http://data.bnf.fr/ark:/12148/cb41873378x";"Sexti Aurelii Victoris libellus aureus De vita et moribus imperatorum Romanorum";"1504";"Paris";"Josse Bade";"1504";"Null";"Null";"Null"
"http://data.bnf.fr/ark:/12148/cb41873414z";"Heures à l'usage de Rome";"1504";"Paris";"Jean Barbier";"1504";"Null";"Null";"Null"
"http://data.bnf.fr/ark:/12148/cb41873428n";"Ces presentes Heures a lusaige de Romme";"1504";"Paris";"Philippe Pigouchet. - Simon Vostre";"1504";"Null";"Null";"Null"
"http://data.bnf.fr/ark:/12148/cb41873425m";"Hore sacrosancte Virginis Marie secundum usum Romanum";"1504";"Paris";"Thielman Kerver. - Gilles Remacle";"1504";"Null";"Null";"Null"
"http://data.bnf.fr/ark:/12148/cb418734248";"Hore dive Virginis Marie secundum verum usum Romanum";"1504";"Paris";"Thielman Kerver. - Gilles Remacle";"1504";"Null";"Null";"Null"
"http://data.bnf.fr/ark:/12148/cb418734426";"Constitutiones legitime seu legatine regionis Anglicane... necnon et constitutiones prouinciales ab achiepiscopis Cantuariensibus";"1504";"Paris";"Hans de Coblencz. - Wolfgang Hopyl";"1504";"Null";"Null";"Null"
"http://data.bnf.fr/ark:/12148/cb418733914";"Incipit Textus abbreuiatus Aristotelis super octo libris Physicorum et tota Naturali philosophia nuper a magistrato Thomas Bricot... compilatus vna cum continuatione textus magistri Georgii...";"1504";"Paris";"Henri I Estienne. - Jean Petit. - Denis Roce";"1504";"Null";"Null";"Null"
"http://data.bnf.fr/ark:/12148/cb418734399";"Le Temple dhonneur et de vertus ♦";"1504";"Paris";"Michel Le Noir";"1504";"Null";"Null";"Null"
"http://data.bnf.fr/ark:/12148/cb41873396v";"Le Cuer de philozophie";"1504";"Paris";"Antoine Vérard";"1504";"Null";"Null";"Null"
"http://data.bnf.fr/ark:/12148/cb41873372v";"Divi Ambrosii Mediolanensis episcopi Officiorum liber";"1504";"Paris";"Jean Marchant. - Jean Petit";"1504";"Null";"Null";"Null"
"http://data.bnf.fr/ark:/12148/cb41873440h";"Le Temple dhoneur et de vertus ♦";"1504";"Paris";"[Antoine Vérard]";"1504";"Null";"Null";"Null"
"http://data.bnf.fr/ark:/12148/cb41873404n";"Opusculum tripertitum De preceptis decalogi, de confessione et de arte moriendi";"1504";"Paris";"Antoine Chappiel. - Jean Nicolle";"1504";"Null";"Null";"Null"
"http://data.bnf.fr/ark:/12148/cb418734306";"[Ortus vocabulorum]";"1504";"Paris. - Londres";"Jean Barbier. - Joyce Pelgrim";"1504";"Null";"Null";"Null"
"http://data.bnf.fr/ark:/12148/cb418733767";"Liber Ethicorum";"1504";"Paris";"Jean Granjon";"1504";"Null";"Null";"Null"
"http://data.bnf.fr/ark:/12148/cb41873438z";"In hoc opere continentur Totius phylosophie naturalis Paraphrases";"1504";"Paris";"Henri I Estienne";"1504";"Null";"Null";"Null"
"http://data.bnf.fr/ark:/12148/cb418734337";"Le Jardin de plaisance et fleur de rethoricque nouuellement imprime";"1504";"Paris";"Antoine Vérard";"1504";"Null";"Null";"Null"
"http://data.bnf.fr/ark:/12148/cb41873416n";"A la louenge de Dieu... ces presentes Heures a lusaige de Romme";"1504";"Paris";"Antoine Chappiel. - Gilles Hardouyn";"1504";"Null";"Null";"Null"
"http://data.bnf.fr/ark:/12148/cb41873398j";"La Genealogie avecques les gestes et nobles faitz darmes du... prince Godeffroy de Boulion...";"1504";"Paris";"Michel Le Noir. - Jean Petit";"1504";"Null";"Null";"Null"
"http://data.bnf.fr/ark:/12148/cb41873468w";"Le livre des Trois filz de roys cest assavoir de France, dangleterre et descosse";"1504";"Paris";"Michel Le Noir";"1504";"Null";"Null";"Null"
"http://data.bnf.fr/ark:/12148/cb41873374j";"♦De captiuitate Ludouici Sphorcie";"1504";"Paris";"Jean Marchant. - Jean Petit";"1504";"Null";"Null";"Null"
"http://data.bnf.fr/ark:/12148/cb418734368";"La Prenostication ♦ pour eeste presente annee... mil cinq cens et quatre";"1504";"Sans lieu [Lyon ou Paris ?]";"sans nom";"1504";"Null";"Null";"Null"
"http://data.bnf.fr/ark:/12148/cb41873389k";"Breviarium ad usum Lemovicensem";"1504";"Paris. - Limoges";"successeurs de Jean I Du Pré. - Richard de La Nouaille";"1504";"Null";"Null";"Null"
"http://data.bnf.fr/ark:/12148/cb418733798";"La Fleur de cirurgie";"1504";"Paris";"Durand Gerlier";"1504";"Null";"Null";"Null"
"http://data.bnf.fr/ark:/12148/cb41873381t";"Biblia cum pleno apparatu summariorum concordantium et quadruplicis repertorii... rursus... impressa [vna cum vera nominum hebraicorum interpretatione]";"1504";"Paris. - Lyon";"Thielman Kerver. - Jean Petit. - Johannes Schabeler";"1504";"Null";"Null";"Null"
"http://data.bnf.fr/ark:/12148/cb41873452h";"Oliuier de Castille et Artus d'Algarbe";"1504";"Paris";"Jean I Trepperel";"1504";"Null";"Null";"Null"
"http://data.bnf.fr/ark:/12148/cb418734290";"Ces presentes Heures a lusaige de [Rome]";"1504";"Paris";"Antoine Vérard";"1504";"Null";"Null";"Null"
"http://data.bnf.fr/ark:/12148/cb41873431j";"De immortalitate anime";"1504";"Paris";"sans nom [Pierre Le Dru ?]";"1504";"Null";"Null";"Null"
"http://data.bnf.fr/ark:/12148/cb418734128";"Hore beate Marie Virginis ad usum Parisiensem";"1504";"Paris";"sans nom";"1504";"Null";"Null";"Null"
"http://data.bnf.fr/ark:/12148/cb41873371h";"Consequentie ♦ [nuperrime compilate impresseque]";"1504";"Paris";"Antoine Chappiel. - Raoul Laliseau";"1504";"Null";"Null";"Null"
"http://data.bnf.fr/ark:/12148/cb41873435x";"L. Coellii Lactantii Firmiani... de dominice resurrectiois [sic] die venustissimum carmen";"1504";"Paris";"Gilles de Gourmont";"1504";"Null";"Null";"Null"
"http://data.bnf.fr/ark:/12148/cb41873453v";"Onosandri viri Clarissimi Ad Q. Verannium de optimo imperatore ejusque officio Opusculum";"1504";"Paris";"Josse Bade";"1504";"Null";"Null";"Null"
"http://data.bnf.fr/ark:/12148/cb41873458k";"Grammatica ♦ [et alia opera : Josse BADE, GUARINO VERONESE]";"1504";"Paris";"Josse Bade. - Jean Petit";"1504";"Null";"Null";"Null"
"http://data.bnf.fr/ark:/12148/cb41873409c";"Ces presentes Heures a lusaige de Besenson";"1504";"Paris";"Philippe Pigouchet. - Simon Vostre";"1504";"Null";"Null";"Null"
"http://data.bnf.fr/ark:/12148/cb418734159";"A la louenge de Dieu... ces présentes Heures a lusaige de Romme";"1504";"Paris";"Antoine Chappiel. - Gilles Hardouyn";"1504";"Null";"Null";"Null"
"http://data.bnf.fr/ark:/12148/cb41873464h";"Caius Crispus Sallustius ab Ascensio familiariter explanatus";"1504";"Paris";"Josse Bade. - Jean Petit";"1504";"Null";"Null";"Null"
"http://data.bnf.fr/ark:/12148/cb41873375w";"Publii Fausti Andrelini foroliviensis Regii poetae laureati De obitu Caroli Octavi deploratio.";"1504";"Paris";"Jean Marchant. - Jean Petit";"1504";"Null";"Null";"Null"
"http://data.bnf.fr/ark:/12148/cb41873462t";"Les Postilles et expositions des Epistres et Evangilles dominicales";"1504";"Paris";"Antoine Vérard";"1504";"Null";"Null";"Null"
"http://data.bnf.fr/ark:/12148/cb41873455j";"Ovidii Quindecim metamorphoseos libri";"1504";"Paris. - Lyon";"Jacques I Huguetan. - Claude Davost. - Jacques I Huguetan";"1504";"Null";"Null";"Null"
"http://data.bnf.fr/ark:/12148/cb418734279";"Hore beatissime Virginis secundum usum Romane ecclesie";"1504";"Paris";"Philippe Pigouchet";"1504";"Null";"Null";"Null"
"http://data.bnf.fr/ark:/12148/cb41873465v";"Caii Crispi Salustii Opera cum plusculis additamentis in quibus hec sunt...";"1504";"Paris";"Josse Bade";"1504";"Null";"Null";"Null"
"http://data.bnf.fr/ark:/12148/cb418733705";"Doctrinalis ♦ pars prima [— tertia]";"1504";"Paris";"Josse Bade. - Jean Petit";"1504";"Null";"Null";"Null"
"http://data.bnf.fr/ark:/12148/cb41873423x";"Hore intemerate beate Marie Virginis secundum vsum Romanum";"1504";"Paris";"Thielman Kerver";"1504";"Null";"Null";"Null"
"http://data.bnf.fr/ark:/12148/cb418734666";"Questiones morales";"1504";"Paris";"Geoffroy de Marnef";"1504";"Null";"Null";"Null"
"http://data.bnf.fr/ark:/12148/cb418734170";"A la louenge de Dieu... ces presentes Heures a lusaige de Romme";"1504";"Paris";"Antoine Chappiel. - Gilles Hardouyn";"1504";"Null";"Null";"Null"
"http://data.bnf.fr/ark:/12148/cb41873383h";"Les Figures du Vieil Testament et du Nouvel";"1504";"Paris";"Antoine Vérard";"1504";"Null";"Null";"Null"
"http://data.bnf.fr/ark:/12148/cb418734217";"A la louenge de Dieu... ces presentes Heures a lusaige de Romme";"1504";"Paris";"Gilles et Germain Hardouyn";"1504";"Null";"Null";"Null"
"http://data.bnf.fr/ark:/12148/cb41873422k";"Hore intemerate Dei genitricis Virginis Marie secundum usum Romanum";"1504";"Paris";"Thielman Kerver";"1504";"Null";"Null";"Null"
"http://data.bnf.fr/ark:/12148/cb41873401m";"Rosarium beate Virginis Marie";"1504";"Paris";"Jean Petit";"1504";"Null";"Null";"Null"
"http://data.bnf.fr/ark:/12148/cb418733976";"Decretalium copiosum argumentum";"1504";"Paris";"Ulrich Gering. - Berthold Rembolt";"1504";"Null";"Null";"Null"
"http://data.bnf.fr/ark:/12148/cb41873467j";"P. Terentii Aphri, comicorum elegantissimi, Comedie... familiariter explanate";"1504";"Paris. - Londres";"Josse Bade. - Johannes Brachius. - Michael Morin. - Wynkyn de Worde";"1504";"Null";"Null";"Null"
"http://data.bnf.fr/ark:/12148/cb418734697";"Elegantie ♦";"1504";"Paris";"Gaspard Philippe. - Denis Roce";"1504";"Null";"Null";"Null"
"http://data.bnf.fr/ark:/12148/cb41873441v";"Cest le Secret de lhistoire naturelle contenant les merueilles et choses memorables du monde";"1504";"Paris";"Thielman Kerver";"1504";"Null";"Null";"Null"
"http://data.bnf.fr/ark:/12148/cb41873446k";"Missale completissimum ad vsum Cisterciensis ordinis ... correctum";"1504";"Paris";"Wolfgang Hopyl. - Enguilbert I et Geoffroy de Marnef";"1504";"Null";"Null";"Null"
"http://data.bnf.fr/ark:/12148/cb41873406b";"Problemata logicalia magistri hieronimi de hangest";"1504";"Paris";"Jean Petit. - Gaspard Philippe";"1504";"Null";"Null";"Null"
"http://data.bnf.fr/ark:/12148/cb41873410k";"Hore intemerate Marie Virginis secundum usum Bituricensem";"1504";"Paris";"Antoine Vérard";"1504";"Null";"Null";"Null"
"http://data.bnf.fr/ark:/12148/cb418734604";"Psalterii expositio Petri de Harentals ex multis varrisque doctorum sententiis";"1504";"Paris. - Caen. - Rouen";"Jean Petit. - Robert Macé. - Laurent Hostingue. - Jamet Loys";"1504";"Null";"Null";"Null"
"http://data.bnf.fr/ark:/12148/cb418734039";"De passionibus anime";"1504";"Paris";"sans nom [Pierre Le Dru ?]";"1504";"Null";"Null";"Null"
"http://data.bnf.fr/ark:/12148/cb41873386j";"Speculum discipline";"1504";"Paris";"Jean Petit";"1504";"Null";"Null";"Null"
"http://data.bnf.fr/ark:/12148/cb418734488";"Ad vsum insignis ecclesie Sarum Missale... nouiter... impressum";"1504";"Paris. - Londres";"héritiers de Jean I Du Pré. - [William Bretton. - Henri Jacobi. - Joyce Pelgrim]";"1504";"Null";"Null";"Null"
"http://data.bnf.fr/ark:/12148/cb418733887";"Les regnars traversant les perilleuses voyes des folles fiances du monde";"1504";"Paris";"Antoine Vérard";"1504";"Null";"Null";"Null"
"http://data.bnf.fr/ark:/12148/cb41873393t";"Tractatus Insolubilium Magistri Thome Bricot";"1504";"Paris";"Denis Roce";"1504";"Null";"Null";"Null"
"http://data.bnf.fr/ark:/12148/cb41873407p";"Pro piorum recreatione et in hoc opere contenta : Epistola ante indicem. Index contentorum. Ad lectores. Paradysus Heraclidis";"1504";"Paris";"Guy Marchant. - Jean Petit";"1504";"Null";"Null";"Null"
"http://data.bnf.fr/ark:/12148/cb41873432w";"Le Jeu des eschez moralise";"1504";"Paris";"Antoine Vérard";"1504";"Null";"Null";"Null"
"http://data.bnf.fr/ark:/12148/cb418734577";"Cornucopiae Habes... Opus commentariorum linguae latinae... ♦ nuper impressum... cum textu Martialis";"1504";"Paris";"Ulrich Gering. - Berthold Rembolt";"1504";"Null";"Null";"Null"
"http://data.bnf.fr/ark:/12148/cb41873395h";"Termini ♦ In hoc libello continentur In terminorum cognitionem introductio... De artium diuisionne introductio";"1504";"Paris";"Jean Marchant. - Jean Petit";"1504";"Null";"Null";"Null"
"http://data.bnf.fr/ark:/12148/cb41873434k";"Synonima Britonis";"1504";"Paris";"Denis Roce";"1504";"Null";"Null";"Null"
"http://data.bnf.fr/ark:/12148/cb41873450t";"[Missale ad vsum... ecclesie Sarum nuper... correctum et emendatum]";"1504";"Paris";"Antoine Vérard";"1504";"Null";"Null";"Null"
"http://data.bnf.fr/ark:/12148/cb41873419p";"Heures de Nostre Dame a lusaige de Romme";"1504";"Paris";"Antoine Chappiel. - Gilles et Germain Hardouyn";"1504";"Null";"Null";"Null"
"http://data.bnf.fr/ark:/12148/cb41873470f";"Modus legendi abbreuiaturas in vtroque iure";"1504";"Paris";"Jean Petit. - Gaspard Philippe. - Denis Roce";"1504";"Null";"Null";"Null"
"http://data.bnf.fr/ark:/12148/cb41873426z";"Ces presentes Heures a lusaige de Romme";"1504";"Paris";"Philippe Pigouchet. - Simon Vostre";"1504";"Null";"Null";"Null"
"http://data.bnf.fr/ark:/12148/cb418734546";"Le premier [- second] volume de Orose";"1504";"Paris";"Antoine Vérard";"1504";"Null";"Null";"Null"
"http://data.bnf.fr/ark:/12148/cb41873402z";"Compendium Roberti Gaguini super Francorum gestis : ab ipso recognitum et auctum";"1504";"Paris";"Guy Marchant. - Jean Petit";"1504";"Null";"Null";"Null"
"http://data.bnf.fr/ark:/12148/cb41873387w";"Les regnars traversant les perilleuses voyes des folles fiances du monde,";"1504";"Paris";"Michel Le Noir";"1504";"Null";"Null";"Null"
"http://data.bnf.fr/ark:/12148/cb41873418b";"A la louenge de Dieu... ces presentes Heures a lusaige de Romme";"1504";"Paris";"Antoine Chappiel. - Gilles Hardouyn";"1504";"Null";"Null";"Null"
"http://data.bnf.fr/ark:/12148/cb41873447x";"Missale ad consuetudinem insignis ecclesie Parisiensis... nuper... impressum";"1504";"Paris";"Wolfgang Hopyl. - Simon Vostre";"1504";"Null";"Null";"Null"
"http://data.bnf.fr/ark:/12148/cb41873420w";"Heures de Romme";"1504";"Paris";"Guillaume Du Puy";"1504";"Null";"Null";"Null"
"http://data.bnf.fr/ark:/12148/cb41873459x";"Auree Epistole";"1504";"Paris";"Robert de Gourmont";"1504";"Null";"Null";"Null"
"http://data.bnf.fr/ark:/12148/cb41873437m";"Le premier [- tiers] volume de Lancelot du Lac nouvellement imprime";"1504";"Paris";"Antoine Vérard";"1504";"Null";"Null";"Null"
"http://data.bnf.fr/ark:/12148/cb41873444w";"Epistole Caroli [ad vtilitatem iuuenum studiosorum composite]";"1504";"Paris";"Denis Roce";"1504";"Null";"Null";"Null"
"http://data.bnf.fr/ark:/12148/cb41873443j";"Sermones de sanctis reverendi patris fratris Oliverii Maillard...";"1504";"Paris";"Jean Petit";"1504";"Null";"Null";"Null"
"http://data.bnf.fr/ark:/12148/cb418734457";"Les Lunettes des princes avec aucunes ballades et additions... ♦";"1504";"Paris";"Jean I Trepperel";"1504";"Null";"Null";"Null"
"http://data.bnf.fr/ark:/12148/cb41873411x";"Ces presentes Heures à lusaige de [Orleans]";"1504";"Paris";"Antoine Vérard";"1504";"Null";"Null";"Null"
"http://data.bnf.fr/ark:/12148/cb418734008";"Orationes";"1504";"Paris";"Josse Bade. - Jean Petit";"1504";"Null";"Null";"Null"
"http://data.bnf.fr/ark:/12148/cb41873413m";"Hore dive Virginis Marie secundum usum [Parisiensem]";"1504";"Paris";"Antoine Vérard";"1504";"Null";"Null";"Null"
"http://data.bnf.fr/ark:/12148/cb418734635";"Manuale seu Officiarum sacerdotum ad consuetudinem insignis ecclesie Parisiensis nuper... reuisum";"1504";"Paris";"Antoine Vérard. - Simon Vostre";"1504";"Null";"Null";"Null"
"http://data.bnf.fr/ark:/12148/cb41873456w";"Decisiones [Parlamenti Delphinalis]";"1504";"Paris. - Lyon";"Jacques I Huguetan. - Jacques I Huguetan. - Jacques Sacon";"1504";"Null";"Null";"Null"
"http://data.bnf.fr/ark:/12148/cb41873380g";"Libellus domini Bertrandi aduersus magistrum Petrum de Cugneriis";"1504";"Paris";"Jean Petit";"1504";"Null";"Null";"Null"
"http://data.bnf.fr/ark:/12148/cb418734050";"Manipulus curatorum";"1504";"Paris";"Gaspard Philippe";"1504";"Null";"Null";"Null"
"http://data.bnf.fr/ark:/12148/cb31265486z";"Lo Doctrinal de sapiensa en lo lenguatge de Tholosa. - (A la fin :) Cy finis lo Doctrinal de sapiensa en lo lenguatge de Tholosa, novelament imprimit per Jan Grant Johan, libraire, demorant à Tholosa, al canton de la Portaria, et lo oheyteme jorn de novembre milla V. C. IIII";"1504";"Toulouse";"J. Grant Johan";"1504";"In-4° , sign. a-p., fig.";"Null";"Null"
"http://data.bnf.fr/ark:/12148/cb31274352b";"Secunda pars Enneadum Marci Antonii Sabellici ab inclinatione romani imperii usque ad annum M.D.IIII, cum Epitome omnium librorum et indice litterarum ordine diggesto. - Au v° du titre : Enneadis octavae. Epitome in tres ultimas Enneades rapsodiae Marci Antonii Sabellici. - Fol. [4] : Index in tres Enneades. - Fol. [I] : Enneades Marci Antonii Sabellici ab inclinatione ro. imperii ad annum salutis millesimum quingentesimum quartum. - Fol. [I v°] : M. Antonius Sabellicus Leonardo Lauretano serenissimo Venetiarum principi foelicitatem. - Fol. II, sign. a ii : Marci Antonii Cocci Sabellici Historiarum ab orbe condito Enneadis octavae liber primus. - A la fin : Marci Antonii Coccii Sabellici Rapsodiae historiarum ab orbe condito Enneadis undecimae liber secundus finit. Impressum Venetiis per magistrum Bernardinum Vercellensem anno MDIIII. die XX octobris";"1504";"Venetiis";"Null";"1504";"In-fol., 6 ff. sign. aa et CXCI ff.";"Null";"Null"
"http://data.bnf.fr/ark:/12148/cb42053265n";"[Adam et Eve] : [estampe]";"1504";"[S.l.]";"[s.n.]";"1504";"1 est. : burin ; 24,8 x 19,2 cm (tr. c.)";"http://data.bnf.fr/ark:/12148/cb119332629";"http://gallica.bnf.fr/ark:/12148/btv1b69511924"
"http://data.bnf.fr/ark:/12148/cb42053307r";"[La Nativité] : [estampe]";"1504";"[S.l.]";"[s.n.]";"1504";"1 est. : burin ; 18,5 x 12 cm (tr. c.)";"http://data.bnf.fr/ark:/12148/cb119561071";"http://gallica.bnf.fr/ark:/12148/btv1b6951193j"
"http://data.bnf.fr/ark:/12148/cb31288683m";"Caius Crispus Salustius ab Ascensio familiariter explanatus";"1504";"Null";"Null";"1504";"[4]-157-[1 bl.] f.";"Null";"Null"
"http://data.bnf.fr/ark:/12148/cb31295754s";"Arcadia del Sannazaro tutta fornita et tratta emendatissima dal suo originale. - A la fin : Impressa in Napoli per maestro Sigismundo Mayer, con somma et assidua diligenza di Pietro Summontio, nel anno MDIII del mese di marzo";"1504";"Napoli";"Null";"1504";"In-8° , 96 ff. (Van Praet, T. IV, p. 132, n  165.)";"Null";"Null"
"http://data.bnf.fr/ark:/12148/cb31371000q";"Le cuer de philozophie";"1504";"Null";"Null";"1504";"[6]-CXLIIII f.";"Null";"Null"
"http://data.bnf.fr/ark:/12148/cb426235140";"Complainte piteuse que fait la Terre Sainte aux princes, prélats et seigneurs chrétiens";"1504";"[Lyon]";"Pierre Maréchal et Barnabé Chaussard";"1504";"[6] ff.";"Null";"Null"
"http://data.bnf.fr/ark:/12148/cb31435030z";"Questiones morales magistri Petri Tatereti in octo capita distincte, & quam doctissime ab eodem disputate atque discusse, nec segniter adnotate";"1504";"Null";"Null";"1504";"LVI f.";"Null";"Null"
"http://data.bnf.fr/ark:/12148/cb31443405k";"P. Terentii Aphri, comicorum elegantissimi, Comedie a Guidone Juvenale familiariter explanate";"1504";"Null";"Null";"1504";"[154] f. (sign. a-z6, A4, B-C6)";"Null";"Null"
"http://data.bnf.fr/ark:/12148/cb314618675";"Scriptum tertium sancti Thome de Aquino in tertium librum Sententiarum. - Fol. 161 : Venetiis, per Simonem de Luere pro... Andrea Torresano de Asula, die 3. januarii 1503. - Sanctus Thomas de Aquino in quartum librum Magistri Sententiarum. - Fol. 274 : Venetiis, per Simonem de Luere pro... Andrea de Torresanis de Asula, 19. februarii 1503";"1504";"Venetiis";"Null";"1504";"2 parties en 1 vol. in-fol.";"Null";"Null"
"http://data.bnf.fr/ark:/12148/cb314623013";"Opera...";"1504";"Venetiis";"Null";"1504";"In-fol.";"Null";"Null"
"http://data.bnf.fr/ark:/12148/cb43180970c";"Ut heremita solus, motet à 4 v.";"1504";"Venise";"O. Petrucci";"1504";"18 x 24 cm";"http://data.bnf.fr/ark:/12148/cb121516267";"Null"
"http://data.bnf.fr/ark:/12148/cb432000723";"Harmonice musices // Odhecaton // A // [Au colophon] : Impssum Venetiis per octavianum Petrutium forosemp[ro]nien // sem 1504 die 25 maij // [Marque de Petrucci]";"1504";"Venetiis";"per Octavianum Petrutium";"1504";"In-8° obl., 160 x 220 mm, 103 ff. sign. A-N8";"Null";"http://gallica.bnf.fr/ark:/12148/btv1b55007217d"
"http://data.bnf.fr/ark:/12148/cb314823721";"Joannis Tortelii de Orthographia tractatus ; ejusdem Joannis Tortelii Lima quaedam per Georgium Vallam de Ortographia";"1504";"Venetiis";"per B. de Zanis de Portesio";"1504";"In-fol., 173 ff.";"Null";"Null"
"http://data.bnf.fr/ark:/12148/cb31545409m";"Opera Agricolationum... cum annotationibus D. Philippi Beroaldi et commentariis quae in aliis impressionibus non extant...";"1504";"Bononiae";"Null";"1504";"In-fol.";"Null";"Null"
"http://data.bnf.fr/ark:/12148/cb31591966w";"Eclogae Vergilii, Calphurnii, Nemesiani, Francisci Pe. [Petrarchae], Joannis Boc. [Boccaccii], Joannis Baptistae Man. [Mantuani], Pomponii Gaurici. - À la fin : Impressum hoc opus Florentiae, opera et impensa Philippi de Giunta,... anno Salutis mille CCCCC III, decimo quinto calendas octobris";"1504";"Florentiae";"Null";"1504";"In-8° , 8 ff. n. ch. et sign. a-t⁽8, car. ital. (Mambelli, 699.)";"Null";"Null"
"http://data.bnf.fr/ark:/12148/cb316008509";"Opus aureum musice castigatissimum de gregoriana et figurativa atque contrapuncto simplici percommode tractans, omnibus cantu oblectantibus utile et necessarium e diversis excerptum.";"1504";"Colonie";"H. Quentell";"1504";"Signé A⁽6, B⁽4, C⁽6, D-E⁽4, F⁽6, G⁽4, H⁽5";"Null";"http://gallica.bnf.fr/ark:/12148/bpt6k1255522"
"http://data.bnf.fr/ark:/12148/cb31606916v";"Legenda hec aurea nitidis excuditur formis claretque plurimum censoria castigatione... Venundantur Lugduni ab magistro Stephano Gueynart,... - À la fin : Finit Aurea legenda sanctorum que Lombardica historia nominatur, compilata per fratrem Jacobum de Voragine,... cum quibusdam legendis noviter superadditis. Impressum Lugduni per Magistrum Claudium Davost alias de Troys, anno domini M.CCCCCIIII";"1504";"Lugduni";"S. Gueynard";"1504";"1 vol. (12 ff. n. ch. et 215 ff. ch., car. goth., fig. au titre, lettres ornées)";"Null";"Null"
"http://data.bnf.fr/ark:/12148/cb44441190v";"Pragmatica sanctio, una cum repertorio ingeniose secundum alphabeticum ordinem compilato ad glosarum materias facilius inveniendas";"1504";"[Angers";"Jean Alexandre]";"1504";"CCV-[1 bl.-30] ff.";"Null";"Null"
"http://data.bnf.fr/ark:/12148/cb316681647";"Opus aureum musice... [Pars 3a - 4a.]";"1504";"Colonie";"Null";"1504";"Petit in-4°";"Null";"Null"
"http://data.bnf.fr/ark:/12148/cb450417156";"[Acte notarial sur parchemin] : [dessin]";"1504";"Null";"Null";"Null";"1 des. : encre de Chine noire ; 95 x 42,5 cm";"http://data.bnf.fr/ark:/12148/cb119823197";"Null"
"http://data.bnf.fr/ark:/12148/cb316808294";"Epistolae [latine conversae et in tres libros digestae]... Cum adjectis Johannis Sommerfelt argumentis...";"1504";"Cracoviae";"Null";"1504";"In-4°";"Null";"Null"
"http://data.bnf.fr/ark:/12148/cb31698272r";"Alexander Achillinus Bononiensis, de chyromantiae principiis et physionomiae. - (A la fin :) Impressum Bononie, per Joannem Antonium Platonidem Benedictorum, civem Bononiensem, anno Domini M. CCCCC. IIII, die vero IIII mensis septembris";"1504";"Bologne";"Null";"1504";"Null";"Null";"Null"
"http://data.bnf.fr/ark:/12148/cb33259573x";"Prima [-sexta] pars hujus operis : continens textum Biblie/ cum postilla domini Hugonis cardinalis...";"1504";"Null";"Null";"1504";"6 parties";"Null";"Null"
"http://data.bnf.fr/ark:/12148/cb33263749c";"Les Figures du Vieil Testament et du Nouvel";"1504";"Imprimé à Paris";"pour Anthoine Vérard";"1504";"In-fol. grav. sur bois. Caractères gothiques";"Null";"Null"
"http://data.bnf.fr/ark:/12148/cb333527582";"Diurnale Baiocense";"1504";"[Rouen";"Pierre Violette";"1504";"Null";"Null";"Null"
"http://data.bnf.fr/ark:/12148/cb33395340f";"Formula vivendi Sacerdotum. Canonicorum. Sive Vicariorum secularium : aut etiam aliorum devotorum presbyterorum";"1504";"Köln";"Martin von Werden";"Null";"In-8°";"Null";"Null"
"http://data.bnf.fr/ark:/12148/cb33543022h";"Pomerium : Sermonum quadragesimalium...";"1504";"Hagenaw";"J. Rynman de Oringaw";"1504";"In-4°";"Null";"Null"
"http://data.bnf.fr/ark:/12148/cb33598797k";"Opera agricolationum : Columellae : // Varronis : Catonisqz : nec non Palladii : cum Anno//tationibus. D. Philippi Beroaldi : et com//mentariis quę in aliis impressio//nibus non extant. // M. D. III. (A la fin :) Opera agricolationum : Columelle : Varronis : Catonisqz : nec non Palladii : // cum annotationibus. D. Philippi Beroaldi : // et cōmentariis quę // in aliis impressionibus non extant. Impressa Bonon. // Impensis Benedicti Hectoris Bononiensis. // M. D. IIII. X. calend. septemb. [Suivent le registre et la marque.]";"1504";"Bologne";"impensis Benedicti Hectoris";"1504";"In-fol., car. rom. 302 ff. num. sauf les ff. 7-36, 40 ll. notes marginales. sign.";"Null";"Null"
"http://data.bnf.fr/ark:/12148/cb33804858n";"In hoc libello continentur infrascripta : tabula super privilegia papalia ordini fratrum predicatorum concessa ; privilegia majora et principaliora ejusdem ordinis : formularium electionum et omnium pertinentium ad officium prelatorum ejusdem ordinis... et formule litterarum ad omnem casum";"1504";"Impressum Venetiis";"per Lazarum de Soardis";"1504";"[4]-160 f.";"Null";"Null"
"http://data.bnf.fr/ark:/12148/cb338090548";"Constitutiones legitime seu legatine Ecclesie totiusque regionis Anglicane, ab legatis a latere Summorum Pontificum collecte et a Do. Joanne de Aton diligenter explanate, necnon et constitutiones provinciales ab archiepiscopis Cantuariensibus";"1504";"Null";"Null";"1504";"[16]-155 f.";"Null";"Null"
"http://data.bnf.fr/ark:/12148/cb338101715";"Pragmatica sanctio, una cum repertorio ingeniose secundum alphabeticum ordinem compilato ad glosarum materias facilius inveniendas";"1504";"Null";"Null";"1504";"CCV-[1 bl.-30] ff.";"Null";"Null"
"http://data.bnf.fr/ark:/12148/cb33810365s";"Ordonnances portant que tous receveurs des aydes, qui n'auront donné la juste valeur de leurs aydes et greniers deuement certifiée, seront condamnez à la peine du quadruple";"1504";"(S. l. n. d.)";"Null";"1504";"In-4°, 3 p.";"Null";"Null"
"http://data.bnf.fr/ark:/12148/cb33994140p";"Ulyssea. Batrachomyomachia. Hymni XXXII";"1504";"(Venetiis";"in aedibus Aldi";"1504";"In-8°";"Null";"Null"
"http://data.bnf.fr/ark:/12148/cb34151347v";"La généalogie avecques les gestes et nobles faitz d'armes du très preux et renommé prince Godeffroy de Boulion, et de ses chevalereux frères Baudouin et Eustace, yssus et descendus de la très noble et illustre lignée du vertueux chevalier au Cyne";"1504";"Null";"Null";"1504";"[160] f. (sig. a-z6, &6, ?6, A4, B6)";"Null";"Null"
"http://data.bnf.fr/ark:/12148/cb352848696";"Salustius";"1504";"[Lyon]. - [1504 ?]";"[s.n.]";"1504";"[116] f.";"Null";"Null"
"http://data.bnf.fr/ark:/12148/cb36119836z";"Les Epistres sainct Pol glosees";"1504";"Null";"Null";"Null";"Sig. a-t6, v4";"Null";"Null"
"http://data.bnf.fr/ark:/12148/cb36122638m";"Biblia cum pleno apparatu";"1504";"Null";"Null";"1504";"[14]-CCCXLVII-[21] f.";"Null";"Null"
