id;title;date;place;publisher;firstyear;description;subject;gallica
"http://data.bnf.fr/ark:/12148/cb30004491k";"Quaestiones metaphysicales (a Johanne Baptista Tholentinate editae)";"1499";"Venetiis";"per P. de Quarengis";"1499";"In-fol. (Hain, 143.)";"Null";"Null"
"http://data.bnf.fr/ark:/12148/cb30007513s";"Alberti Magni liber de Muliere forti. - Au v°du dernier f., titre : Albertus de muliere forti";"1499";"Coloniae";"H. Quentell";"1499";"In-4° . (Pellechet, 302.)";"Null";"Null"
"http://data.bnf.fr/ark:/12148/cb30007799w";"Leonis Baptistae Alberti Opera";"1499";"[Firenze";"Bartolomeo de’ Libri";"1499";"107 p.";"Null";"http://gallica.bnf.fr/ark:/12148/bpt6k71334s"
"http://data.bnf.fr/ark:/12148/cb300077093";"De Arte loquendi et tacendi";"1499";"[Augsburg";"Johann Froschauer";"1499";"Null";"Null";"Null"
"http://data.bnf.fr/ark:/12148/cb30019857x";"Faustus. De moralibus et intellectualibus virtutibus";"1499";"[Paris]";"Michel Tholoze pour Denys Roce";"1499";"In-4°";"Null";"Null"
"http://data.bnf.fr/ark:/12148/cb30019863v";"Publii Fausti Andrelini, de Obitu Caroli octavi deploratio. Ejusdem de eodem ad Guidonem Rupifortem epistola. Ejusdem de eodem varia epitaphia. Ejusdem carmen de Parrhisiae urbis congratulatione in Petri Coardi, primi Franciae praesidis, electione. Ejusdem carmen ad Laurentium Burellum carmelitam, theologum et confessorem regium";"1499";"[Paris";"Michel Tholoze";"1499";"Null";"Null";"Null"
"http://data.bnf.fr/ark:/12148/cb30023100s";"Summa de confession llamada Defecerunt de fray Antonino, arzobispo de Florencia";"1499";"Burgos";"a industria de F. de Basilea";"1499";"In-4° . (Pellechet, 874.)";"Null";"Null"
"http://data.bnf.fr/ark:/12148/cb30023298m";"Sermones quadragesimales de vitiis, fratris Antonii Bitontini";"1499";"Venetiis";"arte J. Hertzog, impensis Nicolai Frankforth";"1499";"In-8° . (Hain, *3223.)";"Null";"Null"
"http://data.bnf.fr/ark:/12148/cb30023296x";"Sermones dominicales per totum annum fratris Antonii de Bitonto";"1499";"(Venetiis,)";"impressit B. Locatellus Bergomensis, expensis Nicolai de Franchfordia";"1499";"In-8° . (Hain, *3221.)";"Null";"Null"
"http://data.bnf.fr/ark:/12148/cb300334762";"Fabulae per Laurentium Abstemium compositae. Fabulae Aesopi, ex graeco in latinum per Laurentium Vallam versae";"1499";"Venezia";"Giovanni Tacuino";"1499";"Null";"Null";"Null"
"http://data.bnf.fr/ark:/12148/cb300405268";"Opera Ausonii nuper reperta (a Thadeo Ugoleto Parmensi diligenter recognita)";"1499";"Parmae";"impressum per A. Ugoletum";"1499";"In-4° . (Pellechet, 1649.)";"Null";"Null"
"http://data.bnf.fr/ark:/12148/cb300420162";"Scriptores astronomici veteres";"1499";"Venetiis";"Null";"1499";"In-fol. (Hain, *14559.)";"Null";"Null"
"http://data.bnf.fr/ark:/12148/cb30045518v";"Commentum duplex in Boetium de Consolatione philosophie";"1499";"Lugduni";"J. de Vingle";"1499";"[Ca 430] p.";"Null";"http://gallica.bnf.fr/ark:/12148/bpt6k111273v"
"http://data.bnf.fr/ark:/12148/cb30045544d";"De Calamitatibus temporum, seu Contra peccatorum monstra aureum... poema...";"1499";"(Parisiis";"Null";"1499";"In-4° . (Pellechet, 1803.)";"Null";"Null"
"http://data.bnf.fr/ark:/12148/cb30048949z";"Summa quae Catholicon appellatur fratris Johannis Januensis, emendata per praestantem virum magistrum Petrum Aegidium";"1499";"Paris";"Félix Baligault pour Simon Vostre";"1499";"[318] ff., signés a-z8, A-P8, Q6, R8, les deux derniers blancs";"Null";"http://gallica.bnf.fr/ark:/12148/bpt6k10732229"
"http://data.bnf.fr/ark:/12148/cb300622119";"Le Propriétaire en françoys, par Barthélemy de Glanville. Traduction de Jean Corbichon, revue par Pierre Ferget";"1499";"Paris";"pour Antoine Vérard";"1499";"Null";"Null";"http://gallica.bnf.fr/ark:/12148/btv1b86054526"
"http://data.bnf.fr/ark:/12148/cb300635043";"Gasparini Pergamensis Epistolae";"1499";"Basileae";"M. Furter";"1499";"126 p.";"Null";"http://gallica.bnf.fr/ark:/12148/bpt6k70984r"
"http://data.bnf.fr/ark:/12148/cb300631625";"Breviarium in Codicem...";"1499";"Parisiis";"Null";"1499";"In-fol.";"Null";"Null"
"http://data.bnf.fr/ark:/12148/cb30063503r";"Gasparini Pergamensis epistolae";"1499";"Paris";"Guy Marchant pour lui-même et Alexandre Aliate";"1499";"Null";"Null";"Null"
"http://data.bnf.fr/ark:/12148/cb30063163h";"Breviarium in Codicem...";"1499";"Parisiis";"Null";"1499";"In-fol.";"Null";"Null"
"http://data.bnf.fr/ark:/12148/cb30089862z";"Liber Florum beati Bernardi, abbatis Clarevallensis (auctore Guillelmo, S. Martini Tornacensis monacho)";"1499";"Paris";"Philippe Pigouchet pour lui-même et pour Durand Gerlier et Jean Petit";"1499";"116 ff. foliotés et signés A8, b-o8, p4, les ff. o7 et o8 blancs";"Null";"Null"
"http://data.bnf.fr/ark:/12148/cb30089951k";"S. Bernardi. Floretus cum commento";"1499";"Null";"Null";"1499";"[60] f. (sig. a-f 8/6, i6)";"Null";"Null"
"http://data.bnf.fr/ark:/12148/cb30092797v";"Declamatio lepidissima ebriosi, scortatoris, aleatoris, de vitiositate disceptantium, condita a Philippo Beroaldo";"1499";"Bononiae";"B. Hectoris";"1499";"In-4° . (Pellechet, 2220.)";"Null";"Null"
"http://data.bnf.fr/ark:/12148/cb300928091";"De Felicitate opusculum P. Beroaldi";"1499";"Bononiae";"Benedictus Hectoris";"1499";"In-4° . (Pellechet, 2225.)";"Null";"Null"
"http://data.bnf.fr/ark:/12148/cb300928347";"Oratio proverbiorum, condita a Philippo Beroaldo, qua doctrina remotior continetur";"1499";"Bononiae";"B. Hectoris";"1499";"In-4° . (Pellechet, 2221.)";"Null";"Null"
"http://data.bnf.fr/ark:/12148/cb30094140q";"Dictionarius, seu Repertorium morale, F. Petri Berchorii";"1499";"Norimbergae";"A. Koberger";"1499";"In-fol., car. goth. (Pellechet, 2061.)";"Null";"Null"
"http://data.bnf.fr/ark:/12148/cb30103857f";"Sermones de sanctis magistri Gabrielis (Biel)";"1499";"(S. l.";"Null";"1499";"In-4° , sign. aa-qq, plus 8 ff. de table. (Hain, *5184.)";"Null";"Null"
"http://data.bnf.fr/ark:/12148/cb30103842d";"Sacri Canonis misse expositio, auctore Gabrielis Biel, a Wendelino Steinbach revisa";"1499";"Tubingae";"Null";"1499";"In-fol. (Hain-Copinger, *3179.)";"Null";"Null"
"http://data.bnf.fr/ark:/12148/cb30118303j";"De Consolatione philosophie et de disciplina scholarium, cum commento sancti Thome et Ascensii, et Quintiliani de officio discipulorum preceptione";"1499";"Lugduni";"impressus opera J. Maillet";"1499";"In-4° . (Pellechet, 2543.)";"Null";"Null"
"http://data.bnf.fr/ark:/12148/cb301237896";"Domini Ludovici de Bologninis consiliorum prima pars";"1499";"Bononiae";"per U. Rugerium";"1499";"In-fol. (Pellechet, 558.)";"Null";"Null"
"http://data.bnf.fr/ark:/12148/cb30125418b";"L'Aguillon d'amour divine, fait par le docteur séraphic sainct Bonaventure et translaté de latin en françois par maistre Jean Jerson";"1499";"Paris";"Michel Le Noir";"1499";"102 ff., signés A8, B-L6, M8, N6, O8, P-Q6";"Null";"Null"
"http://data.bnf.fr/ark:/12148/cb30155492c";"La Nef des fols du monde (par S. Brant. Traduction de P. Rivière, mise en prose par J. Drouyn)";"1499";"Lyon";"G. Balsarin";"1499";"In-fol. (Hain-Copinger, 3757.)";"Null";"http://gallica.bnf.fr/ark:/12148/btv1b73000708"
"http://data.bnf.fr/ark:/12148/cb30163145r";"Satyrae";"1499";"Lugduni";"Null";"1499";"(Hain-Copinger, 12733.)";"Null";"Null"
"http://data.bnf.fr/ark:/12148/cb30193614g";"Opus Martiani Capellae. De Nuptiis Philologiae et Mercurii libri duo. De Grammatica, de dialectica, etc., libri septem.";"1499";"Vicentiae";"Null";"1499";"In-fol. (Hain, *4370.)";"Null";"http://gallica.bnf.fr/ark:/12148/bpt6k8520160"
"http://data.bnf.fr/ark:/12148/cb30206659g";"El Caton, el libro Ilamado Contento, cuya obra es de sant Bernardo, el Floreto, las quinque claves de la sabiduria, las fablas del Esopo";"1499";"Pampilonae";"impr. per A. G. de Brocario";"1499";"251 p.";"Null";"http://gallica.bnf.fr/ark:/12148/bpt6k701867"
"http://data.bnf.fr/ark:/12148/cb30209385x";"De Patientia aurei libri tres";"1499";"Venetiis";"Null";"1499";"In-4° . (Hain, *2408.)";"Null";"Null"
"http://data.bnf.fr/ark:/12148/cb30212586b";"Consilia";"1499";"Venetiis";"Null";"1499";"In-fol. (Pellechet, 3500.)";"Null";"Null"
"http://data.bnf.fr/ark:/12148/cb30242809b";"Quedam elegantissime et breviores epistole M. Tullii Ciceronis et C. Plinii Secundi";"1499";"Daventrie";"impr. per R. Paffraet";"1499";"In-4° . (Pellechet, 3631.)";"Null";"Null"
"http://data.bnf.fr/ark:/12148/cb30244598f";"Commentarii quaestionum Tusculanarum editi a Philippo Beroaldo, cum Ciceronis textu";"1499";"Venetiis";"impressum per B. de Zanis";"1499";"In-fol. (Pellechet, 3785. Hain, *5324)";"Null";"Null"
"http://data.bnf.fr/ark:/12148/cb30260288r";"Hypnerotomachia Poliphili (F. Columnae, edente L. Crasso)";"1499";"Venezia";"Aldo Manuzio pour Leonardo Grassi";"1499";"Ill.";"Null";"http://gallica.bnf.fr/ark:/12148/bpt6k853192t"
"http://data.bnf.fr/ark:/12148/cb30260622x";"Opera agricolationum, cum ex scriptionibus D. P. Beroaldi et commentariis quae in aliis impressionibus non extant";"1499";"Regii";"Null";"1499";"In-fol. (Hain, 14570.)";"Null";"Null"
"http://data.bnf.fr/ark:/12148/cb30272349t";"Aemilii Probi (seu Cornelii Nepotis) de vita excellentium liber (Petrus Cornerus edidit). - Fol. aiiro : Petrus Cornerus magnifico et praestantissimo enucleatori domino Theodoro Prato ducali consiliario. - Fol. aiiiro : Aemilii Probi viri clarissimi de vita excellentium liber incipit feliciter. - Fol. giiro : Vita T. Attici Pomponii ex Cornelio Nepote";"1499";"(Parmae";"A. Ugoletus";"1499";"In-4° , sign. a-h, car. rom.";"Null";"Null"
"http://data.bnf.fr/ark:/12148/cb30286379x";"Johannis Crastoni Lexicon graeco-latinum, a Bono Accursio editum, cum latino indice Ambrosii Regiensis";"1499";"Mutinae";"Null";"1499";"In-fol.";"Null";"Null"
"http://data.bnf.fr/ark:/12148/cb30286378k";"Johannis Crastoni Lexicon graeco-latinum, a Bono Accursio editum, cum latino indice Ambrosii Regiensis";"1499";"Mutinae";"Null";"1499";"2 parties en 1 vol. in-fol. (Hain-Copinger, 5814.)";"Null";"Null"
"http://data.bnf.fr/ark:/12148/cb30298704t";"Sermones quadragesimales venerabilis patris Joannis Aquilani (et fratris Danielis Vicentini), merito vitiorum lima nuncupati";"1499";"Venetiis";"per Bergomensem de Quarengiis";"1499";"In-8° . (Pellechet, 930)";"Null";"Null"
"http://data.bnf.fr/ark:/12148/cb30300471h";"Dictys Cretensis, de Historia belli trojani, et Darses Priscus de eadem trojana";"1499";"Venetiis";"per C. Mandellum";"1499";"In-4° . (Hain-Copinger, *6158.)";"Null";"Null"
"http://data.bnf.fr/ark:/12148/cb30302112n";"Augustini Datti, scribae Senensis, elegantiolae";"1499";"Venetiis";"per J. de Cereto de Tridino";"1499";"In-4° . (Reichling, 894.)";"Null";"Null"
"http://data.bnf.fr/ark:/12148/cb30324395m";"Speculum aureum animae peccatricis, auctore Dionysio Carthusiano";"1499";"Paris";"Guy Marchant pour lui-même et pour Jean Petit";"1499";"Null";"Null";"Null"
"http://data.bnf.fr/ark:/12148/cb30324546z";"Dionysi Periegetae de Situ orbis, interprete Antonio Beccharia";"1499";"Parisiis";"Null";"1499";"In-4° . (Pellechet, 4296.)";"Null";"Null"
"http://data.bnf.fr/ark:/12148/cb303440987";"Περὶ ὕλης ἰατρικη̃ς";"1499";"Venezia";"Aldo Manuzio";"1499";"3 parties";"Null";"Null"
"http://data.bnf.fr/ark:/12148/cb30384815r";"Guilelmi Durandi Rationale divinorum officiorum [éd. Johannes Aloysius Tuscanus]";"1499";"Lyon";"[Jean Bachelier (et Pierre Bartelot ?)]";"1499";"Null";"Null";"Null"
"http://data.bnf.fr/ark:/12148/cb303848163";"Guilelmi Durandi Rationale divinorum officiorum [éd. Johannes Aloysius Tuscanus]";"1499";"Venezia";"Giovanni et Albertino Rosso";"1499";"Null";"Null";"Null"
"http://data.bnf.fr/ark:/12148/cb30402243c";"Marii Aequicoli... de Passione Domini oratio";"1499";"(S. l.";"Null";"1499";"In-4° . [Pellechet, 184.]";"Null";"Null"
"http://data.bnf.fr/ark:/12148/cb304061045";"Les subtilles fables de Ésope";"1499";"Lyon";"Pierre Mareschal et Barnabé Chaussard";"1499";"78 ff.";"Null";"http://gallica.bnf.fr/ark:/12148/bpt6k70105d"
"http://data.bnf.fr/ark:/12148/cb30418029x";"Dictys cretensis de Historia belli trojani, et Dares phrygius, de eadem historia trojana";"1499";"Venezia";"Cristoforo de' Pensi";"1499";"2 parties";"Null";"Null"
"http://data.bnf.fr/ark:/12148/cb30416534d";"Probae Falconiae Cento Virgilianus";"1499";"Paris";"Guy Marchant pour lui-même et pour Alexandre Aliate";"1499";"Null";"Null";"Null"
"http://data.bnf.fr/ark:/12148/cb30421298t";"Johannes Fabri Breviarium super Codicem, cui accedit Bartoli de Saxoferrato Repetitio de quaestionibus et tormentis necnon de insigniis et armis";"1499";"Parisiis";"Null";"1499";"In-fol. (Pellechet, 4714 A.)";"Null";"Null"
"http://data.bnf.fr/ark:/12148/cb30421297g";"Johannes Fabri Breviarium super Codicem, cui accedit Bartoli de Saxoferrato Repetitio de quaestionibus et tormentis necnon de insigniis et armis";"1499";"Parisiis";"Null";"1499";"In-fol. (Pellechet, 4714.)";"Null";"Null"
"http://data.bnf.fr/ark:/12148/cb30435537m";"Epistolae breviores Francisci Philelphi";"1499";"Deventer";"Richardus Pafraet";"1499";"Null";"Null";"Null"
"http://data.bnf.fr/ark:/12148/cb30444404b";"Divi Aurelii Augustini expositio in omnes beati Pauli epistolas, per venerabilem Bedam [D. Florum] collecta et Gaufridi Boussardi studio edita. Liber sancti Joannis Chrysostomi de laudibus beati Pauli apostoli";"1499";"Paris";"Ulrich Gering et Berthold Rembolt";"1499";"Null";"Null";"Null"
"http://data.bnf.fr/ark:/12148/cb304480255";"Speculum finalis retributionis [in lucem editum per Gulielmum Totani cum ejusdem prefatione] noviter emendatum [per Petrum de Fontenayo]...";"1499";"Paris";"Pierre Levet pour Durand Gerlier";"1499";"Caractères gothiques, signature";"Null";"Null"
"http://data.bnf.fr/ark:/12148/cb304682881";"Le premier [-le quart] volume de Froissart des Croniques de France, d'Angleterre, d'Escoce, d'Espaigne, de Bretaigne, de Gascongne, de Flandres et lieux circunvoisins...";"1499";"Paris";"pour Antoine Vérard";"1499";"4 parties";"Null";"http://gallica.bnf.fr/ark:/12148/btv1b8626799h"
"http://data.bnf.fr/ark:/12148/cb30480495b";"Coronica de Aragon...";"1499";"Çaragoça";"Null";"1499";"In-fol. (Haebler, 653.)";"Null";"Null"
"http://data.bnf.fr/ark:/12148/cb304976515";"Georgii de Hungaria Arithmetica summa tripartita";"1499";"[Schoonhoven";"Canonici regulares apud S. Michaelem an den Hem]";"1499";"[10] ff.";"Null";"Null"
"http://data.bnf.fr/ark:/12148/cb30497554x";"Georgii Bruxellensis Expositio super octo libros Physicorum Aristotelis, a Thoma Bricot emendata";"1499";"Paris";"André Bocard et Félix Baligault";"1499";"[190] ff., ill.";"Null";"Null"
"http://data.bnf.fr/ark:/12148/cb304988033";"Tractatulus de spiritualibus ascensionibus [a Gerardo de Zutphania]";"1499";"Montserrat";"Johann Luschner";"1499";"[84] ff. signés a-k8, l4, bois en fin servent de marque";"Null";"Null"
"http://data.bnf.fr/ark:/12148/cb30498782z";"Cordiale de quattuor novissimis [a Gerardo de Vliederhoven]";"1499";"[Paris";"Pierre Levet";"1499";"48 ff. signés a-f8";"Null";"Null"
"http://data.bnf.fr/ark:/12148/cb30500863b";"Scriptores astronomici veteres";"1499";"Venetiis";"Null";"1499";"In-fol. (Hain, *14559.)";"Null";"Null"
"http://data.bnf.fr/ark:/12148/cb30508951j";"Summa magistri Johannis de Sancto Geminiano de exemplis et similitudinibus rerum. [Edidit Sebastianus Brant.]";"1499";"Basel";"Johannes Petri et Johannes Froben";"1499";"Null";"Null";"Null"
"http://data.bnf.fr/ark:/12148/cb305089626";"Sermones funebres magistri Johannis de Sancto Geminiano. [Edidit Johannes Genas.]";"1499";"Lugduni";"J. Clein";"1499";"In-4° (Hain, *7548.)";"Null";"Null"
"http://data.bnf.fr/ark:/12148/cb30555346m";"Manipulus curatorum Guidonis de Monte Rocherio";"1499";"[Lyon";"imprimeur du Guido de Monte Rochen, Manipulus curatorum (IGI 4593)]";"1499";"144 ff. foliotés et signés a-s8";"Null";"Null"
"http://data.bnf.fr/ark:/12148/cb305575606";"Le pèlerin de la vie humaine";"1499";"Lyon";"Matthias Huss";"1499";"74 ff. signés a8, b-m6";"Null";"http://gallica.bnf.fr/ark:/12148/btv1b7300076r"
"http://data.bnf.fr/ark:/12148/cb30557561j";"Le Pèlerinage de l'âme [rédigé en prose par Jean Gallopes, d'après le poème de Guillaume de Deguileville]";"1499";"Paris";"[Pierre Le Caron pour] Antoine Vérard";"1499";"86 ff. foliotés et signés [a]2, A-O6";"Null";"Null"
"http://data.bnf.fr/ark:/12148/cb30557519r";"Registrum sermonum Wilhelmi Parisiensis [opera W. Stainbach editum, cum praefatione H. Bebelii]";"1499";"Tübingen";"Johann Otmar pour Friedrich Meynberger";"1499";"[390] ff. en trois parties, signés AA-BB6 ; A-N8, O6, P8 ; a-g8, h6, i-q8, r6, s-t8, [✽]6, [✽✽]8 ; aa-ll8, [✽]10, le dernier blanc";"Null";"Null"
"http://data.bnf.fr/ark:/12148/cb30564082m";"Le Formulaire du petit Guidon en cyrurgie";"1499";"[Paris]";"[Étienne Jehannot pour] Durand Gerlier";"1499";"xxxi, [1] ff. signés a-d8, le dernier blanc";"Null";"Null"
"http://data.bnf.fr/ark:/12148/cb30564051b";"Cyrurgia Guidonis de Cauliaco. Brunus Longoburgensis, Chirurgia magna et minor. Tura de Castello, Recepta aquae balnei de Porrecta. Theodoricus episcopus Cerviensis, Chirurgia. Rolandus, Libellus de chirurgia. Lanfrancus Mediolanensis, Chirurgia. Rogerius, Practica. L. Bertapalia, Recollectae super 4° Avicennae. Jesus filius Hali, de Oculis. Canamusali de Baldach, de Oculis";"1499";"Venezia";"Simone da Lovere pour Andrea Torresani";"1499";"270 ff. foliotés 2 à 269 et signés A-H8, I10, K-L8, M6, N-Q8, R-T6, U-Z8, AA-DD8, EE6, FF-HH8, II6, KK-MM8";"Null";"Null"
"http://data.bnf.fr/ark:/12148/cb305677363";"Comoediae...";"1499";"Parisiis";"Null";"1499";"In-8°";"Null";"Null"
"http://data.bnf.fr/ark:/12148/cb36812935d";"Hymnorum // qui per totius anni circulum concinuntur fami//liaris expositio... - (A la fin :) Imprimé nouvellement. - En tête, épitre de Jacobus Vuyn[felingus] Sletstaninus, datée du 1er septembre 1499";"1499";"(S. l. n. d.)";"Null";"1499";"In-8 °. 124 feuillets. Cahiers signés A-Q. Le commentaire en lettres gothiques";"Null";"Null"
"http://data.bnf.fr/ark:/12148/cb36812627z";"Te igitur. Canonis misse in//terpretatio pervenusta cla ://raqz nō min. qz salubris :... (A là fin) Dum vero impressorum opera ac industria nostre salutis an // no. M. cccc. xcix iiij. Kls nouēbs̄ ita ut vides cōpletu esset. // Insignis Salmantica";"1499";"Salamanca";"Null";"1499";"In-4 °, car. goth.";"Null";"Null"
"http://data.bnf.fr/ark:/12148/cb368142338";"Missale Romanum";"1499";"Venezia";"Giorgio Arrivabene";"1499";"2 °, ill., musique";"Null";"Null"
"http://data.bnf.fr/ark:/12148/cb36815617c";"Rationale Cerimo//niarum Misse Ambrosiane";"1499";"(Mediolani)";"Ambrosius de Caponags impressit apud Alexandrum Minutianum";"1499";"Null";"Null";"Null"
"http://data.bnf.fr/ark:/12148/cb368173338";"[Missale Bambergense]. Speciale missarũ Sed'm // chorũ Bombergensz. (A la fin :) Missale speciale... eccl'ie Bąbergñ...";"1499";"Bamberg";"Johann Pfeyl";"1499";"2 °, ill., musique";"Null";"Null"
"http://data.bnf.fr/ark:/12148/cb36817521t";"Missale insignis ecclesie Leodiensis...";"1499";"Parisiis";"I. Higmanus";"1499";"Null";"Null";"Null"
"http://data.bnf.fr/ark:/12148/cb368176453";"Missale Olomuceñ";"1499";"Nurnbergae";"G. Stöchs";"1499";"Null";"Null";"Null"
"http://data.bnf.fr/ark:/12148/cb36818328x";"[Horae ad usum Cabilonensem. Lat. et fr.]";"1499";"[Paris]";"Thielman Kerver pour Hugues Pageot";"1499";"[Ca 265 p.]";"Null";"http://gallica.bnf.fr/ark:/12148/bpt6k110613r"
"http://data.bnf.fr/ark:/12148/cb36819257g";"Breviarium Saresberiense";"1499";"Paris";"[Jean Du Pré]";"1499";"9 parties, 8 °, enluminé et imprimé en car. goth.";"Null";"Null"
"http://data.bnf.fr/ark:/12148/cb368189037";"[Breviarium Constantiense. Pars estivalis.]";"1499";"[Rouen";"Null";"1499";"In-8 °. Caractères gothiques. A deux colonnes. 34 lignes à la colonne";"Null";"Null"
"http://data.bnf.fr/ark:/12148/cb368192146";"Breviarium Nemausense";"1499";"[Lyon";"Jean de Vingle ?]";"1499";"3 vol. petit in-4 °";"Null";"Null"
"http://data.bnf.fr/ark:/12148/cb36818959v";"Breviarium Vapincense. Ed. sur la demande de Gabriel de Sclafanatis, évêque de Gap";"1499";"[Lyon";"S. n.] aux frais de Bertrandus Campissauri, Guilelmus Aguillenqui et Gilbertus Garrelli";"1499";"8 °";"Null";"Null"
"http://data.bnf.fr/ark:/12148/cb36820838w";"Confessionale ad utilitatem et directionem ministrorum, rectorum, vicariorumque curatum et ecclesiarum civitatis diocesis Albiensis...";"1499";"(Lugduni";"Null";"1499";"In-4 °";"Null";"Null"
"http://data.bnf.fr/ark:/12148/cb36820835v";"Obsequiale Augustense";"1499";"Augsburg";"Erhard Ratdolt";"1499";"4 °, ill., musique";"Null";"Null"
"http://data.bnf.fr/ark:/12148/cb36824810g";"Las horas de Nuestra Señora con mu//chos otros ofiçios y oraçiones";"1499";"Paris";"por S. Vostre";"1499";"8 °";"Null";"Null"
"http://data.bnf.fr/ark:/12148/cb36824712w";"Heures de Nostre Dame en françoys";"1499";"Paris";"Antoine Vérard";"1499";"[Ca 233 p.]";"Null";"http://gallica.bnf.fr/ark:/12148/bpt6k110610m"
"http://data.bnf.fr/ark:/12148/cb30620045s";"De Immortalitate anime. - A la fin : Magistri Guillermi Houppellande libello de immortalitate anime... finis impositus est, qui Parisius exaratus est pro Dyonisio Roce, anno Domini 1499, die vero 4. mensis septembris";"1499";"Parisius";"Null";"1499";"Petit in-8° , 23 ff. non ch., sign. a-c, car. goth., marque typ. de D. Roce au titre";"Null";"Null"
"http://data.bnf.fr/ark:/12148/cb306263332";"Fol. 1 : Speculum Ecclesie [auctore Hugone de Sancto Charo], una cum Speculo sacerdotum, distinctionem misse situationemque in se continens, cuilibet sacerdoti volenti cum devotione bonaque intentione celebrare summopere pro oculis esse disponatur. Incipit feliciter hylariterque. - A la fin : Finit Speculum sacerdotum";"1499";"[Lyon";"imprimeur du Guido de Monte Rochen, Manipulus curatorum (IGI 4593)";"1499";"[16] ff. signés a-b8";"Null";"Null"
"http://data.bnf.fr/ark:/12148/cb306263619";"Hortulus rosarum...";"1499";"Basileae";"Null";"1499";"In-8°";"Null";"Null"
"http://data.bnf.fr/ark:/12148/cb30635365n";"Henrici Institoris Opusculum adversus dogmata D. Antonii Roselli in errores monarchie et de potestate pape et imperatoris et an apud papam sit potestas utriusque juris";"1499";"Venetiis";"arte J. de Leucho, expensis P. Liechtenstein";"1499";"[46] p.";"Null";"http://gallica.bnf.fr/ark:/12148/bpt6k1093768"
"http://data.bnf.fr/ark:/12148/cb30636650p";"Praeclarissimum opus divi Isidori, hyspalensis episcopi, quod Ethimologiarum intitulatur";"1499";"Impressum Parrhisii";"opera G. Wolff et T. Kerver";"1499";"In-fol. (Hain, *9275.)";"Null";"http://gallica.bnf.fr/ark:/12148/btv1b7300071p"
"http://data.bnf.fr/ark:/12148/cb30648903p";"Interpretatio Georgii Bruxellensis in Summulas Petri Hispani, una cum textu ejusdem et notis Thomae Bricot";"1499";"Paris";"Félix Baligault";"1499";"[186] ff.";"Null";"Null"
"http://data.bnf.fr/ark:/12148/cb306555915";"Joannis de Sacro Bosco Sphaera mundi, cum tribus commentis nuper editis, videlicet Cicchi Esculani, Francisci Capuani de Manfredonia et Jacobi Fabri Stapulensis. Theoricae novae planetarum Georgii Purbachii et in eas Francisci Capuani de Manfredonia expositio";"1499";"Venetiis";"per S. Papiensem";"1499";"In-fol. (Hain, *14125.)";"Null";"Null"
"http://data.bnf.fr/ark:/12148/cb30655592h";"Sphaera mundi cum tribus commentis nuper editis vz.";"1499";"Venetiis";"Simone Bevilacqua";"1499";"Null";"Null";"Null"
"http://data.bnf.fr/ark:/12148/cb30655590t";"Joannis de Sacro Bosco Sphaera mundi, cum tribus commentis nuper editis, videlicet Cicchi Esculani, Francisci Capuani de Manfredonia et Jacobi Fabri Stapulensis. Theoricae novae planetarum Georgii Purbachii et in eas Francisci Capuani de Manfredonia expositio";"1499";"Venetiis";"per S. Papiensem";"1499";"In-fol. (Copinger, *14125.)";"Null";"Null"
"http://data.bnf.fr/ark:/12148/cb30655551x";"Quaestiones metaphysicales super libros metaphysicae Aristotelis";"1499";"Venetiis";"Null";"1499";"In-fol. (Pellechet, 88.)";"Null";"Null"
"http://data.bnf.fr/ark:/12148/cb30660755v";"Josephus de Antiquitatibus ac de Bello judaico";"1499";"Venetiis";"expensis O. Scoti et fratris ejus";"1499";"In-fol. (Hain, 9455.)";"Null";"Null"
"http://data.bnf.fr/ark:/12148/cb30677584s";"Hortulus rosarum de valle lachrymarum, auctore Thoma a Kempis. Ode Sebastiani Braut [sic] in commendationem Hortuli rosarum. Hugonis de Sancto Victore de Studio orandi et de Tribus dietis. Ad gloriosam Virginem Mariam ex verbis Apuleii precatio S. Brant. In laudem Virginis gloriosae, ex verbis beati Bernardi Clarevallensis salutatio S. Brant";"1499";"(Baslae,)";"Olpe";"1499";"In-8° . (Hain, 8939.)";"Null";"Null""http://data.bnf.fr/ark:/12148/cb30773723b";"Liber de laudibus... Virginis Marie... Libellus de natali pueri parvuli... Clericus... Phantasticus...";"1499";"Paris";"Guy Marchant pour lui-même et pour Jean Petit";"1499";"Null";"Null";"Null"
"http://data.bnf.fr/ark:/12148/cb38495311q";"[Illustrations de Scriptores astronomici veteres. I. Firmici astronomicorum... Arati Phaenomena...]";"1499";"Venetiis";"Cura et diligenta";"1499";"36 est. : noir et blanc";"http://data.bnf.fr/ark:/12148/cb14610846g";"http://gallica.bnf.fr/ark:/12148/btv1b26000877"
"http://data.bnf.fr/ark:/12148/cb384953064";"[Illustrations de Sphaera mundi cum tribus commentis nuper editis Cicchi Esculani, Francisci Capuani de Manfudonia...]";"1499";"Venitiis";"per Simonem Papiensem";"1499";"4 est. : noir et blanc";"http://data.bnf.fr/ark:/12148/cb11976033q";"http://gallica.bnf.fr/ark:/12148/btv1b26000914"
"http://data.bnf.fr/ark:/12148/cb38497138p";"[Illustrations de Le Songe de Poliphile]";"1499";"Venise";"Aldus Manutius";"1499";"155 est. : gravures sur bois : n. et b.";"Null";"http://gallica.bnf.fr/ark:/12148/btv1b2200005d"
"http://data.bnf.fr/ark:/12148/cb30816902k";"Hec practica [Johannis Lichtenberger] narrat de presenti anno et sequentibus quamplurimis annis...";"1499";"Argentinae";"(B. Kistler)";"1499";"In-4° , car. goth., fig. (Hain, *10084.)";"Null";"Null"
"http://data.bnf.fr/ark:/12148/cb30816903x";"Hec practica narrat de presenti anno et sequentibus quamplurimis annis...";"1499";"Strasbourg";"[Bartholomäus Kistler]";"1499";"car. goth., fig.";"Null";"Null"
"http://data.bnf.fr/ark:/12148/cb38639656k";"Médaille";"1499";"Null";"Null";"1499";"Null";"Null";"http://gallica.bnf.fr/ark:/12148/btv1b77001851"
"http://data.bnf.fr/ark:/12148/cb386399583";"écu d'or au soleil de Provence, piéfort";"1499";"Aix-en-Provence";"Null";"1499";"Null";"Null";"http://gallica.bnf.fr/ark:/12148/btv1b7700496v"
"http://data.bnf.fr/ark:/12148/cb30820137s";"Scriptores astronomici veteres";"1499";"Venetiis";"Null";"1499";"In-fol. (Hain. * 14559.)";"Null";"Null"
"http://data.bnf.fr/ark:/12148/cb30841730p";"Lucanus, cum duobus commentis [J. Sulpitii Verulani et Omniboni Leoniceni. Studio J. Britannici Brixiani et J. Taberi]";"1499";"Milano";"Leonhard Pachel";"1499";"Null";"Null";"Null"
"http://data.bnf.fr/ark:/12148/cb308446722";"Dat Boeck van den leven ons liefs Heren Jhesu Cristi [Ludolphi des Carthusers]";"1499";"Zwol";"Peter Van Os";"1499";"In-fol. (Campbell, 1185.)";"Null";"Null"
"http://data.bnf.fr/ark:/12148/cb30861245r";"L'instruction et consolacion de la vie contemplative selon frère Olivier Maillard";"1499";"Paris";"Antoine Vérard";"1499";"1 vol. ([90] p.)";"Null";"http://gallica.bnf.fr/ark:/12148/bpt6k111093x"
"http://data.bnf.fr/ark:/12148/cb308673146";"Comediae...";"1499";"Parisiis";"Null";"1499";"In-8°";"Null";"Null"
"http://data.bnf.fr/ark:/12148/cb308702253";"[Scribendi orandique modus per Anthonium Mancinellum.] - À la fin : Impressum Ulme anno salutis dominice 1499, 13mo kalendas septembris";"1499";"Ulm";"Johannes Schäffler";"1499";"[46] ff.";"Null";"Null"
"http://data.bnf.fr/ark:/12148/cb308702222";"Elegantiae de lingua latina...";"1499";"(Venetiis";"Null";"1499";"In-fol.";"Null";"Null"
"http://data.bnf.fr/ark:/12148/cb30870214f";"Ant. Mancinelli Carmen de floribus. Carmen de figuris. De Poetica virtute. Vite carmen. - A la fin : Impressum Parisiis per Anthonium Denidel, in artibus magistrum, prope collegium de Coqueret, in intersignio Cornu cervi commorantem. Anno Domini 1499, die 7ma septembris";"1499";"Paris";"Antoine Denidel";"1499";"sign. a-k";"Null";"Null"
"http://data.bnf.fr/ark:/12148/cb30872123m";"Scriptores astronomici veteres";"1499";"Venetiis";"Null";"1499";"In-fol. (Hain, *14559.)";"Null";"Null"
"http://data.bnf.fr/ark:/12148/cb30873927f";"Reverendi Fratris Baptistae Mantuani de Patientia aurei libri tres. [Edidit Joannes Taberius.]";"1499";"Venetiis";"Null";"1499";"In-4° . (Pellechet, 1812.)";"Null";"Null"
"http://data.bnf.fr/ark:/12148/cb30873928s";"Reverendi Fratris Baptistae Mantuani de Patientia aurei libri tres. [Edidit Joannes Taberius.]";"1499";"Basileae";"Null";"1499";"In-4° . (Pellechet, 1813.)";"Null";"Null"
"http://data.bnf.fr/ark:/12148/cb30873916s";"Parthenice Catharinaria Fratris Baptiste Mantuani, ab Ascensio familiariter exposita";"1499";"Parisiis";"Null";"1499";"In-4° . (Pellechet, 1777.)";"Null";"Null"
"http://data.bnf.fr/ark:/12148/cb30873883n";"F. Baptiste Mantuani,... Aureum contra impudice scribentes opusculum, familiariter explicatum [ab Jodoco Badio Ascensio]";"1499";"Paris";"Thielman Kerver pour Jean Petit et Johannes Confluentinus";"1499";"Null";"Null";"Null"
"http://data.bnf.fr/ark:/12148/cb308738949";"Fratris Baptistae Mantuani,... ad... Lodovicum Gonzalem... in Robertum Severinatem panegyricum carmen [et varia alia carmina]";"1499";"Venetiis";"Null";"1499";"In-4° . (Pellechet, 1785.)";"Null";"Null"
"http://data.bnf.fr/ark:/12148/cb308740872";"Scriptores astronomici veteres";"1499";"Venetiis";"Null";"1499";"In-fol. (Hain, *14559.)";"Null";"Null"
"http://data.bnf.fr/ark:/12148/cb30873873b";"De Calamitatibus temporum, seu Contra peccatorum monstra aureum Baptistę Mantuani poema, familiariter succincte declaratum [ab Jodoco Badio]";"1499";"Parisiis";"Null";"1499";"In-4°";"Null";"Null"
"http://data.bnf.fr/ark:/12148/cb30873906g";"Parthenice Mariana F. Baptiste Mantuani, ab Jodoco Badio Ascensio familiariter explanata... Ejusdem Apologeticon et carmen votitium ad divam Virginem cum suis elucidatiunculis";"1499";"[Paris]";"Thielman Kerver pour Jean Petit et Johannes Confluentinus";"1499";"Null";"Null";"Null"
"http://data.bnf.fr/ark:/12148/cb393043138";"Opera. Trad. Ambrosius Traversarius. Ed. Jacobus Faber Stapulensis";"1499";"Paris";"Johannes Higman. - Wolfgang Hopyl";"1499";"In-fol.";"Null";"Null"
"http://data.bnf.fr/ark:/12148/cb39306213g";"Sermones de tempore";"1499";"Haguenau";"Heinrich Gran";"1499";"Null";"Null";"Null"
"http://data.bnf.fr/ark:/12148/cb39310677k";"Ars moralis";"1499";"Parisiis";"per Guidonem Mercatorem";"1499";"In-4 °";"Null";"Null"
"http://data.bnf.fr/ark:/12148/cb39322168x";"Octavii Cleophili Phanensis poetae venustis imi [sic] Libellus de Coetu poetarum.";"1499";"[Paris]";"[Michel Tholoze pour] Alexandre Aliate";"1499";"In-4 °, car. rom., sign. A-C";"Null";"Null"
"http://data.bnf.fr/ark:/12148/cb393221605";"Scribendi orandique modus per Ant. Mancinellum";"1499";"Paris";"Antoine Denidel";"1499";"In-4 °";"Null";"Null"
"http://data.bnf.fr/ark:/12148/cb393282121";"Propertii poete preclarissimum elegiarum opus nuperrime sedula opera castigatum...";"1499";"Null";"Null";"1499";"Sig. A-M8";"Null";"Null"
"http://data.bnf.fr/ark:/12148/cb39328695n";"Parthenice Catharinaria Fratris Baptiste Mantuani, ab Ascensio familiariter exposita";"1499";"Parisiis";"Jehan Petit";"1499";"In-4 °";"Null";"Null"
"http://data.bnf.fr/ark:/12148/cb39326210v";"Epistola Jo. Bad. Ascensii, Epistolae et Orationes et Poemata Philippi Beroaldi";"1499";"Paris";"Denis Roce";"1499";"Null";"Null";"Null"
"http://data.bnf.fr/ark:/12148/cb39326207z";"De elegantiis terminorum ex Laurentio Valla et quorumdam aliorum secundum ordinem alphabeti breviter collectis";"1499";"Parisiis";"per Nicolaum de Barra. - pro Alexandro Alyate de Mediolano";"1499";"In-4 °";"Null";"http://gallica.bnf.fr/ark:/12148/btv1b8614567z"
"http://data.bnf.fr/ark:/12148/cb393260705";"Interpretatio in Laurentii Vallae Elegantias latinæ linguæ";"1499";"Paris";"Le Petit Laurens pour Jean Petit";"1499";"In-4 °";"Null";"Null"
"http://data.bnf.fr/ark:/12148/cb39359935g";"Dionysius de situ orbis. Venales inveniuntur Parisius : In vico divi Jacobi apud Siguun Leonis argentei. - [A la fin :] Impressum est hoc opusculum Parisiis per... Georgium Wolff & Thielmannum Kerver";"1499";"Parisiis";"Jean Petit";"1499";"In-4 °";"Null";"Null"
"http://data.bnf.fr/ark:/12148/cb39361096g";"Pauli Orosii viri doctissimi historiarum initium ad Aurelium Augustinum. - [A la fin :] Finis tabulae";"1499";"Venetiis";"Christoph de Pensis";"1499";"In-fol. parch..";"Null";"Null"
"http://data.bnf.fr/ark:/12148/cb393707235";"Commentariorum Felini Sandei juris canonici interpretis pars tertia";"1499";"Lugduni";"Null";"1499";"In-fol.";"Null";"Null"
"http://data.bnf.fr/ark:/12148/cb39372440d";"Ordonnances de par le Roy Louis XII. Nouv. édition";"1499";"[S. l. ?]";"Null";"1499";"In-fol., goth.";"Null";"Null"
"http://data.bnf.fr/ark:/12148/cb393724396";"Ordonnances Royaux publiés à Paris de par le Roy Louis XII de ce nom";"1499";"Paris";"Null";"1499";"Petit in-8 °, gothique";"Null";"Null"
"http://data.bnf.fr/ark:/12148/cb30913950w";"[Déclaration de guerre au roi de France, par l'empereur Maximilien.]";"1499";"(S. l.,)";"Null";"1499";"In-fol. plano";"Null";"Null"
"http://data.bnf.fr/ark:/12148/cb309238964";"Las ccc del famosissimo poeta Juan de Mena con glosa. - Fol. 2 : Glosa sobre las Trezientas del famoso poeta Juan de Mena, compuesta por Hernand Nunnez de Toledo... - A la fin : Acabanse las Trezientas del famosissimo poeta Juan de Mena, glosadas por Hernand Nuñez de Toledo... Impressas con mucha diligencia y correccion por Joannes Pegnizer de Nurenberga y Magno y Thomas compañeros, Alemanes, en la muy noble cibdad de Sevilla, año de mill. cccc. xc. y ix, á xxviij. de agosto";"1499";"Séville";"Null";"1499";"In-fol., 190 ff., car. goth., à longues lignes, glose enveloppant le texte, notes en manchette. Marque d'impr.";"Null";"Null"
"http://data.bnf.fr/ark:/12148/cb309266980";"Epistole Karoli Menniken";"1499";"Parisius";"J. Petit";"1499";"In-4° , car. goth. (Hain, *10686.)";"Null";"Null"
"http://data.bnf.fr/ark:/12148/cb30932488c";"De Antiquitate vicecomitum. Éd. Alexander Minutianus";"1499";"[Milano]";"[Guillaume Le Signerre]";"1499";"pièces limin., 138 ff.";"Null";"Null"
"http://data.bnf.fr/ark:/12148/cb309429043";"Sermones de sanctis perutiles, a quodam fratre Hungaro, ordinis Minorum de Obedientia, comportati, biga salutis intitulati";"1499";"Hagwena";"sumptibus J. Ryman, per H. Gran";"1499";"In-4° . (Hain, *9055.)";"Null";"Null"
"http://data.bnf.fr/ark:/12148/cb30961169n";"Bonini Mombricii mediolanensis... de Dominica Passione libri sex, heroico carmine conscripti";"1499";"Leipzig";"Null";"1499";"In-4° . (Hain, 11543.)";"Null";"http://gallica.bnf.fr/ark:/12148/bpt6k135343q"
"http://data.bnf.fr/ark:/12148/cb30998163w";"Thomas Murner. Tractatus de phytonico contractu";"1499";"Ex Universitate friburgensi";"Null";"1499";"In-4° . (Hain. 11647.)";"Null";"Null"
"http://data.bnf.fr/ark:/12148/cb309981469";"Invectiva contra astrologos... fratris Thomae Murner";"1499";"Argentinae";"Null";"1499";"In-4° . (Hain, 11649.)";"Null";"Null"
"http://data.bnf.fr/ark:/12148/cb31000027j";"Etymologicum magnum graecum";"1499";"Venezia";"Zakharias Kallierges pour Nikolaos Vlastos et Anna Notaras";"1499";"Null";"Null";"Null"
"http://data.bnf.fr/ark:/12148/cb310000266";"Ἐπιστολαὶ διαφόρων φιλοσόφων, ῤητόρων, σοφιστῶν. Epistolae diversorum philosophorum, oratorum, rhetorum. Éd. Marcus Musurus";"1499";"Venezia";"Aldo Manuzio";"1499";"2 parties";"Null";"Null"
"http://data.bnf.fr/ark:/12148/cb31000429b";"Macarius Mutius de Triumpho Christi...";"1499";"Venise";"Null";"1499";"In-4° . (Hain, 11655.)";"Null";"Null"
"http://data.bnf.fr/ark:/12148/cb31015957c";"Tractatus sacerdotalis de sacramentis deque divinis officiis et eorum administrationibus, auctore Nicolao de Blonie";"1499";"Argentinae";"per Martinum Flach";"1499";"In-4° . (Pellechet, 2433.)";"Null";"Null"
"http://data.bnf.fr/ark:/12148/cb31015958q";"Tractatus sacerdotalis de sacramentis deque divinis officiis et eorum administrationibus, auctore Nicolao de Blonie";"1499";"Pampilonae";"per Arnaldum Guillermum de Brocar";"1499";"In-4° . (Pellechet, 2434.)";"Null";"Null"
"http://data.bnf.fr/ark:/12148/cb31040672v";"Pauli Orosii. Historiarum adversus paganos libri VII";"1499";"Venetiis";"Null";"1499";"In-fol. (Hain-Copinger, *12103.)";"Null";"Null"
"http://data.bnf.fr/ark:/12148/cb310464702";"Epistolas Ovidii necnon Sabini vetustum [sic] poetae Responsiones ad Epistolas Ovidii unacum Diris in Ibi hoc emendatissimo libro habes lector mi candidissime. Vive vale, Felix sis. - (A la fin :)... Michael Le Noir impressit : supra pontem sancti Michaelis, anno Domini. M. CCCC. XCIX. Vicesima tertia die mensis januarii";"1499";"(Parisiis";"M. Le Noir";"1499";"In-4° , 92 ff. n. ch., sign. A-O., fig. gravées sur bois";"Null";"Null"
"http://data.bnf.fr/ark:/12148/cb31046988h";"Ovidius de Tristibus cum commento [Bartholomaei Merulae]";"1499";"Venezia";"Giovanni Tacuino";"1499";"Null";"Null";"Null"
"http://data.bnf.fr/ark:/12148/cb310526627";"Opera agricolationum, cum excriptionibus D. P. Beroaldi et commentariis quae in aliis impressionibus non extant";"1499";"Regii";"Null";"1499";"In-fol. (Hain, *14570.)";"Null";"Null"
"http://data.bnf.fr/ark:/12148/cb40453903f";"[Ensemble de dix vignettes représentant des sirènes et des monstres marins]";"1499";"Null";"Null";"1499";"10 est. : formats divers";"http://data.bnf.fr/ark:/12148/cb11946076c";"Null"
"http://data.bnf.fr/ark:/12148/cb40453904s";"[Ensemble de cinq vignettes représentant des chevaux marins]";"1499";"Null";"Null";"1499";"5 est. : formats divers";"http://data.bnf.fr/ark:/12148/cb11934770j";"Null"
"http://data.bnf.fr/ark:/12148/cb310836298";"Nicolai Perotti Cornucopiae, sive Linguae latinae commentarii. Ejusdem Libellus quo Plinii epistola ad Titum Vespasianum corrigitur, cum graeco. Cornelii Vitellii in ipsum libellum annotationes. Edidit cum proemio L. Odaxii Aldus Manutius";"1499";"Venetiis";"in aedibus Aldi";"1499";"In-fol. (Hain, *12706.)";"Null";"Null"
"http://data.bnf.fr/ark:/12148/cb310885981";"A. Persii Satyrae, cum familiari commento J. Badii et Joannis Britannici eruditissima interpretatione. Accesserunt praelectiones in Persium Beroaldi et Angeli Politiani et vita Persii per J. Britannicum";"1499";"Lugduni";"opera Nicolai Lupi, vulgo Wolf";"1499";"In-4° . (Hain, 12733 ; Morgan, 46.)";"Null";"Null"
"http://data.bnf.fr/ark:/12148/cb31088600r";"Persius, cum tribus commentariis : Cornuti, Joannis Britannici Brixiani et Bartolomei Foncii";"1499";"Venetiis";"sumptu Joannis de Tridino";"1499";"In-fol., fig. au titre. (Hain, 12744 ; Morgan, 47.)";"Null";"Null"
"http://data.bnf.fr/ark:/12148/cb31094458r";"Dyalogus Francisci Petrarche de Vera sapiencia";"1499";"[Köln]";"[Cornelius von Zyrickzee]";"1499";"Null";"Null";"Null"
"http://data.bnf.fr/ark:/12148/cb310951732";"Petronii Arbitri Satyrici fragmenta quae extant. - A la fin : Impressum Venetiis, per Bernardinum Venetum de Vitalibus, anno domini 1499 die 23 mensis julii";"1499";"Venise";"Null";"1499";"In-4° , car. rom., sign. A-e";"Null";"Null"
"http://data.bnf.fr/ark:/12148/cb31109092b";"Textus Sententiarum [magistri Petri Lombardi], cum conclusionibus magistri Henrici Gorichem";"1499";"Parisiis";"Null";"1499";"In-fol. (Hain-Copinger, 10199.)";"Null";"Null"
"http://data.bnf.fr/ark:/12148/cb31121442c";"Platyne de Honesta voluptate et valitudine...";"1499";"Bononiae";"Null";"1499";"In-4° , (Hain-Copinger, *13056)";"Null";"Null"
"http://data.bnf.fr/ark:/12148/cb31122464x";"Plautinae viginti comediae cum interpraetatione Petri Vallae ac Bernardi Saraceni";"1499";"Venezia";"Simone Bevilacqua pour Marco Firmiano";"1499";"[348] f. en 2 parties, signées A10, b-i8, k-m6, aa6, a-z8, &8, ɔ8, R̸8, A-D8, E6, F4";"Null";"Null"
"http://data.bnf.fr/ark:/12148/cb31123727s";"Quaedam elegantissime e breviores epistole M. Tullii Ciceronis et C Plinii Secundi";"1499";"Daventrie";"impr. per R. Paffraet";"1499";"In-4° . (Pellechet, 3631.)";"Null";"Null"
"http://data.bnf.fr/ark:/12148/cb31130948s";"Opera Angeli Politiani et alia quaedam lectu digna... - À la fin : Impr. Florentiae et accuratissime castigatum opera et impensa Leonardi de Arigis de Gesoriaco, die decimo augusti M I D";"1499";"Florentiae";"Null";"1499";"In-fol., sign. a-z, A-M. (Hain-Copinger, 13219.)";"Null";"Null"
"http://data.bnf.fr/ark:/12148/cb311309610";"Illustrium virorum Epistole. - À la fin : Hoc opus diligenter impressum est anno a Natali Christiano M.CCCCXCIX, ad idus februarias, in officina Nicolai Wolf...";"1499";"[Lugduni,]";"Null";"1499";"In-fol., sign. a-o, car. rom. (Pellechet, 4614.)";"Null";"Null"
"http://data.bnf.fr/ark:/12148/cb31132772k";"Romanae historiae compendium ab interitu Gordiani junioris usque ad Justinum III, per Pomponium Laetum...";"1499";"Venetiis";"Null";"1499";"In-4° . (Hain-Copinger, *9830.)";"Null";"Null"
"http://data.bnf.fr/ark:/12148/cb31130991x";"Satyrae, cum familiari commento Jo. Badii...";"1499";"Lugduni";"Null";"1499";"In-4°";"Null";"Null"
"http://data.bnf.fr/ark:/12148/cb311532469";"Scriptores astronomici veteres";"1499";"Venetiis";"Null";"1499";"In-fol. (Hain, *14559.)";"Null";"Null"
"http://data.bnf.fr/ark:/12148/cb31180181f";"Collacio habita in publico conventu cluniacensium ordinis sancti Benedicti per... magistrum Joannem Raulin,... de perfecta religionis plantatione incremento et instauratione. Carmen saphicum Enee Silvii alias Pii pape in passionem Cristi. - A la fin : Tractatus impressus Parisiis, per magistrum Guidonem Mercatorem... anno domini 1499, die decima sexta novembris";"1499";"(Parisiis";"Null";"1499";"In-8° , sign. a-c";"Null";"Null"
"http://data.bnf.fr/ark:/12148/cb311874511";"Speculum finalis retributionis tam bonorum operum quam malorum, egregii sacre theologie doctoris fratris Petri Reginaldeti,...";"1499";"Bâle";"J. de Pfortzen";"1499";"In-4° , car. goth. (Hain, *13774.)";"Null";"Null"
"http://data.bnf.fr/ark:/12148/cb41214278m";"Bulla Alexandri VI papae « Consueverunt Romani pontifices »";"1499";"[Roma ?]";"[imprimeur de Zane, Oratio (H 16272)]";"1499";"Null";"Null";"Null"
"http://data.bnf.fr/ark:/12148/cb31211347s";"Ricardus de Media Villa Super quarto Sententiarum. - A la fin : Explicit scriptum super quarto Sententiarum editum a fratre Ricardo de Media Villa,... per... Fratrem Franciscum Gregorii, emendatum. Cui imprimendo finem imposuit Bonetus Locatellus,... 1499, 16 kalendas januarias";"1499";"(Venise";"O. Scotus)";"1499";"In-4° , sign. aa-cc, 331 ff., car. goth., marque typogr. d'Octavianus Scotus, de Venise, à la fin";"Null";"Null"
"http://data.bnf.fr/ark:/12148/cb312240696";"Confessionario per spiritual persone, compilato da me... don Marco Veronese,... [Con una Laude di Feo Belcari.]";"1499";"Bologna";"impresso per Z. A. di Benedetti";"1499";"In-4° . (Hain, 10751.)";"Null";"Null"
"http://data.bnf.fr/ark:/12148/cb312371531";"[Comedia de Calisto y Melibea, por F. de Rojas.] Fol. a 1 : Argumento del primer auto desta comedia. Melibea. Calisto";"1499";"(Burgos,)";"F. A. de Basilea";"1499";"In-4° , sign. a-m., car. goth., fig. gr., marque typogr.";"Null";"Null"
"http://data.bnf.fr/ark:/12148/cb31243251v";"Le Catholicon breton";"1499";"Tréguier";"Jehan Calvez";"1499";"Null";"Null";"http://gallica.bnf.fr/ark:/12148/bpt6k1510883p"
"http://data.bnf.fr/ark:/12148/cb31274882n";"Viola anime per modum dyalogi inter Raymundum Sebundium,... et Dominum Dominicum Seminiverbium de Hominis natura (propter quem omnia facta sunt) tractans, ad cognoscendum se, Deum et hominem. [Mathei Herbeni Epygramma ad lectores.]";"1499";"Köln";"[Retro Minores (= Martin von Werden ?) pour] Heinrich Quentell";"1499";"fig. gr. sur bois au v° du dernier feuillet";"Null";"Null"
"http://data.bnf.fr/ark:/12148/cb42055913t";"[La Vierge à l'Enfant sur un croissant de lune] : [estampe]";"1499";"[S.l.]";"[s.n.]";"1499";"1 est. : burin ; 10,7 x 7,7 cm (tr. c.)";"Null";"http://gallica.bnf.fr/ark:/12148/btv1b6951224n"
"http://data.bnf.fr/ark:/12148/cb42058009t";"[Sol Justitiae] : [estampe]";"1499";"[S.l.]";"[s.n.]";"1499";"1 est. : burin ; 10,7 x 7,7 cm (tr. c.)";"http://data.bnf.fr/ark:/12148/cb133184141";"http://gallica.bnf.fr/ark:/12148/btv1b69512786"
"http://data.bnf.fr/ark:/12148/cb420575078";"[Saint Sébastien attaché à une colonne] : [estampe]";"1499";"[S.l.]";"[s.n.]";"1499";"1 est. : burin ; 11,1 x 7,9 cm (tr. c.)";"http://data.bnf.fr/ark:/12148/cb119552490";"http://gallica.bnf.fr/ark:/12148/btv1b6951254s"
"http://data.bnf.fr/ark:/12148/cb31306404z";"Espositione di Frate Hieronymo da Ferrara,... sopra il psalmo XXX In te Domine speravi... tradocta di latino in vulgare";"1499";"(Firenze";"B. di Libri";"1499";"In-4° , grav. sur bois. (Hain-Cop.-Reichl., 14415 ; B. M., VI, 654 ; Kristeller, 386.)";"Null";"Null"
"http://data.bnf.fr/ark:/12148/cb31306406n";"Expositio ac meditatio in psalmum Miserere fratris Hieronymi de Ferraria...";"1499";"Augustae Vindelicorum";"J. Froschauer";"1499";"In-4° , grav. sur bois. (Hain, *14424.)";"Null";"Null"
"http://data.bnf.fr/ark:/12148/cb313064117";"Expositione di Frate Hieronymo de Ferrara sopra el psalmo L Miserere mei Deus... tradocta di latino in vulgare...";"1499";"(Firenze";"B. di Libri.)";"1499";"In-4° , gr. sur bois. (Hain-Cop.-Reichl., 14431 ; B. M., VI, 654 ; Kristeller, 387.)";"Null";"Null"
"http://data.bnf.fr/ark:/12148/cb31306403m";"Expositione, o Vero compositione di Frate Hieronymo da Ferrara, dell'ordine de Predicatori, sopra il psalmo XXX. In te, Domine, speravi etc., quando era in prigione, del mese di magio 1498, tradocta in volgare. A la fin : Impressum Bononiae per Benedictum Hectoris bononiensis, anno Domini 1499, die VIII mensis aprilis";"1499";"Bononiae";"Null";"1499";"In-4° , 16 ff. sign. a-b, car. rom., à longues lignes";"Null";"Null"
"http://data.bnf.fr/ark:/12148/cb42545529r";"Les Quinze joies de mariage";"1499";"[Paris]";"Jean Trepperel";"1499";"Null";"Null";"Null"
"http://data.bnf.fr/ark:/12148/cb42557669z";"Le recueil des hystoires des repeus franche";"1499";"[Lyon]";"Pierre Maréchal et Barnabé Chaussard";"1499";"[24] ff.";"Null";"Null"
"http://data.bnf.fr/ark:/12148/cb31372248h";"Ύπόμνημα είς τὰς δέκα κατηγορίας του̃ Άριστοτέλους";"1499";"Venezia";"Zakharias Kallierges pour Nikolaos Vlastos";"1499";"Null";"Null";"Null"
"http://data.bnf.fr/ark:/12148/cb42678113s";"Les Ordonnances royaulx nouvellement publiées à Paris de par le roy Loys XIIe de ce nom, le XIIIe jour du moys de juing l'an mil CCCC XCIX";"1499";"[Paris]";"Philippe Pigouchet et] André Bocard";"1499";"22 ff., signés A-C6, D4";"Null";"Null"
"http://data.bnf.fr/ark:/12148/cb314096946";"Almanach nova plurimis annis venturis inservientia, per Joannem Stoefflerinum... et Jacobum Pflaumen... supputata...";"1499";"Ulm";"J. Reger";"1499";"In-4° . (Hain, *15085.)";"Null";"Null"
"http://data.bnf.fr/ark:/12148/cb31420402d";"Opera... nuper reperta [a Thadaeo Ugoleto,... recognita]";"1499";"Parmae";"Null";"1499";"In-4° . (Pellechet, 1649.)";"Null";"Null"
"http://data.bnf.fr/ark:/12148/cb314198552";"Suidae [Lexicon graecum, impressum impensa Demetrii Chalcondyli, cum epistola Joannis Mariae Catanei]";"1499";"Milano";"Giovanni Bissoli et Benedetto Dolcibelli del Mangio pour Demetrios Chalcondylas";"1499";"Null";"Null";"Null"
"http://data.bnf.fr/ark:/12148/cb31439694t";"[Soneti, capituli et egloge del prestantissimo M. Antonio Thebaldeo.]";"1499";"Milano";"impresso per U. Scinzenzeler";"1499";"In-4° , (Hain-Copinger-Reichling, 15451.)";"Null";"Null"
"http://data.bnf.fr/ark:/12148/cb314434105";"P. Terentii Comoedie, quam sedulo per Paulum Malleolum recognite annotatęque, adjectis ab eodem in singulas scęnas, quo facilius intelligantur, breviusculis argumentis... in officina Signi divę Barbarę nuper impressę. (Marque de Jean Philippe, au bas de laquelle :) Distichon ejusdem. - (Sign. Aii, r° :) Publii Terentii vita [ex Donato]. - (Sign. Aiii, r° :) Initium tragedie et comedie... - (Sign. A [V,] r°, au milieu :) Comoedia est fabula diversa... - (Sign. A [VI,] v°, dans le bas :) Poeta quum primum... Comedia Andria quum palliata sit fabula... [videlicet praefatio Donati]. - (Sign. A [VII,] v° :) Chremes Atticus pater Pasibule... [i. e. argumentum Andriae, Donato auctore.] - (Sign. A [VIII,] v° :) Publii Terentii Afri, poetae comici, Andriae initium. - (Sign. Iiiii, r° :) Jo. Calphurnii Brixiensis, viri clar., In P. Sexti [sic] Terentii Heuatontimorumenon [sic] examinata interpretatio. - (Sign. & [V,] r° :) Pauli Malleoli in Terentianas comędias marginaria adnotamenta cum exor...";"1499";"Paris";"Null";"1499";"In-8° , sign. A-Z et &, car. rom. pour le texte, goth. pour les arguments et les gloses marginales, titre impr. en rouge et noir. (Lawton, 96.)";"Null";"Null"
"http://data.bnf.fr/ark:/12148/cb314434047";"Terentius, cum directorio vocabulorum, sententiarum, artis comice, glosa interlineali, comentariis Donato, Guidone [Juvenale], Ascensio. - (Au v° du titre :) Jacobus Locher Philomusus, poeta et orator laureatus, Johanni Grüninger, librorum impressori... in laudem Therentii S. P. D. Publii Therentii Afri... sex integras fabulas ... a te nuper impressas, concinnatas ac lepide collectas oculis... perspexi... Audeamus... Volcatium Sedigitum qui, auctore Aulo Geluo, hisce versiculis iambicis de comicorum poetarum reputatione ac gradu censet... (Suivent 13 vers, et la fin de l'épître terminée par ces mots : Vale, ex Ingolstadensi.) - (Au-dessous :) Ad lectorem epigramma ejusdem Philomusi. - (Sign. [a⁽2,] r° :) Therentii Directorium vocabulorum... - (Sign. [a⁽4,] v° :) Directurium adagionum. - (Sign. [a⁽5,] r° :) Directorium artis comice. - (Sign. [a⁽5,] v° :) Item una alia tabella. - Therfntii epithaphium [sic]. - (Sign. [a⁽6,] r° :) Verba salutationis... interrogatoria... [etc]. - (Fol. C...";"1499";"Strasbourg";"Johannes Grüninger";"1499";"178 f. signés [a6] b–c8 d–z6 A–F6";"Null";"Null"
"http://data.bnf.fr/ark:/12148/cb31451888x";"Scriptores astronomici veteres";"1499";"Venetiis";"Null";"1499";"In-fol. (Hain, *14559.)";"Null";"Null"
"http://data.bnf.fr/ark:/12148/cb31462164f";"Commentum duplex [sancti Thomae et Jodoci Badii Ascensii] in Boetium de Consolatione philosophie... Item Commentum in eundem de Disciplina scholarium [Solum hominem nexum fore Dei et mundi], cum Commento [Ascensii] in Quintilianum de Officio discipulorum. Diligenter annotata";"1499";"Lugduni";"J. Maillet";"1499";"In-4° . (Hain, 3410 ; Pellechet, 2543 ; P. Renouard, op. cit., II, p. 198, 3 ; Gesamtkatalog der Wiegendrucke, IV, 4571.)";"Null";"Null"
"http://data.bnf.fr/ark:/12148/cb31482899f";"Speculum finalis retributionis tam bonorum operum quam malorum [cum editoris prologo]...";"1499";"Basilee";"Null";"1499";"In-4° . (Hain, *13774 ; Br. Mus., Books pr. XVth c., t. III, p. 778.)";"Null";"Null"
"http://data.bnf.fr/ark:/12148/cb31500593k";"Liber qui Rosella casuum appellatur, editus per... fratrem Baptistam Trovamalam,...";"1499";"Venetiis";"per Paganinum de Paganinis";"1499";"In-8° . (Hain, *14186 ; Br. Mus., Books pr. XVth c., t. V, p. 460 ; G. W., 3326.)";"Null";"Null"
"http://data.bnf.fr/ark:/12148/cb315166418";"Corónica de Aragón [por... fray Gauberte Fabricio de Vagad,... compuesta, recognoçida... por... miçer Gonçalo Garcia de Sancta Maria]";"1499";"Çaragoça";"impr. por P. Hurus";"1499";"In-fol. (Hain, 15758 ; Haebler, 653.)";"Null";"Null"
"http://data.bnf.fr/ark:/12148/cb31523004w";"Elegantissimum de Passione Domini opusculum heroico ac pene virgiliano conscriptum carmine [ : Jesuida Hieronimi Paduani]";"1499";"(Coloniae";"de Zieriksee";"1499";"In-4° , fig. (Hain, *15843 ; E. Voullième, der Buchdruck Kölns, n  580 ; Br. Mus., Books pr. XVth c., t. I, p. 307.)";"Null";"Null"
"http://data.bnf.fr/ark:/12148/cb315224560";"Hoc in volumine haec continentur. Laurentii Vallensis Elegantiae de lingua latina. Laurentii Vallensis de Pronomine sui... Laurentii Vallensis Lima quaedam per Antonium Mancinellum";"1499";"Venetiis";"per J. B. Sessa";"1499";"In-fol. (Hain-Copinger, 15822 ; Br. Mus., Books pr. XVth c., t. V, p. 481.)";"Null";"Null"
"http://data.bnf.fr/ark:/12148/cb315454088";"Opera Agricolationum... cum exscriptionibus et commentariis D. Philippi Beroaldi";"1499";"Regii";"Null";"1499";"In-fol. (Hain, *14570 ; Polain, 3480.)";"Null";"Null"
"http://data.bnf.fr/ark:/12148/cb315593263";"Petri Pauli Vergelii [sic],... ad Ubertinum Carariensem de Ingenuis moribus opus preclarissimum";"1499";"Venetiis";"J. B. Sessa";"1499";"In-4° . (Hain-Copinger, *16001 ; Br. Mus., Books pr. XVth c., t. V, p. 481.)";"Null";"Null"
"http://data.bnf.fr/ark:/12148/cb315722910";"Opera...";"1499";"Venetiis";"Null";"1499";"In-fol. (Pellechet, 2491.)";"Null";"Null"
"http://data.bnf.fr/ark:/12148/cb315877417";"Sermones sancti Vincentij,... de sanctis super oratione dominica et quibusdam aliis antehac non impressis";"1499";"Lugduni";"J. Schwab alias Klein";"1499";"In-4° à 2 col., car. goth., marque de J. Clein à la fin. (Polain, t. IV, n  3959 (III) ; Baudrier, t. XII, p. 272.)";"Null";"Null"
"http://data.bnf.fr/ark:/12148/cb31606996b";"Quadragesimale aureum... Jacobi de Voragine,...";"1499";"Lugduni";"(J. Bachelier et P. Barthelot,)";"1499";"In-4° . (Proctor, 8656 ; Copinger, 6539 = 6554 ; Claudin, t. IV, p. 323 ; Baudrier, t. XII, p. 11 ; Indice generale degli incunaboli delle biblioteche d'Italia, t. III, n  5055 ; Goff, J-200.)";"Null";"Null"
"http://data.bnf.fr/ark:/12148/cb31606936g";"La légende dorée en françois [par Jacques de Voragine. Trad. Jean de Vignay. Éd. Jean Battalier]";"1499";"Paris";"Nicolas de La Barre pour Simon Vostre";"1499";"304 ff.";"Null";"http://gallica.bnf.fr/ark:/12148/btv1b8604282b"
"http://data.bnf.fr/ark:/12148/cb316560946";"De Himnorum et sequentiarum auctoribus generibusque carminum que hymnis inveniuntur. Brevissima erudiciuncula Ja. Vymp.,...";"1499";"[Speyer";"Konrad Hist";"1499";"signé A6";"Null";"Null"
"http://data.bnf.fr/ark:/12148/cb316778795";"Liber decretorum, sive Panormia Ivonis accurato labore summoque studio in unum redacta continens. [Edidit Sebastianus Brant.]";"1499";"(Basileae,)";"M. Furter";"1499";"In-4° . (Hain-Copinger, 9328 ; Pellechet, 6405 (6382) ; Polain, 2152 ; Br. Mus., Books pr. XVth c., t. III, p. 785 ; Schreiber, 4272 ; Schramm, XXII, p. 22 et n  1106";"Null";"Null"
"http://data.bnf.fr/ark:/12148/cb31709893x";"Doctrinale. (Antonio Croceo edente.)";"1499";"Barcelona, per Diego de Gumiel";"Null";"1499";"Null";"Null";"Null"
"http://data.bnf.fr/ark:/12148/cb31787774j";"Confessionario per spiritual persone...";"1499";"Bologna";"Null";"1499";"Null";"Null";"Null"
"http://data.bnf.fr/ark:/12148/cb31793848h";"Regula";"1499";"Montserrat";"Johann Luschner";"1499";"Null";"Null";"Null"
"http://data.bnf.fr/ark:/12148/cb318386781";"Meditationes vitae Christi";"1499";"Montserrat";"Johann Luschner";"1499";"Null";"Null";"Null"
"http://data.bnf.fr/ark:/12148/cb318386750";"Instructio novitiovum. De quatuor virtutibus";"1499";"Montserrat";"Johann Luschner";"1499";"Null";"Null";"Null"
"http://data.bnf.fr/ark:/12148/cb31838674n";"Incendium amoris alias regimen conscentie vel fons vite";"1499";"Montserrat";"Johann Luschner";"1499";"Null";"Null";"Null"
"http://data.bnf.fr/ark:/12148/cb31866105k";"Hortulus rosarum de valle lachrymarum... [auctore Thoma a Kempis]... Ode S. Braut [sic] in commendationem Hortuli rosarum";"1499";"Basilee";"Null";"1499";"Null";"Null";"Null"
"http://data.bnf.fr/ark:/12148/cb32138909z";"De Origine et gestis Francorum compendium [Roberti Gaguini]";"1499";"Parisiis, P. Le Dru";"Null";"1499";"Null";"Null";"Null"
"http://data.bnf.fr/ark:/12148/cb32265406m";"Celestina";"1499";"(Burgos,) F. A. de Basilea";"Null";"1499";"Null";"Null";"Null"
"http://data.bnf.fr/ark:/12148/cb32272215h";"Praeclarissimum opus divi Isidori, Hyspalensis episcopi, quod Ethimologiarum intitulatur... Venales inveniuntur Andegavis in domo Johannis Alexandri, librarii in vico gallico vocabulo A la chaussée Saint-Pierre. - (Fol. II :) Incipit epistola Isidori junioris hispalensis episcopi ad Braulionem cęsar augustum episcopum. - (A la fin :) Impressum Parrhisii opera magistri Georgii Wolff et Thielmanni Kerver, anno salutis millesimo quadringentesimo nonagesimonono, vicesimaquinta die mensis maii";"1499";"Parrhisii";"Null";"1499";"Null";"Null";"Null"
"http://data.bnf.fr/ark:/12148/cb32275944r";"Magistri Jacobi de Lenda,... sermones quadragesimales...";"1499";"Paris";"Félix Baligault";"1499";"79 ff. et la table";"Null";"Null"
"http://data.bnf.fr/ark:/12148/cb32304230m";"Hortulus rosarum de valle lachrymarum... [auctore Thoma a Kempis]... Ode S. Braut [sic] in commendationem Hortuli rosarum";"1499";"Basilee";"Null";"1499";"Null";"Null";"Null"
"http://data.bnf.fr/ark:/12148/cb32448813n";"Mystère de la passion";"1499";"Paris";"Null";"1499";"Null";"Null";"Null"
"http://data.bnf.fr/ark:/12148/cb32452314c";"Abrégé de la destruction de Troye la grant";"1499";"Paris";"Michel Le Noir";"1499";"[6] ff.";"Null";"Null"
"http://data.bnf.fr/ark:/12148/cb324871557";"Liber qui ititulatur Bru//nellus in speculo stultorum...";"1499";"Cologne, (Cornelis de Zierickzee)";"Null";"1499";"Null";"Null";"Null"
"http://data.bnf.fr/ark:/12148/cb32514998q";"Cy commence le chapellet de virginite";"1499";"Null";"Null";"Null";"12 f. (sig. A-B6)";"Null";"Null"
"http://data.bnf.fr/ark:/12148/cb33246974f";"Tractatus de arte bene vivendi beneque moriendi";"1499";"Paris";"Guy Marchant pour lui-même et pour Jean Petit";"1499";"[43] f.";"Null";"http://gallica.bnf.fr/ark:/12148/bpt6k109461b"
"http://data.bnf.fr/ark:/12148/cb33378085w";"Evagatorium Genemy. In presenti libello Evagatorium nuncupato continentur hec infra notata scilicet : Optimus predicandi modus... Sermones XIII Michaelis de Hungaria... Passio domini nostri Jesu Christi... Sermones electissimi de sancta Anna. Sermo de rosario beate Marie. Misse peculiares pro itinerantibus";"1499";"Coloniae";"retro Minores";"1499";"In-8°";"Null";"Null"
"http://data.bnf.fr/ark:/12148/cb33457906r";"Leyes de Madrid. Leyes hechas por los muy altos y muy poderosos principes y señores el rey don Fernando y la reyna doña Ysabel... Por la brevedad y orden de los pleytos. Hechas en la villa de Madrid. Año del Señor de mill y quatrocientos y noventa y nueve años. E assimesmo las ordenanças y prematicas hechas... sobre los abogados y procuradores...";"1499";"(S. l. n. d.,) ";"Null";"1499";"In-fol. Goth.";"Null";"Null"
"http://data.bnf.fr/ark:/12148/cb335188945";"La Historia de los nobles caualleros Oliueros de castilla y artus dalgarbe";"1499";"(Burgos";"Null";"1499";"In-fol., fig.";"Null";"Null"
"http://data.bnf.fr/ark:/12148/cb33524685w";"De amore";"1499";"Parisiis";"P. Le Dru pour C. Jaumar";"1499";"38 ff. n. ch.";"Null";"http://gallica.bnf.fr/ark:/12148/bpt6k707579"
"http://data.bnf.fr/ark:/12148/cb335987967";"Opera agricolationum...";"1499";"Reggio Emilia";"Francesco Mazzali";"1499";"2°";"Null";"Null"
"http://data.bnf.fr/ark:/12148/cb33638244j";"De Valore missarum. (à la fin.) Libellus de venerabili sacramento et valore missarum finit feliciter. Impressus Parisius ... per magistrum Guidonem Mercatorem Anno dñi 1499. Die 10 Junij";"1499";"Paris";"Guy Marchand pour lui-même et pour Jean Petit";"1499";"Null";"Null";"Null"
"http://data.bnf.fr/ark:/12148/cb33646599c";"Vita del uirginissimo e Sanctissimo Ioseph";"1499";"[Venezia]";"[Aldo Manuzio]";"1499";"4°, 8 ff., sign. a8 ; 23/26 ll., 1 ill. - Caractères R 114 : BMC V pl. XL.";"Null";"Null"
"http://data.bnf.fr/ark:/12148/cb337458874";"Exemption aux officiers de la chambre des comptes du ban et arrière ban";"1499";"(S. l. n. d.)";"Null";"1499";"4°";"Null";"Null"
"http://data.bnf.fr/ark:/12148/cb33758853r";"Réformation des privilèges des escoliers. Feuillet CLXV";"1499";"S. l. n. d.";"Null";"1499";"In-8, 14 p.";"Null";"Null"
"http://data.bnf.fr/ark:/12148/cb337635548";"Les Réformations des privilèges des universitez [12 mai 1499], avec le cry des monnoyes nouvellement publié à Paris";"1499";"Paris";"impr. de G. Nyverd";"1499";"In-8° (15,5 cm), [12] ff. sign. A-B, car. goth., marque typogr. à la fin";"Null";"Null"
"http://data.bnf.fr/ark:/12148/cb337680543";"Decreta concilii Basiliensis, ex editione Sebastiani Brant";"1499";"[Basel]";"[Jacob Wolff]";"1499";"Null";"Null";"Null"
"http://data.bnf.fr/ark:/12148/cb33769337k";"Regule cancellarie apostolice, cum earū... glosa nuper correcta...";"1499";"Parisius";"J. Richard";"1499";"In-4°";"Null";"Null"
"http://data.bnf.fr/ark:/12148/cb337689568";"(Lettres d'indulgences pour les bienfaiteurs de la commanderie de Saldaña en Espagne, dépendance de l'hôpital du Saint-Esprit de Rome. Double formule, imprimée sur le même feuillet, datée de 1499, commençant par les mots :) Sancti Spiritus adsit nobis gratia. Manifiesto sea a los fieles christianos como los sanctos padres apostolicos de Roma...";"1499";"[S. l. n. d. ?]";"Null";"1499";"Feuillet de 284 millimètres sur 200. Caractères gothiques. 22 lignes à chaque formule, non compris la signature du Comendator de Saldaña";"Null";"Null"
"http://data.bnf.fr/ark:/12148/cb33788472j";"Statuta Synodalia celebrata in ecclesia Nannetensi, die 23 Maii an. 1499";"1499";"[S. l. n. d. ?]";"Null";"1499";"In-4° (pièce)";"Null";"Null"
"http://data.bnf.fr/ark:/12148/cb338103513";"Les Ordonnances royaulx nouvellement publiées à Paris de par le roy Loys XIIe de ce nom, le XIIIe jour du moys de juing l'an mil CCCC XCIX";"1499";"[Paris]";"André Bocard";"1499";"22 ff., signés a6, B-C6, D4";"Null";"Null"
"http://data.bnf.fr/ark:/12148/cb33810349j";"Les ordonnances royaulx nouvellement publiées à Paris de par le roy Loys douziesme de ce nom";"1499";"[Paris";"Étienne Jehannot";"1499";"[26] f.";"Null";"http://gallica.bnf.fr/ark:/12148/bpt6k1112959"
"http://data.bnf.fr/ark:/12148/cb338103544";"Exemplum litterarum erectionis senatus Mediolanensis";"1499";"Milano";"Ambrogio da Caponago pour Alessandro Minuziano";"1499";"8 ff.";"Null";"Null"
"http://data.bnf.fr/ark:/12148/cb33810353s";"Lettres portant exemption de ban et arrière-ban en faveur des officiers de la Chambre des comptes de Paris";"1499";"(S. l. n. d.)";"Null";"1499";"In-4°, 2 p.";"Null";"Null"
"http://data.bnf.fr/ark:/12148/cb33810352f";"Exemption aux officiers de la Chambre des comptes du ban et arrière-ban";"1499";"(S. l.";"1674.)";"1499";"In-4°, 3 p.";"Null";"Null"
"http://data.bnf.fr/ark:/12148/cb33849839d";"Les ordonnances royaulx nouvellement publiées à Paris de par le Roy Loys XIIème de ce nom,...";"1499";"(S. l. n. d.)";"Null";"1499";"In-8°, signé A-D4";"Null";"Null"
"http://data.bnf.fr/ark:/12148/cb33903339x";"Les Réformations des privilèges des universitez [12 mai 1499], avec le cry des monnoyes nouvellement publié à Paris";"1499";"Paris";"impr. de G. Nyverd";"1499";"In-8° (15,5 cm), [12] ff. sign. A-B, car. goth. marque typogr. à la fin";"Null";"Null"
"http://data.bnf.fr/ark:/12148/cb351269388";"National nutrition policy study 1974... 4";"1499";"Washington";"Government printing office";"1499";"Null";"Null";"Null"
"http://data.bnf.fr/ark:/12148/cb35284862s";"La Vengence de nostre saulveur et rédempteur Jhesucrist et la destruction de Jherusalem : faicte par Vaspasien, empereur de Romme";"1499";"Lyon";"Jacques Arnoullet";"1499";"[28] f., sign. A-D⁶, E⁴";"Null";"Null"
"http://data.bnf.fr/ark:/12148/cb357159365";"Confession generale...";"1499";"Null";"Null";"Null";"a-d8";"Null";"Null"
