id;title;date;place;publisher;firstyear;description;subject;gallica
"http://data.bnf.fr/ark:/12148/cb45078989m";"Zero";"216";"[Grande-Bretagne]";"Leo records";"Null";"1 disque compact";"Null";"Null"
"http://data.bnf.fr/ark:/12148/cb45078978z";"Us";"216";"[Grande-Bretagne]";"Leo records";"Null";"1 disque compact";"Null";"Null"
"http://data.bnf.fr/ark:/12148/cb45119064z";"Latino hits";"216";"[France]";"Wagram music";"Null";"6 disques compacts";"Null";"Null"
"http://data.bnf.fr/ark:/12148/cb45125850q";"La traviata";"216";"[Europe]. - [France]";"Warner music. - [distrib. Warner music France]";"Null";"2 disques compacts (1 h 15 min, 54 min 06 s)";"Null";"Null"
"http://data.bnf.fr/ark:/12148/cb45128639c";"Oscar Pettiford sextet : Oscar Pettiford, Kai Winding,Tal Farlow...";"216";"[Europe]. - [France]";"Sony music entertainment. - distrib. Sony music entertainment France";"Null";"1 disque compact";"Null";"Null"
"http://data.bnf.fr/ark:/12148/cb45128706p";"Lover man : and another Billie Holiday classics";"216";"[Europe]. - [France]";"Sony music entertainment. - distrib. Sony music entertainment France";"Null";"1 disque compact";"Null";"Null"
"http://data.bnf.fr/ark:/12148/cb451482479";"Rising grace";"216";"München (Allemagne). - [France]";"ECM records. - [distrib. Universal music France]";"Null";"1 disque compact (1 h 08 min 39 s) : DDD";"Null";"Null"
"http://data.bnf.fr/ark:/12148/cb45152471g";"Claudio Capéo";"216";"[Neuilly-sur-Seine (Hauts-de-Seine)]. - [France]";"Jo & co. - [distrib. Sony music entertainment]";"Null";"1 disque compact";"Null";"Null"
"http://data.bnf.fr/ark:/12148/cb451524824";"Shadow sleep";"216";"Inglewood (Calif.). - [France]";"Prosthetic records. - [distrib. Sony music entertainment]";"Null";"1 disque compact";"Null";"Null"
"http://data.bnf.fr/ark:/12148/cb45167023x";"Hips shaking";"216";"[Paris]. - [France]";"Favorite recordings. - distrib. Pusher distribution";"Null";"1 disque compact";"Null";"Null"