id;title;date;place;publisher;firstyear;description;subject;gallica
"http://data.bnf.fr/ark:/12148/cb30001602z";"Liber Serapionis agregatus in medicinis simplicibus";"1473";"Milano";"Antonio Zarotto";"1473";"Null";"Null";"Null"
"http://data.bnf.fr/ark:/12148/cb30004497n";"Aegidii Romani de Regimine principum libri III";"1473";"(S. l.,)";"Null";"1473";"In-fol. (Hain, *107.)";"Null";"Null"
"http://data.bnf.fr/ark:/12148/cb30006708h";"Venerabilis Alani Liber in distinctionibus dictionum theologicalium...";"1473";"[Stasbourg";"C. W.";"1473";"non signé [a-c10, d8, χ1, e6, f-g10, h-i8, k6, l8]";"Null";"http://gallica.bnf.fr/ark:/12148/bpt6k5676183v"
"http://data.bnf.fr/ark:/12148/cb300075144";"Alberti Magni liber de Mysterio seu de officio missae";"1473";"Ulm";"Johann Zainer";"1473";"Null";"Null";"Null"
"http://data.bnf.fr/ark:/12148/cb300074752";"De Adhaerendo vero Deo, per Albertum Magnum. Tractatulus contra pusillanimitatem, per Joannem Gerson. Epistola domini Bonaventure de modo proficiendi compendioso. Ejusdem Doctrina juvenum";"1473";"(Ulmae";"per J. Zainer";"1473";"In-fol. (Pellechet, 271.)";"Null";"Null"
"http://data.bnf.fr/ark:/12148/cb300075202";"Alberti Magni Opus in evangelium Missus est Gabriel angelus";"1473";"[Köln";"Ulrich Zell";"1473";"Null";"Null";"Null"
"http://data.bnf.fr/ark:/12148/cb30007647c";"Alberti Magni de Virtutibus, seu Paradisus animae";"1473";"[Basel";"imprimeur d'Albertus Magnus, 'De Virtutibus' (= Johann Schilling)";"1473";"Null";"Null";"Null"
"http://data.bnf.fr/ark:/12148/cb30007495p";"Compendium theologicae veritatis";"1473";"[Speyer";"imprimeur des Gesta Christi (H 9057)";"1473";"[Ca 380] p.";"Null";"http://gallica.bnf.fr/ark:/12148/bpt6k5679365j"
"http://data.bnf.fr/ark:/12148/cb30007522r";"Alberti Magni Opus in evangelium Missus est Gabriel angelus";"1473";"[Strasbourg";"Johannes Mentelin";"1473";"Null";"Null";"Null"
"http://data.bnf.fr/ark:/12148/cb30007506h";"Alberti Magni de Laudibus beatae Mariae Virginis";"1473";"[Strasbourg";"Johannes Mentelin";"1473";"Non signé [a-f10, g8, h8 (h2 + 1), i-k10, l8, m6, n-x10, y8, z6]";"Null";"Null"
"http://data.bnf.fr/ark:/12148/cb30008217k";"Aegidianae constitutiones, seu constitutiones Marchiae Anconitae, a cardinali Aegidio Albornoz, episcopo Sabinensi, apostolicae sedis legato, promulgatae";"1473";"Exii";"a Federico Veronensi";"1473";"In-fol. (Pellechet, 67.)";"Null";"Null"
"http://data.bnf.fr/ark:/12148/cb30009899n";"Doctrinale";"1473";"[Venezia";"Wendelinus de Spira";"1473";"Null";"Null";"Null"
"http://data.bnf.fr/ark:/12148/cb30023075d";"S. Antonini, archiepiscopi Florentini, confessionale, aliter dictum Defecerunt, seu summula confessionis, seu tractatus de instructione simplicium confessorum";"1473";"Venetiis";"per Bartholomaeum de Cremona";"1473";"In-fol. (Pellechet, 840.)";"Null";"Null"
"http://data.bnf.fr/ark:/12148/cb300231103";"Confessionale in vulgari sermone, editum per D. Antoninum. - Libreto de la doctrina christiana";"1473";"Venesia";"per C. Arnoldo";"1473";"20 f. n. ch.";"Null";"Null"
"http://data.bnf.fr/ark:/12148/cb300273934";"Aristotelis de Caelo et mundo, cum commentariis Averrois";"1473";"Padova";"Lorenzo Canozio pour Giovanni Filippo Aureliani et ses frères";"1473";"Null";"Null";"Null"
"http://data.bnf.fr/ark:/12148/cb300277592";"Politica et Oeconomica Aristotelis, Leonardo Aretino interprete";"1473";"[Barcelona";"Heinrich Botel (avec Georg vom Holtz et Johannes Planck ?)";"1473";"3 parties";"Null";"Null"
"http://data.bnf.fr/ark:/12148/cb300277728";"Aristotelis Quaestiones variae, Theodoro Gaza interprete";"1473";"Mantova";"Johann Wurster et Johann Baumeister";"1473";"Null";"Null";"Null"
"http://data.bnf.fr/ark:/12148/cb30027521t";"Aristotelis Metaphysica, latine, cum commentariis Averrois";"1473";"Padova";"Lorenzo Canozio pour Giovanni Filippo Aureliani et ses frères";"1473";"Null";"Null";"Null"
"http://data.bnf.fr/ark:/12148/cb300274477";"Ethica Aristotelis ad Nicomachum, a Leonardo Aretino e graeco in latinum traducta";"1473";"Romae";"C. Sweynheym et A. Pannartz impresserunt";"1473";"In-fol. (Pellechet, 1235.)";"Null";"Null"
"http://data.bnf.fr/ark:/12148/cb30029410c";"Tractatus magistri Arnaldi de Villa Nova de arte cognoscendi venena. Tractatus de epidimia et peste domini Valasti de Tarenta";"1473";"Padue";"Null";"1473";"In-4° . (Pellechet, 1305.)";"http://data.bnf.fr/ark:/12148/cb119329264";"Null"
"http://data.bnf.fr/ark:/12148/cb300335034";"Astesani Summa de casibus conscientiae";"1473";"[Strasbourg";"Johannes Mentelin";"1473";"2 vol.";"Null";"Null"
"http://data.bnf.fr/ark:/12148/cb300388422";"Divi Aurelii Augustini de Civitate Dei, cum commento Thomae Walleis et Nicolai Triveth";"1473";"Moguntiae";"per P. Schoeffer";"1473";"In-fol. (Pellechet, 1555.)";"Null";"Null"
"http://data.bnf.fr/ark:/12148/cb30039002v";"Divi Aurelii Augustini de Consensu Evangelistarum";"1473";"Laugingen";"Null";"1473";"In-fol. (Pellechet, 1494.)";"Null";"Null"
"http://data.bnf.fr/ark:/12148/cb30039404n";"Divi Aurelii Augustini de Spiritu et littera. De periculis quae contingunt circa sacramentum Eucaristiae et de remediis eorum ex dictis sancti Thomae de Aquino. De suffragiis Missae";"1473";"(Coloniae";"A. Therhoernen";"1473";"In-4° . (Pellechet, 1565.)";"Null";"Null"
"http://data.bnf.fr/ark:/12148/cb30039090z";"Divi Augustini de Fide catholica ad Petrum diaconum";"1473";"Coloniae";"(A. Therhoernen)";"1473";"In-4° . (Pellechet, 1566.)";"Null";"Null"
"http://data.bnf.fr/ark:/12148/cb30039127g";"Manuale divi Aurelii Augustini, seu de Salute sive aspiratione animae ad Deum, seu Liber de meditatione";"1473";"[Venezia";"Florentius de Argentina";"1473";"Null";"Null";"Null"
"http://data.bnf.fr/ark:/12148/cb300393976";"Soliloquium beatissimi Augustini (seu potius Hugonis de Sancto Victore) de arrha animae";"1473";"(Augustae Vindelicorum";"per G. Zainer,)";"1473";"In-fol. (Pellechet, 1525.)";"Null";"Null"
"http://data.bnf.fr/ark:/12148/cb300391233";"Manuale divi Aurelii Augustini,... Psalterium beati Augustini. Septem Psalmi ad laudem gloriose Virginis Mariae";"1473";"Alosti";"(J. de Westphalia et Martens";"1473";"In-4° . (Pellechet, 1529.)";"Null";"Null"
"http://data.bnf.fr/ark:/12148/cb30039158r";"Divi Aurelii Augustini de Mirabilibus Sacrae Scripturae";"1473";"(Trajecti ad Rhenum";"apud N. Ketelaer et G. de Leempt";"1473";"In-fol. (Pellechet, 1567.)";"Null";"Null"
"http://data.bnf.fr/ark:/12148/cb30041950g";"Canonis libri V Avicennae, in latinum translati a Gerardo Cremonensi";"1473";"Mediolani";"per P. de Lavagnia";"1473";"3 tomes en 2 vol. in-fol. (Pellechet, 1659.)";"Null";"Null"
"http://data.bnf.fr/ark:/12148/cb300631505";"Processus Satanae contra D. Virginem coram judice Jesu, compositus a Bartolo de Saxoferrato";"1473";"(S. l.,)";"Null";"1473";"In-fol. (Hain, *2645.)";"Null";"Null"
"http://data.bnf.fr/ark:/12148/cb30063169k";"Tractatus de lucro duorum fratrum simul habitantium, editus per Bartolum de Saxoferrato";"1473";"[Roma";"imprimeur de Johannes Andreae, Mercuriales Quaestiones, H 1055 (= Theobald Schenkbecher)";"1473";"Null";"Null";"Null"
"http://data.bnf.fr/ark:/12148/cb300631191";"Lectura Bartoli de Saxoferrato super secunda parte Digesti novi";"1473";"Venetiis";"per V. de Spira";"1473";"In-fol. (Pellechet, 1942.)";"Null";"Null"
"http://data.bnf.fr/ark:/12148/cb300631416";"Consilia, disputationes et tractatus varii Bartoli de Saxoferrato";"1473";"Romae";"impr. per J. Gensberg";"1473";"In-fol. (Pellechet, 1968.)";"Null";"Null"
"http://data.bnf.fr/ark:/12148/cb300631985";"Bartholomaei de Sancto Concordio summa de casibus conscientiae";"1473";"(S. l.)";"Null";"1473";"In-fol. (Pellechet, 1891.)";"Null";"Null"
"http://data.bnf.fr/ark:/12148/cb300899460";"Floretus S. Bernardi";"1473";"(Ultrajecti";"N. Ketelaer et G. de Leempt";"1473";"In-fol. (Pellechet, 2163.)";"Null";"Null"
"http://data.bnf.fr/ark:/12148/cb301167124";"Johannes Boccacius. Von etlichen Frowen, durch Hainricum Stainhöwel getütschet";"1473";"Ulm";"von Johanne Zainer";"1473";"In-fol. (Pellechet, 2476.)";"Null";"Null"
"http://data.bnf.fr/ark:/12148/cb30116705v";"Liber Johannis Boccacii de claris mulieribus";"1473";"Ulmae";"per Joannem Zainer";"1473";"In-fol. (Pellechet, 2474.)";"Null";"Null"
"http://data.bnf.fr/ark:/12148/cb30116936p";"Joannis Boccaccii, de Montibus, sylvis, fontibus, lacubus, fluminibus, stagnis seu paludibus, de nominibus maris liber";"1473";"Venetiis";"Null";"1473";"In-fol. (Pellechet, 2472.)";"Null";"Null"
"http://data.bnf.fr/ark:/12148/cb30118295r";"Boetii de Consolatione philosophiae";"1473";"[Basel";"[Richardus Pafraet";"1473";"Null";"Null";"Null"
"http://data.bnf.fr/ark:/12148/cb30118364r";"Boetii de consolatione philosophiae (latine et alemanice), cum commento S. Thomae de Aquino";"1473";"Nuremberg";"A. Koburger";"1473";"In-fol. (Pellechet, 2551.)";"Null";"Null"
"http://data.bnf.fr/ark:/12148/cb301252806";"Exempla Sacrae Scripturae, a sancto Bonaventura collecta";"1473";"[Paris]";"[Ulrich Gering, Martin Cranz et Michael Friburger]";"1473";"Null";"Null";"http://gallica.bnf.fr/ark:/12148/btv1b8604271j"
"http://data.bnf.fr/ark:/12148/cb30126500s";"Liber sextus Decretalium Bonifacii Papae VIII, cum novellis Joannis Andreae";"1473";"Moguntiae";"per P. Schoiffer";"1473";"In-fol. (Hain, *3590.)";"Null";"Null"
"http://data.bnf.fr/ark:/12148/cb301950238";"Roberti Caraccioli de Licio sermones tres in festo annunciationis Virginis Marie, de predestinato numero damnatorum et de cathenis. - Fol. a 1 : Sermo in festo anuntiacionis virginis Marie, et ejusdem Roberti, cum tribus aliis sermonibus sequentibus, scilicet de predestinato numero damnatorum et de cathenis. - A la fin : Finis trium sermonum fratris Roberti scilicet de annunciacione virginis Marie, de predestinato numero damnatorum et de cathenis";"1473";"(Venetiis";"per Vendelinum de Spira";"1473";"In-fol., car. goth., 22 ff. sign. a-c";"Null";"Null"
"http://data.bnf.fr/ark:/12148/cb30194996q";"Roberti Caraccioli de Licio opus quadragesimale, quod de penitentia dictum est, cum tribus aliis sermonibus, de annuntiatione virginis Marie, de predestinato numero damnatorum et de cathenis";"1473";"(Venetiis,)";"per Vendelinum de Spira";"1473";"In-fol. (Hain-Copinger, 4430.)";"Null";"Null"
"http://data.bnf.fr/ark:/12148/cb301949883";"Roberti Caraccioli de Licio opus quadragesimale quod de penitentia dictum est";"1473";"Coloniae";"per Johannem Kolhoff";"1473";"In-fol. (Hain-Copinger, *4431.)";"Null";"Null"
"http://data.bnf.fr/ark:/12148/cb30194987r";"Roberti Caraccioli de Licio opus quadragesimale quod de penitentia dictum est";"1473";"Coloniae";"per Ulricum Zel de Hanaw";"1473";"In-fol. (Hain-Copinger, *4429.)";"Null";"Null"
"http://data.bnf.fr/ark:/12148/cb302070383";"Carmina Catulli, cum Statii Sylvis";"1473";"Parmae";"per Stephanum Corallum";"1473";"In-4° , (Pellechet, 3442)";"Null";"Null"
"http://data.bnf.fr/ark:/12148/cb30212115q";"De Servitutibus urbanorum et rusticorum praediorum Bartholomei Cepollae";"1473";"Romae";"Null";"1473";"In-fol. (Pellechet, 3493.)";"Null";"Null"
"http://data.bnf.fr/ark:/12148/cb302136009";"C. Julii Caesaris commentarii de bello Gallico. Julii Celsi vita Caesaris";"1473";"Essling";"Null";"1473";"In-fol. (Pellechet, 3152.)";"Null";"Null"
"http://data.bnf.fr/ark:/12148/cb302139871";"Solacium ludi schaccorum, auctore Jacobo de Cessolis";"1473";"(Ultrajecti";"N. Ketelaer et G. de Leempt";"1473";"In-fol. (Pellechet, 3505.)";"Null";"Null"
"http://data.bnf.fr/ark:/12148/cb30249172v";"Clementis papae V Constitutiones, cum commento Johannis Andreae. Accedit Clementis V Exivi de paradiso";"1473";"Romae";"L. Pflugl et G. Lauer";"1473";"In-fol. (Pellechet, 3840.)";"Null";"Null"
"http://data.bnf.fr/ark:/12148/cb30249171h";"Clementis papae V Constitutiones, cum commento Johannis Andreae. Accedit Clementis V Exivi de paradiso";"1473";"Ferrariae";"per Andream Gallum (Beaufort)";"1473";"In-fol. (Pellechet, 3839.)";"Null";"Null"
"http://data.bnf.fr/ark:/12148/cb30249166x";"Clementis papae V. Constitutiones, cum apparatu Johannis Andreae. Accedunt bullae Clementis V Exivi de Paradiso et Johannis XXII Constitutio execrabilis";"1473";"Romae";"U. Han et N. de Luca";"1473";"In-fol. (Pellechet, 3841.)";"Null";"Null"
"http://data.bnf.fr/ark:/12148/cb30268513m";"Ambrosii Coriolani oratio de conceptione Virginis";"1473";"Romae";"apud J. P. de Lignami";"1473";"In-fol. (Hain-Copinger, 5687.)";"Null";"Null"
"http://data.bnf.fr/ark:/12148/cb302711220";"Antonio Cornazzano. Vita di Nostra Donna";"1473";"[Milano";"Filippo da Lavagna";"1473";"Null";"Null";"Null"
"http://data.bnf.fr/ark:/12148/cb30271121n";"Antonio Cornazano. Della sanctissima vita di Nostra Donna";"1473";"[Fivizzano";"Jacopo da Fivizzano]";"1473";"Null";"Null";"Null"
"http://data.bnf.fr/ark:/12148/cb303244084";"Speculum conversionis peccatorum magistri Dyonisii de Leuwis, alias Rikel, Ordinis Cartusiensis...";"1473";"Alosti";"Null";"1473";"In-4° . (Pellechet, 4330.)";"Null";"Null"
"http://data.bnf.fr/ark:/12148/cb30324418f";"Dionysii Carthusiani Tractatus de celebratione et sacramento per modum dialogi...";"1473";"(Coloniae";"Null";"1473";"In-4° . (Pellechet, 4303.)";"Null";"Null"
"http://data.bnf.fr/ark:/12148/cb303776538";"Quaestiones Johannis Duns Scoti super tertium librum Sententiarum";"1473";"(Vicentiae,)";"Null";"1473";"In-fol. (Pellechet, 4460.)";"Null";"Null"
"http://data.bnf.fr/ark:/12148/cb303847980";"Guilelmi Durandi Rationale divinorum officiorum";"1473";"Roma";"Ulrich Han et Simone Cardella";"1473";"Null";"Null";"Null"
"http://data.bnf.fr/ark:/12148/cb30384799b";"Guilelmi Durandi Rationale divinorum officiorum";"1473";"Ulm";"Johann Zainer";"1473";"Ill.";"Null";"Null"
"http://data.bnf.fr/ark:/12148/cb30384854n";"Guilelmi Durandi Speculum judiciale, cum additionibus Johannis Andreae";"1473";"Roma";"Ulrich Han et Simone Cardella";"1473";"4 parties (reliées en 3 vol.)";"Null";"Null"
"http://data.bnf.fr/ark:/12148/cb303848492";"Guilelmi Durandi Speculum judiciale";"1473";"Strasbourg";"Georg Husner et Johann Beckenhub";"1473";"4 parties (rel. en 1 vol.)";"Null";"Null"
"http://data.bnf.fr/ark:/12148/cb30410536n";"Eusebius Pamphili de Evangelica preparacione, ex greco in latinum translatus...";"1473";"(Coloniae";"U. Zell";"1473";"In-fol. (Pellechet, 4641 A.)";"Null";"Null"
"http://data.bnf.fr/ark:/12148/cb304105359";"Eusebius Pamphili de Evangelica preparacione, ex greco in latinum translatus...";"1473";"(Coloniae";"U. Zell";"1473";"In-fol. (Pellechet, 4641.)";"Null";"http://gallica.bnf.fr/ark:/12148/bpt6k852381f"
"http://data.bnf.fr/ark:/12148/cb30410480v";"Transito di sancto Hieronymo...";"1473";"Venetiis";"Null";"1473";"In-4° . (Hain, 8637.)";"Null";"Null"
"http://data.bnf.fr/ark:/12148/cb30410534z";"[Eusebii Caesariensis de Praeparatione evangelica libri, e graeco in latinum a Georgio Trapezuntio translati.]";"1473";"(Venetiis,)";"L. Aurl";"1473";"In-fol. (Pellechet, 4643.)";"Null";"Null"
"http://data.bnf.fr/ark:/12148/cb30411894w";"[Ehebüchlein, von Albrecht von Eyb]";"1473";"[Augsburg";"Günther Zainer";"1473";"[61] ff. non signés, [a-f]10 (f6+1)";"Null";"Null"
"http://data.bnf.fr/ark:/12148/cb30435519p";"Epistolae Francisci Philelphi";"1473";"[Venezia";"Wendelinus de Spira";"1473";"Null";"Null";"Null"
"http://data.bnf.fr/ark:/12148/cb304355604";"Trionfi";"1473";"Parmae";"Null";"1473";"In-4° . (Hain, 12779.)";"Null";"Null"
"http://data.bnf.fr/ark:/12148/cb304443131";"Francisci Florii Historia de amore Camilli et Ameliae. Accedit liber de duobus amantibus Tancredo et Sigismunda, ex Boccaccio in latinum per Leonardum Brunum Aretinum transfiguratus";"1473";"[Paris";"Petrus Caesaris et Johannes Stol";"1473";"Null";"Null";"Null"
"http://data.bnf.fr/ark:/12148/cb30481720h";"Floretus [a Joanne de Garlandia]";"1473";"(Ultrajecti";"N. Ketelaer et G. de Leempt";"1473";"In-fol. (Pellechet, 2163.)";"Null";"Null"
"http://data.bnf.fr/ark:/12148/cb30501614t";"Johannis Gerson Tractatus de laude scriptorum ad Cartusienses et Coelestinos";"1473";"[Köln";"imprimeur d'Augustinus, 'De Fide', GW 2953 (= Johann Schilling ?)";"1473";"[12] ff. non signés [a]8, [b]4";"Null";"Null"
"http://data.bnf.fr/ark:/12148/cb30501628h";"Johannis Gerson Tractatus de simonia";"1473";"[Nürnbeg";"Andreas Frisner et Johann Sensenschmidt";"1473";"[8] ff. non signés [a]8";"Null";"Null"
"http://data.bnf.fr/ark:/12148/cb30501446w";"Collectorium Johannis Gerson super Magnificat";"1473";"[Strasbourg";"Heinrich Eggestein ?]";"1473";"[170] ff. non signés [a-i]10, [k]12, [l-p]10, [q-r]8, [s]2";"Null";"Null"
"http://data.bnf.fr/ark:/12148/cb305015972";"Johannis Gerson Tractatus de pollutionibus et trepidantibus celebrare. Henricus de Hassia Regulae ad cognoscendum differentiam inter peccatum mortale et veniale et Septem signa amoris Dei";"1473";"[Esslingen";"Konrad Fyner";"1473";"[18] ff. non signés [a]10, [b]8";"Null";"Null"
"http://data.bnf.fr/ark:/12148/cb30537998k";"Sancti Gregorii Magni Commentum super Cantica canticorum";"1473";"[Köln";"Ulrich Zell";"1473";"[40] ff. non signés [a]-[d]10, le dernier f. blanc";"Null";"Null"
"http://data.bnf.fr/ark:/12148/cb30538005h";"Sancti Gregorii Magni Dialogorum libri quattuor";"1473";"[Köln";"Ulrich Zell";"1473";"[82] ff. non signés [a]-[g]10, [h]12, le dernier f. blanc";"Null";"Null"
"http://data.bnf.fr/ark:/12148/cb30538134c";"Nova compilatio Decretalium Gregorii IX [cum glossa Bernardo Bottoni]";"1473";"Mainz";"Peter Schöffer";"1473";"[305] ff. non signés";"Null";"Null"
"http://data.bnf.fr/ark:/12148/cb30538026g";"Hie facht an das Buch das der heylig Vater und Bapst sanctus Gregorius selbs gemacht hat von den Heyligen... und haisset das Buch in Latein Liber dyalogorum... [Das Buch der Pein der Seelen, zu Latein genannt Visio Tundali, zu teutsch die Gesicht Tundali. Ars moriendi, das ist die Kunst des Sterbens. Ein Ausszug genomen von dem Tractatt zu Latein genant Troctatus (sic) quatuor novissimorum (a Gerardo de Vliederhoven).]";"1473";"[Augsburg";"Johann Bämler au monastère SS. Ulrich et Afra]";"1473";"[193] ff. non signés [a]-[f]10, [g]10-1 (-10), [h]-[s]10, [t]8, [v]6";"Null";"Null"
"http://data.bnf.fr/ark:/12148/cb30538050b";"Sancti Gregorii papae Homeliae XL super Evangeliis";"1473";"[Augsburg";"Günther Zainer,]";"1473";"[142] ff. non signés [a]-[n]10, [o]12";"Null";"Null"
"http://data.bnf.fr/ark:/12148/cb305553140";"Manipulus curatorum Guidonis de Monte Rocherio";"1473";"Paris";"Ulrich Gering, Martin Crantz et Michael Friburger";"1473";"[88] ff. non signés [a-d10, e6, f-h10, i12], le dernier blanc";"Null";"http://gallica.bnf.fr/ark:/12148/btv1b86042860"
"http://data.bnf.fr/ark:/12148/cb30555349n";"Manipulus curatorum Guidonis de Monte Rocherio";"1473";"[Savigliano]";"Cristoforo de' Beggiami et Johannes Glim";"1473";"[138] ff. non signés [a8, b6, c-f10, g8, h-m10, n8, o10, p8], le premier et le dernier blancs";"Null";"Null"
"http://data.bnf.fr/ark:/12148/cb305927533";"Henrici de Segusio, cardinalis Hostiensis, Summa in quinque libros Decretalium, ex recognitione Joh. Bapt. de Lanciis";"1473";"Romae";"Null";"1473";"2 vol. in-fol. (Hain, 8959.)";"Null";"Null"
"http://data.bnf.fr/ark:/12148/cb306011796";"Chronica Hungarorum...";"1473";"Buda";"Null";"1473";"In-fol. (Pellechet, 3565.)";"Null";"Null"
"http://data.bnf.fr/ark:/12148/cb306352672";"Liber de miseria humanae conditionis Lotharii. - Vita Udonis episcopi";"1473";"(Coloniae";"l'imprimeur de l'Augustinus";"1473";"In-4° . (Voullième, 632.)";"Null";"Null"
"http://data.bnf.fr/ark:/12148/cb30635256d";"Innocentii papae tertii Compendium quinque continens libros : de supernaturali trinitate ; de miseria conditionis humanae ; de Antechristo cum aliis diversis rebus ; de viciis fugiendis et de spurcissimi Sathanae litigatione contra genus humanum a Bartolo de Sassoferrato";"1473";"Lugduni";"G. Regis";"1473";"In-4° . (Hain-Copinger, 10215.)";"Null";"Null"
"http://data.bnf.fr/ark:/12148/cb30636667d";"Isiodori [sic] Opusculum de temporibus";"1473";"(Romae";"J. P. de Lignamine";"1473";"In-4° . (Hain-Copinger, *9303.)";"Null";"Null"
"http://data.bnf.fr/ark:/12148/cb30649376g";"Opus trivium perutilium materiarum";"1473";"Null";"Null";"1473";"In-fol. (Hain-Copinger, *3996.)";"Null";"Null"
"http://data.bnf.fr/ark:/12148/cb306495494";"Sermo S. Joannis Chrysostomi super psalmum L : Miserere mei, Deus";"1473";"(Coloniae.)";"Null";"1473";"In-4° . (Hain, *5030 ; Voulliéme, 650.)";"Null";"Null"
"http://data.bnf.fr/ark:/12148/cb306703538";"Dn. Justiniani Institutiones, cum apparatu";"1473";"Ferrariae";"per A. Gallum";"1473";"In-fol. (Hain, *9494.)";"Null";"Null"
"http://data.bnf.fr/ark:/12148/cb30670354m";"Dn. Justiniani Institutiones, cum apparatu";"1473";"Romae";"per L. Pflugel et G. Lauer";"1473";"In-fol. (Hain, *9492.)";"Null";"Null"
"http://data.bnf.fr/ark:/12148/cb30670744d";"Juvenalis Satirae";"1473";"Venetiis";"Jacobus de Fivizano";"1473";"In-4° . (Hain, 9662.)";"Null";"Null"
"http://data.bnf.fr/ark:/12148/cb306707432";"Juvenalis et Persii Satirae";"1473";"Brixiae";"lubente (sic) praesbytero Petro Villa";"1473";"In-fol. (Hain, 9678.)";"Null";"Null""http://data.bnf.fr/ark:/12148/cb30778846g";"Sophologium";"1473";"[Basel";"imprimeur d'Albertus Magnus, De Virtutibus, GW 703 (= Johann Schilling)";"1473";"Null";"Null";"Null"
"http://data.bnf.fr/ark:/12148/cb30792982k";"Omniboni Leoniceni Grammatica latina, seu de Octo partibus orationis liber";"1473";"(Venetiis,)";"per Gallicum";"1473";"In-4° . (Hain-Copinger, 10022.)";"Null";"Null"
"http://data.bnf.fr/ark:/12148/cb307929906";"Omniboni Leoniceni de Versu heroico liber";"1473";"Mediolani";"per A. Zarothum";"1473";"In-4° . (Hain-Copinger, 10027.)";"Null";"Null"
"http://data.bnf.fr/ark:/12148/cb30837909n";"Expositio... super summulis magistri Petri Hispanii...";"1473";"Mantuae";"Null";"1473";"In-4°";"Null";"Null"
"http://data.bnf.fr/ark:/12148/cb30892913x";"M. Valerii Martialis Epigrammata";"1473";"Romae";"impresserunt C. Sweynheym et A. Pannartz";"1473";"In-fol. (Hain, 10811.)";"Null";"Null"
"http://data.bnf.fr/ark:/12148/cb39304849n";"[Confessionale Defecerunt... Tractatus de instructione seu directione simplicium confessorum]";"1473";"[Köln]";"[imprimeur de la Legenda S. Albani]";"1473";"Null";"Null";"Null"
"http://data.bnf.fr/ark:/12148/cb30907505q";"Sermones quadragesimales de legibus, fratris Leonardi de Utino";"1473";"Venetiis";"per F. de Hailbrun et N. de Franckfordia";"1473";"(Hain, *16117.)";"Null";"Null"
"http://data.bnf.fr/ark:/12148/cb30907514p";"Sermones aurei de sanctis, fratris Leonardi de Utino";"1473";"Coloniae";"J. Kolhof";"1473";"In-fol. (Copinger, 5916.)";"Null";"Null"
"http://data.bnf.fr/ark:/12148/cb309075151";"Sermones aurei de sanctis, fratris Leonardi de Utino...";"1473";"(Coloniae";"U. Zell,)";"1473";"In-fol. (Hain-Copinger, *16128.)";"Null";"Null"
"http://data.bnf.fr/ark:/12148/cb30907513b";"Sermones aurei de sanctis, fratris Leonardi de Utino";"1473";"Venetiis";"per F. d'Hailbrun et N. de Franckfordia";"1473";"In-4° . (Hain-Copinger, *16129.)";"Null";"Null"
"http://data.bnf.fr/ark:/12148/cb309075240";"Sermones aurei de sanctis, fratris Leonardi de Utino, sacre theologie doctoris, ordinis predicatorum";"1473";"Null";"Null";"1473";"[462] f.";"Null";"Null"
"http://data.bnf.fr/ark:/12148/cb309397777";"Flores sancti Augustini. - Fol. I r° : Quidquid nota dignum ex omnibus beati Augustini de Civitate Dei elegantissimis libris colligi potest, id omne divini juris interprete probatissimo Francisco de Mayronis autore per veritates suis cum declarationibus ingeniosissime extractum hoc emendatissimo volumine impressum scire ne pigeat. In cujus etiam fine de animarum commemoracione ac missa pro defunctis celebranda cum ea res maximo commodo mortalibus carnisque universe viam ingressis esse soleat tractatulum spetialem... - Fol. 2 r° : Incipiunt flores beati Augustini extracti per veritates ex libris de Civitate Dei per magistrum Franciscum de Mayronis, de ordine fratrum minorum. - Fol. 84 v° : Expliciunt flores beati Augustini extracti per veritates ex libris de Civitate Dei per famosissimum sacre pagine professorem Franciscum de Mayronis... - Fol. 85 r° : Incipit tabula presentis operis. - Fol. 98 r° : De Commemoracione defunctorum vel de missa pro eis et cur tercius, septimus et tricesimus aut anni...";"1473";"[Köln";"imprimeur de Franciscus de Mayronis, 'Flores sancti Augustini' (C 773)";"1473";"In-fol., à 2 colonnes, 99 ff. non ch., sans signatures, car. goth.";"Null";"Null"
"http://data.bnf.fr/ark:/12148/cb30983448d";"Pauli Mauroceni Opus de aeterna temporalique Christi generatione in judaicae improbationem perfidiae christianaeque religionis gloriam divinis enuntiationibus comprobata ad Paulum pontificem maximum incipit";"1473";"Patavii";"Bartholomaeus Patavus, Martinus de Septem arboribus prusenus";"1473";"In-4° (Hain-Copinger, 10924)";"Null";"Null"
"http://data.bnf.fr/ark:/12148/cb309834472";"Pauli Mauroceni Opus de aeterna temporalique Christi generatione in judaicae improbationem perfidiae christianaeque religionis gloriam divinis enuntiationibus comprobata ad Paulum pontificem maximum incipit";"1473";"Patavii";"B. Campanus Ponticurvanus";"1473";"In-8° (Hain-Copinger, 10924)";"Null";"Null"
"http://data.bnf.fr/ark:/12148/cb310160930";"Tractatus de corpore Christi...";"1473";"(Coloniae,)";"Null";"1473";"In-4° . (Pellechet, 983 ; Voullième, 1162.)";"Null";"Null"
"http://data.bnf.fr/ark:/12148/cb31017212z";"Consolatorium timoratae conscientiae fratris Johannis Nyder";"1473";"(Coloniae.)";"Null";"1473";"In-4° . (Hain-Copinger, *11808 ; Voullième, 847.)";"Null";"Null"
"http://data.bnf.fr/ark:/12148/cb31017253j";"Johannis Nider Manuale confessorum. Ejusdem Tractatus de lepra morali";"1473";"Parisiis. - (Friburger)";"per Michaelem. - Udalricum Gering et Martinum Crantz";"1473";"In-fol. (Hain-Copinger, 11843.)";"Null";"http://gallica.bnf.fr/ark:/12148/btv1b86042682"
"http://data.bnf.fr/ark:/12148/cb31018668x";"Speculum stultorum Nigelli";"1473";"Ultrajecti";"(circa";"1473";"In-fol. (Hain-Copinger, 16214. Campbell, 1727.)";"Null";"Null"
"http://data.bnf.fr/ark:/12148/cb40164813d";"Congratulatio apus Venetorum senatu pro Nicolai Marcelli principatu";"1473";"[Padova]";"[Bartolomeo Valdezochio]";"1473";"[15, 1 bl.] f.";"Null";"Null"
"http://data.bnf.fr/ark:/12148/cb40194421j";"Trionfi. Canzionere";"1473";"[Milano]";"Antonio Zarotto";"1473";"Null";"Null";"Null"
"http://data.bnf.fr/ark:/12148/cb31046463s";"Junii Juvenalis Saturae, cum Ovidii Epistolarum heroidum libro";"1473";"Monteregali";"per Anthonium Mathiae, quondam Andreae de Antwerpia, et Baldisalem Corderiumque socium";"1473";"In-4° . (Hain, 9666.)";"Null";"Null"
"http://data.bnf.fr/ark:/12148/cb31055812z";"Consiliorum Pauli de Castro prima pars";"1473";"Romae";"Null";"1473";"In-fol. (Hain, 4639.)";"Null";"Null"
"http://data.bnf.fr/ark:/12148/cb31083636j";"Nicolai Perotti Rudimenta grammatices";"1473";"Romae";"per C. Sweynheym et A. Pannartz";"1473";"In-fol. (Hain-Copinger, 12643.)";"Null";"Null"
"http://data.bnf.fr/ark:/12148/cb310885830";"Juvenalis et Persii Satyrae";"1473";"Bresciae";"lubente [sic pour jubente] presbytero Petro Villa";"1473";"In-fol. (Hain, 9678 ; Morgan, 5.)";"Null";"Null"
"http://data.bnf.fr/ark:/12148/cb31094385c";"Epistola Francisci Petrarche de insigni obedientia et fide uxoria Griseldis";"1473";"Ulme";"Null";"1473";"In-fol. (*Hain-Copinger, 12814 ; Fiske, p. 48.)";"Null";"Null"
"http://data.bnf.fr/ark:/12148/cb310955390";"Tractatus de venenis a magistro Petro de Abbano editus";"1473";"Paduae";"Null";"1473";"In-4° . (Pellechet, 7.)";"http://data.bnf.fr/ark:/12148/cb119329264";"Null"
"http://data.bnf.fr/ark:/12148/cb310944849";"Vita Julii Caesaris";"1473";"[Strasbourg";"H. Eggestein ?]";"1473";"In-fol. (Pellechet, 3152. Fiske, p. 27.)";"Null";"Null"
"http://data.bnf.fr/ark:/12148/cb310943423";"Francisci Petrarche Bucolicum carmen";"1473";"Colonie";"[s.n.]";"1473";"63 p.";"Null";"http://gallica.bnf.fr/ark:/12148/bpt6k72523x"
"http://data.bnf.fr/ark:/12148/cb31094497n";"Trionfi. Canzoniere. Memorabilia de Laura";"1473";"Roma";"Giovanni Filoppo La Legname";"1473";"198 feuillets";"Null";"Null"
"http://data.bnf.fr/ark:/12148/cb310946558";"[Triomphi d'amore per Francesco Petrarcha col commento di Francesco Filelfo]";"1473";"Parmae";"Null";"1473";"In-4° . (Hain, 12779 ; Fiske, page 74.)";"Null";"Null"
"http://data.bnf.fr/ark:/12148/cb310944980";"[Francisci Petrarcae Carmina amorum et Triumphi.]";"1473";"Venetiis";"Null";"1473";"In-fol. (Hain-Copinger, 12757 ; Fiske, p. 73.)";"Null";"Null"
"http://data.bnf.fr/ark:/12148/cb31094491k";"Francisci Petrarche de Vita solitaria";"1473";"(S. l.";"Null";"1473";"In-fol. (Hain, 12796 ; Fiske, p. 30-31)";"Null";"Null"
"http://data.bnf.fr/ark:/12148/cb31094466c";"Secretum Francisci Petrarche. De Contemptu mundi";"1473";"(S. l.";"Null";"1473";"In-fol. (Hain, *12800, Fiske, p. 61.)";"Null";"Null"
"http://data.bnf.fr/ark:/12148/cb311072498";"Pii secundi, pont. max., Epistolae";"1473";"Mediolani";"Null";"1473";"In-4° . (Pellechet, 104.)";"Null";"Null"
"http://data.bnf.fr/ark:/12148/cb31107199j";"Eneas Silvius poeta [De miseriis curialium]";"1473";"[Paris";"Petrus Caesaris et Johannes Stol";"1473";"59 p.";"Null";"http://gallica.bnf.fr/ark:/12148/bpt6k71132j"
"http://data.bnf.fr/ark:/12148/cb31107305x";"Ein köstliche History Enee Silvi [übersetzt vom Nicolaus von Wyle]";"1473";"Augspurg";"[Johann Bämler]";"1473";"Null";"Null";"Null"
"http://data.bnf.fr/ark:/12148/cb31107215z";"Enee Silvii Senensis, de Duobus amantibus historia";"1473";"[Paris";"Petrus Caesaris et Johannes Stol";"1473";"Null";"Null";"Null"
"http://data.bnf.fr/ark:/12148/cb31107196h";"Aeneas Silvius Picolomineus. [De Miseria curialium.]";"1473";"Romae";"Null";"1473";"In-4° . (Pellechet, 138.)";"Null";"Null"
"http://data.bnf.fr/ark:/12148/cb31109137g";"Scolastica hystoria super Novum Testamentum Pet. Comestoris";"1473";"Impressa in Trajecto inferiori";"Null";"1473";"In-fol. (Pellechet, 3879.)";"Null";"Null"
"http://data.bnf.fr/ark:/12148/cb311089452";"Petri de Bergamo. Tabula ad singulos libros sancti Thome de Aquino...";"1473";"(Coloniae,)";"Null";"1473";"In-fol. (Pellechet, 2073.)";"Null";"Null"
"http://data.bnf.fr/ark:/12148/cb31108944q";"Religiosissimi viri fratris Petri de Bergamo super omnia opera Thome Aquinatis tabula";"1473";"Bononie";"Null";"1473";"In-fol. (Pellechet, 2072.)";"Null";"Null"
"http://data.bnf.fr/ark:/12148/cb311091364";"Hystoria scolostica [sic] a Petro Comestoris edita";"1473";"(Augustae Vindelicorum,)";"Null";"1473";"In-fol. (Pellechet, 3880.)";"Null";"Null"
"http://data.bnf.fr/ark:/12148/cb407430080";"Portulans (reprod. photogr.)";"1473";"[S.l.]";"[s.n.]";"1473";"Null";"Null";"Null"
"http://data.bnf.fr/ark:/12148/cb40745225m";"Portulans (reprod. photogr.)";"1473";"[S.l.]";"[s.n.]";"1473";"Null";"Null";"Null"
"http://data.bnf.fr/ark:/12148/cb31123484s";"[Caii Plinii Secundi Historiae naturalis libri XXXVII]";"1473";"Roma";"Konrad Sweynheym et Arnold Pannartz";"1473";"Null";"Null";"http://gallica.bnf.fr/ark:/12148/bpt6k314240x"
"http://data.bnf.fr/ark:/12148/cb31124960d";"Dicterie, sive Apophtegmata Plutarchi, Francisco Philelpho interprete. Francisci Petrarchae de Vera sapientia dialogi duo";"1473";"(Ultrajecti";"apud Ketelaer et Leempt";"1473";"In-fol. (Hain-Copinger, 13138.)";"Null";"Null"
"http://data.bnf.fr/ark:/12148/cb31126899n";"Pogii florentini De Infelicitate principum epistola...";"1473";"[Paris";"Petrus Caesaris et Johannes Stol";"1473";"[74] p.";"Null";"http://gallica.bnf.fr/ark:/12148/bpt6k71129n"
"http://data.bnf.fr/ark:/12148/cb311877317";"[Comediae sex.]";"1473";"(Venetiis";"Null";"1473";"In-fol.";"Null";"Null"
"http://data.bnf.fr/ark:/12148/cb31211284q";"Richardi de Bury Philobiblion, sive de Amore librorum";"1473";"Köln";"[Imprimeur d'Augustinus, 'De Fide' (= Johann Schilling ?)";"1473";"In-4";"Null";"Null"
"http://data.bnf.fr/ark:/12148/cb31219091c";"Vita Aesopi [a Maximo Planude conscripta]... - Fabulae...";"1473";"Mediolani";"Null";"1473";"(Hain-Copinger, 274.)";"Null";"Null"
"http://data.bnf.fr/ark:/12148/cb41520890w";"Le Général Régnault, Mort le 27 Juin, victime de l'insurrection : [estampe]";"1473";"Null";"Null";"Null";"1 est. : lithographie ; 12,3 x 10,9 cm";"http://data.bnf.fr/ark:/12148/cb12071889x";"http://gallica.bnf.fr/ark:/12148/btv1b53015644z"
"http://data.bnf.fr/ark:/12148/cb312929251";"[Speculum vitae humanae, auctore Rodorico Sanctio de Arevalo.]";"1473";"Parisiis";"presserunt P. Caesaris simul atque J. Stol";"1473";"In-fol. (Hain-Copinger, 13938.)";"Null";"Null"
"http://data.bnf.fr/ark:/12148/cb312929162";"[Epistola super expugnationem insulae Negropontis, auctore Roderico Sanctio de Arevalo.]";"1473";"(Coloniae";"U. Zell";"1473";"In-fol. (Hain, 13957.)";"Null";"Null"
"http://data.bnf.fr/ark:/12148/cb31292923b";"[Speculum vitae humanae, auctore Rodorico Sanctio de Arevalo.]";"1473";"Beronae";"Helyas Helyae, alias de Louffen";"1473";"In-fol.";"Null";"Null"
"http://data.bnf.fr/ark:/12148/cb31292924p";"[Speculum vitae humanae, auctore Rodorico Sanctio de Arevalo.]";"1473";"Romae";"in domo J. P. de Lignamine";"1473";"In-fol. (Hain-Copinger, 13943.)";"Null";"Null"
"http://data.bnf.fr/ark:/12148/cb31344201q";"[Sedulii Carmen paschale.] In librum Evangeliorum";"1473";"(Utrecht";"N. Ketelaer et G. de Leempt";"1473";"In-fol. (Copinger, 5332.)";"Null";"Null"
"http://data.bnf.fr/ark:/12148/cb31352037w";"Annei Lucii Senece De quattuor virtutibus liber feliciter incipit";"1473";"[Paris";"Petrus Caesaris et Johannes Stol";"1473";"[18] ff. sans sign. ni récl.";"Null";"http://gallica.bnf.fr/ark:/12148/bpt6k71133w"
"http://data.bnf.fr/ark:/12148/cb313751270";"Tractatus de futuris contingentibus";"1473";"[Roma]";"Null";"1473";"In-fol.";"Null";"Null"
"http://data.bnf.fr/ark:/12148/cb313820512";"Julii Solini de Situ orbis terrarum et memorabilibus quae mundi ambitu continentur liber";"1473";"Venetiis";"per N. Jenson";"1473";"In-4° . (Hain, 14877.)";"Null";"Null"
"http://data.bnf.fr/ark:/12148/cb31396695h";"Statii Thebais et Achilleis";"1473";"[Parme]";"[S. Collarus]";"1473";"[316 p.]";"Null";"http://gallica.bnf.fr/ark:/12148/bpt6k70539t"
"http://data.bnf.fr/ark:/12148/cb31396675w";"[Catulli Carmina. Statii Sylvae a Francisco Puteolano editae.]";"1473";"Parmae";"per S. Corallum";"1473";"In-fol. (Pellechet, 3442.)";"Null";"Null"
"http://data.bnf.fr/ark:/12148/cb31403141s";"Tiutsche Cronica von Anfang der Welt uncz uff Keiser Fridrich";"1473";"Ulm";"J. Zainer";"1473";"In-fol. (Hain, *15054.)";"Null";"Null"
"http://data.bnf.fr/ark:/12148/cb314117802";"Strabonis Geographiae libri XVII";"1473";"Romae";"C. Sweynheym et A. Pannartz";"1473";"In-fol. (Hain, 15088.)";"Null";"Null"
"http://data.bnf.fr/ark:/12148/cb31443159p";"Hie hebt sich an das Buch Belial genant von des Gerichts Ordnung [des Jacob von Therams]...";"1473";"Augsburg";"Johann Bämler";"1473";"Null";"Null";"Null"
"http://data.bnf.fr/ark:/12148/cb31443146b";"Lis Cristi et Belial judicialiter coram Salomone judice... agitata... Universis Cristi fidelibus... hoc breve compendium inspecturis presbiter Jacobus de Theramo,... salutem...";"1473";"Köln";"imprimeur d'Augustinus, De Fide, GW 29 (= Johann Schilling ?)";"1473";"Null";"Null";"Null"
"http://data.bnf.fr/ark:/12148/cb31443387g";"[Terentii Comoediae sex : Andria, Eunuchus, Heautontimorumenos, Adelphi, Phormio, Ecyra.] - (Fol. [1,] v° :) Raphael Regius Bartholomaeo Girar. S. - (Plus bas :) Venetiis, tertio nonas maias, anno a natale christiano M. CCCC. LXXIII., Nicolao Trhono [sic pour : Throno] duce. - (Fol. [2,] r° :) Publii Terentii Afri, poetae comici, Andria. - Andriae argumentum [Sulpicii Apollinaris]... - Prologus Andriae. - (À la fin :) Cippicus ad lectorem (épigramme de 10 vers). - @";"1473";"Venise";"Null";"1473";"In-fol., 98 ff. n. ch., s. sign. n. récl., car. rom. (Brunet, V, col. 707 ; Lawton, 12.)";"Null";"Null"
"http://data.bnf.fr/ark:/12148/cb31461637p";"Religiosissimi viri, fratris Petri de Bergomo,... Super omnia opera divini doctoris Thome Aquinatis Tabula...";"1473";"Bononie";"ex officina B. Azoguidi";"1473";"In-fol. (Hain, *2816 ; Pellechet, 2072.)";"Null";"Null"
"http://data.bnf.fr/ark:/12148/cb314621366";"Hic liber Boecii de Consolatione philosophie in textu latina alemanicaque lingua refertus ac translatus [a Petro von Kastel], una cum apparatu et expositione [latina] beati Thome de Aquino,...";"1473";"Nurembergae";"A. Coburger";"1473";"In-fol. (Hain, *3398 ; Pellechet, 2551 ; Gesamtkatalog der Wiegendrucke, IV, 4573 ; Polain, 750.)";"Null";"Null"
"http://data.bnf.fr/ark:/12148/cb31462129x";"Tractatus sancti Thome de Aquino,... de Corpore Cristi. - Dicta de sacramento magistri Nicolai de Lira... - Intellectus super Oracione dominica";"1473";"(Coloniae,)";"Null";"1473";"In-4°";"Null";"Null"
"http://data.bnf.fr/ark:/12148/cb31462213t";"Bonum universale, de proprietatibus apum. [Authore Thoma de Cantiprato.]";"1473";"(Coloniae";"Null";"1473";"In-fol. (Pellechet, 3211 ; Polain, 3767.)";"Null";"Null"
"http://data.bnf.fr/ark:/12148/cb31462048x";"Liber sancti Thome de Aquino,... de Rege et regno, ad regem Cypri...";"1473";"(Ultrajecti";"N. Ketelaer, et G. de Leempt";"1473";"In-fol. (Hain-Copinger, *1488 ; Campbell, 1666 ; Pellechet, 1074.)";"Null";"Null"
"http://data.bnf.fr/ark:/12148/cb314620974";"Tractatus beati Thome de Aquino de Divinis moribus. - Tractatus beati Thome de Aquino de Beatitudine";"1473";"(Ultrajecti";"N. Ketelaer et G. de Leempt";"1473";"In-fol. (Hain-Copinger, 1364 ; Campbell, 1669 ; Pellechet, 975.)";"Null";"Null"
"http://data.bnf.fr/ark:/12148/cb31462128k";"Tractatus sancti Thome de Aquino,... de Corpore Cristi. - Dicta de sacramento magistri Nicolai de Lira... - Intellectus super Oracione dominica";"1473";"(Coloniae,)";"Null";"1473";"In-4° . (Hain-Copinger, 1374 ; Pellechet, 983 ; Vouillième, 1162 ; Cat. of books printed in the XVth century, now in the British Museum, I, p. 232 ; Polain, 3705 bis.)";"Null";"Null"
"http://data.bnf.fr/ark:/12148/cb31481327z";"Meditationes... Johannis de Turrecremata,... posite et depicte de ipsius mandato in ecclesie ambitu Sancte Marie de Minerva Rome";"1473";"(Romae,)";"per U. Gallum et Simonem de Luca";"1473";"In-4° , fig. (Hain-Copinger, *15724 ; Br. Mus., Books pr. XVth c., t. IV, p. 24.)";"Null";"Null"
"http://data.bnf.fr/ark:/12148/cb314966783";"Summa de ecclesiastica potestate, edita a fratre Augustino de Ancona,...";"1473";"Auguste";"(apud J. Schussler,)";"1473";"In-fol. (Hain, *960 ; Pellechet, 616 ; Polain, 3827.)";"Null";"Null"
"http://data.bnf.fr/ark:/12148/cb315215321";"Tractatus... de arte cognoscendi venena...";"1473";"(Padue";"Null";"1473";"In-4° . (Pellechet, 1305 ; Br. Mus., Books pr. XVth c., t. VII, p. 909.)";"http://data.bnf.fr/ark:/12148/cb119329264";"Null"
"http://data.bnf.fr/ark:/12148/cb31521533c";"Tractatus magistri Arnaldi de Villa Nova de arte cognoscendi venena. Tractatus de epidimia et peste domini Valasci de Tarenta";"1473";"Mantova";"[Johann Wurster]. - 1473";"1473";"Null";"http://data.bnf.fr/ark:/12148/cb119329264";"Null"
"http://data.bnf.fr/ark:/12148/cb315224936";"Dialogi decem variorum auctorum";"1473";"[Köln]";"[imprimeur de Franciscus de Mayronis, Flores sancti Augustini (C 773)]";"1473";"Null";"Null";"Null"
"http://data.bnf.fr/ark:/12148/cb31523000h";"Jhesuida Hieronimi de Vallibus,... ad... Petrum Donato,...";"1473";"(Augustae Vindelicorum";"G. Zainer";"1473";"In-4° . (Hain, *15838 ; Br. Mus., Books pr. XVth c., t. II, p. 320.)";"Null";"Null"
"http://data.bnf.fr/ark:/12148/cb315529173";"Flavii Vedati [sic] Renati,... Epitoma de re militari incipit. In epitoma institutorum rei militaris de commentariis Cathonis, Augusti, Trajani, Adriani necnon et Janie Frontoni in quatuor partes distinctum";"1473";"(Trajecti Rheni";"N. Ketelaer et G. de Leempt";"1473";"In-fol. (Hain, 15910 ; Campbell, 1706 ; Dibdin, Bibliotheca Spenceriana, II, 455 ; Br. Mus., Books pr. XVth c., IX, 10.)";"Null";"Null"
"http://data.bnf.fr/ark:/12148/cb31565982g";"Expositio Versoris,... super Summulis magistri Petri Hispany. [Lodovicus de Cremona,... sua impensa perficiendum opus hoc curavit.]";"1473";"Mantue";"imprimente P. de Puczpach";"1473";"In-4° . (Hain, 16031.)";"Null";"Null"
"http://data.bnf.fr/ark:/12148/cb315876638";"[Speculum hystoriale Vincencij Belvacensis.]";"1473";"(Argentinae";"A. Rusch";"1473";"4 vol. in-fol. à 2 col., car. semi-goth. (Copinger, II, 6245 ; Polain, t. IV, n  3940.)";"Null";"http://gallica.bnf.fr/ark:/12148/bpt6k840345s"
"http://data.bnf.fr/ark:/12148/cb31587667n";"[Speculum historiale fratris Vincencii.]";"1473";"(Argentinae,)";"J. Mentelin";"1473";"4 vol. in-fol. à 2 col., car. rom. (Copinger, III, 6246 ; Br. Mus., Cat. of books pr. XVth c., t. I, p. 57 ; Polain, t. IV, n  3941.)";"Null";"Null"
"http://data.bnf.fr/ark:/12148/cb315913458";"[Publii Virgilii Maronis Opera]";"1473";"Romae";"U. Gallum et S. de Luca";"1473";"536 p.";"Null";"http://gallica.bnf.fr/ark:/12148/bpt6k70852v"
"http://data.bnf.fr/ark:/12148/cb31591344x";"[Publii Virgilii Maronis Opera.]";"1473";"(S. l.,)";"L. Achates";"1473";"In-fol. (Copinger, 6012 et *18 ; Mambelli, 19.)";"Null";"Null"
"http://data.bnf.fr/ark:/12148/cb31606984b";"Magistri Jacobi de Voragine liber sermonum [de tempore per totum annum]";"1473";"Null";"Null";"1473";"In-fol. (M. Gisi, Verzeichniss der Incunabeln der Kantons-Bibliothek Solothurn, n  567 ; Copinger, 6530.)";"Null";"Null"
"http://data.bnf.fr/ark:/12148/cb31679100f";"[In unum ex quatuor, sive de Concordia evangelistarum libri quatuor.]";"1473";"(Argentinae";"C. W.,)";"1473";"In-fol. (Hain, 5023 ; Pellechet, 3582 ; Polain, 4064 ; Br. Mus. Books pr. XVth c., t. I, p. 81 ; Goff, Z-13.)";"Null";"Null"
"http://data.bnf.fr/ark:/12148/cb319517604";"(Fol. 1 recto) () Ohannes episcopus ser // vus... (A la fin) Presens Clementis quinti constitutionus // opus... Per... Leonharduz pfulgt et Georgium lauer // Rome impressum. Anno dn̄i. M. CCCC. // LXXIII. Die nero decimaoctaux. Men // Marcii...";"1473";"[S. l. n. d. ?] In-fol. Hain * 5415";"Null";"1473";"Null";"Null";"Null"
"http://data.bnf.fr/ark:/12148/cb31951752h";"(F 1a :) Incipi constitutiones clementis papae V. // unacum appara // tu domini Ioannis Andree... (A la fin)... in urbe Roma... consumatum. Per // Vdalricum Gallum Almanum. S. Simonem // Nicolai de Luca. Anno dn̄i. M. CCCC. // LXXIII die nero sexta mensis Iulii";"1473";"[S. l. n. d. ?] In-fol. Hain * 5416";"Null";"1473";"Null";"Null";"Null"
"http://data.bnf.fr/ark:/12148/cb31951761g";"(Fol. 1 recto) ()Ohannes Episcopus // servus servorum dei // ... (A la fin des constitutions). Praesens Clementis quinti constitutionum // opus clarissimum. Impressū Ferrariae per... Andream Gallum... Anno... M. CCCC. LXXIII. // Pridie Idus Apriles";"1473";"[S. l. n. d. ?] In-fol.";"Null";"1473";"Null";"Null";"Null"
"http://data.bnf.fr/ark:/12148/cb32398539c";"Expositio... super Summutis magistri Petri Hispani";"1473";"Mantue";"Null";"1473";"Null";"Null";"Null"
"http://data.bnf.fr/ark:/12148/cb32434258s";"Ethica";"1473";"Ultrajecti, N. Ketelaer et G. de Leempt";"Null";"1473";"Null";"Null";"Null"
"http://data.bnf.fr/ark:/12148/cb332607291";"Compendiosum scriptum Psalterii intentionem declarans";"1473";"[Köln";"imprimeur d'Albertus Magnus, De Virtutibus, GW 703 (= Johann Schilling ?)";"1473";"2°";"Null";"Null"
"http://data.bnf.fr/ark:/12148/cb333516754";"Disputatio inter clericum et militem";"1473";"[Köln]";"[imprimeur d'Augustinus, De Fide, GW 2953]";"1473";"In-4°";"Null";"Null"
"http://data.bnf.fr/ark:/12148/cb336128074";"Statuta Brixiae";"1473";"Brescia";"Null";"1473";"In-fol.";"Null";"Null"
"http://data.bnf.fr/ark:/12148/cb33612998j";"Statuta mercantie mercatorum Brixie";"1473";"Bresciá";"Null";"1473";"In-fol.";"Null";"Null"
"http://data.bnf.fr/ark:/12148/cb337155134";"Arrêt de parlement pour les examinateurs anciens contre les quaranteniers et cinquanteniers";"1473";"(S. l. n. d.)";"Null";"1473";"4°";"Null";"Null"
"http://data.bnf.fr/ark:/12148/cb33715514g";"Arrêt de la cour... portant injonction aux commissaires d'informer en toutes diligences contre vagabonds et gens sans aveu et les faire emprisonner...";"1473";"(S. l. n. d.)";"Null";"1473";"In-4°";"Null";"Null"
"http://data.bnf.fr/ark:/12148/cb33804467h";"Pratique criminelle canonique pour la congrégation de S. Maur";"1473";"Paris";"Null";"1473";"In-12";"Null";"Null"
"http://data.bnf.fr/ark:/12148/cb338102765";"Lettres d'atributions au Chastelet de Paris de l'exécution du seel dudit Chastelet (des 8 février 1368, 6 octobre 1447 et 25 juin 1473)";"1473";"(S. l. n. d.)";"Null";"1473";"In-fol., 4 p.";"Null";"Null"
"http://data.bnf.fr/ark:/12148/cb33849825q";"Chartre du roi par laquelle il est défendu que autres que les examinateurs du Châtelet de Paris ne fassent aucunes enquêtes ou examens des causes et matières ventillées au dit Châtelet, soit par devant le prévôt de Paris";"1473";"(S. l. n. d.)";"Null";"1473";"4°";"Null";"Null"
"http://data.bnf.fr/ark:/12148/cb35951183p";"Evangelium Nicodemi Incipit feliciter";"1473";"Null";"Null";"1473";"[14] f.";"Null";"http://gallica.bnf.fr/ark:/12148/bpt6k854527t"
"http://data.bnf.fr/ark:/12148/cb359511365";"[Sans titre]";"1473";"Null";"Null";"1473";"[426] f.";"Null";"Null"
