id;title;date;place;publisher;firstyear;description;subject;gallica
"http://data.bnf.fr/ark:/12148/cb397697694";"[Série de lithographies dessinées";"184";"[S. l.]";"[s. n.]";"Null";"[20] p. de pl.";"Null";"http://gallica.bnf.fr/ark:/12148/btv1b53023907d"
"http://data.bnf.fr/ark:/12148/cb39769824f";"Notice sur Philippe le Bon,...";"184";"Douai. - Paris";"F. Robaut. - Techener";"Null";"20 p.";"Null";"http://gallica.bnf.fr/ark:/12148/btv1b64061033"
"http://data.bnf.fr/ark:/12148/cb39799967m";"Lettre [à Scribe], 15 avril (184.)";"184";"Null";"Null";"Null";"1 f. : in-8°";"Null";"Null"
"http://data.bnf.fr/ark:/12148/cb39801642t";"Lettre de Pierre Alexandre-François Chevillard à Habeneck, (Paris), mardi matin (v. 184.)";"184";"Null";"Null";"Null";"1 f. (1 p. et adresse) : in-8°";"Null";"Null"
"http://data.bnf.fr/ark:/12148/cb39812217z";"Une lettre en allemand, 22 août 184.";"184";"Null";"Null";"Null";"Null";"Null";"Null"
"http://data.bnf.fr/ark:/12148/cb398210866";"Lettre de Heinrich Panofka à Jean-Georges Kastner, 24 Janvier 184.";"184";"Null";"Null";"Null";"Null";"Null";"Null"
"http://data.bnf.fr/ark:/12148/cb39821085v";"Lettre de Heinrich Panofka à Jean-Georges Kastner, 15 Février 184.";"184";"Null";"Null";"Null";"Null";"Null";"Null"
"http://data.bnf.fr/ark:/12148/cb39822463w";"Lettre de Louis Antoine Ponchard à Monsieur Mario de Candio, 8 novembre 184.";"184";"Null";"Null";"Null";"Null";"Null";"Null"
"http://data.bnf.fr/ark:/12148/cb398226921";"Lettre de Heinrich Proch à Monsieur Bemmark, 10 octobre (184.?)";"184";"Null";"Null";"Null";"Null";"Null";"Null"
"http://data.bnf.fr/ark:/12148/cb398277241";"Lettre de Spitz à Monsieur P. Ant. Cap, 18 Mars (184.?)";"184";"Null";"Null";"Null";"Null";"Null";"Null""http://data.bnf.fr/ark:/12148/cb334525320";"Lettere inedite scientifico letterarie di Lodovie Muratori. Vitatiano Donati. Gio. Maria Lancisi. Daniele Le Clerc, raccolta [...]";"184";"Milano";"G. [...]";"Null";"In-16";"Null";"Null"
"http://data.bnf.fr/ark:/12148/cb35022985n";"Société en participation : [document d'information]";"184";"Paris";"Union scolastique, littéraire, scientifique et artistique";"Null";"8 p.";"Null";"Null"
"http://data.bnf.fr/ark:/12148/cb35084974q";"Statuts";"184";"Pont-Rémy";"Liénard fils et Cie";"Null";"14 p.";"Null";"Null"
"http://data.bnf.fr/ark:/12148/cb354818314";"Javaslat a magyar közlekedési ügy rendezésérül";"184";"Pozsonyban";"nyom. Belnay örököseinél";"Null";"134-[1] dépl.";"Null";"Null"
