id;title;date;place;publisher;firstyear;description;subject;gallica
"http://data.bnf.fr/ark:/12148/cb436135367";"[Le Christ au Mont des Oliviers] : [estampe]";"1420";"[Allemagne du sud]";"Null";"1420";"1 est. : gravure sur bois, col. ; 259 x 187 mm";"http://data.bnf.fr/ark:/12148/cb11954920z";"http://gallica.bnf.fr/ark:/12148/btv1b10505599d"
"http://data.bnf.fr/ark:/12148/cb43710367d";"[Le Christ à la colonne fouetté par deux bourreaux] : [estampe]";"1420";"[Allemagne du sud ?]. - [France ?]";"Null";"1420";"1 est. : gravure sur bois, col. ; 137 x 100  mm";"http://data.bnf.fr/ark:/12148/cb170353463";"http://gallica.bnf.fr/ark:/12148/btv1b105055767"
"http://data.bnf.fr/ark:/12148/cb43712420h";"[Le Portement de croix] : [estampe]";"1420";"[Allemagne du sud]";"Null";"1420";"1 est. : gravure sur bois, col. ; 130 x 90 mm";"Null";"http://gallica.bnf.fr/ark:/12148/btv1b105055532""http://data.bnf.fr/ark:/12148/cc92433c/cd0e276";"Lettres par lesquelles Charles VI concède au comte de Flandre le rachat des châtellenies de Douai, Lille et Orchies.";"1420";"Null";"Null";"Null";"Null";"Null";"Null"
"http://data.bnf.fr/ark:/12148/cc80791";"Gerson ben Ézéchias de Beaumes-de-Venise. אך חכמתי";"1420";"Null";"Null";"Null";"IV+121+III f.";"http://data.bnf.fr/ark:/12148/cb12045157q";"http://gallica.bnf.fr/ark:/12148/btv1b10539306w"
"http://data.bnf.fr/ark:/12148/cc100697k";"30 n° pour 33 pièces. Anjou. Carton refondu, certains documents ont été retirés et ont formé le carton 3,2 (III bis).";"1420";"Null";"Null";"Null";"Null";"Null";"Null"
"http://data.bnf.fr/ark:/12148/cb318640917";"Notes on a Book of Hours";"1420";"London, Chiswick press";"Null";"1420";"Null";"Null";"Null"
"http://data.bnf.fr/ark:/12148/cb337338298";"Lettres par lesquelles appert un commissaire au Chatelet de Paris être commissaire et lieutenant criminel ensemble";"1420";"(S. l. n. d.)";"Null";"1420";"4°";"Null";"Null"
"http://data.bnf.fr/ark:/12148/cb338101448";"Ordonnance portant que toutes les finances seront reçues par un notable et bien solvable";"1420";"(S. l. n. d.)";"Null";"1420";"In-4°, 3 p.";"Null";"Null"
