id;title;date;place;publisher;firstyear;description;subject;gallica
"http://data.bnf.fr/ark:/12148/cb40757073m";"Battle of Crecy 1346";"1346";"London";"Longmans";"1346";"Null";"Null";"Null""http://data.bnf.fr/ark:/12148/cb337458603";"Ordonnance (du roi) portant institution des officiers de la chambre des comptes";"1346";"(S. l. n. d.)";"Null";"1346";"In-4°, 1 p.";"Null";"Null"
"http://data.bnf.fr/ark:/12148/cb33810001q";"Ordonnance pour les gens des comptes";"1346";"(S. l. n. d.)";"Null";"1346";"In-4°, 1 p.";"Null";"Null"
"http://data.bnf.fr/ark:/12148/cb33810000c";"Ordonnance concernant l'écurie du Roy";"1346";"(S. l. n. d.)";"Null";"1346";"In-8°, 3 p.";"Null";"Null"
"http://data.bnf.fr/ark:/12148/cb33849726s";"Ordonnance concernant l'ecurie du Roy";"1346";"(S. l. n. d.)";"Null";"1346";"In-4°, 3 p.";"Null";"Null"
