id;title;date;place;publisher;firstyear;description;subject;gallica
"http://data.bnf.fr/ark:/12148/cb428562334";"Les Epis d'or. (Op. 239.) Cantate pour noces d'or.. Paroles de Mlle Paschal. Chant et piano";"1396";"Paris";"René Haton, éditeur";"1396";"Null";"Null";"Null""http://data.bnf.fr/ark:/12148/cc78481j";"Miroir Historial [Speculum historiale], vol. 1, 2, 4";"1396";"Null";"Null";"Null";"3 vol. 354, 392 et 438 ff.";"Null";"http://gallica.bnf.fr/ark:/12148/btv1b8451115j"
"http://data.bnf.fr/ark:/12148/cc49581j";"Le « Mireoir hystorial » [de Vincent de Beauvais], traduction de « Frere JEHAN DE VIGNAY », tomes I, II et IV.";"1396";"Null";"Null";"Null";"3 volumes.";"Null";"Null"
"http://data.bnf.fr/ark:/12148/cb33733827k";"[Titre ?]";"1396";"[S. l. n. d. ?]";"Null";"1396";"Null";"Null";"Null"
"http://data.bnf.fr/ark:/12148/cb33849762n";"Anciens statuts et ordonnances des huilliers, portant faculté de faire, vendre et débiter huilles d'ollives et autres, des 16 octobre 1396 et 11 avril 1431";"1396";"(S. l. n. d.)";"Null";"1396";"In-4°, 7 p.";"Null";"Null"
"http://data.bnf.fr/ark:/12148/cb338497619";"Extrait des capitulaires de nos rois";"1396";"(S. l. n. d.)";"Null";"1396";"In-4°";"Null";"Null"
