id;title;date;place;publisher;firstyear;description;subject;gallica
"http://data.bnf.fr/ark:/12148/cb30038834f";"Divi Aurelii Augustini de Civitate Dei";"1468";"Roma";"Konrad Sweynheym et Arnold Pannartz";"1468";"Null";"Null";"Null"
"http://data.bnf.fr/ark:/12148/cb30038841q";"Divi Aurelii Augustini de Civitate Dei, cum commento Thomae Walleis et Nicolai Triveth";"1468";"[Strasbourg";"Johannes Mentelin";"1468";"Null";"Null";"Null"
"http://data.bnf.fr/ark:/12148/cb30039068s";"Divi Aurelii Augustini Epistolae";"1468";"(Argentinae";"J. Mentelin";"1468";"In-fol. (Pellechet, 1481.)";"Null";"Null"
"http://data.bnf.fr/ark:/12148/cb301254248";"Vita Christi, edita a sancto Bonaventura, seu Meditationes vitae Domini nostri Jesu Christi";"1468";"Augsburg";"Günther Zainer";"1468";"Null";"Null";"Null"
"http://data.bnf.fr/ark:/12148/cb30244267b";"M. Tullii Ciceronis de Oratore libri tres";"1468";"Roma";"Ulrich Han";"1468";"Null";"Null";"Null"
"http://data.bnf.fr/ark:/12148/cb30649548s";"Sermo S. Joannis Chrysostomi super psalmum L : Miserere mei, Deus";"1468";"(Coloniae";"U. Zell.)";"1468";"In-4° . (Hain-Copinger, *5031 ; Voulliéme, 649.)";"Null";"Null"
"http://data.bnf.fr/ark:/12148/cb30652559z";"Epistolae et tractatus sancti Hieronymi. Accedunt Epistolae Damasi. Homeliarum Origenis translatio et S. Augustini ad S. Hieronymum epistolae";"1468";"(Argentinae";"J. Mentelin";"1468";"In-fol. (Hain, *8549.)";"Null";"Null"
"http://data.bnf.fr/ark:/12148/cb306525605";"Epistolae et tractatus sancti Hieronymi, Theodorus Laelius et Johannes Andreas ediderunt. Epistolae Damasi, S. Augustini, Epiphanii, Theophili ad S. Hieronymum. Opuscula Rufini circa Origenem. Translatio homeliarum Origenis. Sermo Petri Pauli Vergerii in laudem S. Hieronymi. Epistola S. Augustini ad S. Cyrillum de laudibus S. Hieronymi. Epistola S. Cyrilli ad S. Augustinum de miraculis S. Hieronymi. Epistola Eusebii de vita et transitu S. Hieronymi";"1468";"Roma";"in domo P. de Maximis (Konrad Sweynheiym et Arnold Pannartz)";"1468";"2 vol.";"Null";"Null"
"http://data.bnf.fr/ark:/12148/cb306703507";"Justiniani imperatoris Institutiones, una cum apparatu";"1468";"Moguntiae";"P. Schoiffer";"1468";"In-fol. (Hain, *9489.)";"Null";"Null""http://data.bnf.fr/ark:/12148/cb307118576";"Lactantii Firmiani Opera. De Divinis institutionibus adversus gentes libri septem ; de Ira Dei liber unus ; de Opificio hominis liber ; Phoenix : Dantes Phoenice (Inferno, XXIV, 107-112), Ovidius Phoenix (Metamorph., XV. 391-402) ; de Resurrectionis dominicae die. Ex recensione fratris Adami Genuensis. Errata per Fratrem Antonium Raudensem collecta et exarata";"1468";"Romae";"in domo P. de Maximo";"1468";"In-fol. (Hain, *9807.)";"Null";"Null"
"http://data.bnf.fr/ark:/12148/cb30905296j";"Francisci Mataratii,... de Componendis versibus hexametro et pentametro opusculum. - A la fin : Erhardus Ratdolt Augustensis,... confecit... anno Christi MCCCCLXVIII, VII calen. decembris. Venetiis";"1468";"Venetiis";"Null";"1468";"In-4° , sign. a-d. (Hain. 10889.)";"Null";"Null"
"http://data.bnf.fr/ark:/12148/cb40108039m";"[Psalterium cum canticis]";"1468";"[Köln]";"[Ulrich Zell]";"1468";"Null";"Null";"Null"
"http://data.bnf.fr/ark:/12148/cb31017223m";"Tractatus de contractibus mercatorum Johannis Nider... Accedunt Johannis de Nigromonte articuli contra impugnantes privilegia ordinis praedicatorum";"1468";"(Coloniae";"Ulricus Zell";"1468";"In-4";"Null";"Null"
"http://data.bnf.fr/ark:/12148/cb31089167w";"XXV sermones magis morales";"1468";"[Coloniae";"Null";"1468";"In-fol.";"Null";"Null"
"http://data.bnf.fr/ark:/12148/cb31292917d";"[Speculum vitae humanae, auctore Rodorico Sanctio de Arevalo.]";"1468";"Romae";"C. Sweynheyn et A. Pannartz in domo P. de Maximo";"1468";"In-fol. (Hain-Copinger, *13939.)";"Null";"Null"
"http://data.bnf.fr/ark:/12148/cb31461734x";"Prima pars Summe fratris sancti Thome de Aquino,...";"1468";"[Köln";"Ulrich Zell";"1468";"Null";"Null";"Null"
"http://data.bnf.fr/ark:/12148/cb35951131f";"[Sans titre]";"1468";"Null";"Null";"1468";"[496] f.";"Null";"Null"
