id;title;date;place;publisher;firstyear;description;subject;gallica
"http://data.bnf.fr/ark:/12148/cb30001990w";"Hannibalis atque Scipionis prestantissimorum ducum historie eleganti dulcique ṡtilo conscripte (a Donato Acciajuoli)";"1502";"In oppido Swollensi";"per A. Kempen";"1502";"In-4° . Car. goth.";"Null";"Null"
"http://data.bnf.fr/ark:/12148/cb300044740";"Egidii Romani commentaria in octo libros Physicorum Aristotelis";"1502";"Venetiis";"per A. de Torresanis de Asula";"1502";"In-fol. Car. goth.";"Null";"Null"
"http://data.bnf.fr/ark:/12148/cb30006700r";"Unser lieben Frawen Psalter vonn den dreien Rosenkrenntzen, wie man die ordnen unnd peten sol mitt vil bewerten Exemplen, eyn vast nutzlichs Büechlin";"1502";"Augspurg";"gedruckt von L. Zeissenmair";"1502";"In-4° . Car. goth. Fig. sur bois";"Null";"Null"
"http://data.bnf.fr/ark:/12148/cb30007656b";"Opera... De Celesti Hierarchia...";"1502";"Argentinae";"Null";"1502";"In-fol.";"Null";"Null"
"http://data.bnf.fr/ark:/12148/cb30009878p";"Clavis theologie a Petro Keschingero, Jacobo Lochero editore. - A la fin : Clavis theologie, sive Repertorium reverendi patris Petri Kesschinger de ordine Minorum, in Summam Doctoris irrefragabilis Alexandri de Hales finit feliciter, per Nicolaum Kessler, civem basiliensem... elaboratum. Anno a partu Virginis salutifero millesimo quingentesimo secundo";"1502";"(Basileae,)";"Null";"1502";"In-4° , car. goth.";"Null";"Null"
"http://data.bnf.fr/ark:/12148/cb30015832m";"Opera...";"1502";"Venetiis";"Null";"1502";"In-fol.";"Null";"Null"
"http://data.bnf.fr/ark:/12148/cb30015833z";"Opera...";"1502";"Argentinae";"Null";"1502";"In-fol.";"Null";"Null"
"http://data.bnf.fr/ark:/12148/cb30019868k";"Faustus de secunda victoria Neapolitana";"1502";"Null";"Null";"1502";"[14] f. (sig. a8, b6)";"Null";"http://gallica.bnf.fr/ark:/12148/bpt6k71273d"
"http://data.bnf.fr/ark:/12148/cb30020847n";"Summa Angelica,";"1502";"Null";"Null";"1502";"[8]-519 [i.e. 520]-[14] f.";"Null";"Null"
"http://data.bnf.fr/ark:/12148/cb30019588c";"Geographiae libri XVII";"1502";"(Venetiis)";"Null";"1502";"In-fol.";"Null";"Null"
"http://data.bnf.fr/ark:/12148/cb30022536n";"Elegans libellus ac nunc primum impressus, de precellentia potestatis imperatorie, in quo plurima lectu vehementer tum utilia, tum amoena, ex variis authoribus, de ortu, gradibus et discrimine dignitatum civilium et ecclesiasticarum, conscriptus a... Jacobo (Anthonii) Middelburgensi,... (cum carmine elegiaco et epistola Desiderii Erasmi). - A la fin. Finis apologie de precellentia ditionis imperatorie contra cujusdam Aretini et aliorum quorumdam calumnias... impresse Hantverpie, in officina optimi chalcographi Theoderici cognomine Mertens, anno domini millesimo quingentesimo secundo, calendis aprilibus";"1502";"Anvers";"T. Mertens";"1502";"In-4° , sign. a-m";"Null";"Null"
"http://data.bnf.fr/ark:/12148/cb30023099d";"Confessorum refugium atque naufragium portus tutissimus Defecerunt... archiepiscopi Florentini (Antonini) cum nonnullis additionibus novis";"1502";"Lugduni";"impr. J. de Vingle";"1502";"In-8° , car. goth.";"Null";"Null"
"http://data.bnf.fr/ark:/12148/cb30024227b";"Opere del facundissimo Seraphino Aquilano, collette per Francesco Flavio,... - A la fin : Impresso in Venetia per Me Maestro Manfrino de Monfera. M CCCCCII. adi. XXIIII. de decembrio";"1502";"Venetia";"Null";"1502";"In-8° , sign. A-O, titre en rouge, fig. sur bois...";"Null";"Null"
"http://data.bnf.fr/ark:/12148/cb30026830c";"Minorica elucidativa rationabilis separationis fratrum Minorum de Observantia ab aliis fratribus ejusdem ordinis, opus Alexandri Ariosti";"1502";"Paris";"Jean I Petit";"1502";"Null";"Null";"Null"
"http://data.bnf.fr/ark:/12148/cb30039313b";"Expositio beati Augustini de Sermone Domini in monte";"1502";"Null";"Null";"1502";"[64] f. (sig. a-h8)";"Null";"Null"
"http://data.bnf.fr/ark:/12148/cb30038768g";"Opuscula divi Augustini longe prestantissima cum duplici indicio rursus Parrhisiis coimpressa.";"1502";"Null";"Null";"Null";"[14]-CCC f. (sig. ā8, ē6 , a-z8, A-N8, O-P6)";"Null";"Null"
"http://data.bnf.fr/ark:/12148/cb300506300";"La nef des princes et des batailles de noblesse : avec aultres enseignemens utilz et profitables à toutes manières de gens pour congnoistre à bien vivre et mourir dediqués et envoyés à divers prélas et seigneurs ainsi qu'on pourra trouver cy après";"1502";"Lyon";"[s.n.]";"1502";"65 ff., 2 col.";"Null";"http://gallica.bnf.fr/ark:/12148/bpt6k706362"
"http://data.bnf.fr/ark:/12148/cb30053642q";"Super primo, secundo, tertio (quarto et quinto) Codicis";"1502";"(S. l.,)";"Null";"1502";"In-fol.";"Null";"Null"
"http://data.bnf.fr/ark:/12148/cb300536432";"Super sexto (octavo et nono) Codicis";"1502";"(S. l.,)";"Null";"1502";"In-fol.";"Null";"Null"
"http://data.bnf.fr/ark:/12148/cb300576671";"Titre : Sermones fratris Gabrielis Barelete. - Fol. 198 v°: Explicit quadragesimale fratris Gabrielis Barelete. - 2e partie. Fol. 1 r°: Sermones fratris Gabrielis Barelete, ordinis Predicatorum, tam quadragesimales quam de Sanctis noviter impressi. Et ubi prius fuerunt interposita carmina Petrarche et Dantis in eorum vulgari modo, per venerabilem magistrum Johannem Anthonij, ordinis Minorum, italicum, sunt verbis latinis translata. - Fol. 108 r°: Expliciunt sermones de Sanctis magistri Gabrielis de Bareleta... Impressi Lugduni per magistrum Claudium Davost, alias de Troie, anno... millesimo quingentesimo secundo, die vero penultima novembris";"1502";"Lyon";"Null";"1502";"2 parties en 1 vol. in-8° , car. goth., 2 col., 198-108 ff.";"Null";"Null"
"http://data.bnf.fr/ark:/12148/cb30083029g";"Historia corporis humani, sive Anatomice (auctore A. Benedicto)";"1502";"Impressum Venetiis";"a B. Guerraldo Vercellensi";"1502";"In-4° , sign. a-h";"Null";"Null"
"http://data.bnf.fr/ark:/12148/cb300928587";"Compendium historiae universalis Trogi Pompeii";"1502";"Mediolani";"Null";"1502";"In-fol.";"Null";"Null"
"http://data.bnf.fr/ark:/12148/cb30125251m";"Sancti Bonaventure, doctoris seraphici, Breviloquium theologie, quo omnis laus, magistro Johanne Gerson teste, longe inferior est. Venundantur Andegavis, in domo Johannis Alexandri, in vico vulgariter nuncupato à la Chaussée Saint Pierre. - Fol. O 4 : Finit Breviloquium sentenciarum sancti Bonaventure,... pervigili cura Johannis Mauditier, Petri Olivier et Guillermi Golumier, sociorum, impressum Rothomagi anno Incarnationis dominice millesimo quingentesimo secundo, mensis julii die vicesima quinta. - Fol. sign. P : Doctoris seraphici beati Bonaventure tractatus qui Lignum vite dicitur, ejusdem Expositio Orationis dominice, scilicet Pater noster, et Laudismus de sancta cruce, ab eodem cordis de visceribus editus. - Fol. sign. S : Sancti Bonaventure, doctoris seraphici, Itinerarius mentis in Deum... - Fol. V 5 v°¸ : Incipit tractactus, ut fertur, sancti Bonaventure de septem gradibus contemplationis, quanquam non redoleat stilum ejus";"1502";"Angers et Rouen";"Null";"1502";"In-8° , car. goth., sign. A-V, fig. sur bois, marques typogr.";"Null";"Null"
"http://data.bnf.fr/ark:/12148/cb30125386j";"Sermones aurei atque subtiles de tempore et de sanctis, cum communi sanctorum sancti Bonaventure... ex divo Minorum Ordine veri et indubitati, diversique ab his aliquando impressis et sancto Bonaventure falso adscriptis, a devio erroris accuratissime castigati atque emendati. - A la fin de la 1re partie : Expliciunt sermones formalissimi... sancti Bonaventure cum aliquibus aliis sermonibus domini Aureoli, archiepiscopi Aquensis, et doctoris illuminati Francisci de Maronis, suis in locis annotatis de tempore, anno 1502, die vero XV aprilis. - A la fin de la 2e partie : Expliciunt sermones de communi sanctorum generales... sancti Bonaventure... impensis et opere providi viri magistri Jacobi Pfortzhemii, civis Basiliensis, impressi, anno salutis MCCCCCIJ. - A la fin de la 3e partie : Expliciunt sermones de sanctis sanctissimi Bonaventure... impressi per magistrum Jacobum Pfortzhemium... civem Basiliensem, anno salutis et gratie millesimo quingentesimo secundo";"1502";"(S. l.,)";"Null";"1502";"3 parties en 1 vol. in-4° , car. goth.";"Null";"Null"
"http://data.bnf.fr/ark:/12148/cb30154051f";"Arithmetica Thome Bravardini";"1502";"Null";"Null";"1502";"(sig. A-B)";"Null";"Null"
"http://data.bnf.fr/ark:/12148/cb30160143b";"Bernhardi de Breydenbach opusculum sanctarum peregrinationum ad sepulcrum Christi venerandum. - A la fin : Sanctarum peregrinationum in montem Syon ad venerandum Christi sepulchrum in Hierusalem atque in montem Synai ad divam virginem et martyrem Katherinam opusculum hoc contentivum per Petrum Drach, civem Spirensem, impressum, anno salutis nostrae M CCCCC II, die XXIII novembris, finit feliciter";"1502";"(Spirae Nemetum)";"Null";"1502";"In-fol., car. goth., 68 ff. non ch., fig. sur bois";"Null";"Null"
"http://data.bnf.fr/ark:/12148/cb301784152";"Titre au°v du dernier feuillet : De primo et ultimo instanti Gualterii Burlei. Alexandri Achillini, Bon., examinatio figure quadrate et additio oblunge. Proportiones Alberti de Saxonia. - Au°r du dernier feuillet : Bononie... Impressus per Benedictum Hectoris die XXIII aug. M CCCCC II";"1502";"Bononiae";"Null";"1502";"In-4° , 2 col., car. goth., sign. A-B";"Null";"Null"
"http://data.bnf.fr/ark:/12148/cb30180349c";"Rosarium sermonum predicabilium, ad faciliorem predicantium commoditatem noviter compilatum... (auctore fratre Bernardino de Busti.) Pars prima Rosarii. - A la fin : Impressa Lugduni, expensis et summa cura probi viri M. Johannis Cleyn Alemani alias Schwab, incarnationis anno dominice MCCCCCII, VI kal. aprilis. Laus summo vero Deo";"1502";"Lugduni";"Null";"1502";"In-4° , car. goth., 2 col., 260 ff., marque typogr. en rouge à la fin";"Null";"Null"
"http://data.bnf.fr/ark:/12148/cb30209368b";"De Mundanorum hominum temeritate atque stultitia liber incipit (auctore Petro Haedo, id est Cavretto). - A la fin : Impressum Venetiis, impensis Georgii de Rusconibus, anno ab incarnatione Domini nostri Jesu Christi M. D. II., die vero XV. mensis julii";"1502";"Venetiis";"Null";"1502";"In-4° , sign. A-D";"Null";"Null"
"http://data.bnf.fr/ark:/12148/cb30242978f";"M. T. C. (Ciceronis) Epistolae familiares";"1502";"Venetiis";"in aedibus Aldi";"1502";"In-8° , sign. z-z, aa-ll";"Null";"Null"
"http://data.bnf.fr/ark:/12148/cb302433630";"S'ensuyt le livre Tulles des Offices";"1502";"Null";"Null";"1502";"(sign. A-Q)";"Null";"Null"
"http://data.bnf.fr/ark:/12148/cb30244571d";"M. Tullii C. Synomorum [sic] libellus";"1502";"Null";"Null";"1502";"[17]-[1 bl.] f.";"Null";"Null"
"http://data.bnf.fr/ark:/12148/cb302446005";"M. T(ullu) C(iceronis) Tusculanae quaestiones. (Raphael Regius edidit.)";"1502";"Venetiis";"impressum per Joannem et Gregorium de Gregoriis";"1502";"In-8° , sign. a-p";"Null";"Null"
"http://data.bnf.fr/ark:/12148/cb30253992f";"In hoc Codri volumine haec continentur : Orationes, seu Sermones, ut ipse appellabat. Epistolae. Silvae. Satyrae. Eglogae. Epigrammata. (Philippo Beroaldo edente. Accessit vita Codri a Bartholomaeo Blanchino.) - A la fin : Impressum Bononiae, per Joannem Antonium Platonidem, sub anno Domini 1502, die vero 7. martii...";"1502";"Bononiae";"Null";"1502";"2 parties en 1 vol. in-fol., car. romains, sign. A-T. @  , A-I, marque du libraire à la fin";"Null";"Null"
"http://data.bnf.fr/ark:/12148/cb302711193";"Sonetti e canzone del preclarissimo... Antonio Cornazano. - A la fin : Stampata in Venetia per mi Manfrino de Monfera, MCCCCCII, a dì IIII agosto...";"1502";"Venezia";"Null";"1502";"In-8° , sign. A-H, titre rouge avec encadr.";"Null";"Null"
"http://data.bnf.fr/ark:/12148/cb302925233";"Opuscula varia Nicolai de Cusa. I. De docta ignorantia libri tres. Apologia doctae ignorantiae. De conjecturis libri duo. De filiatione Dei. Dyalogus de Genesi. Ydiote libri quattuor. II. De Visione Dei. De pace fidei. Reparatio kalendarii. De mathematicis complementis. Cribratio alchoranis libri tres. De venatione sapientiae. De ludo globi libri duo. Compendium. Trialogus de possest. Contra Bohemos. De mathematica perfectione. De berillo. De dato patris luminum. De quaerendo Deum. Dyalogus de apice theoriae";"1502";"[Cortemaggiore";"Benedetto Dolcibelli del Mangio";"1502";"4 parties";"Null";"Null"
"http://data.bnf.fr/ark:/12148/cb30299271t";"Le terze rime di Dante";"1502";"Null";"Null";"1502";"[244] f. (sig. a-z8 A-G8 H4)";"Null";"Null"
"http://data.bnf.fr/ark:/12148/cb30324293n";"Preclarum opusculum Dionysii Areopagite de Mystica theologia et de Divinis nominibus, Marsilio Ficino interprete impressioneque nova luculentum. - A la fin : Impressum Argentine, anno Domini M. Vc II. Finitum in die sanctorum martyrum Viti et Modesti";"1502";"Argentine";"Null";"1502";"In-fol., 62 ff., à 2 col., car. goth.";"Null";"Null"
"http://data.bnf.fr/ark:/12148/cb30324268f";"Theologia vivificans, cibus solidus, Dyonisii Celestis hierarchia, Ecclesiastica ierarchia, Divina nomina, Mystica theologia, Undecim epistole. Ignacii undecim epistole. Policarpi epistola una. [Ex editione J. Fabri Stapulensis.] - A la fin : Operum beati Dionysii... finis... impressorum Argentine, anno Domini M. Vc. II, finitorum in die Vitalis martyris";"1502";"Argentine";"Null";"1502";"In-fol. 117 ff. à 2 col., car. got., titre à encadrement gravé";"Null";"Null"
"http://data.bnf.fr/ark:/12148/cb30324269s";"Divini Dionysii Areopagite Caelestis hierarchia, Ecclesiastica hierarchia, Divina nomina, Mystica theologia, Undecim epistolae. Ignatii undecim epistolae. Polycarpi epistola una. Theologia vivificans, cibus solidus. - A la fin : ... In inclyta civitate Venetiarum per Joannem Tacuinum de Tridino, formulariae artis magistrum, anno ab incarnatione ejusdem Domini nostri Jesu Christi MCCCCCII, die XXI mensis novembris...";"1502";"Venetiae";"Null";"1502";"In-fol., 143 ff., titre et initiales grav., marq. typogr.";"Null";"Null"
"http://data.bnf.fr/ark:/12148/cb303435820";"Tractatus... denominatus Defensorium juris...";"1502";"Venetiis";"Null";"1502";"In-fol.";"Null";"Null"
"http://data.bnf.fr/ark:/12148/cb30409125v";"Stephanus de urbibus. [Edidit P. Aldus Manutius.]  -  A la fin : Venetiis, apud Aldum Romanum, mense januario MDII...";"1502";"Venetiis";"Null";"1502";"In-fol. à 2 col., sign. AA-AL";"Null";"Null"
"http://data.bnf.fr/ark:/12148/cb30430124z";"Practica singularis ac perutilis conspicui domini Johannis Petri de Ferrariis, utriusque juris doctoris, una cum additionibus domini Francisci de Curte. - A la fin : Explicit perutilis et necessaria Practica Johannis Petri Ferrarii papiensis, impressa Lugduni, et per Johannem Clinzalium, juris utriusque professorem, castigata, cum quibusdam additionibus consummatissimi viri domini Francisci de Curte, ex ejus originali extractis. M.CCCCC.II, XXVIII. die mensis julii";"1502";"Lugduni";"Null";"1502";"1 vol. (car. goth., 2 col., 11 ff. n. ch., 224 ff., titre en rouge avec initiale ornée)";"Null";"Null"
"http://data.bnf.fr/ark:/12148/cb304355279";"Francisci Philelfi,... Epistolarum familiarium libri XXXVII ex ejus exemplari transumpti, ex quibus ultimi XXI novissime reperti fuere et impressorie traditi officine, cum privilegio. - A la fin : Venetiis, ex aedibus Joannis et Gregorii de Gregoriis fratrum, regnante serenissimo principe D. Leonardo Lauredano, inclyto Venetorum duce, anno Domini M. D. II, octavo kal. octobres";"1502";"Venetiis";"Null";"1502";"In-fol., le titre, l'index et 266 ff., car. rom.";"Null";"Null"
"http://data.bnf.fr/ark:/12148/cb30481727x";"Liber synonymorum magistri Johannis de Garlandia";"1502";"Null";"Null";"Null";"[52] f. (sign. A-I6, K4)";"Null";"Null"
"http://data.bnf.fr/ark:/12148/cb304920728";"Liber hysagoge...";"1502";"Venetiis";"Null";"1502";"In-8°";"Null";"Null"
"http://data.bnf.fr/ark:/12148/cb30497556m";"Incipit textus abbreviatus Aristotelis super octo libris Phisicorum et tota naturali philosophia, nuper a magistro Thoma Bricot,... compilatus, una cum continuatione textus magistri Georgii et quaestionibus ejusdem, de recenti ab eodem Thoma Bricot revisus atque diligentissime emendatus... - Pars 2, fol. 180 v̊  : Georgii,... cursus iste phisice Aristotelis, una cum textu... magistri Thome Bricot, finit feliciter, Lugduni per Jacobum Mailleti. Anno salutis MCCCCCII, idus XIII. septembris";"1502";"Lugduni";"Null";"1502";"In-4° , 180 ff. ch., 4 ff. de table non ch., car. goth., marque de J. Maillet à la fin";"Null";"Null"
"http://data.bnf.fr/ark:/12148/cb30499790t";"Tractatus domini Johannis [sic pro Gerhardi] monaci, denominatus Defensorium juris. Tractatus exceptionum domini Innocentii [IV]. Tractatus prescriptionum domini Dyni [de Mugello]. Tractatus domini Petri Jacobi de Montepessellano de arbitriis et arbitratoribus. Differentie legum et canonum domini Galvani de Bononia. Tractatus domini Bar. [Bartoli de Sassoferrato] de tabellionibus. Repetitiones solennes domini abbatis siculi [Nicolai Tedeschi] c. ecclesie sancte Marie extra. de constitutionibus et c. si quis contra clericum de foro competente. - A la fin : Impresse Venetiis [per P. Pincium], anno Domini M. CCCCC. II. die XXVII. januarii";"1502";"Venetiis";"Null";"1502";"In-fol., car. goth., sig. A-E";"Null";"Null"
"http://data.bnf.fr/ark:/12148/cb30498791x";"Quatuor novissima cum multis exemplis pulcherrimis et de terroribus mortis cum eterne beatitudinis gloria. [A Gerardo de Vliederhoven.] - A la fin : Finiunt exempla de gaudiis regni celorum et aliorum trium novissimorum denuo sagaci cura correcta. Impressa Daventriae per me Jacobum de Breda, anno Domini MCCCCCII, in profesto beati Leonardi abbatis";"1502";"Daventriae";"Null";"1502";"In-4° , car. goth., sign. a-h, marque de l'impr.";"Null";"Null"
"http://data.bnf.fr/ark:/12148/cb30557697t";"Summa conservationis et curationis magistri Gulielmi placentini... noviter impressa diligenterque correcta. - Au ff. 135 verso : Incipit cyrugia ejusdem magistri Gulielmi de Saliceto,... - A la fin : Impressum Venetiis anno Domini MCCCCCII... mandato impensisque heredum... Octaviani Scoti... per Bonetum Locatellum...";"1502";"Venetiis";"Null";"1502";"In-fol., 170 ff. ch., car. goth. à 2 col., marque typogr. à la fin";"Null";"Null"
"http://data.bnf.fr/ark:/12148/cb36812040h";"Breviarium secundum regulam beati Hysidori";"1502";"Toleti";"Null";"1502";"In-fol.";"Null";"Null"
"http://data.bnf.fr/ark:/12148/cb36812662g";"Diurnale secundum consuetudinem Romane curie";"1502";"[S. l.]";"semptibus Bernardini";"1502";"In-8 °";"Null";"Null"
"http://data.bnf.fr/ark:/12148/cb36816530j";"Ces presentes heures a lusaige de Chartres";"1502";"Null";"Null";"1502";"128 f. (sig. a-l8, A-E8)";"Null";"Null"
"http://data.bnf.fr/ark:/12148/cb36816539n";"Ces presentes heures a lusaige de Cleremont, au long, sans require ...";"1502";"Null";"Null";"1502";"[104] f. (sig. a-n8)";"Null";"Null"
"http://data.bnf.fr/ark:/12148/cb36816825s";"Ces presentes heures a lusaige de Machon ...";"1502";"Null";"Null";"1502";"Sign. a-m8";"Null";"Null"
"http://data.bnf.fr/ark:/12148/cb368174686";"Missale secundum usum insignis ecclesie Dolensis et primo Dominica prima in adventu domini";"1502";"Null";"Null";"1502";"[128]-XXXVIII f. (sig. a-g8, h10, A-F8, aa-ff8, gg4, AA-DD8, EE6)";"Null";"Null"
"http://data.bnf.fr/ark:/12148/cb36821635j";"(Breviarium ad consuetudinem canonicorum regularium Windechimensis ordinis sancti Augustini. Commençant par ces mots :) Januarius. Januarius habet diès XXX...";"1502";"Parisiis";"impensis Wuolfgangi Hopylii et Henrici-Stephani";"1502";"In-8 °";"Null";"Null"
"http://data.bnf.fr/ark:/12148/cb368216377";"Breviarium Windechimense, pars aestivalis. Breviarium canonicorum regularium Windechimensis ordinis Sancti Augustini";"1502";"Null";"Null";"1502";"Null";"Null";"Null"
"http://data.bnf.fr/ark:/12148/cb368247911";"Hore intemerate beate Marie Virginis, secundum usum Romanum";"1502";"Null";"Null";"1502";"[120] f. (sig. a-p8)";"Null";"Null"
"http://data.bnf.fr/ark:/12148/cb36824814v";"Hore intemerate virginis Marie secundum usum Romanum";"1502";"Null";"Null";"1502";"[96] f. (sign. A-M8)";"Null";"Null"
"http://data.bnf.fr/ark:/12148/cb36828033w";"Ces presentes heures, a lusaige de Romme";"1502";"Null";"Null";"1502";"[92] f. (sign. A-L8, M4)";"Null";"Null"
"http://data.bnf.fr/ark:/12148/cb36828039z";"Ces presentes heures a lusaige de Romme au long sans requerir ...";"1502";"Null";"Null";"1502";"124 f. (sign. a-p8, q4)";"Null";"Null"
"http://data.bnf.fr/ark:/12148/cb36828053h";"Ces presentes heures à l'usaige de Romme sont au long sans requerir ...";"1502";"Null";"Null";"1502";"[98] f. (sign. A-L8, M10)";"Null";"Null"
"http://data.bnf.fr/ark:/12148/cb368280405";"Ces presentes heures a lusaige de Romme au long sans require ...";"1502";"Null";"Null";"1502";"[116] f. (sign. a-o8, p4)";"Null";"Null"
"http://data.bnf.fr/ark:/12148/cb30597866x";"Herodoti libri novem, quibus Musarum indita sunt nomina... [ab Aldo Manutio edita.] - A la fin : Venetiis, in domo Aldi, mense septembri 1502 et cum privilegio ut in ceteris";"1502";"Venetiis";"in domo Aldi";"1502";"In-fol., sign. AA-SS, marque d'Alde au titre et au dernier feuillet";"Null";"Null"
"http://data.bnf.fr/ark:/12148/cb305981578";"Sermones Discipuli de tempore, sanctis et quadragesimali ejusdem, cum diversis tabulis quam necessariis, cum casibus papalibus et episcopalibus et a sacra communione inhibitionibus, noviter impressi et non minimo labore revisi. - Titre de la 2e partie : Sermones Discipuli de sanctis, cum Promptuario exemplorum et miraculis beate Marie Virginis. - A la fin : Finit opus perutile simplicibus curam animarum gerentibus compositum per... Johannem Herolt,... Discipulus nuncupatum. Impressum Lugduni per magistrum Claudium Duvost, alias de Troye, anno nostre salutis M. quingentesimo secundo, die vero octava mensis junii";"1502";"Lugduni";"Null";"1502";"2 parties en 1 vol. in-4°";"Null";"Null"
"http://data.bnf.fr/ark:/12148/cb30615144q";"Liber Hysagoge Joannici. Liber Philareti de Pulsibus. Liber Theophili de Urinis. Liber Aphorismorum Hypo. [Hippocratis] cum antiqua translatione et nova Theodori Gaze... Liber Pronosticorum Hypocratis. Liber Tegni Gal. [Galieni.] Liber Aphorismorum Damasceni. Flosculi in medicina ex Cornelio Celso extracti. Collectio aphorismorum Hypo. [Hippocratis]...";"1502";"Venetiis";"per J. et G. de Gregoriis fratres";"1502";"In-8° , sign. A-M, car. goth. à longues lignes, initiales en coul.";"Null";"Null"
"http://data.bnf.fr/ark:/12148/cb306164334";"Horatius, ita emendatus ut ejus interpretes non multum desideres, lector candidissimc [sic]";"1502";"Mediolani";"apud Alexandrum Minutianum";"1502";"In-fol., sign. a-i, A-H";"Null";"Null"
"http://data.bnf.fr/ark:/12148/cb306352761";"Liber de vilitate conditionis humane";"1502";"Null";"Null";"1502";"[36] f. (sig. A-D8, E4)";"Null";"Null"
"http://data.bnf.fr/ark:/12148/cb37285249f";"La nef des princes et des batailles de noblesse avec aultres enseignemens...";"1502";"Lyon";"Guillaume Balsarin";"1502";"[66] f.";"Null";"http://gallica.bnf.fr/ark:/12148/bpt6k79100v"
"http://data.bnf.fr/ark:/12148/cb37303070r";"Elegantiole";"1502";"Paris";"Jean Petit et les frères Marnef";"1502";"Sign. A-B, a-k, A-B";"Null";"http://gallica.bnf.fr/ark:/12148/bpt6k70523f"
"http://data.bnf.fr/ark:/12148/cb306395028";"Erarium aureum poetarum, omnibus latinae linguae, cujuscumque etiam facultatis fuerint, professoribus accommodum, immo et omnium poetarum sine ipsis commentariis elucidativum, denuo accuratissime revisum. [Edidit Hermannus Buschius.] - A la fin : Finis carminum fratris Jacobis Gaudensis... Exaratum Colonie, in officina salubris memoriae Henrici Quentell, anno cccccij, xvij. calendas januarias";"1502";"Coloniae";"H. Quentell";"1502";"In-4° , 44 ff., non ch., car. rom., sign. A-H";"Null";"Null"
"http://data.bnf.fr/ark:/12148/cb30652691q";"Vitaspatrum";"1502";"Null";"Null";"1502";"[4] f-CCXIII f. (sig. a-z8, [-]8, [-]8, [-]6, A6)";"Null";"Null"
"http://data.bnf.fr/ark:/12148/cb306555330";"Concordantie Biblie & canonum";"1502";"Null";"Null";"1502";"[88 ] f. (sig. A-O6, P4)";"Null";"Null"
"http://data.bnf.fr/ark:/12148/cb30670083c";"Justini et Flori Historiae. - Fol. 2 : Justini, historici clarissimi, In Trogi Pompeii Historias exordium. - Fol. 83 : Ad magnificum comitem Petrum Mariam Rubeum Parmensem Philippi Broaldi [sic] Bononiensis epistola, in Lucii Flori gestorum Ro. epithoma";"1502";"Null";"Null";"1502";"1012 [ i. e. 112]-[6] f.";"Null";"Null"
"http://data.bnf.fr/ark:/12148/cb30679661w";"Clavis theologie, a Petro Keschingero, Jacobo Lochero editore. - Fol. 1 r̊ , titre : Clavis theologie. - Fol. 1 v̊  : Super excellentissimam Summam... Alexandri de Hales,... index seu repertorium... fauste incipit. - Fol. 2 r̊  : Jacobi Locher,... ad Sacrae Scripturae cultores epistola. - A la fin : Clavis theologie... patris Petri Keschinger,... in Summam doctoris... Alexandri de Hales finit feliciter, per Nicolaum Kessler, civem basiliensem... anno... millesimo quingentesimosecundo";"1502";"Basileae";"Null";"1502";"In-4° , 4 ff. non ch. et sign. A-Z, AA-II, car. goth., à longues lignes, les pièces limin. en car. rom.";"Null";"Null""http://data.bnf.fr/ark:/12148/cb307118696";"Habes in hoc volumine... Divina Lactantii Firmiani Opera... castigata... Ejusdem Neophytomon [sic]. Carmen de Phoenice [Ovidius Phoenix (Metamorph., XV, 391-402), Dantes Phoenice (Inferno, XXIV, 107-112)] ; Carmen de resurrectione Domini. Habes etiam Jo. Chrysosthomi de Eucharistia quamdam expositionem [Hieronymo Donato interprete] et in eamdem materiam Laurentii Vallae sermones. Habes Philippi adhortationem ad Theodosium et Adversus gentes Tertuliani apologeticon. [Epistola Joannis Tacuini ad Marcum Cornelium, 15 kal. jan. 1502. Hieronymus ex libro de Viris illustribus de Lactantio. Joannes Petrus Valerianus curavit.] - A la fin de la 1re partie : Impressa Venetiis... diligentia Joannis de Tridino cognominati Tacuinus finiunt MCCCCCII, die III januarii... - A la fin de la 2e partie : Quinti Sep. Tertuliani Apologeticus adversus gentes, cum sermone pulcherrimo de aeterna vita, explicit. Quod opus arte et impensis Joannis Tacuini fuit impressum Venetiis, anno Domini 152 [sic], die nono januarii...";"1502";"Venetiis";"Null";"1502";"2 parties en 1 vol. in-fol., car. rom.";"Null";"Null"
"http://data.bnf.fr/ark:/12148/cb307385622";"Resolutorium dubiorum";"1502";"Null";"Null";"1502";"[40] f. (sig. a-e8)";"Null";"Null"
"http://data.bnf.fr/ark:/12148/cb30773337x";"Compendiosa variis ex libris exhortatio ad omnes Christi fidelium status, collectio excellentis patris domini Johannis Fabri de Carvinio,...";"1502";"Null";"Null";"1502";"Sig. a8, b6";"Null";"Null"
"http://data.bnf.fr/ark:/12148/cb30792669j";"Speculum lapidum clarissimi artium et medicine doctoris Camilli Leonardi Pisaurensis. - À la fin : Impressus Venetiis, per Joannem Baptistam Sessa, anno Domini M. D. II., die primo decembris";"1502";"Venetiis";"Null";"1502";"In-4° , LVI ff.";"Null";"Null"
"http://data.bnf.fr/ark:/12148/cb38690765w";"Homeri... Ilias per  Laurentium Vallensem Ro|manum e graeco in latinum | translata et... emendata";"1502";"Venetiis";"impense Joannis Tacuini de Tridino";"1502";"96 ff.";"Null";"Null"
"http://data.bnf.fr/ark:/12148/cb387543413";"ø̆ıÞðÞ́ đø łıÆ   Þ   đĳÆ ĳ Øđ łÆÞ. Euripidis tragoediae quae extant, cum latina Gulielmi Canteri interpretatione. ß̣đ́ Þ́Æ ł   ðǼ ø  đ Þ́È   ĲÞ  ĲðłÆ łıÆ   Þ́Æ  łđø ø̆ıÞðÞ́ đø,... Scholia doctorum virorum in septem Euripidis tragoedias, ex antiquis exemplaribus ab Monembasiae archiepiscopo, collecta";"1502";"(S. l.)";"excudebat Paulus Stephanus";"1502";"2 vol.";"Null";"Null"
"http://data.bnf.fr/ark:/12148/cb38754307x";"đ̣œđ  Ĳ́đø  łıÆ   Þ́ÆÞ ĲðłÆ  ÈĲłĲæŒ ŒĳĲ  .| Sophoclès tragaediae septem | cum commentariis. |... : A la fin : Venetiis, in Aldi Romani Academia mense Augusto MDII";"1502";"Venise";"Null";"1502";"196 ff. non foliotés";"Null";"Null"
"http://data.bnf.fr/ark:/12148/cb30843355d";"Opera Luciani, philosophi luculentissimi. Luciani de veris narrationibus. Luciani de asino. Luciani philosophorum vitae. Luciani Scipio. Luciani Tyranus. Luciani Schaphidium. Luciani Palinurus. Luciani Charon. Luciani Diogenes. Luciani Terpsion. Luciani Hercules. Luciani virtus dea. Luciani in amorem. Luciani Timon. Luciani de calumnia. Luciani laus muscae. Noviter traducta... - A la fin : Impressum Bononiae, per Alexandrum Lippum, anno Domini M. CCCCCII, die vero io. februarii";"1502";"Bononiae";"Null";"1502";"In-8° , sign. a-n";"Null";"Null"
"http://data.bnf.fr/ark:/12148/cb30844631g";"Vita Jesu Christi,... collecta per Ludolphum de Saxonia... et ... per Jodocum Badium Ascensium annotata...";"1502";"Null";"Null";"1502";"[8]-C.XXXVIX-[2] (sig. AA8, a-z8, A-K8)";"Null";"Null"
"http://data.bnf.fr/ark:/12148/cb308568353";"Apologia D. Caelsi Maphei,... contra librum fratris Ambrosii de Chora,... in quo nititur probare ipsos fratres heremitanos institutos fuisse ab Augustino et fuisse tempore Aug. ante canonicos regulares, et contra sermones ad heremitas mendacissime Aug. attributos... - Fol. I v° : Pamphilus Saxus ad lectorem. - A la fin : Impressum Brixiae, per me Bernardinum de Misintis Ticinensis 1502, die 18 martii";"1502";"Brixiae";"Null";"1502";"In-4° , 16 ff. non ch., sign. a-b";"Null";"Null"
"http://data.bnf.fr/ark:/12148/cb30874038v";"Orthographia et flexus dictionum graecarum omnium apud Statium cum accentibus et generibus ex variis utriusque linguae autoribus.";"1502";"Null";"Null";"1502";"[40] f. (sig. a-e8)";"Null";"Null"
"http://data.bnf.fr/ark:/12148/cb308739085";"Parthenice Mariana";"1502";"Null";"Null";"1502";"[8]-CLVI (sig. A-B8, a-z6, [-]6, [-]6, [-]8)";"Null";"Null"
"http://data.bnf.fr/ark:/12148/cb30873850p";"Omnia opera Baptistae Mantuani in hoc volumine contenta";"1502";"Bologna";"Benedetto Faelli";"1502";"Null";"Null";"Null"
"http://data.bnf.fr/ark:/12148/cb308739174";"Parthenice Catharinaria";"1502";"Null";"Null";"Null";"[4]-CV-[1] f. (sig. A4, B-S6, T4)";"Null";"Null"
"http://data.bnf.fr/ark:/12148/cb30874071p";"Sofokleous tragōdiai epta met exīgīseōn";"1502";"Null";"Null";"1502";"[196] f. (sig. α-γ8 δ4 ε-η8 θ4 ι-λ8 μ4 ν-σ8 τ10 υ-φ8 χ10 ψ-ω8 αα8 ββ4)";"Null";"Null"
"http://data.bnf.fr/ark:/12148/cb393037881";"Breviarium secundum regula[m] beati Hysidori";"1502";"Null";"Null";"1502";"[8]-CCCCXXXII-[2] f.";"Null";"Null"
"http://data.bnf.fr/ark:/12148/cb39303949p";"Ces presentes heures a lusage de Amiens tout au long sans require";"1502";"Null";"Null";"Null";"[140] f. (sign. a-c8, d4, e-r8, [-]8)";"Null";"Null"
"http://data.bnf.fr/ark:/12148/cb39306240c";"Mariale eximii viri Bernardini de Busti ordinis seraphici Francisci de singulis festivitatibus Beate Virginis per modum sermonum tractans...";"1502";"Null";"Null";"1502";"Sig. A8, B6, a-z8/6, aa-zz8/6, AA-GG8/6";"Null";"Null"
"http://data.bnf.fr/ark:/12148/cb39315309g";"Astrolabium Petri de Abani. Ephémérides de Pierre d'Appono ou Abano";"1502";"[S. l. ?]";"Null";"1502";"Gothique avec figures in 4 °";"Null";"Null"
"http://data.bnf.fr/ark:/12148/cb39316134c";"Compotus cum commento";"1502";"[Parisiis";"Durand Gerlier. - les frères de Marnef. - François Regnault. - Jean Ysabel";"1502";"In 12";"Null";"Null"
"http://data.bnf.fr/ark:/12148/cb39337482q";"Marci Antonii Sabellici Annotationes veteres et recentes ex Plinio Livio et pluribus authoribus, Philippi Beroaldi annotationes centum, ejusdem contra Servium grammaticum libellus, ejusdem castigationes in Plinum, ejusdem etiam appendix annotamentorum, Joannis Baptiste Pii Bononiensis annotationes, Angeli Politiani miscellanearum centuria una, Bomitii Calderini observationes quedam, ejusdem Politiani panepistemon, ejusdem prelectio in Aristotelem cui titulus est Lamia, Baptiste Egnatii Veneti racemationes";"1502";"[S. l.]";"Jacobus Pentius de Leuco";"1502";"In-fol.";"Null";"Null"
"http://data.bnf.fr/ark:/12148/cb39359942r";"Pomponius Mela cosmographus de Situ orbis hermolai Barbari fideliter emendatus";"1502";"[S. l. ?]";"impr. per Albertinum De Lisona Vercellensem ";"1502";"In-4 °, 24 ff.";"Null";"Null"
"http://data.bnf.fr/ark:/12148/cb39361196r";"[Josephus... De Antiquitatibus ac Bello Judaico per Ruffinum Aquileiensem]";"1502";"[Venetiis";"Bernardinus Vercellensis";"1502";"In-fol.";"Null";"Null"
"http://data.bnf.fr/ark:/12148/cb39361276d";"De Bello Peloponesiaco historiarum libri VIII [Graece]]";"1502";"Venetiis";"Aldus";"1502";"In-fol.";"Null";"Null"
"http://data.bnf.fr/ark:/12148/cb30926699b";"Epistole Karoli. - Titre de départ : Epistolarum formule in omni genere scribendi, juxta majorum nostrorum doctrinam et veram epistolandi artem, per dominum Karolum Meynigken,... - A la fin, avant la table : Epistolarum familiarium magistri Karoli, viri disertissimi, Colonie impressarum, in officina quondam Henrici Quentell... anno virginei partus M.CCCCCII, dum astra emiserunt primam lucem martii";"1502";"Cologne";"Null";"1502";"In-4° , 70 ff., car. goth.";"Null";"Null"
"http://data.bnf.fr/ark:/12148/cb31016008x";"Epistolare beati Pauli apostoli... - A la fin : Epistolare beati Pauli... una cum explanatione luculenta et magistrali reverendi patris fratris Nicolai de Gorran,... Impensis... Johannis Rynman de Oringaw, opera autem accurata... Henrici Gran civis in imperiali oppido Hagenaw... Impressum quidem anno gratia Millesimo quingentesimo secundo ipso die sancti Viti martyris completum finit feliciter";"1502";"Haguenau";"Null";"1502";"In-fol., sign. a-z, A-X, car. goth., 2 col.";"Null";"Null"
"http://data.bnf.fr/ark:/12148/cb310186876";"Opusculum epistolarum familiarium et artis earunden scribendi maxime in generibus vigintis";"1502";"Salmanticae";"J. Gysser";"1502";"Sign. a-f (89 p.)";"Null";"http://gallica.bnf.fr/ark:/12148/bpt6k70221x"
"http://data.bnf.fr/ark:/12148/cb40204932w";"Valerii Maximi dictorum et factorum memorabilium libri novem";"1502";"Null";"Null";"1502";"[216] f. n.ch. (sig. ([ ]4 A12 B-Z8 aa-cc8)";"Null";"Null"
"http://data.bnf.fr/ark:/12148/cb31046363h";"Ovidius De arte amandi et De remedio amoris, cum commento";"1502";"Null";"Null";"1502";"LXV-[4] f. (sig. a-h8, i4)";"Null";"http://gallica.bnf.fr/ark:/12148/bpt6k71316v"
"http://data.bnf.fr/ark:/12148/cb31046227c";"Quae in hoc volumine continentur : Ad Marinum Lanudum epistola... Orthographia dictionum graecarum per ordinem literarum ; Vita Ovidii ex ipsius operibus ; Index fabularum et caeterorum... Ovidii Metamorphoseon libri quindecim";"1502";"Null";"Null";"1502";"Sig. a-h8, a-z8, A-B8, C4";"Null";"Null"
"http://data.bnf.fr/ark:/12148/cb31046231m";"Publii Ovidii Nasonis Heroidum epistolae, Auli Sabini Epistolae tres, P. O. N. Elegiarum libri tres, de Arte amandi libri tres, de Remedio amoris libri duo, in Ibin liber unus, ad Liviam epistola de morte Drusi, de Nuce, de Medicamine faciei";"1502";"(Venetiis";"in aedibus Aldi romani";"1502";"In-8° , cah. sign. aa-zz, AA-CC. (Renouard, p. 37, n  13.)";"Null";"Null"
"http://data.bnf.fr/ark:/12148/cb40346578k";"Heures manuscrites : illustrées de 8 gravures tirées à part sur parchemin des Heures de Rome de";"1502";"[S.l.]";"[s.n.]";"1502";"In-12";"Null";"Null"
"http://data.bnf.fr/ark:/12148/cb403610025";"Heures de Rome";"1502";"Null";"Null";"1502";"1 vol. de  bois gravé";"http://data.bnf.fr/ark:/12148/cb13553869c";"Null"
"http://data.bnf.fr/ark:/12148/cb31094343f";"Francisci Petrarchae poetae insignis Bucolica carmina in duodecim aeglogas distincta et diligenter ab Jodoco Badio Ascenscio explanata";"1502";"Null";"Null";"1502";"LXXXV f. (A8, B6, C-H8, I-M6)";"Null";"http://gallica.bnf.fr/ark:/12148/bpt6k725248"
"http://data.bnf.fr/ark:/12148/cb31095578w";"[Memorabiles Evangelistarum figurae.] Hexasticon Sebastiani Brant in memorabiles evangelistarum figuras. - A la fin : Peroracio. Habes ingenue lector : quibus viis atque argumentis que sunt textus evangeliorum, distincte queas, appositeque reminisci. Ista tibi Tohmas [sic] Phorcencis cognomento Anshelmi tradidit... Vale, 1502";"1502";"(Pforzheim,)";"Null";"1502";"In-4° , 34 p., 15 fig. sur bois";"Null";"Null"
"http://data.bnf.fr/ark:/12148/cb31107280d";"Europa Pii, ponti. maximi, nostrorum temporum varias continens historias. - Au v° du titre : Reverendissimo... Domino Ottoni... episcopo Constantiensi, ex comitibus in Sunnenberg, Michael Cristan,... - Fol. IIro : Aeneae Picolominei,... Senensis cardinalis, de his quae Frederico tertio imperante in Germania et per totam Europam gesta sunt, historia ad Antonium cardinalem Hilerdensem. - A la fin : Impressum Venetiis per Otinum papiensem de Luna, anno a nativitate Domini M.CCCCCI. mensis januarii die decimonono";"1502";"Venetiis";"Null";"1502";"In-4° , car. rom., LXXXIIII ff.";"Null";"Null"
"http://data.bnf.fr/ark:/12148/cb311089661";"Expositio Petri Blesensis super librum Job. - Johannis Gerson de Scientia bone mortis";"1502";"Coloniae";"Hermann Bungart";"1502";"In-4° . (Pellechet, 2419.)";"Null";"Null"
"http://data.bnf.fr/ark:/12148/cb31109095c";"Textus Sententiarum, cum conclusionibus magistri Henrici Gorichem et concordantiis Biblie ac canonum, necnon in principio singularum distinctionum utilimis summariis... Item errores quidam Parisius revocati, et articuli in quibus magister communiter non tenetur. Item registrum totum libri. - Sign. O VIIIno : Liber Sententiarum magistri Petri Lombardi, cum conclusionibus magistri Henrici Gorichem... feliciter explicit, impensis atque singulari opera Nicolai Keslers, civis Basiliensis... anno Incarnationis Domini millesimo quingentesimo secundo, XVII. decembris. - Sign. Pro : Sequuntur varii articuli erronei omnium pene facultatum in Anglia et Parisius... condemnati cum revocationibus corundem... - Sign. Q VIvo : Incipit registrum...";"1502";"Basileae";"Null";"1502";"In-fol. à 2 col., car. goth., sign. a-z et A-S, initiales rouges et bleues";"Null";"Null"
"http://data.bnf.fr/ark:/12148/cb40699496h";"Mappemonde centrale du planisphère de Caverio 1502. Reprod. photogr. en noir, 180 de Diamètres";"1502";"[S.l.]";"[s.n.]";"1502";"1 flle : 28 x 38 cm";"Null";"Null"
"http://data.bnf.fr/ark:/12148/cb40772139x";"[Partie orientale du portulan anonyme de Munich, 1502 ou 1503]";"1502";"[S.l.]";"Null";"1502";"1 flle : 37 x 56 cm";"Null";"http://gallica.bnf.fr/ark:/12148/btv1b84591403"
"http://data.bnf.fr/ark:/12148/cb407721404";"[Planisphère de Caverio, 1502, fac-similé]";"1502";"[S.l.]";"Null";"1502";"1 flle : 37 x 56 cm";"Null";"Null"
"http://data.bnf.fr/ark:/12148/cb311237749";"C. Plinii Junioris ad Trajanum Epistole 46, nuper reperte, cum ejusdem responsis. - À la fin : Epistolae Plinii Junioris noviter repertae summaque diligentia impresse per Joannem de Tridino, alias Tacuinum, anno incarnationis Domini MCCCCCII";"1502";"(Venetiis,)";"Null";"1502";"In-4° , sign. A.-E., marque de Joannes de Tridino";"Null";"Null"
"http://data.bnf.fr/ark:/12148/cb31123775n";"Epistolae Plinii ad Trajanum cum Panegyrico, ex castigatione Philippi Beroaldi. - À la fin : Benedictus Hectoris bononiensis Bononiae impressit anno MDII";"1502";"Bononiae";"Null";"1502";"In-4° , sign aii-c, A-Fiiii";"Null";"Null"
"http://data.bnf.fr/ark:/12148/cb31126882x";"Cosmographie...";"1502";"Venise";"Null";"1502";"In-8°";"Null";"Null"
"http://data.bnf.fr/ark:/12148/cb311319330";"Theologia vivificans... [Ex editione J. Fabri Stapulensis.]";"1502";"Argentinae";"Null";"1502";"In-fol.";"Null";"Null"
"http://data.bnf.fr/ark:/12148/cb31131581r";"Marco Paulo. Ho livro de Nycolao Veneto. O trallado da carta da huun Genoues das ditas terras...";"1502";"(Lixboa";"Valentym Fernández";"1502";"[8]-XCVIII f.";"Null";"Null"
"http://data.bnf.fr/ark:/12148/cb311314835";"Iouliou Polydeukous onomastikon";"1502";"Null";"Null";"1502";"[8] f., 408 col., [1] f. (sig. AA4 [ ]4 αa-νn8)";"Null";"Null"
"http://data.bnf.fr/ark:/12148/cb31152603w";"Dieta Theodori Prisciani";"1502";"Null";"Null";"1502";"Sig. A-B";"Null";"Null"
"http://data.bnf.fr/ark:/12148/cb311539703";"Catullus. Tibullus. Propetius [sic]";"1502";"Null";"Null";"1502";"[152] f. (sig. A-E8 F4 A-D8 E4 a-i8)";"Null";"Null"
"http://data.bnf.fr/ark:/12148/cb31155864c";"Divi Aurelii Prudentii Psichimachia et quedam ex hymnis ejus electa. - À la fin : Impressum Avenione per Georgium Serra. Anno domini millesimo quingentesimo secundo et die vigesima tertia mensis februarii";"1502";"Avenionis";"Null";"1502";"In-8° , sign. a-f, car. goth.";"Null";"Null"
"http://data.bnf.fr/ark:/12148/cb31194530t";"Fundamentum scholarium. - Fol. A II : Regule Remigii emendate correcteque, in primum scholarium fundamentum, feliciter incipit. - Fol. G. VI : Regule partium grammatice artis fundamentales, totum latinatis fundamentum continentes, felicem habent finem, impresse Colonie, in officina quodam pie memorie Henrici Quentell, anno nostre salutis M.CCCCCII, die XII martias [sic]";"1502";"Cologne";"Null";"1502";"In-4° . sign., A-G., car. goth., fig. au titre";"Null";"Null"
"http://data.bnf.fr/ark:/12148/cb41422248r";"Psalmorum codex";"1502";"Null";"Null";"1502";"CXXXVII-[40] f.";"Null";"Null"
"http://data.bnf.fr/ark:/12148/cb312379010";"De Valore missarum";"1502";"Null";"Null";"1502";"28 f. (sign. a-d)";"Null";"Null"
"http://data.bnf.fr/ark:/12148/cb312447744";"Reverendi fratris Menaldi de Rosariis,... de Penitentiis et remissionibus egregium opusculum, graviores difficultates secundum modernorum argutissimas disquisitiones... complectens, curam animarum habentibus ac confessiones audientibus summe necessarium. - Fol. e VI, V° : Argutissimo... magistro... Bernardo de Casa Majori,... frater Johannes de Podio,... salutem. - Fol. fi, r° : Expositio decretalis que Omnis utriusque sexus inscribitur, quam habuit frater Menaldus de Rosariis,... in magnis scolis juristarum, presente rectore doctoribusque utriusque juris... anno... M.CCCC.LXXXXV., die II. mensis aprilis. A la fin : Impresse Petragore, per magistrum Johannem Carent, anno... millesimo quingentesimo secundo, die vero XV. mensis maii. Finit feliciter";"1502";"(Petragorae";"Null";"1502";"In-4° , sign. A-F., car. goth.";"Null";"Null"
"http://data.bnf.fr/ark:/12148/cb41873122r";"Breviarium Canonicorum Regularium Windechimensis ordinis sancti Augustini";"1502";"Paris";"Henri I Estienne. - Wolfgang Hopyl";"1502";"Null";"Null";"Null"
"http://data.bnf.fr/ark:/12148/cb418732252";"F. Baptiste Mantuani,...Aureum Contra impudice scribentes Opusculum";"1502";"Paris";"[Guy Marchant]. - Jean Petit";"1502";"Null";"Null";"Null"
"http://data.bnf.fr/ark:/12148/cb41873185n";"Ces presentes Heures a lusaige de Sens";"1502";"Paris";"Simon Vostre";"1502";"Null";"Null";"Null"
"http://data.bnf.fr/ark:/12148/cb41873155q";"Ces presentes Heures a lusaige de [Orleans]";"1502";"Paris";"Antoine Vérard";"1502";"Null";"Null";"Null"
"http://data.bnf.fr/ark:/12148/cb41873191k";"Ces presentes Heures a lusaige de [Verdun]";"1502";"Paris";"Antoine Vérard";"1502";"Null";"Null";"Null"
"http://data.bnf.fr/ark:/12148/cb418732074";"Summule ♦";"1502";"Paris";"Antoine Chappiel. - Denis Roce";"1502";"Null";"Null";"Null"
"http://data.bnf.fr/ark:/12148/cb418731384";"Postilla Evangeliorum et Epistolarum dominicalium necnon de sanctis per circulum totius anni cum passione Christi et etiam tabula";"1502";"Paris";"[Pierre Levet]. - François Regnault";"1502";"Null";"Null";"Null"
"http://data.bnf.fr/ark:/12148/cb418731175";"Le Livre de lapocalipse sainct Jehan lapostre";"1502";"Paris";"Michel Le Noir";"1502";"Null";"Null";"Null"
"http://data.bnf.fr/ark:/12148/cb41873192x";"Vitaspatrum";"1502";"Paris. - Lyon";"Jacques I Huguetan. - Jacques I Huguetan. - Nicolas Wolff";"1502";"Null";"Null";"Null"
"http://data.bnf.fr/ark:/12148/cb418731818";"Ces presentes heures a lusaige de Romme";"1502";"Paris";"Simon Vostre";"1502";"Null";"Null";"Null"
"http://data.bnf.fr/ark:/12148/cb41873121d";"Breviarium secundum communem usum Romanum";"1502";"Paris";"Thielman Kerver";"1502";"Null";"Null";"Null"
"http://data.bnf.fr/ark:/12148/cb41873209t";"Termini ♦ cum abbreviationibus et parvorum logicalium";"1502";"Paris";"Denis Roce";"1502";"Null";"Null";"Null"
"http://data.bnf.fr/ark:/12148/cb41873194m";"Liber De vilitate conditionis humane [et alia opera]";"1502";"Paris";"Gaspard Philippe. - Denis Roce";"1502";"Null";"Null";"Null"
"http://data.bnf.fr/ark:/12148/cb41873169d";"Heures a lusaige de Romme";"1502";"Paris";"Philippe Pigouchet";"1502";"Null";"Null";"Null"
"http://data.bnf.fr/ark:/12148/cb418731562";"Ces presentes Heures a lusaige dorleans";"1502";"Paris";"Simon Vostre";"1502";"Null";"Null";"Null"
"http://data.bnf.fr/ark:/12148/cb418731473";"Ces presentes Heures a lusaige de Cleremont";"1502";"Paris";"Philippe Pigouchet. - Simon Vostre";"1502";"Null";"Null";"Null"
"http://data.bnf.fr/ark:/12148/cb41873218s";"Francisci Petrarchae poetae insignis Bucolica carmina in duodecim aeglogas distincta";"1502";"Paris";"André Bocard. - les Frères de Marnef. - Jean Petit";"1502";"Null";"Null";"Null"
"http://data.bnf.fr/ark:/12148/cb41873227r";"De calamitatibus temporum";"1502";"Paris";"Josse Bade. - Jean de Coblencz. - Jean Petit";"1502";"Null";"Null";"Null"
"http://data.bnf.fr/ark:/12148/cb41873235c";"Processus judiciarius Panormitani";"1502";"Paris";"Georges Mittelhus";"1502";"Null";"Null";"Null"
"http://data.bnf.fr/ark:/12148/cb41873199b";"Multorum vocabulorum equiuocorum Interpretatio";"1502";"Paris";"Jean Antoine";"1502";"Null";"Null";"Null"
"http://data.bnf.fr/ark:/12148/cb41873164p";"Hore in laudem Virginis";"1502";"Paris";"Germain Hardouyn";"1502";"Null";"Null";"Null"
"http://data.bnf.fr/ark:/12148/cb41873112f";"Auctoritates Aristotelis, Senece, Boetii, Platonis...";"1502";"Paris";"Pierre Le Dru. - Jean Petit";"1502";"Null";"Null";"Null"
"http://data.bnf.fr/ark:/12148/cb41873149s";"Ces presentes Heures a lusaige de Langres";"1502";"Paris";"Philippe Pigouchet. - Simon Vostre";"1502";"Null";"Null";"Null"
"http://data.bnf.fr/ark:/12148/cb41873183z";"Ces presentes Heures a lusaige de Sainct Malo";"1502";"Paris";"Philippe Pigouchet. - Simon Vostre";"1502";"Null";"Null";"Null"
"http://data.bnf.fr/ark:/12148/cb418731771";"Ces presentes Heures a lusaige de Romme";"1502";"Paris";"[Philippe Pigouchet]. - Simon Vostre";"1502";"Null";"Null";"Null"
"http://data.bnf.fr/ark:/12148/cb41873232b";"Posterior editio Sulpitiana in partes tris divisa";"1502";"Paris. - Anvers. - Londres";"André Bocard. - Jean Petit. - Jean Baudoin. - Jean Baudoin";"1502";"Null";"Null";"Null"
"http://data.bnf.fr/ark:/12148/cb418731980";"Liber synonymorum";"1502";"Paris";"Jean Antoine";"1502";"Null";"Null";"Null"
"http://data.bnf.fr/ark:/12148/cb41873175b";"Ces presentes Heures a lusaige de Romme";"1502";"Paris";"Philippe Pigouchet. - Simon Vostre";"1502";"Null";"Null";"Null"
"http://data.bnf.fr/ark:/12148/cb41873197n";"La Legende doree en francois nouuellement imprimee";"1502";"Paris";"Robert Bouchier. - Thomas Du Guernier. - Nicolas de La Barre. - Pierre Le Caron";"1502";"Null";"Null";"Null"
"http://data.bnf.fr/ark:/12148/cb41873133d";"Tractatus ♦ Super regulis juris una cum accessionibus";"1502";"Paris";"[Pierre Le Dru]. - Jean Petit";"1502";"Null";"Null";"Null"
"http://data.bnf.fr/ark:/12148/cb418732372";"Modus legendi abbreviaturas in utroque jure";"1502";"Paris";"Pierre Le Dru. - Jean Petit";"1502";"Null";"Null";"Null"
"http://data.bnf.fr/ark:/12148/cb41873170m";"Ces presentes Heures a lusaige de Romme";"1502";"Paris";"Philippe Pigouchet. - Simon Vostre";"1502";"Null";"Null";"Null"
"http://data.bnf.fr/ark:/12148/cb41873226d";"F. Baptistae Mantuani Bucolica seu Adolescentia";"1502";"Paris";"André Bocard. - les Frères de Marnef. - Jean Petit";"1502";"Null";"Null";"Null"
"http://data.bnf.fr/ark:/12148/cb41873124f";"Les Euvres et brefves expositions ♦ sur le faict des batailles de Gaule";"1502";"Paris";"Michel Le Noir";"1502";"Null";"Null";"Null"
"http://data.bnf.fr/ark:/12148/cb418731113";"Le Preux et vaillant chevallier Artus de Bretaigne";"1502";"Paris";"Michel Le Noir";"1502";"Null";"Null";"Null"
"http://data.bnf.fr/ark:/12148/cb41873236q";"♦ De inventoribus rerum libri tres";"1502";"Paris";"Roger Augrain. - François Bignet";"1502";"Null";"Null";"Null"
"http://data.bnf.fr/ark:/12148/cb41873130c";"M. Tulli Ciceronis Synomorum [sic] libellus";"1502";"Paris";"Denis Roce";"1502";"Null";"Null";"Null"
"http://data.bnf.fr/ark:/12148/cb41873205f";"Vita Jesu Christi...";"1502";"Paris";"Ulrich Gering. - Durand Gerlier. - Jean Petit. - Berthold Rembolt";"1502";"Null";"Null";"Null"
"http://data.bnf.fr/ark:/12148/cb418731233";"Beufues danthonne nouuellement imprime";"1502";"Paris";"Michel Le Noir";"1502";"Null";"Null";"Null"
"http://data.bnf.fr/ark:/12148/cb418731740";"Ces presentes Heures a lusaige de Romme";"1502";"Paris";"Philippe Pigouchet. - Simon Vostre";"1502";"Null";"Null";"Null"
"http://data.bnf.fr/ark:/12148/cb41873119v";"Dieta salutis a beato Bonaventura ultimate emendatum ac... noviter impressum";"1502";"Paris";"Robert de Gourmont";"1502";"Null";"Null";"Null"
"http://data.bnf.fr/ark:/12148/cb418732012";"Resolutorium dubiorum";"1502";"Paris";"Denis Roce";"1502";"Null";"Null";"Null"
"http://data.bnf.fr/ark:/12148/cb41873134r";"Stephanus Fliscus";"1502";"Paris";"Antoine Chappiel";"1502";"Null";"Null";"Null"
"http://data.bnf.fr/ark:/12148/cb418731891";"Ces presentes Heures a lusaige de Tournai";"1502";"Paris";"Simon Vostre";"1502";"Null";"Null";"Null"
"http://data.bnf.fr/ark:/12148/cb41873157d";"Hore beate Marie Virginis ad usum Parisiensem";"1502";"Paris";"Jean de Coulonces";"1502";"Null";"Null";"Null"
"http://data.bnf.fr/ark:/12148/cb418731860";"Ces presentes Heures a lusaige de Soissons";"1502";"Paris";"Simon Vostre";"1502";"Null";"Null";"Null"
"http://data.bnf.fr/ark:/12148/cb41873214d";"Lordinayre des crestiens";"1502";"Paris";"Thomas Du Guernier. - Pierre Le Caron";"1502";"Null";"Null";"Null"
"http://data.bnf.fr/ark:/12148/cb41873118h";"Commentum duplex in Boetium De consolatione philosophica";"1502";"Paris";"Jean Petit [?]";"1502";"Null";"Null";"Null"
"http://data.bnf.fr/ark:/12148/cb41873230n";"Speculum christianorum";"1502";"Paris";"Pierre Le Dru. - Jean Petit";"1502";"Null";"Null";"Null"
"http://data.bnf.fr/ark:/12148/cb418732101";"Minorica elucidativa rationabilis separationis Fratrum Minorum de Observantia ab aliis fratribus ejusdem ordinis";"1502";"Paris";"Jean Petit";"1502";"Null";"Null";"Null"
"http://data.bnf.fr/ark:/12148/cb41873161n";"Ces presentes Heures a lusaige de Rheims nouuellement imprimees";"1502";"Paris";"Simon Vostre";"1502";"Null";"Null";"Null"
"http://data.bnf.fr/ark:/12148/cb41873173n";"Ces presentes Heures a lusaige de Romme";"1502";"Paris";"Philippe Pigouchet. - Simon Vostre";"1502";"Null";"Null";"Null"
"http://data.bnf.fr/ark:/12148/cb41873200q";"Concordantie Biblie et canonum";"1502";"Paris. - Angers";"Jean Petit. - Jean Alexandre";"1502";"Null";"Null";"Null"
"http://data.bnf.fr/ark:/12148/cb418731411";"Ces presentes Heures a lusaige de Amiens";"1502";"Paris";"Philippe Pigouchet. - Simon Vostre";"1502";"Null";"Null";"Null"
"http://data.bnf.fr/ark:/12148/cb41873143q";"Ces presentes Heures a lusaige de Beauves";"1502";"Paris";"Philippe Pigouchet. - Simon Vostre";"1502";"Null";"Null";"Null"
"http://data.bnf.fr/ark:/12148/cb41873171z";"Ces presentes Heures a lusaige de Romme";"1502";"Paris";"Philippe Pigouchet. - Simon Vostre";"1502";"Null";"Null";"Null"
"http://data.bnf.fr/ark:/12148/cb41873154c";"Ces presentes Heures a lusaige de Nantes";"1502";"Paris";"Philippe Pigouchet. - Simon Vostre";"1502";"Null";"Null";"Null"
"http://data.bnf.fr/ark:/12148/cb41873220b";"Collatio de perfecta religione divi Benedicti in conventu Cluniacensi habita";"1502";"Paris";"Denis Roce";"1502";"Null";"Null";"Null"
"http://data.bnf.fr/ark:/12148/cb41873136f";"Omelie ♦ super Ezechielem";"1502";"Paris";"Ulrich Gering. - Berthold Rembolt";"1502";"Null";"Null";"Null"
"http://data.bnf.fr/ark:/12148/cb41873212q";"Ad usum insignis ecclesie Sarum Missale";"1502";"Paris. - Londres";"Jean I Du Pré. - sans nom";"1502";"Null";"Null";"Null"
"http://data.bnf.fr/ark:/12148/cb418731500";"Ces presentes Heures a lusaige de Langres";"1502";"Paris";"Simon Vostre";"1502";"Null";"Null";"Null"
"http://data.bnf.fr/ark:/12148/cb418731593";"Hore intemerate beate Marie Virginis secundum usum Pictaviensem";"1502";"Paris";"Antoine Vérard";"1502";"Null";"Null";"Null"
"http://data.bnf.fr/ark:/12148/cb41873131q";"Liber quattuor novissimorum";"1502";"Paris";"Jean Petit";"1502";"Null";"Null";"Null"
"http://data.bnf.fr/ark:/12148/cb41873206s";"Sillogismi ♦";"1502";"Paris";"Antoine Chappiel. - Denis Roce";"1502";"Null";"Null";"Null"
"http://data.bnf.fr/ark:/12148/cb418732341";"Opus aureum... domini Baldi de Perusia Super feudis,";"1502";"Paris. - Lyon";"Jacques I Huguetan. - Jacques I Huguetan. - Jacques Sacon";"1502";"Null";"Null";"Null"
"http://data.bnf.fr/ark:/12148/cb41873158r";"Hore beate Marie Virginis ad usum Parisiensem";"1502";"Paris";"Ulrich Gering. - Berthold Rembolt";"1502";"Null";"Null";"Null"
"http://data.bnf.fr/ark:/12148/cb41873142c";"Ces presentes Heures a lusaige Dangiers";"1502";"Paris";"Philippe Pigouchet. - Simon Vostre";"1502";"Null";"Null";"Null"
"http://data.bnf.fr/ark:/12148/cb41873180x";"Ces presentes Heures a lusaige de Romme";"1502";"Paris";"Simon Vostre";"1502";"Null";"Null";"Null"
"http://data.bnf.fr/ark:/12148/cb418731682";"Hore intemerate Virginis Marie secundum usum Romanum...";"1502";"Paris";"Thielman Kerver. - Gilles Remacle";"1502";"Null";"Null";"Null"
"http://data.bnf.fr/ark:/12148/cb418731144";"Opuscula";"1502";"Paris. - Angers";"André Bocard. - Jean Petit. - Jean Alexandre";"1502";"Null";"Null";"Null"
"http://data.bnf.fr/ark:/12148/cb41873109j";"Faustus De secunda victoria Neapolitana";"1502";"Paris";"Guy Marchant. - Jean I Petit";"1502";"Null";"Null";"Null"
"http://data.bnf.fr/ark:/12148/cb41873128t";"Pragmatica Sanctio";"1502";"Paris";"Philippe Pigouchet";"1502";"Null";"Null";"Null"
"http://data.bnf.fr/ark:/12148/cb41873178c";"Ces presentes Heures a lusaige de Romme";"1502";"Paris";"Philippe Pigouchet. - Simon Vostre";"1502";"Null";"Null";"Null"
"http://data.bnf.fr/ark:/12148/cb41873233p";"De vita et beneficiis saluatoris Iesu Christi";"1502";"Paris";"Gilles et Robert de Gourmont";"1502";"Null";"Null";"Null"
"http://data.bnf.fr/ark:/12148/cb418731620";"Ces presentes Heures a lusaige de Renes";"1502";"Paris";"Philippe Pigouchet. - Simon Vostre";"1502";"Null";"Null";"Null"
"http://data.bnf.fr/ark:/12148/cb41873110r";"Compotus cum commento";"1502";"Paris";"Durand Gerlier. - les Frères de Marnef. - François Regnault. - Jean Ysabel";"1502";"Null";"Null";"Null"
"http://data.bnf.fr/ark:/12148/cb41873148f";"Ces presentes Heures a lusaige de Coutances";"1502";"Paris";"Philippe Pigouchet. - Simon Vostre";"1502";"Null";"Null";"Null"
"http://data.bnf.fr/ark:/12148/cb418731907";"Ces presentes Heures a lusaige de Verdun";"1502";"Paris";"Philippe Pigouchet. - Simon Vostre";"1502";"Null";"Null";"Null"
"http://data.bnf.fr/ark:/12148/cb41873221p";"Speculum finalis retributionis";"1502";"Paris";"Pierre Le Dru. - Jean Petit";"1502";"Null";"Null";"Null"
"http://data.bnf.fr/ark:/12148/cb41873211c";"Missale secundum usum insignis ecclesie Dolensis";"1502";"Paris";"Jean I Du Pré";"1502";"Null";"Null";"Null"
"http://data.bnf.fr/ark:/12148/cb41873127g";"♦ De confirmatione christianae fidei";"1502";"Paris";"Alexandre Aliate. - [Josse Bade ?]";"1502";"Null";"Null";"Null"
"http://data.bnf.fr/ark:/12148/cb41873113s";"Expositio ♦ De sermone domiui [sic] in monte";"1502";"Paris";"Roger Augrain. - François Bignet. - Denis Roce";"1502";"Null";"Null";"Null"
"http://data.bnf.fr/ark:/12148/cb418731938";"Expositio hymnorum totius anni secundum vsnm [sic] Sarum";"1502";"Paris. - Londres";"André Bocard. - Jean Baudoin";"1502";"Null";"Null";"Null"
"http://data.bnf.fr/ark:/12148/cb418732310";"Speculum clericorum";"1502";"Paris";"Geoffroy de Marnef";"1502";"Null";"Null";"Null"
"http://data.bnf.fr/ark:/12148/cb418732283";"Parthenice Catharinaria";"1502";"Paris. - Angers";"[André Bocard]. - Hans de Coblencz. - Jean Petit. - Jean Alexandre";"1502";"Null";"Null";"Null"
"http://data.bnf.fr/ark:/12148/cb41873179q";"Hore beate Marie Virginis secundum usum Romanum";"1502";"Paris";"Philippe Pigouchet. - Simon Vostre";"1502";"Null";"Null";"Null"
"http://data.bnf.fr/ark:/12148/cb418732163";"Ovidius De arte amandi et de remedio amoris";"1502";"Paris. - Lyon";"Jacques I Huguetan. - Jacques I Huguetan. - Nicolas Wolff";"1502";"Null";"Null";"Null"
"http://data.bnf.fr/ark:/12148/cb41873166c";"Hore intemerate Virginis Marie secundum usum Romanum";"1502";"Paris";"Thielman Kerver. - Gilles Remacle";"1502";"Null";"Null";"Null"
"http://data.bnf.fr/ark:/12148/cb418731086";"Sophismata Alberti de Saxonia nuper emendata";"1502";"Paris";"Antoine Chappiel. - Denis Roce";"1502";"Null";"Null";"Null"
"http://data.bnf.fr/ark:/12148/cb418731353";"La Fleur des commandemens de Dieu";"1502";"Paris";"Nicolas Des Prez";"1502";"Null";"Null";"Null"
"http://data.bnf.fr/ark:/12148/cb41873139g";"Ces presentes Heures a lusaige de [?]";"1502";"Paris";"Antoine Vérard";"1502";"Null";"Null";"Null"
"http://data.bnf.fr/ark:/12148/cb418731295";"Sensuyt le livre Tulles des Offices";"1502";"Paris";"Michel Le Noir";"1502";"Null";"Null";"Null"
"http://data.bnf.fr/ark:/12148/cb41873137s";"Casus longi super Institutes";"1502";"Paris";"Jean Petit";"1502";"Null";"Null";"Null"
"http://data.bnf.fr/ark:/12148/cb418731322";"In hoc codice contenta Ascensii De epistolis componendis compendium.";"1502";"Paris";"les Frères de Marnef. - Jean Petit";"1502";"Null";"Null";"Null"
"http://data.bnf.fr/ark:/12148/cb418732043";"Tractatus Fructus sacramenti cum figura de divisione virtutum";"1502";"Paris";"Gaspard Philippe. - Denis Roce";"1502";"Null";"Null";"Null"
"http://data.bnf.fr/ark:/12148/cb41873167q";"Hore intemerate beate Marie Virginis secundum usum Romanum";"1502";"Paris";"Thielman Kerver. - Gilles Remacle";"1502";"Null";"Null";"Null"
"http://data.bnf.fr/ark:/12148/cb41873217f";"Paris et Vienne";"1502";"Paris";"Michel Le Noir";"1502";"Null";"Null";"Null"
"http://data.bnf.fr/ark:/12148/cb418731969";"Legenda hec aurea";"1502";"Paris. - Lyon";"Jacques I Huguetan. - Jacques I Huguetan. - Jacques Sacon";"1502";"Null";"Null";"Null"
"http://data.bnf.fr/ark:/12148/cb41873203r";"Artficialis Introductio per modum epitomatis in decem libros Ethicorum Aristotelis";"1502";"Paris";"Henri I Estienne. - Wolfgang Hopyl";"1502";"Null";"Null";"Null"
"http://data.bnf.fr/ark:/12148/cb41873195z";"Isidorus De Summo bono";"1502";"Paris";"Pierre Le Dru. - Jean Petit";"1502";"Null";"Null";"Null"
"http://data.bnf.fr/ark:/12148/cb41873125s";"Le Kalendrier des bergiers...";"1502";"Paris. - Lyon";"Jacques I Huguetan. - Jacques I Huguetan. - Claude Nourry";"1502";"Null";"Null";"Null"
"http://data.bnf.fr/ark:/12148/cb418731202";"Arithmetica";"1502";"Paris";"Guy Marchant. - Denis Roce";"1502";"Null";"Null";"Null"
"http://data.bnf.fr/ark:/12148/cb41873140p";"Ces presentes Heures a lusaige de Amiens";"1502";"Paris";"Philippe Pigouchet. - Simon Vostre";"1502";"Null";"Null";"Null"
"http://data.bnf.fr/ark:/12148/cb41873146r";"Ces presentes heures a lusaige de Chartres";"1502";"Paris";"Philippe Pigouchet. - Simon Vostre";"1502";"Null";"Null";"Null"
"http://data.bnf.fr/ark:/12148/cb41873152p";"Ces presentes Heures a lusaige de Lion";"1502";"Paris";"Philippe Pigouchet. - Simon Vostre";"1502";"Null";"Null";"Null"
"http://data.bnf.fr/ark:/12148/cb41873176p";"Ces presentes Heures a lusaige de Romme";"1502";"Paris";"Philippe Pigouchet. - Simon Vostre";"1502";"Null";"Null";"Null"
"http://data.bnf.fr/ark:/12148/cb418732194";"Axiochus";"1502";"Paris";"Alexandre Aliate. - [Josse Bade]";"1502";"Null";"Null";"Null"
"http://data.bnf.fr/ark:/12148/cb41873187b";"Ces presentes Heures a lusaige de Toul";"1502";"Paris";"Simon Vostre";"1502";"Null";"Null";"Null"
"http://data.bnf.fr/ark:/12148/cb418732221";"De valore missarum [seu Libellus de venerabili sacramento et valore missarum et UBERTINO, De vita dulcissimi Iesu... ♦]";"1502";"Paris";"Gilles de Gourmont. - Denis Roce";"1502";"Null";"Null";"Null"
"http://data.bnf.fr/ark:/12148/cb41873202d";"Lavacrum conscientie";"1502";"Paris";"Robert Bouchier. - Jean Richard";"1502";"Null";"Null";"Null"
"http://data.bnf.fr/ark:/12148/cb41873163b";"[Heures a l'usage de Rome]";"1502";"Paris";"Robin Challot. - Étienne Jehannot. - Pierre Le Dru";"1502";"Null";"Null";"Null"
"http://data.bnf.fr/ark:/12148/cb41873182m";"Ces presentes Heures a lusaige de Rouan";"1502";"Paris";"[Nicolas Higman ?]. - Simon Vostre";"1502";"Null";"Null";"Null"
"http://data.bnf.fr/ark:/12148/cb41873215r";"Lordinayre des crestiens";"1502";"Paris";"Le Petit Laurens. - Jean Petit";"1502";"Null";"Null";"Null"
"http://data.bnf.fr/ark:/12148/cb41873223c";"Expositio super Miserere";"1502";"Paris";"Jean Antoine. - Gaspard Philippe";"1502";"Null";"Null";"Null"
"http://data.bnf.fr/ark:/12148/cb41873115g";"Regula ♦";"1502";"Paris";"Michel Le Noir";"1502";"Null";"Null";"Null"
"http://data.bnf.fr/ark:/12148/cb418731531";"Ces presentes Heures a lusaige de Machon";"1502";"Paris";"Philippe Pigouchet. - Simon Vostre";"1502";"Null";"Null";"Null"
"http://data.bnf.fr/ark:/12148/cb418731609";"Ces presentes Heures a lusaige de Reins";"1502";"Paris";"Philippe Pigouchet. - Simon Vostre";"1502";"Null";"Null";"Null"
"http://data.bnf.fr/ark:/12148/cb41873116t";"♦ Ad sororem Modus bene vivendi";"1502";"Paris";"Denis Roce";"1502";"Null";"Null";"Null"
"http://data.bnf.fr/ark:/12148/cb41873224q";"♦ De quattuor virtutibus cardinalibus";"1502";"Paris";"Jean Petit. - [Michel Toulouse ?]";"1502";"Null";"Null";"Null"
"http://data.bnf.fr/ark:/12148/cb418731651";"Las Horas de nuestra Señora";"1502";"Paris";"Thielman Kerver";"1502";"Null";"Null";"Null"
"http://data.bnf.fr/ark:/12148/cb41873208g";"Termini ♦";"1502";"Paris";"Jean Lambert. - Denis Roce";"1502";"Null";"Null";"Null"
"http://data.bnf.fr/ark:/12148/cb41873188p";"Ces presentes Heures a lusaig [sic] de Toul";"1502";"Paris";"Simon Vostre";"1502";"Null";"Null";"Null"
"http://data.bnf.fr/ark:/12148/cb418731442";"Ces presentes Heures a lusaige de Besenson";"1502";"Paris";"Philippe Pigouchet. - Simon Vostre";"1502";"Null";"Null";"Null"
"http://data.bnf.fr/ark:/12148/cb418731729";"Ces presentes Heures a lusaige de Romme";"1502";"Paris";"Philippe Pigouchet. - Simon Vostre";"1502";"Null";"Null";"Null"
"http://data.bnf.fr/ark:/12148/cb41873229f";"Parthenice Mariana";"1502";"Paris. - Angers";"André Bocard. - Jean de Coblencz. - Jean Petit. - Jean Alexandre";"1502";"Null";"Null";"Null"
"http://data.bnf.fr/ark:/12148/cb41873145d";"Ces presentes Heures a lusaige de Bourges";"1502";"Paris";"Simon Vostre";"1502";"Null";"Null";"Null"
"http://data.bnf.fr/ark:/12148/cb41873151b";"Ces presentes Heures a lusaige de Lisieux";"1502";"Paris";"Philippe Pigouchet. - Simon Vostre";"1502";"Null";"Null";"Null"
"http://data.bnf.fr/ark:/12148/cb418731849";"Hore presentes ad usum Sarum";"1502";"Paris";"Philippe Pigouchet. - Simon Vostre";"1502";"Null";"Null";"Null"
"http://data.bnf.fr/ark:/12148/cb418732132";"Consolatorium timorate conscientie";"1502";"Paris";"Jean Petit";"1502";"Null";"Null";"Null"
"http://data.bnf.fr/ark:/12148/cb418731264";"Summa angelica";"1502";"Paris. - Lyon";"Jean Barbier. - François Foucher. - Jacques I Huguetan. - Pierre Levet. - François Regnault. - Jacques I Huguetan";"1502";"Null";"Null";"Null"
"http://data.bnf.fr/ark:/12148/cb312654728";"Le doctrinal de la foy catholicque";"1502";"Paris";"Pierre Le Caron";"1502";"18 ff., signés a-c6";"Null";"http://gallica.bnf.fr/ark:/12148/bpt6k5772709c"
"http://data.bnf.fr/ark:/12148/cb312731427";"Theodorici Rysichei Germani In laudem sancti Hyvonis oratio";"1502";"Null";"Null";"1502";"[7] f.";"Null";"Null"
"http://data.bnf.fr/ark:/12148/cb31274343c";"Poema M. Antonii Sabellici : Genethliacum Venetae urbis ad Georgium Cornelium equitem. De Apparatu Venetae urbis, poema unum. De Vicetiae [sic] ortu et vetustate seu Vicentinus Crater, poema unum. De Italia tumultu, poema unum. De Domus deflagratione, poema unum ad Cipicum Coriolanum. De Munitione Sontiaca, poema unum. De Caede Sontiaca, poema unum. De Incendio carnico, poema unum. De Barionae Cymba, poema unum. De Hunnii origine, poema unum. De Inventoribus artium, poema unum. De Laudibus dive Virginis elegiae XIII. - M. Anto. Georgio Cornelio equiti aurato S. - Fol. A : Marci Antonii Sabellici Rerum venetarum Panegyricus primus quod Genethliacon inscribitur. - À la fin : Expliciunt libri Epistolarum familiarum et Orationes M. An. Sabellici una cum Poematibus foeliciter impressi Venetiis per Albertinum de Lisona, vercellensem, MCCCCCII, die XXIIII decembris... Registrum...";"1502";"Venetiis";"Null";"1502";"In-fol., sign. A-M";"Null";"Null"
"http://data.bnf.fr/ark:/12148/cb312748532";"Theologia naturalis, sive Liber creaturarum et specialiter de homine et de natura ejus in quantum homo et de his que sunt ei necessaria ad cognoscendum seipsum et Deum et omne debitum ad quod homo tenetur et obligatur tam Deo quam proximo. - Fol. Aij : Tabula alphabetica. - Fol. [Avj] : Incipit Theologia naturalis, sive Liber creaturarum... compositus a venerabili viro magistro Raymundo de Sabunde,... Prologus. - A la fin : Finit Liber creaturarum seu nature,... Impressus Nuremberge, per Anthonium Koberger inibi concivem. Anno Incarnationis dominice millesimo quingentesimo secundo, mensis vero septembris die vicesimotercio";"1502";"Nuremberg";"Null";"1502";"In-fol. à 2 col., car. goth., sign. A-R";"Null";"Null"
"http://data.bnf.fr/ark:/12148/cb42057225c";"[Saint Georges à pied] : [estampe]";"1502";"[S.l.]";"[s.n.]";"1502";"1 est. : burin ; 11,2 x 7 cm (tr. c.)";"http://data.bnf.fr/ark:/12148/cb11935989r";"http://gallica.bnf.fr/ark:/12148/btv1b69512504"
"http://data.bnf.fr/ark:/12148/cb31287902c";"Practica... noviter correcta...";"1502";"In civitate Venetiarum";"Null";"1502";"In-fol.";"Null";"Null"
"http://data.bnf.fr/ark:/12148/cb423273455";"La Vierge aux litanies, Job sur un tas de fumier, le |Christ en majesté, la |Vierge de douleurs : [estampe]";"1502";"[Paris]";"[s.n.]";"1502";"1 est. : gravure en bois coloriée ; 23,5 x 16 cm";"http://data.bnf.fr/ark:/12148/cb12066432v";"http://gallica.bnf.fr/ark:/12148/btv1b550025868"
"http://data.bnf.fr/ark:/12148/cb31342145k";"Rosa anglica practica medicine a capite ad pedes noviter impressa et perque diligentissime emendata.";"1502";"Venezia";"O. Scotus";"1502";"135 ff., car. goth.";"Null";"Null"
"http://data.bnf.fr/ark:/12148/cb31351806k";"Epistole Senece. - (Fol. @ i, v° :) Reverendissimo domino d. Galeoto de Ruvere, episcopo Saonensi et Avenione gubernatori, Gellius Bernardinus Marmita,... - (Fol. @ ii, r° :) Seneca Paulo. Prologus beati Hieronimi super Epistolis Pauli ad Senecam et Senece ad Paulum incipit. - (Fol. @ iiii, v° :) Epitaphium Senece in morte";"1502";"(Avignon";"G. Serre";"1502";"In-4° , sign. @ ii-ziii, @ , car. goth.";"Null";"Null"
"http://data.bnf.fr/ark:/12148/cb31351828w";"Les Epistolas de Séneca, con una Summa, si quier Introdución de philosophia moral, en romance... - (Fol. LXVI, v° :) Introductión, siquier Summa de philosophia moral, fecha por el muy excellente orador Leonardo Arietino. - (Fol. LXXXII, v° :) Imprimidas en la muy noble cibdad de Toledo, por maestro Pedro Hagembach, Alemán, año de mil y quinientos y dos años, a cinco dias del mes de março";"1502";"Toledo";"Null";"1502";"In-4° à 2 col., LXXIII ff. et la table, car. goth., fig. gr. au titre";"Null";"Null"
"http://data.bnf.fr/ark:/12148/cb31368801r";"Incipit vita sanctissimi confessoris Nicolai, cognomento magni, ac Myrensis antistitis admirandi, feliciter";"1502";"Venetiis";"Null";"1502";"In-4° , sign. H-K";"Null";"Null"
"http://data.bnf.fr/ark:/12148/cb42707746w";"Lombardica historia que a plerisque Aurea legenda sanctorum appellatur.";"1502";"Null";"Null";"1502";"[234] f.";"Null";"Null"
"http://data.bnf.fr/ark:/12148/cb31396637b";"Statii sylvarum libri quinque. Thebaidos libri duodecim. Achilleidos duo";"1502";"Null";"Null";"Null";"[256] f. (sig. a-z8 A-F8 G4 A-B8 C4)";"Null";"Null"
"http://data.bnf.fr/ark:/12148/cb314117833";"Strabo, de Situ orbis. - Fol. b 8, v° : Ant. Mancinellus... Justino Carosio,... - Fol. 1, r° : Christophori Nigri carmen... - Fol. 2, r° : Ad Paulum secundum,... Joannis Andreae,... epistola... - Fol. 5, r° : Strabonis de Situ orbis libri XVII, e graeco traducti, Gregorio Typhernale [sic] ac Guarino Veronense interpretibus. - À la fin : Strabonis Amasini,... Geographiae opus finit. Impressum Venetiis, per Bertholomeum de Zanis de Portesio, anno Domini M. CCCCC. II., die XIIII. januarii";"1502";"Venetiis";"Null";"1502";"In-fol., sign. A-B, 150 ff., car. rom., manch.";"Null";"Null"
"http://data.bnf.fr/ark:/12148/cb31427981m";"Habes... Divina Lactantii... opera... castigata [studio J. P. Valeriani]...";"1502";"Venetiis";"Null";"1502";"In-fol.";"Null";"Null"
"http://data.bnf.fr/ark:/12148/cb314349844";"[Lecturae] Super VI-IX Codicis";"1502";"(Lugduni,)";"Null";"1502";"Null";"Null";"Null"
"http://data.bnf.fr/ark:/12148/cb31434983s";"[Lecturae] Super I-V Codicis...";"1502";"(Lugduni,)";"Null";"1502";"In-fol.";"Null";"Null"
"http://data.bnf.fr/ark:/12148/cb31439888f";"Processus judiciarius Panormitani noviter correctus et emendatus cum multis additionibus in locis opportunis insertis";"1502";"Null";"Null";"1502";"[87-1 bl.] f. (sign. A-L8)";"Null";"Null"
"http://data.bnf.fr/ark:/12148/cb31445734g";"Habes in hoc volumine... Divina... opera...";"1502";"Venetiis";"Null";"1502";"In-fol.";"Null";"Null"
"http://data.bnf.fr/ark:/12148/cb31450681q";"Libri paraphraseos Themistii,... in Posteriora Aristotelis, in Physica, in libros de Anima, in commentarios de Memoria et reminiscentia, de Somno et vigilia, de Insomniis, de Divinatione per somnum, interprete Hermolao Barbaro,... Positis in locis propriis castigationibus quamplurimis, quas autor idem, post primam hujus operis impressionem, addidit. Alexandri Aphrodisei Enarratio de Anima ex Aristotelis institutione, interprete Hieronymo Donato,... - À la fin : Impressum Venetiis, anno M.CCCCC II, die vero XIIII. julii";"1502";"Venetiis";"Null";"1502";"In-fol., 111 [sic pour 116] ff., 16 ff. n. ch. sign. q.-s";"Null";"Null"
"http://data.bnf.fr/ark:/12148/cb31466673r";"Thucydides. - Fol. AA, I, v° : Aldus Ma.,... Danieli Rainero,... S. D. - Fol. AA, II : @ . - Fol. AA, III : @ ... - Fol. AA, V, v° : @ . - Fol. AA, V, v° : @ . - À la fin : Venetiis, in domo Aldi, mense maio MDII";"1502";"Venetiis";"Null";"1502";"In-fol., sign. AA, AA-OP";"Null";"Null"
"http://data.bnf.fr/ark:/12148/cb314691764";"Gaietani Expositio in libro [sic] [Aristotelis] de Celo et mundo, cum Questione domini Egidii de materia celi, nuperrime impressa et quam diligentissime emendata. - Fol. 77 r° : Gaietani,... in libros Aristotelis de Celo et mundo expositio cum ipso textu Aristotelis, accuratissime emendata per... magistrum Joannem Antonium Sicanum, Veronensem. - À la fin, avant le registrum : Habeto itaque, candide lector, duas has questiones clarissimi doctoris Egidii, scilicet de celi materia... F. Egidius, heremita viterbiensis, castigavit et dedit. Impressas Venetiis mandato... heredum... Octaviani Scoti,... per Bonetum Locatellum,... anno Domini 1502, tertio idus julias";"1502";"Venetiis";"Null";"1502";"In-fol., 84 ff. à 2 col., car. goth., fig., marque de O. Scoto à la fin";"Null";"Null"
"http://data.bnf.fr/ark:/12148/cb43201676c";"L'art science et praticque de plaine musique // tres utile/ profitable et familiere nouvellement compo = // see en francoys moyennant laquelle vng chascun po.r // ra comprendre pratiquer & savoir par soy mesmes & paruenir // a grant congnoissance & perfection en lad. science de musique";"1502";"Paris";"veuve de Jehan Trepperel";"1502";"In-8°, 102 x 146 mm., 5 ff.";"Null";"http://gallica.bnf.fr/ark:/12148/bpt6k1168975c"
"http://data.bnf.fr/ark:/12148/cb31488854x";"C. Plinii Junioris Ad Trajanum epistole 46, nuper reperte, cum ejusdem responsis. - À la fin : Epistolae Plinii Junioris noviter repertae, summaque diligentia impresse per Joannem de Tridino, alias Tacuinum, anno incarnationis Domini MDCCCCII";"1502";"(Venetiis,)";"Null";"1502";"In-4° , sign. A.-E., marque de Joannes de Tridino à la fin";"Null";"Null"
"http://data.bnf.fr/ark:/12148/cb31489904w";"Summa perutilis D. Gofredi super titu. Decreta. - À la fin : Venetiis impressa per Philippum Pincium,... anno MCCCCCII. die XXVII. augusti...";"1502";"Venetiis";"Null";"1502";"In-fol. à 2 col., car. goth., fig. gr. sur bois à la fin";"Null";"Null"
"http://data.bnf.fr/ark:/12148/cb31498029q";"Justini Historia ex Trogo Pompeio, quattuor et triginta epithomatis collecta. Lucii Flori Epithomata quattuor quam cultissima in decem Titi Livii decadas. Sexti Ruffi, consularis viri, ad Valentianum Augustum de Historia romana opus dignissimum. - À la fin : Habes, candide lector, in hoc volumine, non minus utilia quam lepida Justini in Trogum et Flori in Livium, insuper Sexti Ruffi, viri consularis, epithomata, nuper castigatissime impressa. Quae venalia reperies apud Franciscum Regnault in vico Sancti Jacobi sub signo divi Claudii et apud Egidium Gormont ante Cameracense collegium commorantem. [Cum epistola Marci Antonii Sabellici Joanni Mattheo Contareao [sic pour Contareno] et Joannis Lermite de Montemirabili carmine.]";"1502";"(Parisiis,)";"F. Regnault";"1502";"In-4° , sign. A-C, 140 ff., marque typogr. de F. Regnault. (Renouard, n  939.)";"Null";"Null"
"http://data.bnf.fr/ark:/12148/cb43363855v";"Frottole, laude et motets de différents auteurs";"1502";"Null";"Null";"Null";"F. 9-125 (sig. T8 - p8) : 24 x 17 cm";"http://data.bnf.fr/ark:/12148/cb11976033q";"http://gallica.bnf.fr/ark:/12148/btv1b550082258"
"http://data.bnf.fr/ark:/12148/cb31508951p";"Opus aureum... domini Baldi de Perusia super feudis, cum additionibus... domini Andree Barbacia necnon aliorum... doctorum.";"1502";"Null";"Null";"1502";"XCI-18 f.";"Null";"Null"
"http://data.bnf.fr/ark:/12148/cb315089374";"Preclarum ac divinum opus... domini Baldi Perusini super sexto Codicis, cum additionibus... domini Alexandri Tartagni,... et domini Andree Barbacie,... noviter impressis. - À la fin : Per magistrum Nicolaum de Benedictis, anno... MCCCCCII, die XXIIII. martii...";"1502";"(Lugduni,)";"Null";"1502";"In-fol. à 2 col. avec manchettes, 192 ff. dont le dernier blanc, car. goth., marque typogr. à la fin";"Null";"Null"
"http://data.bnf.fr/ark:/12148/cb31508936s";"Preclarum ac divinum opus... domini Baldi Perusini super quarto et quinto Codicis, cum additionibus... domini Alexandri Tartagni,... et domini Andree Barbacie,... noviter impressis. - À la fin : Per magistrum Nicolaum de Benedictis, anno... MCCCCCII, die ultimo februarii";"1502";"(Lugduni,)";"Null";"1502";"In-fol. à 2 col. avec manchettes, 195 ff., car. goth., marque typogr. à la fin";"Null";"Null"
"http://data.bnf.fr/ark:/12148/cb31508935f";"Preclarum ac divinum opus... domini Baldi Perusini super primo, secundo, tertio Codicis, cum additionibus... domini Alexandri Tartagni,... et domini Andree Barbacie,... noviter impressis. - À la fin : Lectura... impressa per magistrum Nicolaum de Benedictis, MCCCCCII, die XIIII. feb. ...";"1502";"(Lugduni,)";"Null";"1502";"In-fol. à 2 col. avec manchettes, 230 ff. dont le dernier blanc, car. goth., titre en rouge, marque typogr. à la fin";"Null";"Null"
"http://data.bnf.fr/ark:/12148/cb31508938g";"Preclarum ac divinum opus... domini Baldi Perusini super septimo, octavo et nono Codicis cum additionibus... domini Alexandri Tartagni,... et domini Andree Barbacie,... noviter impressis. - À la fin : Per magistrum Nicolaum de Benedictis, anno... MCCCCCII, die XXII. aprilis...";"1502";"(Lugduni,)";"Null";"1502";"In-fol. à 2 col. avec manchettes, 216 ff., car. goth., marque typogr. à la fin";"Null";"Null"
"http://data.bnf.fr/ark:/12148/cb315215263";"Practica Valesci de Tharanta, que alias Philonium dicitur, una cum domini Joannis de Tornamira introductorio. - À la fin : Praeditissimum... opus Valesci de Tharanta... feliciter finit impensisque non mediocribus et cura sollertissima Petri Liechtensteyn, Coloniensis Agrippine Colonie, necnon emendatione diligentissima est impressum anno salutis M.CCCCC.II. duodecima kalendas martii, Venetiis";"1502";"Venetiis";"Null";"1502";"In-fol. à 2 col., 2 ff. n. ch. et CCIX ff. ch., car. goth.";"Null";"Null"
"http://data.bnf.fr/ark:/12148/cb31520447j";"Valerii Maximi Dictorum et factorum memorabilium libri novem. - À la fin : Venetiis, in aedibus Aldi... octobri mense MDII";"1502";"Venetiis";"Null";"1502";"In-8° , 212 ff. n. ch., marques typogr. au titre et à la fin. (A.-A. Renouard, Annales de l'imprimerie des Alde, p. 36-37.)";"Null";"Null"
"http://data.bnf.fr/ark:/12148/cb315206384";"Habes in hoc volumine... Lactantii Firmiani Opera... castigata... ejusdem Neophythomon ; Carmen de Phoenice... Carmen de Resur. Domini... Jo. Chry. de Eucha. quamdam expositionem et in eamdem materiam Lau. Vall. Sermonem... Phi. Adhortationem ad Theodo. et Adversus gentes Tertuliani apologeticon";"1502";"Venetiis";"Null";"1502";"2 parties en 1 vol. in-fol.";"Null";"Null"
"http://data.bnf.fr/ark:/12148/cb315223948";"Commentationes in Ptolomei Quadripartitum inque Ciceronis Partitiones et Tusculanas questiones ac Plinii Naturalis historie librum secundum. - Au fol. fIII r° : Johannis Petri Vallae in Plinii praefationis primi libri Naturalis historiae obscuriores locos interpretatio. - Au fol. fIII v° : Joannis Petri Vallae in secundi libri Plinii Naturalis historiae obscuriora expositio";"1502";"Venetiis";"Null";"1502";"2 parties en 1 vol. in-fol.";"Null";"Null"
"http://data.bnf.fr/ark:/12148/cb315223630";"Preclarissimi viri Georgii Valle Commentationes in Ptolomei Quadripartitum inque Ciceronis Partitiones et Tusculanas questiones ac Plinii Naturalis historie librum secundum. - Au fol. GIIII r° : Impressum Venetiis aere... Marci Firmani in officina Simonis Bivilaquae... Anno Domini milesimo quingentesimo secundo, die tertio mensis novembris. - Au fol. fIII r° : Johannis Petri Vallae in Plinii praefationis primi libri Naturalis historiae obscuriores locos interpretatio. - Au fol. fIII v° : Joannis Petri Vallae in secundi libri Plinii Naturalis historiae obscuriora expositio. - À la fin : Impressum Venetiis aere... Marci Firmani, in officina Simonis Bivilaquae... Anno Domini milesimo quingentesimo secundo, die vero decimo mensis novembris";"1502";"Venetiis";"Null";"1502";"2 parties en 1 vol. in-fol., sign. A-F⁽6, G⁽4, a-f⁽6, g⁽8, fig.";"Null";"Null"
"http://data.bnf.fr/ark:/12148/cb435387812";"Secunda pars opusculorum divi Augustini";"1502";"Null";"Null";"Null";"[6]-178 f. (sig. [-]6, aa-xx8, yy6, zz4)";"Null";"Null"
"http://data.bnf.fr/ark:/12148/cb31559500z";"Polydori Vergilii,... de Inventoribus rerum libri tres. - Au v° du titre : Polydori Vergilii,... ad Ludovicum Odaxium, Patavinum, praefatio. - Au fol. sign. aIII v° : Polydori Vergilii,... de Inventoribus rerum... tabula... - Au fol. I : Polidori Vergilii,... de Inventoribus rerum liber primus incipit. - À la fin : Finit Polidori Vergilii,... de Inventoribus rerum opus. Impressum Parisius in vico Sancti Stephani de gressibus ad intersignium Nostre Domine per Rogerum Augrain et Franciscum Bignet,... quinta die mensis martii, anno Domini milesimo quingentesimo secundo";"1502";"Parisius";"Null";"1502";"In-4° , sign. a⁽6 et LXXXIII (sic pour LXXXII) ff., car. rom.";"Null";"Null"
"http://data.bnf.fr/ark:/12148/cb315913725";"Publii Virgilii Maronis Opera";"1502";"Argentinae";"[s.n.]";"1502";"CCCCVII (sic pour CCCCX)-XXXIV ff.";"Null";"http://gallica.bnf.fr/ark:/12148/bpt6k718198"
"http://data.bnf.fr/ark:/12148/cb31607407r";"Guillermus Vorrillong Super quattuor libris Sententiarum noviter correctus et apostillatus. - À la fin : Venetiis per presbyterum Bonetum Locatellum Bergomensem, impensis vero D. Lazari de Soardis, quinto idus julias, anno secundo et quingentesimo supra millesimum...";"1502";"Venetiis";"Null";"1502";"In-4° à 2 col., 308 ff. ch. avec des erreurs, car. goth., marque au colophon, lettres ornées. (Pellechet, Bibliothèque publique de Versailles, Catalogue des incunables, p. 279, n  227.)";"Null";"Null"
"http://data.bnf.fr/ark:/12148/cb31673267j";"Xenophon. In hoc volumine continentur infrascripta opera Xenophontis : Paedia Cyri Persarum regis ; de Venatione ; de Republica et de legibus Lacedaemoniorum ; de Regis Agesilai Lacedaemoniorum laudibus ; Apologia pro Socrate ; Opusculum de Tyrannide. - Au 2e fol. n. sign., r° : Ad nobilissimum Gregorium Fliscum juris consultum discipulum suum Philippi Beroaldi Bononiensis epistola. - Au fol. sign. AI, r° : Paediae Cyri regis Persarum a Xenophonte compositae, per Franciscum Philelphum e graeco in latinum traductae liber primus. - Au fol. sign. NVI, v° : Illustrissimo principi ac domino D. Joanni Vvocestre comiti Vicorniensi Omnibonus Leonicenus salutem plurimam dicit. - Au fol. sign. OI, r° : Xenophontis de Venatione libellus a clarissimo viro Omnibono Leoniceno in latinum traductus. - Au fol. sign. PIII, r° : Ad sapientissimum et sanctum virum et clementissimum Patrem D. Nicolaum sanctae Romanae Ecclesiae cardinalem Francisci Ppilelfi [sic] praefatio in Xenophontis librum de Republica Lacedae...";"1502";"Bononiae";"Null";"1502";"In-fol., 2 ff. n. sign., la suite signée A-R⁽6, S⁽5, marque à la fin, initiales réservées";"Null";"Null"
"http://data.bnf.fr/ark:/12148/cb316739544";"Breviarium secundum regulam beati Hysidori [perfectum et emendatum per... Alfonsum Ortiz]";"1502";"Toleti";"Null";"1502";"In-fol.";"Null";"Null"
"http://data.bnf.fr/ark:/12148/cb31709591d";"Libri Paraphraseos Themistii... : in Posteriora Aristotelis, in Physica, in libros de Anima, in commentarios de Memoria et reminiscentia, de Somno et vigilia, de Insomniis, de Divinatione per somnum ; interprete Hermolao Barbaro... Alexandri Aphrodisei Enarratio de Anima ex Aristotelis institutione, interprete Hieronymo Donato, patricio Veneto. - (A la fin :) Impressum Venetiis, anno M. CCCCC II, die vero XIIII julii";"1502";"Venise";"Null";"1502";"Null";"Null";"Null"
"http://data.bnf.fr/ark:/12148/cb31709856q";"Libri Paraphraseas Themistii...";"1502";"Venise";"Null";"1502";"Null";"Null";"Null"
"http://data.bnf.fr/ark:/12148/cb317255341";"Thucydides";"1502";"Venetiis";"Null";"1502";"Null";"Null";"Null"
"http://data.bnf.fr/ark:/12148/cb31742110m";"Le Manuel saint Augustin";"1502";"(Paris,) Simon Vostre";"Null";"1502";"Null";"Null";"Null"
"http://data.bnf.fr/ark:/12148/cb31769551d";"[Monumenta ordinis Minorum.] - (Fol. a iiro :) Incipit Regula et vita Fratrum minorum. - (Fol. a ivvo :) Incipit testamentum beati patris nostri Francisci. - (Fol. a viivo :) Incipit declaratio... Gregorii pape noni super Regulam Fratrum minorum. - (Fol. bro :) Incipit declaratio... Nicolai pape tertii super regulam Fratrum minorum. - (Fol. b viivo :) Incipit declaratio... Clementis pape quinti super regulam Fratrum minorum. - (Fol. c iiivo :) Incipit expositio quattuor magistrorum super regulam Fratrum minorum. - (Fol. d iiro :) Incipit declaratio domini Bonaventure,... super regulam Fratrum minorum. - (Fol. g iiro :) Epistola sancti Bonavenventure ad innominatum magistrum. - (Fol. g vro :) Incipit declaratio magistri Bartholomoei de Pisis super regulam Fratrum minorum. - (Fol. 1ro :) Incipit Tabula questionum sequentium et titulorum libelli sequentis. - (Fol. 1 iiiro :) Incipit libellus super regulam Fratrum minorum quod Serena consciencia nuncupatur. - (Fol. o viivo :) Incipiunt Delcarationes sancti Be...";"1502";"Brixiae";"Null";"1502";"Null";"Null";"Null"
"http://data.bnf.fr/ark:/12148/cb31838668q";"Sancti Bonaventure, doctoris seraphici, Breviloquium theologie";"1502";"Angers et Rouen";"Null";"1502";"Null";"Null";"Null"
"http://data.bnf.fr/ark:/12148/cb31893728s";"Mariale eximii viri Bernardini de Busti,... (a la fin) Mariale de excellentiis regine celi impressum Lugduni per magistrum Johannem Cleyn... anno a notivitate domini Millesimo quinqentesimo secundo Mensis vero Septembris die vigesima septimo finit feliciter";"1502";"Lugduni";"Null";"1502";"Null";"Null";"Null"
"http://data.bnf.fr/ark:/12148/cb32085352k";"Disze ist eyn füre Redde in das Leben der heiligen Bischoff Eucharii, Valerii und Materni die do disze Tützlant zu den Christen Glauben haben bekort. - A la fin : Getruckt uff Grüneck";"1502";"[Strasbourg";"Bartholomäus Kistler";"1502";"Car goth, fig., sign. A.-B";"Null";"Null"
"http://data.bnf.fr/ark:/12148/cb321055232";"Francisci Philelfi,... Epistolarum familiarium libri XXXVII ex ejus exemplari transumpti, ex quibus ultimi XXI novissime reperti fuere et impressorie traditi officine... - (A la fin :) Hic est finis libri trigesimi septimi et ultimi Epistolarum... Francisci Philelfi,... ex aedibus Joannis et Gregorii de Gregoriis fratres, regnante serenissimo principe D. Leonardo Lauredano, inclyto Venetorum duce, anno Domini M.D.II., octavo kal. octobres";"1502";"Venetiis";"Null";"1502";"Null";"Null";"Null"
"http://data.bnf.fr/ark:/12148/cb32166616j";"Habes in hoc volumine... Divina Lactantii... opera... castigata... [studio J. P. Valeriani]...";"1502";"Venetiis";"Null";"1502";"Null";"Null";"Null"
"http://data.bnf.fr/ark:/12148/cb32393526t";"Bias contra fortuna. Hecho por coplas. Por el marques de Satillana (sic)...";"1502";"Sevilla, impr. de Stanislao Polono";"Null";"1502";"Null";"Null";"Null"
"http://data.bnf.fr/ark:/12148/cb32505507h";"Celifodina [fratris Johannes de Paltz, O. S. Aug.]. Ad lectorem : Aethereas edes tibi cure est optime lector Scandere ; nos emito, damque damus semitam... [A la fin :] Impressum Erphordie per Wolffgangum Schencken anno M.D.ij. tertia post Judica";"1502";"Erfurt, W. Schencken";"Null";"1502";"Null";"Null";"Null"
"http://data.bnf.fr/ark:/12148/cb32546922k";"Valerii Probi grammatici de interpretandis Romanorum litteris opusculum feliciter incipit...";"1502";"Venetiis, per Joannem de Tridino";"Null";"1502";"Null";"Null";"Null"
"http://data.bnf.fr/ark:/12148/cb332401336";"(Fol. 1 recto : Titre :) Milles et amys // ce romant est nomme // Lequel racompte les gestes et haula fais // Du chevalier miles tres renomme // Et de amys qui furent si tresparfais//... (A la fin :) Sy finist le livre de miles et amys nouvellement Imprime pour Anthoine verard libraire marchant demourant a paris...//";"1502";"Paris";"A. Vérard";"1502";"In-fol. goth. de 106 ff. chiffrés, plus 4 ff. préliminaires et 1 ff. supplémentaire. Fig. s. bois";"Null";"Null"
"http://data.bnf.fr/ark:/12148/cb332592795";"Beufves danthonne nouvellement imprime a Paris";"1502";"Null";"Null";"1502";"[121] f. (sig. A-V4)";"Null";"http://gallica.bnf.fr/ark:/12148/btv1b8600118k"
"http://data.bnf.fr/ark:/12148/cb332595717";"Biblie jampridem renovate pars prima [-sexta] : complectens pentateuchum : una cum glosa ordinaria : et litterali moralique expositione Nicolai de Lyra";"1502";"Basilaae";"Null";"1502";"6 vol.";"Null";"Null"
"http://data.bnf.fr/ark:/12148/cb332707026";"Bocados de oro. (A la fin :) Esta obra fue imprimida en la muy noble cibdad de Toledo por maestro Pedro Hagenbach aleman. Ano de mill y quinientos y dos anos a quatro dias del mes de abril";"1502";"Toledo";"Pedro Hagenbach";"1502";"In-fol., 47 ff., 2 col., car. goth., fig. sur bois sur le titre";"Null";"http://gallica.bnf.fr/ark:/12148/bpt6k857169j"
"http://data.bnf.fr/ark:/12148/cb333326273";"(Coutumes de Bretagne.) - (A la fin :) Cy finent les coustumes constitutions et establissemens de/Bretaigne, visitées et corrigées par plusieurs discrez et vénéra//bles juristes de lad. duché de Bretaigne, avec les coustumes de // la mer. Et avec les constitutions et establissemens faitz et ordon//nez en parlement general tenu à Vennes... Et furent achevées le X jour d'avril mil V cens et deux. - (Au v° du dernier f. :) Qui en aura à besongner on trouvera // à bon marché chez Jehan Macé libraire // demourant à Rennes à l'ymaige Saint // Jehan l'évangéliste. - (Au-dessous, marque de Robert I Macé, libraire de Rouen.)";"1502";"Rennes";"Null";"1502";"175 f. chiffrés et 9 f. contenant la table, caract. gothiques";"Null";"Null"
"http://data.bnf.fr/ark:/12148/cb33337204j";"Le Débat de l'eau et du vin";"1502";"Provins";"Guillaume Tavernier pour Macé Panthoul à Troyes";"1502";"[6] ff. signés a6";"Null";"Null"
"http://data.bnf.fr/ark:/12148/cb33490248w";"Modus legendi abbreviaturas in utroque jure";"1502";"Null";"Null";"1502";"LXXV f. (sig. a-i8, k3)";"Null";"Null"
"http://data.bnf.fr/ark:/12148/cb33610664x";"Speculum clericorum";"1502";"Null";"Null";"1502";"(sign. a-d8, e4)";"Null";"Null"
"http://data.bnf.fr/ark:/12148/cb33612995h";"Statuta Mediolani";"1502";"Milan";"Null";"1502";"In-fol.";"Null";"Null"
"http://data.bnf.fr/ark:/12148/cb33997170b";"Lucanus";"1502";"Null";"Null";"1502";"[140] f. (sig. a-r8 s4)";"Null";"Null"
"http://data.bnf.fr/ark:/12148/cb361198259";"Le Livre de lapocalipse sainct Jehan lapostre";"1502";"Null";"Null";"Null";"Sig. A-B6, C-D4, E6";"Null";"Null"
"http://data.bnf.fr/ark:/12148/cb361229927";"De fide concubinarum in sacerdotes";"1502";"Null";"Null";"Null";"Sig. A-C8";"Null";"Null"
"http://data.bnf.fr/ark:/12148/cb36123677r";"Biblia vulgare historiada";"1502";"Null";"Null";"Null";"[8]-CCCC [i.e. CCVIII]-CC [i.e. CXCV]-[6] f.";"Null";"Null"
"http://data.bnf.fr/ark:/12148/cb361248824";"Libre de Consolat tractant dels fets maritims &c.";"1502";"Null";"Null";"Null";"[6]-LXXXVIII-[14] f.";"Null";"Null"
"http://data.bnf.fr/ark:/12148/cb36204730c";"Prudentius. Prosper. Johannes Damascenus. Cosmus Hierosolymitanus. Marcus episcopus Talvontis. Theophanes";"1502";"[Lyon]";"[s.n.]";"1502";"[265] f., sign. a-z⁸, & ⁸, ⁸, A-G⁸, H⁹b 8°, 16 cm";"Null";"Null"
