id;title;date;place;publisher;firstyear;description;subject;gallica
"http://data.bnf.fr/ark:/12148/cb30384795z";"Guilelmi Durandi Rationale divinorum officiorum";"1459";"[Mainz]";"Johannes Fust et Peter Schöffer";"1459";"Null";"Null";"Null"
"http://data.bnf.fr/ark:/12148/cb36820195s";"[Psalterium Benedictinum :] Psalmorum codex. - [Hymni.]";"1459";"[Mainz]";"Johannes Fust et Peter Schöffer";"1459";"2 °, musique";"Null";"Null""http://data.bnf.fr/ark:/12148/cb40674111v";"Portulans : Mauro (Fra)";"1459";"[S.l.]";"[s.n.]";"1459";"Null";"Null";"Null"
"http://data.bnf.fr/ark:/12148/cb40699487j";"Frà Mauro. Mappe monde";"1459";"Venise";"Münster...";"1459";"Null";"Null";"Null"
"http://data.bnf.fr/ark:/12148/cb40699488w";"Mappemonde de Fra Mauro de 1459";"1459";"[S.l.]";"[s.n.]";"1459";"1 flle : 230 x 220 cm";"Null";"Null"
"http://data.bnf.fr/ark:/12148/cb40699485v";"[Copie très réduite de la mappemon de de Fra, Mauro, 1459.]";"1459";"[S.l.]";"[s.n.]";"1459";"1 flle : ms en coul. sur calque ; 36 x 35 cm";"Null";"http://gallica.bnf.fr/ark:/12148/btv1b8490879p"
"http://data.bnf.fr/ark:/12148/cb406994866";"[Copie très réduite de la mappemon de de Fra, Mauro, 1459.]";"1459";"[S.l.]";"[s.n.]";"1459";"1 flle : ms en coul.  ; 49 x 48 cm";"Null";"http://gallica.bnf.fr/ark:/12148/btv1b8491444d"
"http://data.bnf.fr/ark:/12148/cc960821";"ספר הנצחון";"1459";"Null";"Null";"Null";"103 f.";"Null";"http://gallica.bnf.fr/ark:/12148/btv1b10720447h"
"http://data.bnf.fr/ark:/12148/cb33810233w";"Lettres patentes... portant prolongation et pouvoir par les marchands fréquentans la rivière de Loyre et autres fleuves descendans en icelle de lever le subside, ayde et péage sur leurs denrées... montans ou baissans par lesdits rivière et fleuves spécifié par icelles, entre... Saumur et Ancenis, pour les deniers qui proviendront dudit péage les employer par eux à leurs affaires communes et procès concernant ladite navigation";"1459";"Orléans";"impr. de G. Hotot";"1459";"In-8°, 15 p.";"Null";"Null"
"http://data.bnf.fr/ark:/12148/cb358761416";"Communist threat to the United States through the Caribbean 21";"1459";"Washington. - II p.";"Government printing office";"1459";"Null";"Null";"Null"
