id;title;date;place;publisher;firstyear;description;subject;gallica
"http://data.bnf.fr/ark:/12148/cb36946387r";"Théâtre mirlitonesque";"190";"Paris";"Sansot";"Null";"6 vol.";"Null";"Null"
"http://data.bnf.fr/ark:/12148/cb37058115m";"Au Bon Marché : [métiers de Paris]";"190";"Paris";"Au Bon Marché";"Null";"8 chromos";"http://data.bnf.fr/ark:/12148/cb11949215f";"Null"
"http://data.bnf.fr/ark:/12148/cb37066269j";"[Catalogue général des manuscrits des bibliothèques publiques de France] : liste des villes qui figurent au catalogue général des manuscrits des départements";"190";"[S.l.]";"[s.n.]";"Null";"XXIII p.";"http://data.bnf.fr/ark:/12148/cb11931688m";"Null"
"http://data.bnf.fr/ark:/12148/cb37358522h";"Public debt management : theory and history";"190";"Cambridge. - New York";"Cambridge university press";"Null";"XIX-354 p.";"http://data.bnf.fr/ark:/12148/cb119321456";"Null"
"http://data.bnf.fr/ark:/12148/cb37368660j";"The lobbying handbook : [...a comprehensive lobbying guide]";"190";"Washington";"diff. the Professional lobbying and consulting center";"Null";"IX-1118 p.";"http://data.bnf.fr/ark:/12148/cb119313712";"Null""http://data.bnf.fr/ark:/12148/cb377180073";"Fabrication de la pierre artificielle silico-calcaire";"190";"Paris";"Société pour la fabrication mécanique de la pierre artificielle";"Null";"56 p.";"http://data.bnf.fr/ark:/12148/cb16907266q";"Null"
"http://data.bnf.fr/ark:/12148/cb386437240";"Panoramas de la Côte d'Azur : [photographies]";"190";"Cannes";"Hubert & Savona, éditeurs";"Null";"1 album de 12 photogr. pos.";"http://data.bnf.fr/ark:/12148/cb11953343q";"Null"
"http://data.bnf.fr/ark:/12148/cb39686193v";"Cloche de Noël ! : canon à deux voix mixtes";"190";"Null";"Null";"Null";"1 partition ([1] p.) : 28 cm";"http://data.bnf.fr/ark:/12148/cb119329384";"Null"
"http://data.bnf.fr/ark:/12148/cb396862020";"Noël des roses : [mélodie pour voix et piano]";"190";"Null";"Null";"Null";"4 p. : 27 cm";"http://data.bnf.fr/ark:/12148/cb13773949s";"Null"
"http://data.bnf.fr/ark:/12148/cb396861915";"Les paysans : choeur à 4 voix";"190";"Null";"Null";"Null";"1 partition ([5] p.) : couv. ill.  ; 31 cm";"http://data.bnf.fr/ark:/12148/cb11975995h";"Null"
"http://data.bnf.fr/ark:/12148/cb39686201n";"Dies irae : [pour choeur d'hommes]";"190";"Amsterdam";"De Algemeene Miziekhandel";"Null";"1 partition (18 p.) : 28 cm";"http://data.bnf.fr/ark:/12148/cb119329384";"Null"
"http://data.bnf.fr/ark:/12148/cb396862009";"Jeanne d'Arc : cantate";"190";"Null";"Null";"Null";"1 partition ([66] p.) : 28 cm";"http://data.bnf.fr/ark:/12148/cb12490452b";"Null"
"http://data.bnf.fr/ark:/12148/cb39746332j";"Le guide de l'officiant : récitatifs et chants des offices avec choeurs notés et composés d'après les mélodies traditionnelles";"190";"Paris";"le Consistoire";"Null";"1 partition (VIII-205 p.) : 27 cm";"http://data.bnf.fr/ark:/12148/cb135052513";"Null"
"http://data.bnf.fr/ark:/12148/cb397477813";"Mélanges : motets et dialogues choisis des maîtres italiens des XVIIe et XVIIIe siècles";"190";"Paris";"au bureau d'éd. de la Schola Cantorum";"Null";"1 partition (33 p.) : 32 cm";"http://data.bnf.fr/ark:/12148/cb119329384";"Null"
"http://data.bnf.fr/ark:/12148/cb39747780r";"Mélanges : motets et dialogues choisis des maîtres français des XVIIe et XVIIIe siècles";"190";"Paris";"au bureau d'éd. de la Schola Cantorum";"Null";"1 partition (44 p.) : 32 cm";"http://data.bnf.fr/ark:/12148/cb11976032c";"Null"
"http://data.bnf.fr/ark:/12148/cb397490522";"D'une prison : [op. 74 n°  4]";"190";"Leipzig";"F. Hofmeister";"Null";"6 p. : couv. ill. en coul.  ; 35 cm";"http://data.bnf.fr/ark:/12148/cb13773949s";"Null"
"http://data.bnf.fr/ark:/12148/cb39749904p";"Mazurkas";"190";"Leipzig";"C. F. Peters";"Null";"152 p. : 31 cm";"http://data.bnf.fr/ark:/12148/cb119604900";"Null"
"http://data.bnf.fr/ark:/12148/cb39749679r";"Namluvy pelopovy : melodram c ctyrech jednanich";"190";"Praze";"F. A. Urbanek a Synové";"Null";"1 partition (145 p.) : 27 cm";"http://data.bnf.fr/ark:/12148/cb11976227b";"Null"
"http://data.bnf.fr/ark:/12148/cb39749675c";"Trio No. 6 B-dur : für Pianoforte, Violune und Violoncell";"190";"Leipzig";"E. Eulenburg";"Null";"1 partition (50 p.) : 19 cm";"http://data.bnf.fr/ark:/12148/cb123174092";"Null"
"http://data.bnf.fr/ark:/12148/cb39750066s";"Klavierstück in a moll";"190";"Leipzig";"Breitkopf & Härtel";"Null";"5 p. : couv. orn. ; 34 cm";"http://data.bnf.fr/ark:/12148/cb144173124";"Null"
"http://data.bnf.fr/ark:/12148/cb397501244";"Deborah : an oratorio";"190";"London";"Novello";"Null";"1 partition (171 p.) : couv. orn.  ; 26 cm";"http://data.bnf.fr/ark:/12148/cb12490452b";"Null"
"http://data.bnf.fr/ark:/12148/cb39750128h";"Souvenir d'une mazurka : piano";"190";"London";"Augener";"Null";"7 p. : couv. orn.  ; 35 cm";"http://data.bnf.fr/ark:/12148/cb119604900";"Null"
"http://data.bnf.fr/ark:/12148/cb39750065f";"Klavierstück in B dur";"190";"Leipzig";"Breitkopf & Härtel";"Null";"3 p. : couv. orn. ; 34 cm";"http://data.bnf.fr/ark:/12148/cb11975999w";"Null"
"http://data.bnf.fr/ark:/12148/cb39750068g";"Phantasie für Pianoforte, Chor und Orchester : op. 80";"190";"Leipzig";"Breitkopf & Härtel";"Null";"1 partition (56 p.) : 35 cm";"http://data.bnf.fr/ark:/12148/cb11975999w";"Null"
"http://data.bnf.fr/ark:/12148/cb397525341";"Les abeilles : [pour choeur à 3 voix égales]";"190";"Paris";"A. Pinatel";"Null";"1 partition (p. 122-124) : 27 cm";"http://data.bnf.fr/ark:/12148/cb11975999w";"Null"
"http://data.bnf.fr/ark:/12148/cb397546474";"The triumph of time and truth : an oratorio";"190";"London";"Novello";"Null";"1 partition (178 p.) : couv. orn.  ; 26 cm";"http://data.bnf.fr/ark:/12148/cb11976032c";"Null"
"http://data.bnf.fr/ark:/12148/cb39754645f";"Semele : an oratorio";"190";"London";"Novello";"Null";"1 partition (200 p.) : couv. orn.  ; 26 cm";"http://data.bnf.fr/ark:/12148/cb12490452b";"Null"
"http://data.bnf.fr/ark:/12148/cb39754586r";"Jephtha : an oratorio";"190";"London";"Novello";"Null";"1 partition (195 p.) : couv. orn.  ; 26 cm";"http://data.bnf.fr/ark:/12148/cb12490452b";"Null"
"http://data.bnf.fr/ark:/12148/cb397546056";"Alexander Balus : an oratorio";"190";"London";"Novello";"Null";"1 partition (204 p.) : 26 cm";"http://data.bnf.fr/ark:/12148/cb12490452b";"Null"
"http://data.bnf.fr/ark:/12148/cb39754700r";"Alceste : incidental music to Tobias Smollett's play of that name";"190";"London";"Novello";"Null";"1 partition (82 p.) : couv. orn.  ; 26 cm";"http://data.bnf.fr/ark:/12148/cb11976032c";"Null"
"http://data.bnf.fr/ark:/12148/cb39759867h";"Ode on St. Cecilia's day : 1692";"190";"London";"Novello";"Null";"1 partition (83 p.) : couv. orn.  ; 26 cm";"http://data.bnf.fr/ark:/12148/cb11975998j";"Null"
"http://data.bnf.fr/ark:/12148/cb39760834k";"Sacerdos et pontifex : motet à 4 voix";"190";"[S.l.]";"Répertoire des Chanteurs de Saint-Gervais";"Null";"1 partition (3 p.) : 35 cm";"http://data.bnf.fr/ark:/12148/cb121516267";"Null"
"http://data.bnf.fr/ark:/12148/cb39760835x";"Dextera Domini : offertoire à 5 voix";"190";"[S.l.]";"Répertoire des Chanteurs de Saint-Gervais";"Null";"1 partition (3 p.) : 35 cm";"http://data.bnf.fr/ark:/12148/cb11976033q";"Null"
"http://data.bnf.fr/ark:/12148/cb39762105j";"Scherzo // André Caplet";"190";"Null";"Null";"Null";"24 parties : 32,5 x 24 cm";"http://data.bnf.fr/ark:/12148/cb12215119w";"Null"
"http://data.bnf.fr/ark:/12148/cb39764282r";"Ave Maria : mélodie religieuse adaptée au 1er prélude de J. S. Bach";"190";"Paris";"Heugel";"Null";"5 p. : couv. orn.  ; 35 cm";"http://data.bnf.fr/ark:/12148/cb11975999w";"Null"
"http://data.bnf.fr/ark:/12148/cb39769629m";"La Comédie française : album";"190";"[S. l.]";"Null";"Null";"[24] p. de pl. en coul.";"Null";"Null"
"http://data.bnf.fr/ark:/12148/cb39809080n";"Lettre de Marcelle Geniat à Raoul Blondel, 13 fevrier 190.";"190";"Null";"Null";"Null";"Null";"Null";"Null"
"http://data.bnf.fr/ark:/12148/cb40954657n";"Album de coiffures travesties Troisième série";"190";"Paris";"A. Brunet";"Null";"1 vol. (12 pl.)";"http://data.bnf.fr/ark:/12148/cb124993469";"Null"
"http://data.bnf.fr/ark:/12148/cb41517804z";"Nouvelle Ménagerie : [estampe]";"190";"Null";"Null";"Null";"1 est. : lithographie ; 18,4 x 19,2 cm";"Null";"http://gallica.bnf.fr/ark:/12148/btv1b54001236g"
"http://data.bnf.fr/ark:/12148/cb41517382c";"Il nous gouvernait en tirant : [estampe]";"190";"Null";"Null";"Null";"1 est. : lithographie ; 19,6 x 17,2 cm";"http://data.bnf.fr/ark:/12148/cb11938565c";"http://gallica.bnf.fr/ark:/12148/btv1b54000848q"
"http://data.bnf.fr/ark:/12148/cb41517476q";"Prise Du Louvre Côté du quai de l'Ecole : [estampe]";"190";"Null";"Null";"Null";"1 est. : lithographie ; 17,6 x 24,9 cm";"http://data.bnf.fr/ark:/12148/cb11938565c";"http://gallica.bnf.fr/ark:/12148/btv1b54001351f"
"http://data.bnf.fr/ark:/12148/cb41517428v";"Attaque De L'Hôtel De Ville Par les Parisiens. (28 Juillet.) : [estampe]";"190";"Null";"Null";"Null";"1 est. : lithographie ; 17,8 x 25,1 cm";"http://data.bnf.fr/ark:/12148/cb11938565c";"http://gallica.bnf.fr/ark:/12148/btv1b54001262x"
"http://data.bnf.fr/ark:/12148/cb41517818n";"Où peut on être mieux Qu'au sein de sa famille : [estampe]";"190";"Null";"Null";"Null";"1 est. : lithographie coloriée ; 19,8 x 17,5 cm";"Null";"http://gallica.bnf.fr/ark:/12148/btv1b54001218j"
"http://data.bnf.fr/ark:/12148/cb41517520c";"15 août Tu es bien sûr qu'il n'y a plus aucune espèce de danger.. : [estampe]";"190";"Null";"Null";"Null";"1 est. : lithographie coloriée ; 15,1 x 18,5 cm";"http://data.bnf.fr/ark:/12148/cb11938565c";"http://gallica.bnf.fr/ark:/12148/btv1b54000990k"
"http://data.bnf.fr/ark:/12148/cb41517286g";"En v'la t'y une fameuse ! : [estampe]";"190";"Null";"Null";"Null";"1 est. : lithographie ; 22,4 x 19,5 cm";"Null";"http://gallica.bnf.fr/ark:/12148/btv1b540007416"
"http://data.bnf.fr/ark:/12148/cb41517629r";"Voilà le Roi qu'il nous fallait C'est la meilleure des républiques. s'écrie Lafayette en étreignant Louis-Philippe : [estampe]";"190";"Null";"Null";"Null";"1 est. : lithographie ; 32,3 x 24,1 cm";"Null";"http://gallica.bnf.fr/ark:/12148/btv1b54001639b"
"http://data.bnf.fr/ark:/12148/cb41518956q";"M.gr le duc d'Orléans, Prince Royal : [estampe]";"190";"Null";"Null";"Null";"1 est. : lithographie ; 35 x 25,2 cm";"Null";"http://gallica.bnf.fr/ark:/12148/btv1b530124964"
"http://data.bnf.fr/ark:/12148/cb317895316";"Edmond Rousse,... Lettres à un ami [publiées par Georges Picot, Georges Bellet, G. Haguenin]...";"190";"Paris, Hachette";"Null";"Null";"Null";"Null";"Null"
"http://data.bnf.fr/ark:/12148/cb336063619";"Société française des habitations à bon marché... Documents à consulter, modèles et renseignements divers";"190";"Paris, 15, rue de la Ville-l'Evêque";"Null";"Null";"In-8°, 209 p.";"Null";"Null"
"http://data.bnf.fr/ark:/12148/cb35321744s";"Aristide Bruant dans son répertoire";"190";"Paris";"J. Ferrand";"Null";"1 fasc.";"Null";"Null"
"http://data.bnf.fr/ark:/12148/cb35508478w";"[Recueil. Carnets de vaccination]";"190";"[S.l.]";"[s.n.]";"Null";"3 fasc.";"http://data.bnf.fr/ark:/12148/cb11974764f";"Null"
"http://data.bnf.fr/ark:/12148/cb35510573q";"Automobiles Alda : description des chassis";"190";"Courbevoie";"Société des automobiles Alda";"Null";"[n.p.]";"http://data.bnf.fr/ark:/12148/cb119314762";"Null"
"http://data.bnf.fr/ark:/12148/cb35739441r";"Pierre et Lisette";"190";"Paris";"Librairie illustrée Jules Tallandier, éd.";"Null";"64 p.";"Null";"Null"
"http://data.bnf.fr/ark:/12148/cb35739476d";"Tom et Toby";"190";"Paris";"Arthème Fayard éd.";"Null";"68 p.";"Null";"Null"
"http://data.bnf.fr/ark:/12148/cb358184011";"Views of Jersey with map and plan";"190";"[S.l.]";"[s.n.]";"Null";"dépl.";"http://data.bnf.fr/ark:/12148/cb11935956s";"Null"
