id;title;date;place;publisher;firstyear;description;subject;gallica
"http://data.bnf.fr/ark:/12148/cb37344745j";"Oeuvres";"187";"Paris";"A. Lemerre";"Null";"vol.";"Null";"Null"
"http://data.bnf.fr/ark:/12148/cb37418296k";"Traité des contrats Tome cinquième : ou des obligations conventionnelles en général";"187";"Paris";"A. Durand. - L. Hachette";"Null";"628 p.";"http://data.bnf.fr/ark:/12148/cb119314762";"Null""http://data.bnf.fr/ark:/12148/cb38778657p";"Analyse d'un cartulaire de l'abbaye de La Valroy";"187";"[S. l.]";"[s. n.]";"Null";"252 p.";"Null";"Null"
"http://data.bnf.fr/ark:/12148/cb39361073t";"Histoire des prolétaires";"187";"[S. l. ?]";"Null";"Null";"In 4 °, 800 p.";"Null";"Null"
"http://data.bnf.fr/ark:/12148/cb39757716v";"Franz Schubert's Compositionen für das Pianoforte allein";"187";"Brauschweig. - New York";"H. Litolff";"Null";"178 p. : 31 cm";"http://data.bnf.fr/ark:/12148/cb13601444k";"Null"
"http://data.bnf.fr/ark:/12148/cb39757761p";"Das Alexanderfest : Oratorium";"187";"Brauschweig";"H. Litolff";"Null";"1 partition (114 p.) : 25 cm";"http://data.bnf.fr/ark:/12148/cb12490452b";"Null"
"http://data.bnf.fr/ark:/12148/cb39768766v";"Les Calicots";"187";"Paris";"le Manteau d'Arlequin";"Null";"28 p.";"Null";"Null"
"http://data.bnf.fr/ark:/12148/cb39770355c";"Suite de trente quatre estampes pour servir à l'illustration des oeuvres de Molière";"187";"Paris";"Ed. Rouveyre et G. Blond";"Null";"Null";"Null";"Null"
"http://data.bnf.fr/ark:/12148/cb39814365k";"Lettre de Paul Lacombe à Monsieur xxx, 30 juin (187.?)";"187";"Null";"Null";"Null";"Null";"Null";"Null"
"http://data.bnf.fr/ark:/12148/cb398238997";"Lettre de Ernest Reyer à Vizentini, (Paris, 187.)";"187";"Null";"Null";"Null";"1 p. : in-32";"Null";"Null"
"http://data.bnf.fr/ark:/12148/cb39830022x";"Lettre de Pauline Viardot à une cantatrice (Donna Anna), (187.-188.)";"187";"Null";"Null";"Null";"Null";"Null";"http://gallica.bnf.fr/ark:/12148/btv1b53051222k"
"http://data.bnf.fr/ark:/12148/cb42334057t";"La 1e Tour de l'Enceinte de Paris sous Philippe Auguste mise à jour en 9bre 1878 par suite des démolitions pour  l'angrandissement [sic] du Mont de Piété de la rue des francs bourgeois : [dessin]";"187";"Null";"Null";"Null";"1 dessin sur papier beige : crayon, lavis d'encre brune, rehauts de gouache rose ; 26,3 x 14,8 cm";"http://data.bnf.fr/ark:/12148/cb119643106";"http://gallica.bnf.fr/ark:/12148/btv1b8456522m"
"http://data.bnf.fr/ark:/12148/cb33553674m";"Programme des conditions d'admission à l'école d'architecture";"187";"Paris";"Delalain";"Null";"In-16, Pièce";"Null";"Null"
"http://data.bnf.fr/ark:/12148/cb33612238r";"Statistica del Regno d'Italia. Gli asili infantili nel 1869";"187";"[S. l.]";"Null";"Null";"In 4";"Null";"Null"
