id;title;date;place;publisher;firstyear;description;subject;gallica
"http://data.bnf.fr/ark:/12148/cb30004466c";"Aegidii Romani commentum super libros duos Posteriorum Analyticorum Aristotelis";"1495";"Venetiis";"per B. Locatellum, sumptibus O. Scoti";"1495";"In-fol. (Hain, *138.)";"Null";"Null"
"http://data.bnf.fr/ark:/12148/cb30007504t";"Alberti Magni de Generatione et corruptione";"1495";"Venetiis";"per J. et G. de Gregoriis fratres";"1495";"In-fol. Car. goth. (Pellechet, 333.)";"Null";"Null"
"http://data.bnf.fr/ark:/12148/cb300074872";"Alberti Magni de Caelo et mundo";"1495";"Venetiis";"per J. et G. de Gregoriis fratres";"1495";"In-fol. (Pellechet, 331.)";"Null";"Null"
"http://data.bnf.fr/ark:/12148/cb30007483p";"Alberti Magni opus de Animalibus";"1495";"Venezia";"Giovanni et Gregorio de' Gregori";"1495";"Null";"Null";"Null"
"http://data.bnf.fr/ark:/12148/cb300067102";"Doctrinale altum, seu liber parabolarum Alani metrice descriptus...";"1495";"Daventriae";"R. Paffroet";"1495";"In-4° . (Campbell, n 57.)";"Null";"Null"
"http://data.bnf.fr/ark:/12148/cb30009815s";"Alexandri Aphrodisei Enarratio de Anima ex Aristotelis institutione, interprete Hieronymo Donato, patritio veneto";"1495";"Brixiae";"opera Bernardini de Misentis de Papia";"1495";"In-4° . (Pellechet, 441.)";"Null";"Null"
"http://data.bnf.fr/ark:/12148/cb300198975";"Antonii Andreae quaestiones super XII. libros Metaphysicae Aristotelis, emendatae per Lucam de Subereto";"1495";"Venetiis";"impensis Gregorii et Joannis fratrum de Gregoriis";"1495";"In-fol. (Pellechet, 630.)";"Null";"Null"
"http://data.bnf.fr/ark:/12148/cb30019898h";"Antonii Andreae quaestiones super XII. libros Metaphysicae Aristotelis, emendatae per Lucam de Subereto";"1495";"(Parisiis";"opera J. Bouyer et G. Bouchet.)";"1495";"In-fol. (Pellechet, 629.)";"Null";"Null"
"http://data.bnf.fr/ark:/12148/cb30023136s";"Trialogus beati Antonini super Evangelio de duobus discipulis euntibus in Emaus. Trialogus de contemptu mundi, fratris Baptiste de Finaria. Epistola de tribus essentialibus votis religionis, et tractatus de veris et falsis virtutibus, fratris Umberti, generalis magistri Ordinis Predicatorum";"1495";"Venetiis";"per J. Emericum de Spira";"1495";"In-8° . (Pellechet, 999.)";"Null";"Null"
"http://data.bnf.fr/ark:/12148/cb30027623s";"Physica Aristotelis, cum Averrois commentario";"1495";"Venetiis";"impensa O. Scoti";"1495";"In-fol. (Pellechet, 1193.)";"Null";"Null"
"http://data.bnf.fr/ark:/12148/cb30033475q";"Fabulae per Laurentium Abstemium compositae. Fabulae Aesopi, ex graeco in latinum per Laurentium Vallam versae";"1495";"Venezia";"Giovanni Tacuino";"1495";"Null";"Null";"Null"
"http://data.bnf.fr/ark:/12148/cb30033481n";"Laurentii Abstemii libri duo de quibusdam locis obscuris in libro Ovidii in Ibin hactenus male interpretatis";"1495";"Venezia";"Bernardino Benagli";"1495";"Null";"Null";"Null"
"http://data.bnf.fr/ark:/12148/cb30039329q";"S. Joannis Chrysostomi De Compunctione cordis libri duo";"1495";"[Venezia";"Andrea Torresani";"1495";"Null";"Null";"Null"
"http://data.bnf.fr/ark:/12148/cb300394128";"Divi Aurelii Augustini de summa Trinitate libri XV";"1495";"Lovanii";"per J. de Westfalia";"1495";"In-fol. (Pellechet, 1544.)";"Null";"Null"
"http://data.bnf.fr/ark:/12148/cb30038726j";"Lumen apothecariorum, auctore Quirico de Augustis";"1495";"Venezia";"Giovanni et Gregorio de’ Gregori";"1495";"Null";"Null";"Null"
"http://data.bnf.fr/ark:/12148/cb300387256";"Lumen apothecariorum, auctore Quirico de Augustis";"1495";"[Lyon";"imprimeur de Nicolaus de Lyra, Postilla super Psalterium (H 10383)";"1495";"Null";"Null";"Null"
"http://data.bnf.fr/ark:/12148/cb300413875";"Hieronymi Avancii in Val. Catullum et in Priapeias emendationes, et ejusdem pro magnifico Francisco Aurichalco oratio, ac ad divam Cassandram elegia, ejusdemque de laudibus philosophyae morallis oratio et gratiarum actio ad Marianum Garzonum et M. An. Maurocenum (opera Innocentii Zilleti)";"1495";"Venetiis";"J. de Cereto de Tridino";"1495";"In-fol. Pièce. (Pellechet, 1650.)";"Null";"Null"
"http://data.bnf.fr/ark:/12148/cb300420073";"Metaphysica Avicenne, sive ejus Prima philosophia, ex Dominici Gundisalvi translatione, castigata per Franciscum de Macerata et Antonium Frachantianum";"1495";"Venetiis";"per Bernardinum Venetum";"1495";"In-fol. (Pellechet, 1671.)";"Null";"Null"
"http://data.bnf.fr/ark:/12148/cb30053354w";"Hermolai Barbari castigationes Plinianae. Item emendatio in Melam Pomponium";"1495";"Cremonae";"per C. a Darleriis";"1495";"In-fol. (Pellechet, 1825.)";"Null";"Null"
"http://data.bnf.fr/ark:/12148/cb300784167";"Rappresentazione di Abrahamo e di Isaac, da Feo Belcari";"1495";"[Venezia]";"[Matteo Capsaca]";"1495";"4 feuillets, ill.";"Null";"Null"
"http://data.bnf.fr/ark:/12148/cb30082186b";"Petri Bembi de Aetna ad Angegelum Chabrielem liber";"1495";"Venetiis";"in aedibus Aldi Romani";"1495";"In-4° . (Pellechet, 2033.)";"Null";"Null"
"http://data.bnf.fr/ark:/12148/cb30090014x";"Sermonen van Sinte Bernaerdus";"1495";"Zwollis";"P. Van Os";"1495";"In-fol. (Pellechet, 2094.)";"Null";"Null"
"http://data.bnf.fr/ark:/12148/cb30089850z";"Opuscula divi Bernardi, abbatis Clarevallensis";"1495";"Venetiis";"S. Bevilaqua";"1495";"In-8° . (Pellechet, 2157.)";"Null";"Null"
"http://data.bnf.fr/ark:/12148/cb30089999k";"Sermones S. Bernardi de tempore et de sanctis";"1495";"Basileae";"N. Kessler";"1495";"In-fol. (Pellechet, 2090.)";"Null";"Null"
"http://data.bnf.fr/ark:/12148/cb30089849r";"Opuscula divi Bernardi, abbatis Clarevallensis";"1495";"Brixiae";"A. et J. Britannici";"1495";"In-8° . (Pellechet, 2156.)";"Null";"Null"
"http://data.bnf.fr/ark:/12148/cb30090002x";"Sermones de tempore et de sanctis, cum omeliis beati Bernardi,... cum nonnullis epistolis ejusdem";"1495";"Venetiis";"J. de Spira";"1495";"In-4° . (Pellechet, 2091.)";"Null";"Null"
"http://data.bnf.fr/ark:/12148/cb30089987k";"Sermoni vulgari devotissimi di sancto Bernardo, abbate di Chiaravalle, necessarii al ben vivere, redocti in lingua toscana";"1495";"Firenze";"L. Morgiani et G. di Maganza";"1495";"In-4° . (Pellechet, 2142.)";"Null";"Null"
"http://data.bnf.fr/ark:/12148/cb300899371";"Bernardus super re familiari gubernanda. Sequuntur regule pulchre de modo vivendi omnium fidelium, edite a magistro Johanne Gerson";"1495";"(Parisiis";"P. Levet";"1495";"In-4° . (Pellechet, 2110.)";"Null";"Null"
"http://data.bnf.fr/ark:/12148/cb30092808p";"De Felicitate opusculum P. Beroaldi";"1495";"Bononiae";"Plato de Benedictis";"1495";"In-4° . (Pellechet, 2224.)";"Null";"Null"
"http://data.bnf.fr/ark:/12148/cb300982659";"Libellus de jurisdictione ecclesiastica, factus per dominum Petrum Bertrandi";"1495";"Parisiis";"per Joannem Philippi";"1495";"In-4° . (Pellechet, 2251)";"Null";"Null"
"http://data.bnf.fr/ark:/12148/cb301017539";"Tria rosacea Coronamenta pulcherrima atque devotissima Anne Marie Jesu";"1495";"Antwerpiae";"impressum per Godfridum Back";"1495";"17 p.";"Null";"http://gallica.bnf.fr/ark:/12148/bpt6k70374s"
"http://data.bnf.fr/ark:/12148/cb301027061";"Tabulae astronomicae et canones in eas Joannis Blanchini";"1495";"Venetiis";"cura S. Bevilaque";"1495";"In-4° . (Hain, *3233.)";"Null";"Null"
"http://data.bnf.fr/ark:/12148/cb30116699r";"Cayda de los principes (por Juan Bocacio, traducida de latin en romanze por Pedro Lopez de Ayada y Alfonso Garcia, sacada á luz por Juan Alfonso de Çamora)";"1495";"Sevilla";"impr. por Meynard-Ungüt y Lançalao";"1495";"In-4° , car. goth. (Pellechet, 2481. Hain, 3339)";"Null";"Null"
"http://data.bnf.fr/ark:/12148/cb301253031";"Fol. A : Incipit libellus quantum ad triplicem viam, per quam pervenitur ad veram sapientiam a sancto Johanne de Bonaventura, Ordinis Fratrum minorum generali ministro, compositus. - Fol. B VIII r°¸ : Explicit libellus de triplici gradu ascendendi ad veram sapienciam, editus a sancto Johanne Bonaventura, impressus Parisius, in campo Gaillardi, per Guidonem Mercatoris, anno Domini M CCCCXCV, XXVii maii";"1495";"Paris";"Guy Marchant";"1495";"In-8° , car. goth., sign. A-B, marque typogr. de Guy Marchant à la fin";"Null";"http://gallica.bnf.fr/ark:/12148/btv1b7300231v"
"http://data.bnf.fr/ark:/12148/cb30125248q";"Opuscula parva sancti Bonaventurae";"1495";"Argentinae";"Null";"1495";"2 parties en 1 vol. in-fol. (Hain, *3468.)";"Null";"Null"
"http://data.bnf.fr/ark:/12148/cb301540534";"Geometria speculativa Thome Bravardini";"1495";"Parisius";"opera Guidonis Mercatoris";"1495";"In-fol. (Hain-Copinger, 3712.)(Pellechet, 2812.)";"Null";"Null"
"http://data.bnf.fr/ark:/12148/cb301540503";"Arithmetica Thome Bravardini";"1495";"Parisius";"impressa in Campo Gaillardo a Guidone Mercatoris";"1495";"In-4° . (Copinger, 1226.)(Pellechet, 2811.)";"Null";"Null"
"http://data.bnf.fr/ark:/12148/cb30155499s";"De Origine et conversatione bonorum regum et laude civitatis Hierosolymae, cum exhortatione ejusdem recuperandae. Sebastianus Brant";"1495";"Basileae";"J. Bergman de Olpe";"1495";"In-4° . (Hain, *3735.)";"Null";"Null"
"http://data.bnf.fr/ark:/12148/cb30170150t";"Leonardi Aretini Epistolae familiares (ediderunt Antonius Moretus et Hieronymus Alexandrinus)";"1495";"(S. l.,)";"Null";"1495";"In-fol. (Pellechet, 1119.)";"Null";"Null"
"http://data.bnf.fr/ark:/12148/cb30174548b";"Satirae cum commentariis Domitii Calderini et Georgii Vallae";"1495";"Lugduni";"Null";"1495";"In-4° . (Hain, 9708.)";"Null";"Null"
"http://data.bnf.fr/ark:/12148/cb30186048n";"Satirae";"1495";"Lugduni";"Null";"1495";"In-fol. (Hain, *9708.)";"Null";"Null"
"http://data.bnf.fr/ark:/12148/cb301860506";"Epigrammata";"1495";"Venetiis";"Null";"1495";"In-fol. (Hain-Copinger, 10824.)";"Null";"Null"
"http://data.bnf.fr/ark:/12148/cb30189903w";"(Opera J. A. Campani, cura Michaelis Ferni edita.)";"1495";"Romae";"per E. Silber, alias Franck";"1495";"In-fol.";"Null";"Null"
"http://data.bnf.fr/ark:/12148/cb30193247b";"Volumen stabilimentorum Rhodiorum militum sacri ordinis hospitalis Sancti Joannis Hierosolymitani, a Guillelmo Caorsino compositum";"1495";"Venetiis";"Null";"1495";"In-fol. (Hain, 4364.)";"Null";"Null"
"http://data.bnf.fr/ark:/12148/cb301956290";"Sermonarium de commendatione virtutum et reprobatione viciorum editum per R. P. fratrem Michaelem de Carchano";"1495";"Mediolani";"per U. Scinzenzeler";"1495";"In-4° . (Hain-Copinger, *4505";"Null";"Null"
"http://data.bnf.fr/ark:/12148/cb30206669s";"Textus Cathonis, cum additionibus consonis";"1495";"[Lyon";"imprimeur du Bernardus de Gordonio (GW 4085)";"1495";"12 ff.";"Null";"Null"
"http://data.bnf.fr/ark:/12148/cb30223424z";"L'Appointement de Romme, avec les lettres du roy (Charles VIII) envoiées à monsieur de Bourbon. (17 janvier [1495])";"1495";"[Rouen";"imprimeur de l'Entrée du roi à Rome, GW 9321 (= Jean Le Bourgeois)";"1495";"6 ff. non ch.";"Null";"Null"
"http://data.bnf.fr/ark:/12148/cb302234259";"La Prinse et réduction de Naples et autres plusieurs fortes places et beaulx faitz de guerre, avec le contenu de quatre paires de lettres envoyées à monsieur de Bourbon par le roy nostre sire (Charles VIII) depuis son partement de Romme. (Février [1495].)";"1495";"[Rouen";"Jacques Le Forestier. - post 20 II 1495]";"1495";"4 ff. n. signés";"Null";"Null"
"http://data.bnf.fr/ark:/12148/cb30223423m";"L'Entrée du roy nostre sire à Romme";"1495";"[Rouen";"Jacques Le Forestier";"1495";"4 ff. non ch.";"Null";"Null"
"http://data.bnf.fr/ark:/12148/cb30223426n";"Les Lettres nouvelles envoyées de Napples de par le roy nostre sire (Charles VIII) à monseigneur de Bourbon et datées du IX. jour de may (1495), avecques les gensdarmes pour retourner en France";"1495";"[Paris ou Rouen";"Baptiste Bourguet";"1495";"4 ff. non signés";"Null";"Null"
"http://data.bnf.fr/ark:/12148/cb30223421x";"La Proposition faicte au pape de par le roy (Charles VIII). (Datum Florentie, die 27 novembris 1494.)";"1495";"[Paris";"Pierre Le Caron";"1495";"2 ff. non signés";"Null";"Null"
"http://data.bnf.fr/ark:/12148/cb302379951";"Leonelli Chieregati oratio coram Alexandro papa VI in publicatione confoederationis initae inter ipsum ac Romanorum et Hispaniae reges, anno 1495, in die Palmarum Romae habita";"1495";"(S. l.)";"Null";"1495";"In-4° . (Pellechet, 3556.)";"Null";"Null"
"http://data.bnf.fr/ark:/12148/cb30237994p";"Leonelli Chieregati oratio coram Alexandro papa VI in publicatione confoederationis initae inter ipsum ac Romanorum et Hispaniae reges, anno 1495, in die Palmarum Romae habita";"1495";"[Milano";"Filippo Mantegazza";"1495";"Null";"Null";"Null"
"http://data.bnf.fr/ark:/12148/cb30272348g";"Aemilii Probi (seu Cornelii Nepotis) excellentium imperatorum vitae";"1495";"Venetiis";"per Bernardinum Venetum";"1495";"In-4° . (Hain-Copinger, 5732.)";"Null";"Null"
"http://data.bnf.fr/ark:/12148/cb30286044f";"Libro della agricultura, di Pietro Crescenzi";"1495";"Venetiis";"Null";"1495";"In-4° , (Hain-Copinger, 5839.)";"Null";"Null"
"http://data.bnf.fr/ark:/12148/cb302860402";"La Manière de enter et planter en jardins. - Fol. 2 : En ce petit livre peut on bien sçavoir comment l'en doit subtilement enter et planter et faire en jardins plusieurs choses bien estranges et très plaisant en pratiquant la doctrine du livre de Pierre de Croissance";"1495";"[Paris";"Jean Trepperel";"1495";"[6] f. signés a6";"Null";"Null"
"http://data.bnf.fr/ark:/12148/cb30286045s";"Piero Crescentio de agricultura. - Fol. aij : Incomincia il libro de la agricultura di Piero Cresentio, cittadino di Bolognia, ad honore di Dio et del serenissimo re Carlo. - A la fin : Finis. Impressum Venetiis, die ultimo mensis Mai, anno M CCCC LXXXXV";"1495";"Venetiis";"Null";"1495";"In-4° , sign. a, a-l, A-L, 2 col., rom., fig. sur bois";"Null";"Null"
"http://data.bnf.fr/ark:/12148/cb30307943b";"Candidus, de Genitura hominis, incipit feliciter. (Edidit Angelus Typhernas.)";"1495";"[Roma";"Stephan Planck";"1495";"Null";"http://data.bnf.fr/ark:/12148/cb11942202d";"Null"
"http://data.bnf.fr/ark:/12148/cb30324389p";"Specula omnis status humanae vitae, auctore Dyonisio Carthusiano";"1495";"Norimbergae";"Null";"1495";"In-4° . (Pellechet, 4332.)";"Null";"Null"
"http://data.bnf.fr/ark:/12148/cb30343854k";"Diomedis, doctissimi ac diligentissimi linguae latinae perscrutatoris, de Arte grammatica opus utilissimum";"1495";"Venetiis";"Null";"1495";"In-fol. (Pellechet, 4288.)";"Null";"Null"
"http://data.bnf.fr/ark:/12148/cb30347660x";"Aelii Donati ars minor";"1495";"[Delft";"Christian Snellaert";"1495";"Null";"Null";"Null"
"http://data.bnf.fr/ark:/12148/cb30347687z";"Aelii Donati ars grammatica, latine et italice. - M. Catonis ad vitam adolescentulorum liberis artibus instruendam instituta, latine, cum interpretatione italica";"1495";"Venezia";"Johann Emerich pour Lucantonio Giunta";"1495";"36 feuillets";"Null";"Null"
"http://data.bnf.fr/ark:/12148/cb30405377p";"Interrogationes pro confessoribus";"1495";"(Parisiis.)";"Null";"1495";"In-8° . (Pellechet, 705.)";"Null";"Null"
"http://data.bnf.fr/ark:/12148/cb304053948";"Andreae de Escobar Modus confitendi";"1495";"Paris";"Pierre Poulhac pour Denys Roce";"1495";"[8] ff. sign. a";"Null";"Null"
"http://data.bnf.fr/ark:/12148/cb30405398n";"Modus confitendi";"1495";"[Paris";"Pierre Poulhac pour] Denys Roce";"1495";"[8] ff. sign. a";"Null";"Null"
"http://data.bnf.fr/ark:/12148/cb304053750";"Interrogationes et doctrinae quibus quilibet sacerdos debet interrogare suum confitentem";"1495";"[Roma]";"[E. Silber]";"1495";"In-8° , 10 ff. n. ch., car. rom., 23 ll., sign. v au f 5";"Null";"Null"
"http://data.bnf.fr/ark:/12148/cb30410396z";"Edidit Janus Lascaris";"1495";"(Florentiae";"per L. Franciscum de Alopa";"1495";"In-4° . (Pellechet, 4632.)";"Null";"Null"
"http://data.bnf.fr/ark:/12148/cb30411904c";"Margarita poetica, opus clarissimum feliciter incipit Albertus de Eyb,...";"1495";"Basel";"Johannes Amerbach";"1495";"[244] ff. signés a-b8, c-d6, e-m8/6, n-z6/8, A-I8/6, 2A-2B6, 2C8";"Null";"Null"
"http://data.bnf.fr/ark:/12148/cb304183857";"Themata haec ex philosophiae desumta spaciis in scholis philosophorum inclutae Hessorum Academiae ad disputandum proponet, praeside M. Rodolpho Goclenio,... respondens Valentinus Farenbachius,...";"1495";"Marpurgi Cattorum";"excudebat P. Egenolphus";"1495";"In-4° , 4 ff. non chiffrés";"Null";"Null"
"http://data.bnf.fr/ark:/12148/cb30434292p";"M. Ficini Epistolae";"1495";"Venetiis";"M. Capcasa";"1495";"In-fol. (Pellechet, 4791.)";"Null";"Null"
"http://data.bnf.fr/ark:/12148/cb304355666";"Epistolare Johannis Marii Philelphi. Ludovicus Mondellus edidit";"1495";"Basel";"Johannes Amerbach";"1495";"Null";"Null";"Null"
"http://data.bnf.fr/ark:/12148/cb30473944b";"Roberti Gaguini Ars versificatoria et carmina diversa";"1495";"[Paris]";"André Bocard";"1495";"Null";"Null";"Null"
"http://data.bnf.fr/ark:/12148/cb30481618p";"Les Complaintes et enseignemens de Françoys Guérin, marchant de Lyon, envoyées à son filz...";"1495";"Paris";"Guillaume Mignart";"1495";"[42] ff., ill";"Null";"Null"
"http://data.bnf.fr/ark:/12148/cb30492037r";"In hoc volumine haec insunt : Theodori Introductivae grammatices libri quatuor. Ejusdem de mensibus opusculum... Apollonii grammatici de Constructione libri quatuor. Herodianus de Numeris. - (A la fin :) Impressum Venetiis, in aedibus Aldi Romani, octavo calendar januarias // MCCCCLXXXXV...";"1495";"Venezia";"Aldo Manuzio";"1495";"[198] ff.";"Null";"Null"
"http://data.bnf.fr/ark:/12148/cb305231370";"La Pratique de maistre... Bernard de Gordon, qui s'appelle Fleur de lys en médecine";"1495";"Lugduni";"Null";"1495";"In-4° . (Pellechet, 5278.)";"Null";"Null"
"http://data.bnf.fr/ark:/12148/cb30523138b";"Lilio de medicina [de Bernardo Gordonio]";"1495";"Hispali";"M. Ungut et S. Polonus";"1495";"In-fol. (Pellechet, 5279.)";"Null";"Null"
"http://data.bnf.fr/ark:/12148/cb30538008j";"Sancti Gregorii Magni Dialogorum libri quattuor";"1495";"Paris";"Ulrich Gering et Berthold Rembolt";"1495";"[96] ff. signés a-m8, le dernier f. blanc";"Null";"Null"
"http://data.bnf.fr/ark:/12148/cb305380719";"Beatissimi Gregorii pape ... In septem psalmos penitentiales explantio...";"1495";"Mainz";"Jacob Meydenbach";"1495";"[82] ff. signés a-n6, o4";"Null";"Null"
"http://data.bnf.fr/ark:/12148/cb30538078q";"Moralia divi Gregorii";"1495";"Parisiis";"Ulrich Gering et Berthold Rembolt";"1495";"[382] ff. signés a-r8, ſ8, s-z8, A-S8, T10, AA-BB8, CC6, aa8, bb6, les ff. T10 et bb6 blancs";"Null";"Null"
"http://data.bnf.fr/ark:/12148/cb30543748q";"Quadragesimale fratris Johannis Gritsch,...";"1495";"Lyon";"Johann Trechsel";"1495";"[250] ff.";"Null";"Null"
"http://data.bnf.fr/ark:/12148/cb30557499z";"Postilla Guillerini super Epistolas et Evangelia de tempore et de sanctis et pro defunctis summa diligentia ... emendata";"1495";"Deventer";"Jacobus de Breda";"1495";"186 ff. foliotés et signés [✽]4, a-z6, A-F6, G8";"Null";"Null"
"http://data.bnf.fr/ark:/12148/cb368120577";"(Livre d'offices commençant par ces mots :) Omnes sancti angeli et archangeli dei...";"1495";"(S. l. n. d.)";"Null";"1495";"In-8 °, pièce";"Null";"Null"
"http://data.bnf.fr/ark:/12148/cb368156281";"Liber cathecumini";"1495";"Venezia";"Johann Emerich pour Lucantonio Giunta";"1495";"4 °, 75 ff., ill., musique";"Null";"Null"
"http://data.bnf.fr/ark:/12148/cb368162014";"Diurnale ecclesiae Venetiensis";"1495";"Venise";"Null";"1495";"In-16. Caractères gothiques. 15 lignes à la page";"Null";"Null"
"http://data.bnf.fr/ark:/12148/cb36816500m";"[Horae ad usum Bituricensem]";"1495";"[Paris]";"Etienne Jehannot pour. - Enguilbert, Jean et Geoffroy de Marnef";"1495";"1 vol. (non paginé [8 f.])";"Null";"http://gallica.bnf.fr/ark:/12148/bpt6k110612c"
"http://data.bnf.fr/ark:/12148/cb36817520g";"Missale secundũ ordinarũ lesdiensem";"1495";"Impressum Delf";"Null";"1495";"Null";"Null";"Null"
"http://data.bnf.fr/ark:/12148/cb368170981";"Horarium secundum usum Trajectensis dyoecesis. - (A la fin :) Ad laudem Dei omnipotentis et beatissime virginis Marie, necnon sanctorum sanctarumque omnium, presens hoc orarium impressum est Antwerpie, per me Adrianum de Liesvelt, anno Domini M ° CCCC ° nonagesimo quinto, XIII idus junii";"1495";"Anvers";"Null";"1495";"In-8 ° de 152 feuillets. Caractères gothiques. Figures";"Null";"Null"
"http://data.bnf.fr/ark:/12148/cb36818064z";"[Missale Herbipolense :] Speciale missarum secundum chorum Herbipolensem";"1495";"Würzburg";"Georg Reyser";"1495";"2 °, ill.";"Null";"Null"
"http://data.bnf.fr/ark:/12148/cb368195846";"Breviarium Ratisponense. Ed. sur la demande de Rupertus II de Simmern, évêque de Ratisbonne";"1495";"Bamberg";"Johann Pfeyl";"1495";"2 parties, 2 °, ill.";"Null";"Null"
"http://data.bnf.fr/ark:/12148/cb36820455c";"Ordinarius ad usum Bisuntinensem, cum antiquis et novis regulis. -(A la fin :) Ordinarius metropolitane Bisuntinensis ecclesie, Parisii impressus, anno Domini millesimo quadringentesimo nonagesimo quinto, die vero mensis octobris duodecima, finit feliciter";"1495";"Paris";"Jean Du Pré";"1495";"In-4 °. Cahiers signés a-m. Caractères gothiques";"Null";"Null"
"http://data.bnf.fr/ark:/12148/cb36824787s";"Las horas de nuestra señora // [...] muchos otros oficios y ora//ciones";"1495";"Impressas en Paris";"Null";"1495";"8 °";"Null";"Null"
"http://data.bnf.fr/ark:/12148/cb368247795";"[Horae ad usum Romanum.]";"1495";"Venezia";"Johann Emerich pour Lucantonio Giunta";"1495";"16 °, ill.";"Null";"Null"
"http://data.bnf.fr/ark:/12148/cb368247884";"Las P̄sentes horas de Nuestra Seňora segun el uso de Roma con otras muchas devoçiones en lengua castellana...";"1495";"Paris";"Simon Vostre";"1495";"In-8 °";"Null";"Null"
"http://data.bnf.fr/ark:/12148/cb30598153w";"Sermones Discipuli de tempore et de sanctis, cum Promptuario exemplorum et Promptuario de miraculis b. Mariae Virginis";"1495";"Strabourg";"[Martin Flach]";"1495";"Null";"Null";"Null"
"http://data.bnf.fr/ark:/12148/cb30626332q";"Hugonis de Sancto Charo Tractatus amantissimus qui Speculum Ecclesie inscribitur, una cum Speculo sacerdotum";"1495";"(Parisiis";"A. Caillaut";"1495";"In-4° . (Hain-Copinger, *8978.)";"Null";"Null"
"http://data.bnf.fr/ark:/12148/cb306263363";"Fol. 1 : Speculum Ecclesie, una cum Speculo sacerdotum. - Fol. 2 : Domini Hugonis, primi cardinalis ordinis Predicatorum, Tractatus amantissimus qui Speculum Ecclesie inscribitur, incipit feliciter. - A la fin : Finit Speculum sacerdotum";"1495";"[Lyon";"Janon Carcain";"1495";"[16 ff. signés a-b8, le dernier blanc";"Null";"Null"
"http://data.bnf.fr/ark:/12148/cb306352719";"Liber Lotharii de vilitate conditionis humanae. - De Proprietatibus Romanorum";"1495";"Paris";"Pierre Levet";"1495";"Null";"Null";"Null"
"http://data.bnf.fr/ark:/12148/cb30639074r";"Tractatus doctoris Jacobi, ordinis carthusiensis, de arte bene moriendi";"1495";"Impressus Lipczik";"per Arnoldum de Colonia";"1495";"In-4";"Null";"Null"
"http://data.bnf.fr/ark:/12148/cb30639674d";"Specula omnis status humane vite venerabilis patris Dyonisii prioris domus Carthusie in Ruremund";"1495";"Nurenberge";"impensis Z. Wagner";"1495";"In-4° . (Pellechet, 4332.)";"Null";"Null"
"http://data.bnf.fr/ark:/12148/cb30650418m";"Joannis de Verdena Sermones dominicales de tempore, cum expositionibus Evangeliorum, et de sanctis, Dormi secure nuncupati";"1495";"Lugduni";"Null";"1495";"2 parties en 1 vol. in-8° . (Copinger, 5972.)";"Null";"Null"
"http://data.bnf.fr/ark:/12148/cb306498040";"Titre, fol. A 1 : Beatus Johannes Crisostomus de Reparatione lapsi. Maistre Martin Morin. - A la fin, fol. E 10 : Exaratum et completum Rothomagi, per me magistrum Martinum Morin, ante prioratum Sancti Laudi commorantem, XXI. die junii, anno Domini millesimo CCCCLXXXXV";"1495";"Rothomagi";"Null";"1495";"In-8° , sign. A-D⁽8, E⁽1⁽0, car. goth., à longues lignes, marque de M. Morin gravée sur bois au titre";"Null";"Null"
"http://data.bnf.fr/ark:/12148/cb30652703w";"La Vie des peres en françoys";"1495";"Paris";"pour Antoine Vérard";"1495";"Null";"Null";"Null"
"http://data.bnf.fr/ark:/12148/cb30652660f";"Prologi sancti Hieronymi in Bibliam. - A la fin : Expliciunt Prologi divi Hieronymi in Bibliam, Parisiis, in campo Gaillardo, a Guidone Mercatoris impressi, anno a redemptione humani generis millesimo quadringentesimo nonagesimo quinto, duodecimo mensis martii";"1495";"Parisiis";"Null";"1495";"In-4° , sign. a-l, car. goth., au titre marque de G. Marchant et fig. au v  du dernier feuillet";"Null";"Null"
"http://data.bnf.fr/ark:/12148/cb30670363k";"Justiniani Instituta de Tortis [cum apparatu et additamentis]";"1495";"Venetiis";"per B. de Tortis";"1495";"In-fol. (Hain, *9534.)";"Null";"Null"
"http://data.bnf.fr/ark:/12148/cb30670364x";"Dn. Justiniani Institutiones, cum apparatu et summariis. - Fol. 1 : blanc. - A la fin : Institutionum opus, cum summariis, cura summa atque diligentia castigatum finit feliciter. Impressum Lugduni per Johannem de Vingle, anno Domini MCCCC. XCV., die X novembris";"1495";"Lugduni";"Null";"1495";"In-fol., 86 ff., car. goth., texte à 2 col., encadré par la glose, marque typogr. de J. de Vingle";"Null";"Null"
"http://data.bnf.fr/ark:/12148/cb306707610";"Juvenalis Satirae, cum commentariis D. Calderini, Probi Birthii et G. Vallae, D. Calderini Defensio adversus Brotheum. Bonifacii Bugellani de Satyra et modi punctandi orationes";"1495";"Lugduni";"per Johannem de Vingle";"1495";"In-4° . (Hain, 9708.)";"Null";"Null"
"http://data.bnf.fr/ark:/12148/cb30670493s";"Infortiatum [Justiniani] de Tortis";"1495";"Venetiis";"per B. de Tortis";"1495";"In-fol. (Hain, *9574.)";"Null";"Null""http://data.bnf.fr/ark:/12148/cb30738554f";"Resolutorium dubiorum circa celebrationem missarum occurrentium, auctore Joanne a Lapide";"1495";"Coloniae";"H. Quentell";"1495";"In-4° . (Hain, 9910.)";"Null";"Null"
"http://data.bnf.fr/ark:/12148/cb30738555s";"Resolutorium dubiorum circa celebrationem missarum occurrentium, auctore Joanne a Lapide";"1495";"Antverpiae";"G. Back";"1495";"In-8° . (Hain-Copinger, 9911.)";"Null";"Null"
"http://data.bnf.fr/ark:/12148/cb30745229w";"In hoc libro haec continentur : Constantini Lascaris Erotemata, cum interpretatione latina [Johannis (Crastoni), monachi placentini]. De Litteris graecis ac diphthongis et quemadmodum ad nos veniant. Abbreviationes quibus frequentissime Graeci utuntur. Oratio dominica et duplex salutatio beatae Virginis. Symbolum apostolorum. Evangelium divi Joannis evangelistae. Carmina aurea Pythagorae. Phocilidis,... Moralia. Omnia suprascripta habent e regione interpretationem latinam de verbo ad verbum";"1495";"Venezia";"Aldo Manuzio";"1495";"2 parties en 1 vol.";"Null";"Null"
"http://data.bnf.fr/ark:/12148/cb30774155j";"Le Régime contre épidemie et pestilence, intitulé aux povres, par lequel ung et chascun de quelque complexion qu'il puisse estre peut voir et cognoistre les choses qui luy sont requises, utiles et prouffitables pour les user et soy préserver... - A la fin : Et par tant je metz fin à ce présent régime, fait et composé par maistre Thomas Le Forestier, docteur en médicine. -  Fol. sign. G : Advertissement à ung chascun en général pour éviter maladies, épidimie et pestilence. - A la fin : Acomply en l'an mil CCCC quatre-vingtz et XV, le 21e jour d'octobre. Imprimé à Rouen, par Jacques Le Forestier, demourant au dit lieu en la grant rue Saint-Martin du Pont, près le Fardel, l'an et jour dessus ditz";"1495";"Rouen";"Jacques Le Forestier";"1495";"48 ff.";"Null";"Null"
"http://data.bnf.fr/ark:/12148/cb30778853r";"Sophologium";"1495";"Lyon";"Jean de Vingle";"1495";"Null";"Null";"Null"
"http://data.bnf.fr/ark:/12148/cb308321871";"Cronica del rey don Pedro, del rey don Enrique y del rey don Juan, por Pedro López de Ayala";"1495";"Sevilla";"Meynardo Ungut y Estanislao Polono";"1495";"In-fol. (Hain, 10206 et Haebler, 38)";"Null";"Null"
"http://data.bnf.fr/ark:/12148/cb30844671q";"Dat Boeck van den leven ons liefs Heren Jhesu Cristi [Ludolphi des Carthusers]";"1495";"Zwol";"Peter Van Os";"1495";"In-fol. (Campbell, 1184.)";"Null";"Null"
"http://data.bnf.fr/ark:/12148/cb308446246";"Landulfus [sic] Cartusiensis In meditationes vite Christi et super evangeliis totius anni opus divinum. - Fol. a i j : Prologus. Prologus Landolphi cartusiensis in meditationes vite Jesu Christi. - Fol. a VI. Prime partis. Incipit liber de vita Jesu Christi... - Fol. I. Secunde partis hujus libri. De confessione vere fidei... - À la fin : Explicit venerabilis religiosi Landulfi, almi ordinis cartusiensis viri doctissimi, evangelistarum et evangelii totius anni interpretatio et expositio ac super ipsis meditatio. Impressa Brixie per Magistrum Angelum et Jacobum de Britannicis, anno Domini M.CCCCLXXXXV, die XXX octobris";"1495";"Brixie";"Null";"1495";"In-4° , à 2 col., car. goth., sign. a-Z, @ , A-Z, aa-tt";"Null";"Null"
"http://data.bnf.fr/ark:/12148/cb30844081c";"Titi Lucretii Cari De rerum natura";"1495";"Venetiis";"I. de Ragazonibus de Asula";"1495";"1 vol. (257 p.)";"Null";"http://gallica.bnf.fr/ark:/12148/bpt6k71560w"
"http://data.bnf.fr/ark:/12148/cb30844665s";"La Terca part del cartoxa [Ludolpho] trelladat de lati en romanc per lo reverent mestre Corella...";"1495";"Null";"Null";"1495";"In-fol. à 2 col., car. goth.";"Null";"Null"
"http://data.bnf.fr/ark:/12148/cb30861239t";"La Confession générale";"1495";"[Lyon";"Jacques Arnoullet";"1495";"10 ff.";"Null";"http://gallica.bnf.fr/ark:/12148/bpt6k1106581"
"http://data.bnf.fr/ark:/12148/cb389795439";"Ovidius de arte amandi et de remedio amoris cum comento";"1495";"Null";"Null";"1495";"LXXIV, [1 bl.] f.";"Null";"Null"
"http://data.bnf.fr/ark:/12148/cb30892925x";"Martialis, cum duobus commentis [Domitii Calderini ac Georgi Merulae]";"1495";"Venetiis";"Null";"1495";"In-fol. (Hain-Copinger, *10824.)";"Null";"Null"
"http://data.bnf.fr/ark:/12148/cb39304856x";"Quaternarius Bti Thomae de Aquino";"1495";"[S. l. ?]";"Null";"1495";"Sex folia non ciffrata complectens, in-4 °";"Null";"Null"
"http://data.bnf.fr/ark:/12148/cb393046749";"Isidorus de Summo bono";"1495";"Parisiis";"J. Stephanum. - J. Petit";"1495";"96-[2] f.";"Null";"Null"
"http://data.bnf.fr/ark:/12148/cb39305848j";"Summa angelica de casibus conscientiae";"1495";"Venezia";"Giorgio Arrivabene";"1495";"Null";"Null";"Null"
"http://data.bnf.fr/ark:/12148/cb30907523n";"Sermones aurei de sanctis, fratris Leonardi de Utino";"1495";"Lugduni";"J. Trechsel";"1495";"In-4° . (Hain-Copinger, *16138.)";"Null";"Null"
"http://data.bnf.fr/ark:/12148/cb30908288n";"Auctores octo morales";"1495";"Lugduni";"Null";"1495";"In-fol. (Pellechet, 1434.)";"Null";"Null"
"http://data.bnf.fr/ark:/12148/cb393221698";"Donatus minor optime correctus. Partes ora tionis quot sunt octo. que. nomen. pronomen. verbum. ... [A la fin :] Explicit Donatus";"1495";"(Köln]";"[Heinrich Quentell]";"1495";"In-4 °, 14 ff. car. goth.";"Null";"Null"
"http://data.bnf.fr/ark:/12148/cb30918516t";"Quadragesimale novum editum et predicatum a quodam fratre minore de observantia [J. Meder] de filio prodigo";"1495";"Basel";"Michael Furter";"1495";"Ill.";"Null";"Null"
"http://data.bnf.fr/ark:/12148/cb30933293n";"Les Lunettes des princes, avec aucunes balades et addicions, nouvellement composées par ... Jehan Meschinot ...";"1495";"Paris";"Philippe  Pigouchet pour Simon Vostre";"1495";"108 ff., signés a-n8, o4, 32 ll.";"Null";"Null"
"http://data.bnf.fr/ark:/12148/cb309711497";"Traitié du saint sacrement, estat et fruit de mariage, et de la grande excellence, perfection, dignité, vertu et louenge d'icelluy... compilé par maistre Raoul de Montfiquet";"1495";"Paris";"Durant-Gerlier";"1495";"In-4° . (Copinger, 4358)";"Null";"Null"
"http://data.bnf.fr/ark:/12148/cb40081166k";"Per manier de passer tamps...";"1495";"Null";"Null";"1495";"[44] f.";"Null";"Null"
"http://data.bnf.fr/ark:/12148/cb310160810";"Preceptorium  de Lira...";"1495";"Paris";"Pierre Le Dru pour Antoine Baquelier";"1495";"In-8";"Null";"http://gallica.bnf.fr/ark:/12148/btv1b7300230f"
"http://data.bnf.fr/ark:/12148/cb31016079f";"Praeceptorium Nicolai de Lyra, sive Expositio in decalogum legis divinae, cum aliis opusculis";"1495";"Coloniae";"per Hermannum Bomgart de Ketwych";"1495";"In-8° . (Hain, *10404 ; Voullième, 835.)";"Null";"Null"
"http://data.bnf.fr/ark:/12148/cb31017216b";"Consolatorium timorate conscientie [Johannis Nyder]. - A la fin : Tantum de consolatione timorate conscientie dixisse sufficiat... Exaratum quippe est hoc opusculum Parisius per magistrum Petrum Le Dru, anno millesimo. CCCC.XCV, vicesimaquarta die aprilis. - Tabula... - Finit tabula Consolatorii timorate conscientie magistri Johannis Nyder";"1495";"(Parisiis";"apud Denis Roce, per P. Le Dru.)";"1495";"In-8° , sign. a-n, car. goth., marque de D. Roce au titre";"Null";"Null"
"http://data.bnf.fr/ark:/12148/cb310172150";"Consolatorium timorate conscientie [Johannis Nyder]. - A la fin : Tantum de consolatione timorate conscientie dixisse sufficiat... Exaratum quippe est hoc opusculum Parisius per magistrum Petrum Le Dru, anno millesimo. CCCC.XCV, vicesimaquarta die aprilis. - Tabula... - Finit tabula Consolatorii timorate conscientie magistri Johannis Nyder";"1495";"(Parisiis";"apud M. J. Moerart, per P. Le Dru,)";"1495";"In-8° , sign. a-n, car. goth., marque de Moerart au titre";"Null";"Null"
"http://data.bnf.fr/ark:/12148/cb310303139";"Compendium errorum [Johannis papae XXII]";"1495";"[Lyon";"Johann Trechsel";"1495";"12 ff. signés AA-BB6";"Null";"Null"
"http://data.bnf.fr/ark:/12148/cb31030320k";"Summaria seu epitomata CXXIIII capitulorum operis XC dierum M. Guilhelmi de Ockam diligenter collecta. - Littere... fratris Michaelis de Cezena... ad capitulum Minorum. - Lettere deprecatorie fratris Michaelis de Cezena... ad regem Romanorum";"1495";"Lyon";"Johann Trechsel";"1495";"152 ff. signés [✽]10, a-q8, r6, s8";"Null";"Null"
"http://data.bnf.fr/ark:/12148/cb31030323m";"Quaestiones et decisiones in IV libros Sententiarum cum Centilogio theologico.";"1495";"Lyon";"Johann Trechsel";"1495";"[454] ff. signés (1-3)8, a-z8, aa-hh8, A-H8, I6, K-P8, Q6, R-V8, X10, AA-BB8";"Null";"Null"
"http://data.bnf.fr/ark:/12148/cb310311715";"Expositio canonis Misse : Te igitur, clementissime pater, per Jesum... - A la fin : Sacri canonis Misse expositio a magistro Odone, cameracensi episcopo, edita, finit feliciter, utilis admodum viris ecclesiasticis, impressaque Parisius, in vico sancti Jacobi per magistrum Stephanum Jehannot, anno... millesimo quadringentesimo nonagesimo quinto, die vero XIIII mensis augusti";"1495";"Parisiis";"Null";"1495";"In-8°";"Null";"Null"
"http://data.bnf.fr/ark:/12148/cb31064572z";"Specchio di vera penitentia [compilato da Frate Jacopo Passavanti]. - A la fin : Impresso in Firenze a di. XII. di marzo M.CCCC.LXXXXV";"1495";"(Firenze";"Null";"1495";"In-4° , sign. a-t.";"Null";"Null"
"http://data.bnf.fr/ark:/12148/cb31074000x";"Pomerium sermonum de beata Virgine, vel Stellarium corone beate Virginis, per... fratrem Pelbartum de Themeswar, ordinis Minorum de observantia, diligentissime complexum... - À la fin : ... Impressum Lugduni per honestum virum Joannem Cleyn, impressorie artis magistrum...";"1495";"Lyon";"Null";"1495";"In-4° , sign. A-r, plus un cahier préliminaire contenant la table, car. goth., à 2 col. (Hain-Copinger, 12564.)";"Null";"Null"
"http://data.bnf.fr/ark:/12148/cb31096123r";"Theorice nove planetarum Georgii Purbachii";"1495";"Venezia";"Simone Bevilacqua";"1495";"Null";"Null";"Null"
"http://data.bnf.fr/ark:/12148/cb31102188p";"Opera, graece... [T. II.]";"1495";"Venetiis";"Null";"1495";"In-fol.";"Null";"Null"
"http://data.bnf.fr/ark:/12148/cb31107239z";"Enee Silvii Epistole familiares";"1495";"(Norimbergae";"Null";"1495";"In-fol. (Pellechet, 89.)";"Null";"Null"
"http://data.bnf.fr/ark:/12148/cb31108947r";"Petri de Bergamo Tabula omnium operum sancti Thome Aquinatis";"1495";"Basilee";"Null";"1495";"In-4° . (Pellechet, 2075.)";"Null";"Null"
"http://data.bnf.fr/ark:/12148/cb31122463k";"Plautinae viginti comoediae, olim magna ex parte emendatae per Georgium Merulam, nunc recognitae per Eusebium Scutarium";"1495";"Venezia";"[Matteo Capcasa]";"1495";"[250] f.";"Null";"Null"
"http://data.bnf.fr/ark:/12148/cb40782024t";"[Liber cronicarum]";"1495";"Nurembergae";"Anthonius koberger...impressit";"1495";"Null";"Null";"Null"
"http://data.bnf.fr/ark:/12148/cb31123627h";"Hermolai Barbari Castigationes Plinianae. Idem emendatio in Melam Pomponium";"1495";"Cremonae";"Null";"1495";"In-fol. (Pellechet, 1825.)";"Null";"Null"
"http://data.bnf.fr/ark:/12148/cb311375351";"Aristotelis Opera, graece... [Vol. I.]";"1495";"Venetiis";"Null";"1495";"In-fol. (Pellechet, 1175.)";"Null";"Null"
"http://data.bnf.fr/ark:/12148/cb31162289j";"L'Oreloge de dévocion, composé en françoys par maistre Jehan Quentin,...";"1495";"[Paris]";"Étienne Jehannot";"1495";"signé A6, a-c8, d-i6/8, k8, l6, m8";"Null";"Null"
"http://data.bnf.fr/ark:/12148/cb31192948h";"Auctores octo...";"1495";"Lugduni";"Null";"1495";"In-fol. (Pellechet, 1434.)";"Null";"Null"
"http://data.bnf.fr/ark:/12148/cb312378680";"Fasciculus temporum, auctore W. Rolevinck. - Fol. 1, titre : Fasciculus temporum omnes antiquorum hystorias complectens. - Fol. 2, sign. a⁽2 : Tabula brevis et utilis super libro isto, qui dicitur Fasciculus temporum... - Fol. A⁽2, ch. IIv : Fasciculus temporum, omnes antiquorum cronicas complectens, incipit feliciter... - A la fin, fol. M⁽5, ch. LXXXVII : Isto eodem tempore fuit frater Johannes Burgois, ordinis sancti Francisci honeste vite, qui sua conversatione multos instruxit reformandoque plurima monasteria, sepultus Lugduni in monasterio novo quod fundatum est suis precibus, nuncupatum Nostre Dame des Anges";"1495";"[Lyon";"Matthias Huss";"1495";"6 ff. non chiffrés signés a pour le titre et la table + 87-[1] ff. chiffrés signés A-M";"Null";"Null"
"http://data.bnf.fr/ark:/12148/cb31237874x";"Les Fleurs et manières des temps passés et des faitz merveilleux de Dieu tant en l'Ancien Testament comme ou Nouveau et des premiers seigneurs, princes et gouverneurs temporelz en cestuy monde, de leurs gestez et definement jusques au présent [par W. Rolevinck]. Cy commence à l'onneur de Dieu";"1495";"Genève";"impr. par L. M. Cruse";"1495";"In-fol., 94 ff. n. ch., sign. a-m, fig., marque de L. M. Cruse au verso du titre. (Hain, 6944.)";"Null";"http://gallica.bnf.fr/ark:/12148/btv1b73000723"
"http://data.bnf.fr/ark:/12148/cb31237876m";"Fasciculus temporum de W. Rolewinck en français. - Fol. 1. Titre : Fasciculus temporum en francois [sic], c'est le Fardelet hystorial, contenant en brief quasi toutes les hystoires tant de l'Ancien Testament que du Nouveau et générallement tous les merveilleux faictz dignes de mémoire qui ont esté depuys la création du monde jusques à cestuy an MCCCCLXXXXV. - Fol. 1vo : Figure. - Fol. M2vo : ... Ce présent livre a esté translaté de latin en francoys [sic] par vénérable et discrète personne maistre Pierre Farget,... - Fol. M3 : Cy en après s'ensuyt une table briefve et utile... - Fol. M7vo, 2e col. : Cy finit la table de ce présent livre appellé le Fascicule ou aultrement le Fardelet hystorial. Imprimé à Genève l'an mil CCCCXCV...";"1495";"Genève";"Null";"1495";"In-fol., sign. A-M, car. goth., lettrines, fig.";"Null";"http://gallica.bnf.fr/ark:/12148/btv1b7300066c"
"http://data.bnf.fr/ark:/12148/cb31237897k";"De Valore missarum [auctore W. Rolewinck]";"1495";"Paris";"Guy Marchant";"1495";"signé A-E";"Null";"Null"
"http://data.bnf.fr/ark:/12148/cb420581527";"[Le violent] : [estampe]";"1495";"[S.l.]";"[s.n.]";"1495";"1 est. : burin ; 11,4 x 10,2 cm (tr. c.)";"http://data.bnf.fr/ark:/12148/cb119325308";"http://gallica.bnf.fr/ark:/12148/btv1b6951293w"
"http://data.bnf.fr/ark:/12148/cb312945649";"Compendiosum opus super titulo de rescriptis et nonnullis, aliis collectum Pisis, Felino Sandeo dictante...";"1495";"Papiae";"Null";"1495";"In-fol. (Hain, *14304.)";"Null";"Null"
"http://data.bnf.fr/ark:/12148/cb31294563z";"[Commentaria super titulis de probationibus, de testibus, de testibus cogendis, de praesumptionibus, autore Felino Sandeo.]";"1495";"Papiae";"Null";"1495";"In-fol. (Hain, 14311.)";"Null";"Null"
"http://data.bnf.fr/ark:/12148/cb31306353w";"Compendio di revelatione dello inutile servo di Jesu Christo frate Hieronymo da Ferrara...";"1495";"Firenze";"F. Bonaccorsi";"1495";"In-4° , grav. sur cuivre";"Null";"Null"
"http://data.bnf.fr/ark:/12148/cb313063547";"Compendium revelationum inutilis servi Jesu Christi fratris Hieronymi de Ferraria";"1495";"Firenze";"Francesco Bonaccorsi";"1495";"Null";"Null";"Null"
"http://data.bnf.fr/ark:/12148/cb313065167";"Tractato di Frate Hieronymo de Ferraria,... in defensione et commendatione della oratione mentale";"1495";"Firenze";"A. Miscomini";"1495";"In-4° . (Hain-Cop., 14404.)";"Null";"Null"
"http://data.bnf.fr/ark:/12148/cb31306517k";"Operetta di Frate Girolamo da Ferrara della oratione mentale";"1495";"(Firenze";"B. de Libri";"1495";"In-4° , grav. sur bois. (Cop.-Reichl., 5291 ; Kristeller, 383a.)";"Null";"Null"
"http://data.bnf.fr/ark:/12148/cb313065047";"Tractato del sacramento et de mysterii della messa et Regola utile composta da Frate Girolamo da Ferrara";"1495";"[Firenze";"Bartolomeo de' Libri";"1495";"Null";"Null";"Null"
"http://data.bnf.fr/ark:/12148/cb31306505k";"Tractato del sacramento et de mysterii della messa et Regola utile composta da Frate Hieronymo da Ferrara";"1495";"[Firenze";"Bartolomeo de' Libri";"1495";"Null";"Null";"Null"
"http://data.bnf.fr/ark:/12148/cb31306430h";"Operetta molto divota composta da Frate Hieronymo da Ferrara... sopra e dieci comandamenti di Dio...";"1495";"Firenze";"[Bartolomeo di Libri]";"1495";"grav. sur bois";"Null";"Null"
"http://data.bnf.fr/ark:/12148/cb31339144q";"Expositio super auctorem sphaerae cum quaestionibus";"1495";"Bologne";"Null";"1495";"In-4° . (Hain, 14555.)";"Null";"Null"
"http://data.bnf.fr/ark:/12148/cb42467365s";"[Défet] Polycronicon.";"1495";"Westminster";"Wynkyn de Worde pour Roger Thorney";"1495";"fragment: f. t1 seul";"Null";"Null"
"http://data.bnf.fr/ark:/12148/cb425362963";"Repertorio de los tiempos";"1495";"Zaragoza";"Paul Hurus";"1495";"Null";"Null";"Null"
"http://data.bnf.fr/ark:/12148/cb31433782n";"Antibalbica, vel, si mavis, Recriminatio Tardiviana. - (Fol. a II :) Guillermi Tardivi aniciensis,... in Balbum imo Accelinum defensio. - (Fol. f IV v° :) Balbo... fugienti, Publius Faustus Andrelinus,... - (Fol. f V v° :) Geraudus de Monteaureo,... Johanni de Tritenhem,... - (À la fin :) Recognitum est hoc opus per eruditissimum virum Petrum Botilerium, impressumque summa cum diligentia characteribus parisiacis, impensis Antonii Cayllaut, anno a natali Christi millesimo CCCC nonagesimo quinto, die XXI julii";"1495";"Paris";"Antoine Caillaut. - 21 VII 1495";"1495";"signé a-f";"Null";"Null"
"http://data.bnf.fr/ark:/12148/cb31451749r";"Egloga Theoduli [cum incerti auctoris notabili commento]";"1495";"Köln";"Heinrich Quentell";"1495";"Null";"Null";"Null"
"http://data.bnf.fr/ark:/12148/cb31461670h";"[Summa theologie, edita a sancto Thoma de Aquino.]";"1495";"In urbe Venetiarum";"expensis O. Scoti, per B. Locatellum";"1495";"In-fol. (Hain, *1435 ; Pellechet, 1034 ; Polain, 3743.)";"Null";"Null"
"http://data.bnf.fr/ark:/12148/cb31461779w";"Questiones juxta doctrinam... sancti Thome de Aquino circa confessionem seu sacramentum penitentie";"1495";"[Roma";"Stephan Planck";"1495";"Null";"Null";"Null"
"http://data.bnf.fr/ark:/12148/cb31461979f";"Divi Thome de Aquino,... Commentaria in omnes Epistolas beati Pauli apostoli... [Correcta emendataque... per... fratrem Petrum de Bergamo. Cum tabula facta a quodam fratre conventus Basiliensis.]";"1495";"Basilee";"caracteribus M. Furter impressa, impensis V. Lachner";"1495";"In-fol. (Hain-Copinger, *1339 ; Pellechet, 942 ; Polain, 3695.)";"Null";"Null"
"http://data.bnf.fr/ark:/12148/cb31462159v";"Boetius. De Consolatione philosophie, cum commento Angelici doctoris Thome de Aquino";"1495";"Nurnberge";"A. Koberger";"1495";"In-4° . (Hain-Copinger, *3388 ; Pellechet, 2536 ; Gesamtkatalog der Wiegendrucke, IV, 4559 ; Polain, 739.)";"Null";"Null"
"http://data.bnf.fr/ark:/12148/cb31461904j";"Quodlibet sancti Thome, noviter impressum, MCCCCXCV";"1495";"Venetiis";"per J. et G. de Gregoriis fratres";"1495";"In-fol. (Hain, *1408 ; Pellechet, 1011 ; Polain, 3721.)";"Null";"Null"
"http://data.bnf.fr/ark:/12148/cb314745182";"[Titi Livii Historiae romanae decades I, III-IV, recognitae ab Alexandro Minutiano, cum Johannis Andreae Epistola et L. Flori Epitome decadum XIV.]";"1495";"Mediolani";"impressit U. Sinzenzeler, impensis A. Minutiani";"1495";"In-fol., marque typogr. à la fin. (Hain-Copinger, 10140 ; Br. Mus., Books pr. XVth c., t. VI, p. 769.)";"Null";"Null"
"http://data.bnf.fr/ark:/12148/cb31474514p";"[Titi Livii Historiae romanae decades I, III-IV, cum Johannis Andreae Epistola et L. Flori Epitome decadum XIV. Praemittuntur M. A. Sabellici epistola et annotationes.]";"1495";"Venetiis";"per P. Pincium";"1495";"In-fol., encadr. gr. au début de chaque décade, initiales ornées et fig. gr. sur bois, marque typogr. de L. A. Giunta en rouge à la fin. (Hain-Copinger, *10141 ; Prince d'Essling, I, n  34 ; Sander, II, n  3998 ; Br. Mus., Books pr. XVth c., t. V, p. 496.)";"Null";"Null"
"http://data.bnf.fr/ark:/12148/cb314973922";"De Vanitate et miseria humane vite liber... Johannis Tritemii,...";"1495";"In civitate Moguntina";"per P. Friedbergensem";"1495";"In-4° . (Hain, *15635.)";"Null";"Null"
"http://data.bnf.fr/ark:/12148/cb31497366h";"De Proprietate monachorum tractatus perquam utilis... Johannis Tritemii,...";"1495";"In civitate Moguntina";"per P. Freidbergensem";"1495";"In-4° . (Hain, *15619 ; Br. Mus., Books pr. XVth c., t. I, p. 47.)";"Null";"Null"
"http://data.bnf.fr/ark:/12148/cb315005927";"Summa rosella [edita per fratrem Baptistam Trovamalam]";"1495";"Venetiis";"cura et studio G. Arrivabeni";"1495";"In-8°";"Null";"Null"
"http://data.bnf.fr/ark:/12148/cb31500591w";"Summa rosella [edita per fratrem Baptistam Trovamalam]";"1495";"Venetiis";"cura et studio G. Arrivabeni";"1495";"In-8° . (Hain, 14178 ; Br. Mus., Books pr. XVth c., t. V, p. 385 ; G. W., 3325.)";"Null";"Null"
"http://data.bnf.fr/ark:/12148/cb31520349z";"La Crónica de Hyspaña [abreviada... por mossén Diego de Valera]";"1495";"Salamanca";"Null";"1495";"In-fol. (Hain, † 15772 ; Haebler, 660.)";"Null";"Null"
"http://data.bnf.fr/ark:/12148/cb315223781";"Orthographia...";"1495";"Venezia";"Giovanni Tacuino";"1495";"Null";"Null";"Null"
"http://data.bnf.fr/ark:/12148/cb315224549";"Laurentius Valla in Elegantiis nuper emendatus et revisus cum tabula per quam diligenter atque bene ordinata";"1495";"Parrhisiis";"per U. Gering et B. Renbolt";"1495";"In-4° . (Hain, 15819 ; Polain, 3905.)";"Null";"Null"
"http://data.bnf.fr/ark:/12148/cb43539049w";"Epilogo en medicina";"1495";"Burgos";"Juan de Burgos";"1495";"Null";"Null";"Null"
"http://data.bnf.fr/ark:/12148/cb31553050p";"Vergilius cum commentariis quinque videlicet Servii, Landini, Ant. Mancinelli, Donati, Domitii Calderini";"1495";"Venetiis";"Null";"1495";"In-fol. (Copinger, 6076.)";"Null";"Null"
"http://data.bnf.fr/ark:/12148/cb31591374v";"Vergilius, cum commentariis quinque, videlicet Servii, Landini, Ant. Mancinelli, Donati, Domitii";"1495";"Venetiis";"per B. de Zanis de Portesio";"1495";"In-fol. (Copinger, 6076 et *83 ; Mambelli, 80 ; Goff, p. 623, V-191.)";"Null";"Null"
"http://data.bnf.fr/ark:/12148/cb44523784t";"[Cartes d'un jeu à enseignes suisses] : [jeu de cartes, estampe]";"1495";"[Bâle]";"[s.n.]";"1495";"6 cartes à jouer : gravure sur bois coloriée au pochoir ; 10 x 5,2 cm";"Null";"http://gallica.bnf.fr/ark:/12148/btv1b10536964q"
"http://data.bnf.fr/ark:/12148/cb316561140";"Stilpho Jacobi Vympfelingii,...";"1495";"(Spirae";"C. Hist,)";"1495";"In-4° , signé a⁽6, b⁽4, car. goth. (Hain, Copinger, 16183 ; Pellechet, 11829 ; Br. Mus., Books pr. XVthc., t. II, p. 506 ; Goff, p. 634, W-48 ; IGI, 10398.)";"Null";"Null"
"http://data.bnf.fr/ark:/12148/cb316560706";"Ad illustrissimum principem Eberardum Wyrtenbergensem Theccensemque ducem Carmen heroicum hecatostichon";"1495";"[Argentinae]";"J. Prüss";"1495";"Signé a⁽4, b⁽6";"Null";"http://gallica.bnf.fr/ark:/12148/bpt6k721098"
"http://data.bnf.fr/ark:/12148/cb31674007c";"Libre de les dones";"1495";"Barcelona";"J. Rosenbach";"1495";"In-fol. (Hain, 16235 ; Pellechet, 11849 ; Goff, X-7 ; Haebler, Bibliografia iberica, 706 ; Vindel Angulo, I, 169-171 ; Bruner y Prieto, 106.)";"Null";"Null"
"http://data.bnf.fr/ark:/12148/cb316811252";"Cayda de los príncipes [De Casibus virorum illustrium. Traducido del latín al castellano por Pedro López de Ayala y Alfonso García]";"1495";"Sevilla";"Null";"1495";"In-4° . (Hain, 3339 ; Pellechet, 2481 ; Gesamtkatalog der Wiegendrucke, IV, 4436 ; Vindel, El Arte tipográfico en España durante el siglo XV (1949), V, p. 219-228.)";"Null";"Null"
"http://data.bnf.fr/ark:/12148/cb31710029n";"Le Blason de faulses amours. - (Titre de départ sur le fol. 2 :) Icy commence le Blason de faulses // amours, compilé par frère Guil//laume Alexis, prieur de Buzy. - (A la fin :) Ci fine le Blason de faulses a//mours, imprimé à Rouen";"1495";"Rouen";"[Baptiste Bourguet. - circa 1495 ?]";"1495";"16 ff., sign. a-b8 ; 28 ll.";"Null";"Null"
"http://data.bnf.fr/ark:/12148/cb31720996g";"Sermones quattuor novissimorum perutiles et necessarii...";"1495";"Paris";"Null";"1495";"Null";"Null";"Null"
"http://data.bnf.fr/ark:/12148/cb317541887";"[Epigrammata Hieronymi Balbi.]";"1495";"(Paris, G. Marchant";"Null";"1495";"Null";"Null";"Null"
"http://data.bnf.fr/ark:/12148/cb318312636";"[Anicii Manlii Severini Boethii... De philosophiae consolatione... Commentaria beati Thomae de Aquino.]";"1495";"Nurnbergiae, A. Kobergers industria";"Null";"1495";"Null";"Null";"Null"
"http://data.bnf.fr/ark:/12148/cb318386917";"Sermones quattuor novissimo//rum perutiles et necessarii, inducen//tes unumquemque in devotionis ardorem et // Dei timorem, cum decem sermonibus // de morte editis a beato Bonaventura//, incipiunt feliciter. Venales reperiuntur in vico Mathu//rinorum a l'Estrille Faulx Veau. - 'A la fin de la première partie' : Impressus Parisius pro Durando Gerleri com//morante a l'Estrille Faulx Veau. - 'Au titre de la seconde partie' : Sermones sancti Bonaven//ture de morte. - 'Au dernier fol.' P. Faustus Andrelicus forolivien//sis poeta laureatus ad candidos//lectores. - 'A la fin' : Beati Bonaventure sermones de morte // finiunt, Parisius impressi anno Domini // M CCCC nonagesimo quinto";"1495";"Paris";"Null";"1495";"Null";"Null";"Null"
"http://data.bnf.fr/ark:/12148/cb31883465z";"Biblia integra";"1495";"Null";"Null";"Null";"[508] f.";"Null";"Null"
"http://data.bnf.fr/ark:/12148/cb32443781n";"Epigrammata...";"1495";"(Venetiis";"Null";"1495";"Null";"Null";"Null"
"http://data.bnf.fr/ark:/12148/cb33242948x";"Au haut du fol. a II : Iste sunt auctoritates sanc-torum doctorum de adventu Cristi ad judicium, cum horribili preambulo et malicia illius pessimi hominis Anticripsti [sic]";"1495";"[S.l.]";"[s.n.]";"1495";"22 f. à deux colonnes";"Null";"http://gallica.bnf.fr/ark:/12148/bpt6k1112268"
"http://data.bnf.fr/ark:/12148/cb33346283n";"Dialogus inter Salomanem regem et Marcolfum";"1495";"(Daventiae";"Null";"1495";"In-4°";"Null";"Null"
"http://data.bnf.fr/ark:/12148/cb333700253";"Epilogo en medicina y en cirurgia conveniente a la salud. (A la fin du vol. :) Fue acabada la p̄sente obra por maestro Arnaud Guillē de brocar en Pōplona... año 1495";"1495";"Pamplona";"Arnao Guillén de Brocar";"1495";"Null";"Null";"Null"
"http://data.bnf.fr/ark:/12148/cb33426494m";"Thomas a Kempis. Imitatio Christi";"1495";"Null";"Null";"1495";"[96] f. (sig. a-m8)";"Null";"Null"
"http://data.bnf.fr/ark:/12148/cb33428253z";"Iohanni Gerson vulgare";"1495";"Null";"Null";"1495";"[86] f. (sig. [*]4, a-i8, k10)";"Null";"Null"
"http://data.bnf.fr/ark:/12148/cb33437711c";"(Fol. 1ro :) Interrogationes et doctrine quibus quilibet // sacerdos debet interrogare suum confitentem. //";"1495";"[Roma";"Eucharius Silber";"1495";"[10] ff.";"Null";"Null"
"http://data.bnf.fr/ark:/12148/cb33521035z";"Ordenung der [...] (Règlements de la Chambre de la maj. roy. rom. avec tous ses points et articles comme cela a été réglé, dressé et décrété à l'assemblée de la diète du St. Empire à Worms en l'an M.CCCC.CV. par notre très-gracieux Seigneur, Maximilien Roi rom. Les Electeurs, Princes et l'assemblée commune du St. Empire.)";"1495";"(A la fin :) [...]";"[...]";"1495";"Vol. in-f°";"Null";"Null"
"http://data.bnf.fr/ark:/12148/cb33715544d";"Arrest provisional (du parlement) par lequel est déclaré le droict de peage que les doyen et chappitre de Sainct Lau les Angers prendront par maniere de provision en leur prevosté de Ruzebourg, sur la... Loire, sur les marchandises cy apres declarees, et ce jusques autrement en soit ordonné...";"1495";"(S. l.)";"Null";"1495";"In-8°, 4 p.";"Null";"Null"
"http://data.bnf.fr/ark:/12148/cb33715545r";"Arrest provisional (du parlement) par lequel est déclaré le droict de peage que les doyen et chappitre de Sainct Lau les Angers prendront par maniere de provision en leur prevosté de Ruzebourg, sur la... Loire, sur les marchandises cy apres declarees, et ce jusques autrement en soit ordonné...";"1495";"(S. l.)";"Null";"1495";"In-8°, 4 p.";"Null";"Null"
"http://data.bnf.fr/ark:/12148/cb33753612d";"Ordnung der Rom. Ko. Ma Cammergericht, wie das dann auf der Versammlung der Reichstag zu worms durch Maximilian Rom. Ko. beschlossen ist";"1495";"Mayence";"P. Schaeffer";"1495";"4°";"Null";"Null"
"http://data.bnf.fr/ark:/12148/cb337774603";"Statuta sinodalia ad usum Bisuntinensem. - (A la fin :) Sinodalia Bisuntinensis ecclesie statuta, Parisius impressa, anno Domini millesimo quadringentesimo nonagesimo quinto, die vero mensis augusti vicesima sexta, finiunt feliciter";"1495";"Paris";"Null";"1495";"In-4°, Cahiers signés a-f. Caractères gothiques";"Null";"Null"
"http://data.bnf.fr/ark:/12148/cb337790478";"Statuta facta per// Rener endissimū in xp̄o patrez et// dominū. dūm Henricum de ber//gis. Ep̄ur Cameracēn. In syno// do per ipsum in ecclesia Cameracēn. Celibrata// Kal. Octobris. Anno Dūi. M° CCCC°. XCV°";"1495";"(S. l. n. d.)";"Null";"1495";"In-4° pièce";"Null";"Null"
"http://data.bnf.fr/ark:/12148/cb35284813k";"Opusculum aureum animae peccatricis";"1495";"[Paris]";"Antoine Caillaut";"1495";"[22] f., sign. a-b⁸, c⁶, car. goth., initiales réservées, marque n ° 3 d'Antoine Caillaut au titre";"Null";"Null"
"http://data.bnf.fr/ark:/12148/cb35614788f";"Dissertissimi juris... domini Bartholomei veronensis Cepolle... cautele...";"1495";"Null";"Null";"Null";"LVI f.";"Null";"Null"
"http://data.bnf.fr/ark:/12148/cb35771943q";"La Voie de paradis";"1495";"[Paris";"Null";"1495";"[1-1 bl.-8-2 bl.] p.";"Null";"Null"
"http://data.bnf.fr/ark:/12148/cb359512175";"Psalterium cum hymnis variorum usuum";"1495";"Null";"Null";"Null";"[168] f.";"Null";"Null"
"http://data.bnf.fr/ark:/12148/cb35951216t";"Psalmus David";"1495";"Null";"Null";"Null";"[452] f.";"Null";"Null"
"http://data.bnf.fr/ark:/12148/cb36047195h";"Triumpho de María";"1495";"Caragoça";"[s.n.]";"1495";"Sign. A-I";"Null";"Null"
"http://data.bnf.fr/ark:/12148/cb363780630";"Lappointement de Romme ; avec les lettres du roy, envoyees à monseigneur de Bourbon (17 janvier 1496)";"1495";"[Paris";"Pierre Le Caron";"1495";"6 ff. signés a6";"Null";"Null"
"http://data.bnf.fr/ark:/12148/cb36574523h";"Flores Astrologie...";"1495";"Augsburg";"Erhard Ratdolt";"1495";"Null";"Null";"Null"
