id;title;date;place;publisher;firstyear;description;subject;gallica
"http://data.bnf.fr/ark:/12148/cb30007694w";"Commentarius Alberti de Saxonia in Posteriora Aristotelis (editus a Jacobo Baptista Aloisiano Ravennate)";"1497";"(Venetiis,)";"expensis O. Scoti, per B. Locatellum";"1497";"In-fol. (Pellechet, 389.)";"Null";"Null"
"http://data.bnf.fr/ark:/12148/cb30009438b";"Alexandri Anglici Destructorium vitiorum";"1497";"Paris";"Pierre Levet pour lui-même et pour Johannes Confluentinus et Michel Morin";"1497";"Null";"Null";"Null"
"http://data.bnf.fr/ark:/12148/cb300099032";"Textus Alexandri";"1497";"[Paris";"Pierre Le Dru pour] Denys Roce";"1497";"Null";"Null";"Null"
"http://data.bnf.fr/ark:/12148/cb300208469";"Summa angelica de casibus conscientiae, compilata per fratrem Angelum de Clavasio, cum praefatione Hieronymi Tornieli";"1497";"Lugduni";"Null";"1497";"In-4° . (Copinger, 1666.)";"Null";"Null"
"http://data.bnf.fr/ark:/12148/cb300195213";"Casus in quibus judex secularis potest manus in personas clericorum sine metu excommunicationis imponere";"1497";"Paris";"Antoine Denidel";"1497";"Null";"Null";"Null"
"http://data.bnf.fr/ark:/12148/cb30022167t";"Opuscula beati Anselmi";"1497";"[Basel";"Johannes Amerbach";"1497";"Null";"Null";"Null"
"http://data.bnf.fr/ark:/12148/cb30027884j";"Le Gouvernement des princes. Le Trésor de noblesse. Les Fleurs de Valère le Grand";"1497";"Paris";"pour Antoine Vérard";"1497";"80 ff. foliotés et signés, le dernier blanc";"Null";"http://gallica.bnf.fr/ark:/12148/btv1b86266320"
"http://data.bnf.fr/ark:/12148/cb30029372n";"Regimen sanitatis Salerni (cum expositione Arnoldi de Nova Villa)";"1497";"Parisii";"impr. per M. Le Noir";"1497";"In-4° . (Pellechet, 1298.)";"Null";"Null"
"http://data.bnf.fr/ark:/12148/cb30039183z";"Divi Aurelii Augustini Psalmorum explanatio";"1497";"Basileae";"per J. de Amerbach";"1497";"3 parties en 1 vol. in-fol. (Pellechet, 1487.)";"Null";"Null"
"http://data.bnf.fr/ark:/12148/cb300391969";"Calendarium, regula, constitutiones et ordinarium Canonicorum regularium Congregationis Sancti Salvatoris, Ordinis sancti Augustini";"1497";"Bologna";"Benedetto Faelli";"1497";"4 parties";"Null";"Null"
"http://data.bnf.fr/ark:/12148/cb30038727w";"Lumen apothecariorum, auctore Quirico de Augustis";"1497";"Venezia";"Ottino di Luna";"1497";"Null";"Null";"Null"
"http://data.bnf.fr/ark:/12148/cb300417518";"Quaestio Averrois in librum Priorum, traducta per Heliam Hebraeum";"1497";"(Venetiis";"in domo Aldi";"1497";"In-4° . (Hain, 2191.)";"Null";"Null"
"http://data.bnf.fr/ark:/12148/cb30041718f";"Liber Theicrisi dahalmodana vahaltadabir, editus in arabico ab Abumeron Avenzohar, translatus de hebraico in latinum a magistro Paravicio, ipso sibi vulgarizante magistro Jacobo hebreo, cum Colliget Averrois. Edidit Hieronymus Surianus";"1497";"Venetiis";"per O. de Luna";"1497";"In-fol. (Pellechet, 1654.)";"Null";"Null"
"http://data.bnf.fr/ark:/12148/cb300455285";"Super quattuor libros Sententiarum questiones. Quedam Conferentie. De Imputabilitate peccati questio longa. Determinationes quarumdam aliarum questionum. Tabule duplices omnium predictorum";"1497";"Lugduni";"Null";"1497";"In-fol. (Hain, *8763.)";"Null";"Null"
"http://data.bnf.fr/ark:/12148/cb30089882k";"Colloquium peccatoris et crucifixi Jesu Christi";"1497";"Parisiis";"impressus a Guidone Mercatore";"1497";"In-8° . (Copinger, 1689.)";"Null";"Null"
"http://data.bnf.fr/ark:/12148/cb300928227";"Opusculum eruditum quo continentur declamatio philosophi, medici, oratoris, de excellentia disceptantium, et libellus de optimo statu et principe";"1497";"Bononiae";"per B. Hectoris";"1497";"In-4° . (Pellechet, 2218.)";"Null";"Null"
"http://data.bnf.fr/ark:/12148/cb301169193";"Invectiva di messer Giovanni Boccacio contra una malvagia donna, decto Laberinto d'amore e altrimenti il Corbaccio";"1497";"[Firenze";"Bartolomeo de' Libri";"1497";"Null";"Null";"Null"
"http://data.bnf.fr/ark:/12148/cb30118288g";"Boetii de consolatione philosophiae, cum commento sancti Thome";"1497";"Coloniae";"Henricus Quentell";"1497";"In-4° . (Pellechet, 2537.)";"Null";"Null"
"http://data.bnf.fr/ark:/12148/cb30118289t";"Boetii de consolatione philosophiae, cum commento sancti Thome";"1497";"Daventriae";"Jacobus de Breda";"1497";"In-4° . (Pellechet, 2538.)";"Null";"Null"
"http://data.bnf.fr/ark:/12148/cb30116908f";"Genealogiae Joannis Boccatii. Ejusdem de montibus et silvis, de fontibus, lacubus et fluminibus ac etiam de stagnis et paludibus";"1497";"Venetiis";"per Manfredum de Strevo";"1497";"In-fol. (Pellechet, 2470.)";"Null";"Null"
"http://data.bnf.fr/ark:/12148/cb301237803";"De Preparatione evangelica opus per Georgium Trapezuntum e graeco in latinum versum";"1497";"Venetiis";"Null";"1497";"In-fol. (Hain-Copinger *6706.)";"Null";"Null"
"http://data.bnf.fr/ark:/12148/cb301252492";"Opuscula et tractatus plurimi sancti Bonaventurae";"1497";"Brixiae";"per B. Misintam, sumptibus A. Britannici";"1497";"In-4° . (Hain-Copinger, 3466.)";"Null";"Null"
"http://data.bnf.fr/ark:/12148/cb30125426z";"Vita Christi, edita a sancto Bonaventura, seu Meditationes vitae Domini nostri Jesu Christi";"1497";"[Paris]";"Étienne Jehannot ou Pierre Le Dru pour] Jean Petit";"1497";"Signé a-m";"Null";"Null"
"http://data.bnf.fr/ark:/12148/cb301303647";"Ovidio Metamorphoseos vulgare";"1497";"Venetia";"Z. Rosso";"1497";"150 p.";"Null";"http://gallica.bnf.fr/ark:/12148/bpt6k71497z"
"http://data.bnf.fr/ark:/12148/cb30136493j";"Casus longi super quinque libros Decretalium, a domino Bernardo (Bottoni), earumdem precipuo glossatore, utiliter compilati";"1497";"Lugduni";"per C. Giboleti";"1497";"In-fol. (Pellechet, 2198.)";"Null";"Null"
"http://data.bnf.fr/ark:/12148/cb30155490p";"La Nef des folz du monde";"1497";"Paris";"[André Bocard] pour « Jehan Philippes Manstener » [= Johannes Philippi et Mang Steiner] et Geoffroy de Marnef";"1497";"128 ff. signés";"Null";"http://gallica.bnf.fr/ark:/12148/bpt6k858835f"
"http://data.bnf.fr/ark:/12148/cb301554822";"Stultifera navis, auctore Sebastiano Brant [trad. Jakob Locher]";"1497";"Basel";"Johann Bergmann";"1497";"Null";"Null";"Null"
"http://data.bnf.fr/ark:/12148/cb30155483d";"Stultifera navis, auctore Sebastiano Brant [trad. Jakob Locher]";"1497";"Basel";"Johann Bergmann";"1497";"Null";"Null";"Null"
"http://data.bnf.fr/ark:/12148/cb30163144d";"Satyrarum opus cum Joannis Britannici et Bertholomaei Fontii commentariis et Persii vitis, recognitum et castigatum a Bartholomaeo Merula";"1497";"Venezia";"Antonio da Gussago pour Ottaviano Scoto";"1497";"50 f.";"Null";"http://gallica.bnf.fr/ark:/12148/bpt6k54212453"
"http://data.bnf.fr/ark:/12148/cb301707885";"Chirurgia Hieronymi Brunschwig";"1497";"Strassburg";"J. Grüninger";"1497";"In-fol., (Hain, *4018.)";"Null";"Null"
"http://data.bnf.fr/ark:/12148/cb30170465p";"Psalterium beati Brunonis, episcopi Herbipolensis";"1497";"[Nürnberg]";"Anton Koberger";"1497";"Null";"Null";"Null"
"http://data.bnf.fr/ark:/12148/cb30176391d";"Fabulae Aesopi selectae";"1497";"Reggio Emilia";"Dionisio Bertocchi";"1497";"[76] p.";"Null";"http://gallica.bnf.fr/ark:/12148/bpt6k703874"
"http://data.bnf.fr/ark:/12148/cb30176388h";"Lexicon graeco-latinum...";"1497";"Regii";"Null";"1497";"In-4° . (Hain-Copinger, 5817.)";"Null";"Null"
"http://data.bnf.fr/ark:/12148/cb301763933";"Lexicon graeco-latinum...";"1497";"Regii";"Null";"1497";"In-4°";"Null";"Null"
"http://data.bnf.fr/ark:/12148/cb30178419f";"Preclarissimi viri Gualterii Burlei, Anglici, sacre pagine professoris excellentissimi, super artem veterem Porphyrii et Aristotelis expositio sive scriptum feliciter incipit. - A la fin : Explicit scriptum preclarissimi viri Gualterii Burlei, Anglici, sacre pagine professoris eximii, in Artem veterem Porphyrii et Aristotelis. Venetiis impressum per Ottinum Papiensem. Anno salutis MCCCCXCVII, V idus maii, regnante inclyto principe Augustino Barbadico";"1497";"Venetiis";"Null";"1497";"In-fol., 81 ff. non ch., sig. a-o, car. goth., 2 col.";"Null";"Null"
"http://data.bnf.fr/ark:/12148/cb30179452h";"Musarum nympharumque ac summorum deorum epitomata, auctore Nicolao Burtio";"1497";"Bologna";"Vincenzo de' Benedetti et frères [= Girolamo et Giovanni Antonio de' Benedetti";"1497";"24 ff. signés a-c8";"Null";"Null"
"http://data.bnf.fr/ark:/12148/cb30179567t";"Quatuor Evangelia hexametris versibus";"1497";"(Deventer";"circa";"1497";"In-4° . (Campbell, 1058.)";"Null";"Null"
"http://data.bnf.fr/ark:/12148/cb30180342z";"Defensorium Montis pietatis contra figmenta omnia emule falsitatis";"1497";"[Mediolani]";"[apud U. Scinzenzeler]";"1497";"In-4";"Null";"Null"
"http://data.bnf.fr/ark:/12148/cb301860568";"Heroides, cum commentariis Antonii Volsci. Sapho et In Ibin, cum commentariis Domitii Calderini";"1497";"Venetiis";"Null";"1497";"In-fol. (Hain, *12200.)";"Null";"Null"
"http://data.bnf.fr/ark:/12148/cb30201592t";"Epistola consolatoria in obitu Johannis, principis Hispaniae, ad Catholicos reges, a Bernardino Carvajal, cardinale, missa";"1497";"Romae";"[s.n.]";"1497";"[25] p.";"Null";"http://gallica.bnf.fr/ark:/12148/bpt6k54006535"
"http://data.bnf.fr/ark:/12148/cb302032678";"Johannes Cassianus. De Institutis cenobiorum, origine, causis et remediis vitiorum, collationibus patrum";"1497";"Basileae";"J. Amerbach";"1497";"In-4° . (Hain-Copinger, 4564.)";"Null";"Null"
"http://data.bnf.fr/ark:/12148/cb302066584";"Catho moralizatus alias Speculum regiminis quo ad utriusque hominis reformationem (cum commentario Philippi Bergomensis). - A la fin : Opus preclarissimum quod speculum regiminis quoad utriusque hominis reformationem intitulatur, alias Catho moralizatus, finit feliciter. Impressum Lugduni per Johannem de Vingle, anno Domini M CCCC XCVII, die XXVIII januarii";"1497";"Lyon";"Jean de Vingle";"1497";"signé a-z, A-L";"Null";"Null"
"http://data.bnf.fr/ark:/12148/cb302093806";"De Confirmatione christianae fidei, auctore Helia Capreolo";"1497";"Brescia";"Bernardino Misinta";"1497";"Null";"Null";"Null"
"http://data.bnf.fr/ark:/12148/cb30211684p";"Cornelii Celsi de Medicina libri VIII";"1497";"Venetiis";"per Pinzi";"1497";"In-fol. (Pellechet, 3467.)";"Null";"Null"
"http://data.bnf.fr/ark:/12148/cb302119490";"Index librorum qui in hoc volumine continentur. Censorinus de Die natali. Tabula Cebetis. Dialogus Luciani. Enchiridion Epicteti. Basilius. Plutarchus de Invidia et odio. (Edidit Philippus Beroaldus.)";"1497";"Bononiae";"per Benedictum Hectoris";"1497";"In-fol. (Pellechet, 3471.) (Hain, n 4847.)";"Null";"Null"
"http://data.bnf.fr/ark:/12148/cb30244327c";"M. Tullii Ciceronis Paradoxa";"1497";"Paris";"Antoine Denidel";"1497";"In-4°";"Null";"Null"
"http://data.bnf.fr/ark:/12148/cb302501617";"Cleomedis de contemplatione orbium excelsorum disputatio. Aristidis et Dionis de concordia orationes. Plutarchi praecepta connubialia, ejusdemque de virtutibus morum";"1497";"Brixiae";"per Bernardinum Misintam";"1497";"In-4° , car. rom. (Hain-Copinger. 5450. Pellechet, 3847.)";"Null";"Null"
"http://data.bnf.fr/ark:/12148/cb30289941m";"Ortus sanitatis (Joanne de Cuba auctore). De herbis et plantis. De animalibus et reptilibus. De avibus et volatilibus. De piscibus et natalitibus. De lapidibus et in terre venis nascentibus. De urinis et earum speciebus. Tabula medicinalis cum directorio generali per omnes tractatus";"1497";"[Strasbourg";"Johannes Prüss";"1497";"Null";"Null";"Null"
"http://data.bnf.fr/ark:/12148/cb30289942z";"Ortus sanitatis (Joanne de Cuba auctore). De herbis et plantis. De animalibus et reptilibus. De avibus et volatilibus. De piscibus et natalitibus. De lapidibus et in terre venis nascentibus. De urinis et earum speciebus. Tabula medicinalis cum directorio generali per omnes tractatus";"1497";"[Strasbourg";"Johannes Prüss";"1497";"Null";"Null";"Null"
"http://data.bnf.fr/ark:/12148/cb302938564";"Dictionarium graecum copiosissimum...";"1497";"Null";"Null";"1497";"[243, 1 bl.] f.";"Null";"Null"
"http://data.bnf.fr/ark:/12148/cb302992667";"La Divina Commedia di Dante Alighieri, col commento di Landino, emendato da Piero da Fighino. Credo, il Pater nostro e l'Ave Maria";"1497";"Venetia";"per Piero de Zuanne di Quarengii da Palazago";"1497";"In-fol. (Hain-Copinger, *5953.)";"Null";"Null"
"http://data.bnf.fr/ark:/12148/cb30343797k";"Vitae et sententiae philosophorum, Diogene Laertie auctore, opus editum a Benedicto Brognolo, Ambrosio Camaldulensi interprete";"1497";"Venetiis";"per Pinzi";"1497";"In-fol. (Pellechet, 4279.)";"Null";"Null"
"http://data.bnf.fr/ark:/12148/cb303776340";"Quaestiones Johannis Duns Scoti in metaphysicam Aristotelis. De primo rerum principio tractatus atque theoremata. Omnia a Mauritio Hibernico (de Portu) edita";"1497";"Venetiis";"Null";"1497";"In-fol. (Pellechet, 4471.)";"Null";"Null"
"http://data.bnf.fr/ark:/12148/cb30377657n";"Expositio Johannis Duns Scoti super quartum Sententiarum, cum Johannis Grillot et Antonii Capelli emendationibus";"1497";"Paris";"André Bocard pour Jean Richard, Jean Petit et Durand Gerlier";"1497";"Null";"Null";"Null"
"http://data.bnf.fr/ark:/12148/cb30377640x";"Quaestiones Johannis Duns Scoti super IV libros Sententiarum, a Philippo Bagnacavallo emendatae";"1497";"Venetiis";"Null";"1497";"In-fol. (Pellechet, 4455.)";"Null";"Null"
"http://data.bnf.fr/ark:/12148/cb30410538b";"[Eusebii Caesariensis de Praeparatione evangelica e graeco in latinum a Georgio Trapezuntio traducta. Hieronymus Bononius curavit.]";"1497";"Venetiis";"B. Benalius";"1497";"In-fol. (Pellechet, 4645.)";"Null";"Null"
"http://data.bnf.fr/ark:/12148/cb30410558z";"[Eusebii Caesariensis Historia ecclesiastica, latine, interprete Ruffino, a Gaufrido Boussardo emendata et correcta.]";"1497";"Parisiis";"P. Levet et J. de Coblentz";"1497";"In-4° . (Pellechet, 4639. Hain, *6713.)";"Null";"Null"
"http://data.bnf.fr/ark:/12148/cb304342931";"M. Ficini Epistolae";"1497";"Norimbergae";"A. Koberger";"1497";"In-4° . (Pellechet, 4792.]";"Null";"Null"
"http://data.bnf.fr/ark:/12148/cb30435549m";"Odae Francisci Philelphi";"1497";"[Brescia]";"Angelo de' Britannici";"1497";"Null";"Null";"Null"
"http://data.bnf.fr/ark:/12148/cb30448024t";"Speculum finalis retributionis noviter emendatum [a fratre Guiliermo Totani]...";"1497";"Parisiis";"Null";"1497";"In-4°";"Null";"Null"
"http://data.bnf.fr/ark:/12148/cb304494601";"Opus de claris selectisque plurimis mulieribus a fratre Jacobo Philippo Bergomense editum ; revisum et castigatum per magistrum Albertum de Placentia et fratrem Augustinum de Casali majori";"1497";"Ferraiae";"opera L. de Rubeis, de Valentia";"1497";"In-fol. (Pellechet, 2069. Hain, *2813)";"Null";"Null"
"http://data.bnf.fr/ark:/12148/cb30473536m";"Practica musicae Franchini Gafurii";"1497";"Impressa Brixiae";"opera et impensa Angeli Britannici";"1497";"In-fol. (Pellechet, 4950.)";"Null";"Null"
"http://data.bnf.fr/ark:/12148/cb30473539n";"Disceptatio inter terram, solem et aurum... [et alia opuscula]";"1497";"Mediolani";"Null";"1497";"In-fol.";"Null";"Null"
"http://data.bnf.fr/ark:/12148/cb30473948q";"Roberti Gaguini, ordinis sanctae trinitatis ministri generalis de origine et gestis Francorum perquam utile compendium";"1497";"Null";"Null";"1497";"[4]-cviii-[1] f.";"Null";"Null"
"http://data.bnf.fr/ark:/12148/cb304739492";"Roberti Gaguini Compendium de Origine et gestis Francorum";"1497";"Lugduni";"J. Trechsel";"1497";"In-fol. (Pellechet, 4971.)";"Null";"Null"
"http://data.bnf.fr/ark:/12148/cb304758556";"Opera graece...";"1497";"Venetiis";"Null";"1497";"In-fol. (Pellechet, 1175.)";"Null";"Null"
"http://data.bnf.fr/ark:/12148/cb304987730";"Cordiale de quattuor novissimis [a Gerardo de Vliederhoven]. Exempla";"1497";"Leipzig";"Wolfgang Stoeckel";"1497";"[48] ff. signés AA-BB6, CC4, DD-EE6, FF4, GG-HH6, II4";"Null";"Null"
"http://data.bnf.fr/ark:/12148/cb305062785";"Sermones sancti Bernardi... super Cantica canticorum. Sermones Gilberti super Cantica canticorum";"1497";"Argentinae";"M. Flach";"1497";"In-fol. (Pellechet, 2098.)";"Null";"Null"
"http://data.bnf.fr/ark:/12148/cb30506283r";"Auctoritates Aristotelis, Senecae, Boetii...";"1497";"Daventriae";"Null";"1497";"In-4° . (Pellechet, 1453.)";"Null";"Null"
"http://data.bnf.fr/ark:/12148/cb305437508";"Quadragesimale Gritsch, una cum registro sermonum de tempore et de sanctis per circulum anni. - A la fin : Explicit Quadragesimale eximii sacre theologie doctoris Johannis Gritsch,... quod non solum sermones quadragesimales, verum etiam temporis et sanctorum per circulum totius anni indicat. Impressum per Johannem Bachelier et Petrum Barthelot, anno Domini M. CCCC. XCVII, die vero ultima mensis julii...";"1497";"[Lyon]";"Jean Bachelier et Pierre Bartelot";"1497";"[250] ff.";"Null";"Null"
"http://data.bnf.fr/ark:/12148/cb305488722";"Guarini Veronensis... Grammaticales regulae";"1497";"Venetiis";"per Petrum Jo. de Quarengiis";"1497";"[28] ff.";"Null";"Null"
"http://data.bnf.fr/ark:/12148/cb30557534n";"Guilhermus Parisiensis de Universo";"1497";"[Nürnberg";"Georg Stuchs";"1497";"151 ff. foliotés et signés Aa10-1, Bb-Hh8, Ii-Xx6, Yy8";"Null";"Null"
"http://data.bnf.fr/ark:/12148/cb305575230";"Tractatus Guilhermi Parisiensi de sacramentis, Cur Deus homo et de Penitentia";"1497";"[Nürnberg";"Georg Stuchs";"1497";"136 ff. foliotés et signés [✽]4, A-D8, E-M6, N-P8, Q-T6, V4, le f. [✽]4 blanc";"Null";"Null"
"http://data.bnf.fr/ark:/12148/cb305575261";"Dyalogus doctissimi viri Guillermi, episcopi parisiensis, de Septem sacramentis noviter emendatus ac impressus. P. Levet. - A la fin, après la table : Explicit Guillermus Parisiensis super septem sacramentis";"1497";"[Paris]";"Pierre Levet pour Michel Le Noir";"1497";"96 ff. foliotés et signés a-m8";"Null";"Null"
"http://data.bnf.fr/ark:/12148/cb30557699h";"In presenti libello continentur duo... tractatus quorum primus est de Salute corporis, quem edidit... Guilhelmus de Saliceto... Secundus vero tractatus est de Salute anime. Hunc... exposuit... cardinalis de Turre cremata...";"1497";"[Köln";"Cornelius von Zyrickzee";"1497";"[12] ff. signés a-b6";"Null";"Null"
"http://data.bnf.fr/ark:/12148/cb36812082f";"Textus Sequentiarum, cum // optimo commento. - (A la fin, fol. cx :) Textus Sequentiarum, unacum notabili expositione, per // totum annum, ni fallor, feliciter explicit, impressus // Basilee, sub anno Domini millesimo quadringen//tesimo nonagesimo septimo, die vero tertia men//sis martii. Laus cunctipotenti Deo. // Marque de Michel Furter";"1497";"Bâle";"Null";"1497";"In-4 °. 110 feuillets. Caractères gothiques";"Null";"Null"
"http://data.bnf.fr/ark:/12148/cb36812768t";"Flores Musice";"1497";"[S. l. ?]";"Null";"1497";"In-4 ° de 84 feuillets. Caract. goth. grands et petits longs lignes - Grav. sur bois de type allemand au titre";"Null";"Null"
"http://data.bnf.fr/ark:/12148/cb36814232x";"Missale Romanum";"1497";"Venezia";"Giovanni Battista Sessa";"1497";"4 °, ill., musique";"Null";"Null"
"http://data.bnf.fr/ark:/12148/cb36814989t";"Pontificale Romanum. Ed. Jacobus de Lutiis et Johannes Burchardus";"1497";"Roma";"Stephan Planck";"1497";"2 °, musique";"Null";"Null"
"http://data.bnf.fr/ark:/12148/cb36815994n";"(Titre de départ, au haut du fol. a. I :) Breviarium pro diocesi ecclesie Augustensis. - (A la fin :) Libelli completio, prout in epistola prefertur, facta arte et ingenio fomentisque ejusdem Erhardi Ratold, concivis urbis Augustensis Vindelicorum, anno salutis nostre millesimo nonagesimo (sic) septimo, decimo octavo kalendas februarii";"1497";"Augsbourg";"Null";"1497";"In-4 °. Caractères gothiques";"Null";"Null"
"http://data.bnf.fr/ark:/12148/cb368170819";"(On lit au bas de la première page :) Les présentes heures a l'usaige de Tours furent achevées le 21 jour de novembre de l'an 1497 pour Simon Vostre libraire...";"1497";"Paris";"Philippe Pigouchet pour. - Simon Vostre";"1497";"Pièce";"Null";"Null"
"http://data.bnf.fr/ark:/12148/cb36817370g";"Missale ad usum // ecclesie bisuntineñ";"1497";"Parisius";"J. de prato";"1497";"Null";"Null";"http://gallica.bnf.fr/ark:/12148/bpt6k9908765"
"http://data.bnf.fr/ark:/12148/cb36818032b";"Missale Trajectense";"1497";"Paris";"Johannes Higman pour Wolfgang Hopyl";"1497";"2 °, ill., musique";"Null";"Null"
"http://data.bnf.fr/ark:/12148/cb368176709";"Missale Parisiense";"1497";"Paris";"Ulrich Gering et Berthold Rembolt pour Simon Vostre";"1497";"297 ff., ch. [8 + 1] II-CXLV [2] CXLV-CCXLII, I-XL [4]";"Null";"http://gallica.bnf.fr/ark:/12148/bpt6k991398b"
"http://data.bnf.fr/ark:/12148/cb368191754";"Breviarum Monasteriense";"1497";"[Strasbourg]";"Johannes Grüninger";"1497";"4 ? parties, 8 °, ill.";"Null";"Null"
"http://data.bnf.fr/ark:/12148/cb368188316";"Breviarium Cameracense";"1497";"Paris";"Ulrich Gering et Berthold Rembolt";"1497";"4 parties, 8 °";"Null";"Null"
"http://data.bnf.fr/ark:/12148/cb368187490";"Breviarium ad usum insignis ecclesie Belvacensis, Parisius no viter impressum, anno Domini M.CCCC.XCVII";"1497";"Paris";"[s.n.]";"1497";"1 vol. [535 p.]";"Null";"http://gallica.bnf.fr/ark:/12148/bpt6k1106089"
"http://data.bnf.fr/ark:/12148/cb36819856s";"Breviarium Trajectense";"1497";"Gouda";"Frères de la Vie commune";"1497";"4 parties, 2 °";"Null";"Null"
"http://data.bnf.fr/ark:/12148/cb368206239";"Agenda Magdeburgensis";"1497";"Magdeburg";"Moritz Brandis";"1497";"4 °";"Null";"Null"
"http://data.bnf.fr/ark:/12148/cb36823117q";"[Officium breve quotidianum]";"1497";"Ferrara";"Lorenzo de' Rossi";"1497";"16 °, ill.";"Null";"Null"
"http://data.bnf.fr/ark:/12148/cb36824808x";"[Horae ad usum Romanum]";"1497";"Paris";"Etienne Jehannot pour Pierre Regnault à Caen";"1497";"8 °, ill.";"Null";"Null"
"http://data.bnf.fr/ark:/12148/cb36824790p";"Horae ad usum Romanum]";"1497";"Venezia";"Aldo Manuzio";"1497";"16 °, ill.";"Null";"Null"
"http://data.bnf.fr/ark:/12148/cb36824807k";"[Horae ad usum Romanum]";"1497";"Paris";"Etienne Jehannot";"1497";"8 °, ill.";"Null";"Null"
"http://data.bnf.fr/ark:/12148/cb30592712h";"Secreta sacerdotum, magistri Heinrici de Hassia, que sibi placent vel displicent in missa, etc., per... Michaelem Lochmayr correcta et in hanc formam redacta";"1497";"Impressum Auguste";"per J. Froschauer";"1497";"In-4° . (Hain, 8383.)";"Null";"Null"
"http://data.bnf.fr/ark:/12148/cb30611964k";"R. Holkot. Quaestiones super quatuor libros Sententiarum";"1497";"Lugduni";"apud J. Trechsel";"1497";"In-4° . (Hain, *8763.)";"Null";"Null"
"http://data.bnf.fr/ark:/12148/cb30614247s";"Homeri Ilias, per Laurentium Vallam in latinum sermonem traducta";"1497";"Brixiae";"impr. per B. Farfengum, impens. F. Laurini";"1497";"In-fol. (Hain, 8775.)";"Null";"Null"
"http://data.bnf.fr/ark:/12148/cb30636640c";"Declaratio et defensorium privilegiorum fratrum mendicantium...";"1497";"Colonie";"Null";"1497";"In-8° . Hain* 5853";"Null";"Null"
"http://data.bnf.fr/ark:/12148/cb30643597j";"Index eorum, quae hoc in libro habentur : Jamblichus de Mysteriis Aegyptiorum, Chaldaeorum, Assyriorum ; Proclus In platonicum Alcibiadem de anima atque daemone ; Proclus de Sacrificio et magia ; Porphyrius de Divinis atque daemonibus ; Synesius Platonicus de Somniis ; Psellus de Daemonibus ; Expositio Prisciani et Marsilii in Theophrastum de sensu, phantasia et intellectu ; Alcinoi,... Liber de doctrina Platonis ; Speusippi,... Liber de Platonis difinitionibus ; Pythagorae,... Aurea verba ; Symbola Pithagorae [sic]... Xenocratis,... Liber de morte. [Omnia M. Ficino interprete.] Marsilii Ficini Liber de voluptate";"1497";"Venetiis";"Null";"1497";"In-fol. (Hain, 9358.)";"Null";"Null"
"http://data.bnf.fr/ark:/12148/cb30648888m";"Thesaurus pauperum magistri Petri Yspani";"1497";"Antverpiae";"per T. Martini";"1497";"In-fol. (Hain-Copinger, 8711-8712.)";"Null";"Null"
"http://data.bnf.fr/ark:/12148/cb30652621j";"Vita, epistole de sancto Hieronimo, volgare da Matteo de Ferrara";"1497";"Ferrara";"L. de Rossi de Valenza";"1497";"2 part. en 1 vol. in-fol. (Hain. 8566.)";"Null";"Null"
"http://data.bnf.fr/ark:/12148/cb306526206";"Vita, epistole de sancto Hieronimo, volgare da Matteo de Ferrara";"1497";"Ferrara";"L. de Rossi de Valenza";"1497";"2 parties en 1 vol. in-fol. (Hain, 8566.)";"Null";"Null"
"http://data.bnf.fr/ark:/12148/cb30670763p";"Juvenalis Satirae, cum commentariis D. Calderini, G. Vallae et A. Mancinelli";"1497";"Nurnberge";"per A. Koberger";"1497";"In-fol. (Hain-Copinger, *9711.)";"Null";"Null"
"http://data.bnf.fr/ark:/12148/cb306709966";"Juvencus presbyter immensam evangelicae legis majestatem heroicis versibus concludens. Hermanni Buschii In presbyterum Juvencum Hispanum epigramma";"1497";"(Daventriae";"R. Pafraet";"1497";"In-4° . (Campbell, 1058.)";"Null";"Null""http://data.bnf.fr/ark:/12148/cb307118665";"Lactantii Firmiani Opera. De Divinis institutionibus ; de Ira Dei : de Opificio hominis ; Phoenix : Dantes Phoenice (Inferno, XXIV, 107-112), Ovidius Phoenix (Metamorph., XV, 391-402.) ; de Resurrectione. Ex recensione fratris Adami Genuensis. Errata per fratrem Antonium Raudensem collecta. Andreas episcopus aleriensis curavit. In Epithomon Lactantii tractatus additus est";"1497";"Venetiis";"per J. Bevilaquam";"1497";"In-fol. (Hain, *9818.)";"Null";"Null"
"http://data.bnf.fr/ark:/12148/cb30737967n";"Sermones Thesauri novi de tempore. [Petro de Palude auctore.]";"1497";"Argentinae";"M. Flach";"1497";"In-fol. (Copinger, 5420.)";"Null";"Null"
"http://data.bnf.fr/ark:/12148/cb307845268";"Tractatus consequentiarum magistri Martini Magistri. - À la fin : Sacre pagine ac naturalis philosophie professoris acutissimi magistri Martini Magistri in vera divaque nominalium via consequentiis finis impositus est, quas Felix Baligaut, civis parisiensis, in monte Sancte Genovefe, in intersignio Sancti Stepani [sic], prima concurrente causa miro caractere exaravit, anno immense reparationis M. quadringentesimo nonagesimo septimo, sole vero decembris claudente decimam sextam";"1497";"Paris";"Félix Baligault";"1497";"38 ff., sign. a-d8, e6";"Null";"Null"
"http://data.bnf.fr/ark:/12148/cb30792964n";"Nicolai Leoniceni Libellus de epidemia, quam vulgo morbum gallicum vocant sive brossulas";"1497";"Mediolani";"per G. Signerre, impr. J. de Legnano";"1497";"In-4° . (Hain, 10020.)";"Null";"Null"
"http://data.bnf.fr/ark:/12148/cb307929639";"Nicolai Leoniceni Libellus de epidemia, quam vulgo morbum gallicum vocant";"1497";"Venetiis";"in domo Aldi Manutii";"1497";"In-8° . (Hain-Copinger, 10019.)";"Null";"Null"
"http://data.bnf.fr/ark:/12148/cb384983610";"[Illustrations de Les Métamorphoses]";"1497";"Venise";"Zoane Rosso";"1497";"53 est. : gravures sur bois : Noir et blanc";"Null";"http://gallica.bnf.fr/ark:/12148/btv1b22000181"
"http://data.bnf.fr/ark:/12148/cb38691391k";"Terentius cum tribuscommentis : videlicet Donati, Guidonis et juven Calishurnii : A la fin : Hoc opus impressum est Venetiis, per Simonem de Lucre, impensis Lazari Soardi... MCCCCXCVII";"1497";"Venezia";"Simone da Lovere pour Lazzaro Suardi";"1497";"CCXL [i. e.241] f. signés a-f6, g6 (g3 + 1), h-z6, A-R6";"Null";"Null"
"http://data.bnf.fr/ark:/12148/cb30826391k";"Libri Philomusi. Panegyrici ad regem. Tragedia de Thurcis et suldano. Dialogus de heresiarchis";"1497";"Strasbourg";"Johannes Grüninger";"1497";"Null";"Null";"Null"
"http://data.bnf.fr/ark:/12148/cb30826424q";"Celeberrimi domini Michaelis Lochmaier Sermones de sanctis perutiles, cum viginti tribus sermonibus magistri Pauli Wann annexis";"1497";"Hagenaw";"Null";"1497";"In-fol. (Hain-Copinger, *10173.)";"Null";"Null"
"http://data.bnf.fr/ark:/12148/cb30843732v";"Pontificale romanum...";"1497";"Romae";"Null";"1497";"In-fol.";"Null";"Null"
"http://data.bnf.fr/ark:/12148/cb30843353q";"Luciani de Veris narrationibus. Luciani de Asino. Luciani Philosophorum vitae...";"1497";"Milan";"Null";"1497";"In-4° . (Hain, 10262.)";"Null";"Null"
"http://data.bnf.fr/ark:/12148/cb30843352c";"Luciani Palinurus. Luciani Scipio romanus. Luciani Heroica in amorem. Luciani Asinus aureus. Bruti romani Epistole [a Renuccio editae]. Diogenis cynici Epistole [a Francisco Aretino Accolti editae]. - A la fin : Hec opuscula,... impressa sunt Avinione, impensa Nicolai Lepe,... M. CCCC. XCVII. idibus octobris";"1497";"Avinione";"Null";"1497";"In-4° , A-B, a-c";"Null";"Null"
"http://data.bnf.fr/ark:/12148/cb30844625j";"Vita Christi Salvatoris nostri juxta seriem evangelistarum, cum multa eruditione sanctaque doctrina diligenter ac succinte collecta a religiosissimo viro Ludolpho, laudatissimi ordinis Carthusientium in cenobio Argentinensi professo, nuper cum summa castigatione, annotationibus ac etiam quotationibus [cura B. Stephani] impressa est...";"1497";"[Paris]";"Félix Baligault";"1497";"Null";"Null";"Null"
"http://data.bnf.fr/ark:/12148/cb30846961q";"Liber de assertionibus catholicis apostoli... editus et compillatus per magistrum Jacobum Lupi...";"1497";"Parisiis";"A. Denidel";"1497";"In-12. (Hain, 10339.)";"Null";"Null"
"http://data.bnf.fr/ark:/12148/cb308470248";"Germanorum veterum principum zelus et fervor in christianam religionem Deique ministros, auctore Lupoldo Bebenburgensi";"1497";"Basilee";"J. Bergmann de Olpe";"1497";"In-fol. (Hain, 2725.)";"Null";"Null"
"http://data.bnf.fr/ark:/12148/cb38961430j";"Postilla litteralis et moralis super Epistolas et Evangelia quadragesimalia [-Antonius de Britonto et Alexander de Hales. Quaestiones]";"1497";"Rouen";"Marin Morin pour lui-même et pour Jean Richard";"1497";"[248] f.";"Null";"Null"
"http://data.bnf.fr/ark:/12148/cb30861256d";"Sermones de Adventu fratris Oliveri Maillard. - À la fin : Celeberrimi theologie magistri necnon sacri eloquii preconis fratris Oliverii Maillard,... Sermones de Adventu... feliciter expliciunt. Impressi in civitate parisiensi per magistrum Antonium Caillaut, ad intersignium de la couppe d'or, anno Domini millemo CCCCmo nonagesimo septimo et mensis octobris die XXV";"1497";"Paris";"Antoine Caillaut";"1497";"table, 105 ff.";"Null";"Null"
"http://data.bnf.fr/ark:/12148/cb30862445j";"Epiphyllides i. botryunculi et racemuli in dialecticis. - Fol. 2 r° : Aldus Manutius adolescentibus studiosis - ...Fol. 2 v : Laurentius Maiolus, Genuensis, Aldo suo... - Fol. 3 v° : Ad illustrissimum... dominum Hippolytum Estensem diaconum cardinalem... Laurentii Maioli Genuensis epistola...";"1497";"Venezia";"Aldo Manuzio";"1497";"sign. a-g";"Null";"Null"
"http://data.bnf.fr/ark:/12148/cb308673088";"Clarissimi viri... Felicis Hemmerlin,... Varie oblectationis opuscula et tractatus...";"1497";"(S. l. [Basileae.]";"Null";"1497";"In-fol. (Hain, 8424.)";"Null";"Null"
"http://data.bnf.fr/ark:/12148/cb30871219d";"Liber de homine, a Hieronymo Manfredo";"1497";"Bolognia";"per U. di Rugerii";"1497";"In-fol. (Hain-Copinger, 10691.)";"Null";"Null"
"http://data.bnf.fr/ark:/12148/cb308739054";"Carmina [Baptistae Mantuani] de beata Virgine Maria, que et Parthenice dicuntur";"1497";"Deventer";"Richardus Pafraet";"1497";"Null";"Null";"Null"
"http://data.bnf.fr/ark:/12148/cb30873915f";"Baptiste Mantuani,... Divinum secundę Parthenices opus";"1497";"Deventer";"[Richardus Pafraet]";"1497";"[38] ff.";"Null";"http://gallica.bnf.fr/ark:/12148/bpt6k706122"
"http://data.bnf.fr/ark:/12148/cb308738720";"Baptiste Mantuani,... de Mundi calamitatibus earumque tum causis, tum remediis...";"1497";"Deventer";"Richardus Pafraet";"1497";"Null";"Null";"Null"
"http://data.bnf.fr/ark:/12148/cb30873871n";"Fratris Baptiste̡ Mantuani,... De Suorum temporum calamitatibus liber";"1497";"Parisiis";"Null";"1497";"In-4° . (Pellechet, 1800.)";"Null";"Null"
"http://data.bnf.fr/ark:/12148/cb30873937r";"Baptiste Mantuani de Vita divi Ludovici Morbioli. - De Contemnenda morte. - In divum Albertum carmelitam - Contra poetas impudice loquentes. [Cum epigrammate Jodoci Badii.]";"1497";"Deventer";"Richardus Pafraet";"1497";"Null";"Null";"Null"
"http://data.bnf.fr/ark:/12148/cb308996024";"Hymni et epigrammata Marulli";"1497";"Florentiae";"impressit Societas Colubris";"1497";"In-4° , sign. a-m. (Hain-Copinger, *10880";"Null";"Null"
"http://data.bnf.fr/ark:/12148/cb393065886";"Joannes Gerson De immitatione Christi et de contemptu mundi in vulgari sermone";"1497";"Null";"Null";"1497";"(Sig. a-i8, k6)";"Null";"Null"
"http://data.bnf.fr/ark:/12148/cb39306196q";"Sermones quadragesimales perutilissimi Roperti de Liceo episcopi Aquinensis...";"1497";"Argentorati";"[Johannes Grüninger]";"1497";"Null";"Null";"Null"
"http://data.bnf.fr/ark:/12148/cb39305596k";"Clarissimi viri juriumque doctoris Felicis Hemmerlin... varie observationis opuscula et tractatus";"1497";"[Strasbourg]";"[Johannes Prüss]";"1497";"[2]-CXXXII f.";"Null";"Null"
"http://data.bnf.fr/ark:/12148/cb39328688c";"Per Ant. Mancinellum, Elegantiae Portus Lau.  Vallensis Lima, Rhetoricen ad herennium esse Ciceronis, Rhetorices ad herennium Commentariolus, Domini Palladii Sorani carmen,...";"1497";"Venetiis";"per Ioannem Tacuinum de Tridino";"1497";"In-4 °";"Null";"Null"
"http://data.bnf.fr/ark:/12148/cb393366256";"Libro di Florio e di Bianzefiore, chiamato Philocopo di J. Boccacio";"1497";"In Venetia";"A. da Guzago";"1497";"In fol.";"Null";"Null"
"http://data.bnf.fr/ark:/12148/cb309185175";"Parabola filii glutonis profusi atque prodigi nedum venuste verum etiam utiliter et devote per... fratrem Joannem Meder,... collecta pro totius anni, precipue quadragesime, sermonibus, accomodata... - A la fin : Explicit Quadragesimale de perfecta conversione peccatoris ad Deum per veram penitentiam sub parabola filii exaratum";"1497";"Impressum Basilee";"per M. Furter";"1497";"In-8° , sign. A-E, fig. sur bois";"Null";"Null"
"http://data.bnf.fr/ark:/12148/cb309342002";"Declaratio et defensorium privilegiorum fratrum mendicantium [auctore F. E. Cultificis]. De symonia vitanda in receptione novitiorum et novitiarum ad religionem. De Institutione nove vite [sancti Isidori]. Speculum religiosorum [sancti Bernardi]";"1497";"Köln";"Hermann Bungart";"1497";"Null";"Null";"Null"
"http://data.bnf.fr/ark:/12148/cb30942903r";"Sermones de sanctis perutiles a quodam fratre Hungaro... comportati, Biga salutis intitulati...";"1497";"Hagwena";"sumptibus J. Ryman per H. Gran";"1497";"In-4° . (Hain, 9054.)";"Null";"Null"
"http://data.bnf.fr/ark:/12148/cb310029594";"Glosa, sive Expositio super Apocalypsim Joannis Viterbiensis,... de statu Ecclesie ab anno salutis M. CCCC.LXXXI usque ad finem mundi, et de... triumpho Christianorum in Thurcos...";"1497";"Coloniae";"Null";"1497";"In-4° . [Hain, 1129 ; Voullième, 827.)";"Null";"Null"
"http://data.bnf.fr/ark:/12148/cb310097191";"Johannis Nesii, Florentini, Oraculum de novo saeculo";"1497";"Florentiae";"impressit Ser Laurentius De Morgianis";"1497";"In-4° , sign. a-d. (Hain-Copinger, *11693)";"Null";"Null"
"http://data.bnf.fr/ark:/12148/cb31016082b";"Praeceptorium Nicolai de Lyra sive Expositio tripharia brevis et perutilis in Decalogum legis divine";"1497";"Köln";"Hermann Bungart";"1497";"Null";"Null";"Null"
"http://data.bnf.fr/ark:/12148/cb31016067f";"Les Postilles et expositions des Épistres et Évangilles dominicales avec celles des festes solennelles, ensemble aussi des cinq festes de la glorieuse et très sacrée Vierge Marie, et aussi la Passion de Nostre Sauveur... Jesuchrist, translatées de latin [de Nicolas de Lyre, Nicolas de Gorran, Rabanus, Guillaume de Lyon et Vincentius] en françois... [par Pierre Desrey, et revues par Jean de Barro]. - A la fin : Cy finissent les postilles et expositions des Epistres et Evangilles dominicalles... imprimées à Paris par Jehan Mourand... le XXVII. jour de may mil. CCCC.XCVII. pour Jehan Petit et Durand Gerlier...";"1497";"Paris";"Null";"1497";"In-fol., sign. a-y, A-G, car. goth., 2 col., fig. sur bois. (Hain, 6098.)";"Null";"http://gallica.bnf.fr/ark:/12148/btv1b73000315"
"http://data.bnf.fr/ark:/12148/cb310306719";"De Die natali...";"1497";"Bononiae";"Null";"1497";"In-fol.";"Null";"Null"
"http://data.bnf.fr/ark:/12148/cb31032267f";"Apollinaris Expositio in primum posteriorum Aristotelis cum questionibus ejusdem. - A la fin : Expliciunt questiones... Apollinaris cremonensis super librum... Aristotelis... correcte atque emendate per... magistrum Hieronymum Surianum,... impresse... Venetiis, per Otinum Papiensem, anno salutis nostre MCCCCXCVII, XIX Kalen. februarii";"1497";"Venetiis";"Null";"1497";"In-fol. (Pellechet, 908.)";"Null";"Null"
"http://data.bnf.fr/ark:/12148/cb31046468h";"Epistolae Heroides Ovid[ii], cum commentariis Antonii Volsci et Ubertini, clerici crescentinatis. [Sapho et in Ibim cum expositionibus Domitii Calderini.]";"1497";"(Venetiis";"impr. J. Taurinus";"1497";"In-fol. (Hain, *12200.)";"Null";"Null"
"http://data.bnf.fr/ark:/12148/cb31079008w";"Summarium summe virtutum et vitiorum per figuras";"1497";"Basel";"Johannes Amerbach";"1497";"[342] ff. en 4 parties, signées [*]14 ; aa8, bb4 ; a-x8, y6 [foliotés 1-174] ; A-R8, S6 [foliotés 1-142]";"Null";"Null"
"http://data.bnf.fr/ark:/12148/cb31079007j";"Summa aurea de virtutibus et vitiis";"1497";"Venezia";"Paganino de' Paganini";"1497";"2 parties en 1 vol. : [208] ff. signés a12, a-z8, τ8, ɔ 4 + [160] ff. signés A-V8";"Null";"Null"
"http://data.bnf.fr/ark:/12148/cb31094506s";"Triumphi del Petrarca, col commento di Bernardo Glicino ; Sonetti con canzoni, con la interpretatione di Francesco Philelpho continuata da Girolamo Squarzafico";"1497";"Venezia";"Bartolomeo Zani";"1497";"2 parties";"Null";"Null"
"http://data.bnf.fr/ark:/12148/cb31106122q";"Joannis Francisci Pici Mirandulae de Morte Christi et propria cogitanda libri tres, ejusdem de Studio divinae et humanae philosophiae libri duo";"1497";"Bononiae";"Benedictus Hectoreus";"1497";"In-4° , sign. a-i. (Hain-Copinger, *13002.)";"Null";"Null"
"http://data.bnf.fr/ark:/12148/cb311072138";"Silvii Enee Hystoria de duobus amantibus";"1497";"Venezia";"Piero Quarengi pour Giovanni Battista Sessa";"1497";"In-4";"Null";"Null"
"http://data.bnf.fr/ark:/12148/cb31107241h";"Epistole et varii tractatus Pii secundi ad diversos in quadruplici vite ejus statu transmisse";"1497";"Lyon";"Jean de Vingle";"1497";"Null";"Null";"Null"
"http://data.bnf.fr/ark:/12148/cb311089483";"Petri de Bergamo Tabula in libros, opuscula et commentaria Thome de Aquino, cum additionibus conclusionum, concordantiis dictorum ejus, et Sacre Scripture autoritatibus";"1497";"Venetiis";"Null";"1497";"In-fol. (Pellechet, 2076.)";"Null";"Null"
"http://data.bnf.fr/ark:/12148/cb31117557x";"Le Trésor de la cité des dames [par Christine de Pisan]...";"1497";"Paris";"[Pierre Le Caron ?] pour Antoine Vérard";"1497";"78 ff. foliotés et signés";"Null";"http://gallica.bnf.fr/ark:/12148/btv1b86000706"
"http://data.bnf.fr/ark:/12148/cb311216589";"Auctoritates Arestotilis [sic], Senece...";"1497";"Daventriae";"Null";"1497";"In-4° . (Pellechet, 1453.)";"Null";"Null"
"http://data.bnf.fr/ark:/12148/cb31123492d";"C. Plinii Secundi Naturae historiarum libri XXXVII, e castigationibus Hermolai Barbari";"1497";"Venetiis";"Null";"1497";"In-fol. (Hain-Copinger, *13101.)";"Null";"Null"
"http://data.bnf.fr/ark:/12148/cb31131024j";"De Die natali... [Edidit Philippus Beroaldus.]";"1497";"Bononiae";"Null";"1497";"In-fol.";"Null";"Null"
"http://data.bnf.fr/ark:/12148/cb31130989c";"Cleonidae Harmonicum introductorium";"1497";"Venetiis";"per Simonem Papiensem dictum Bivilaquam";"1497";"[192] p.";"Null";"http://gallica.bnf.fr/ark:/12148/bpt6k201038q"
"http://data.bnf.fr/ark:/12148/cb31151182d";"Compendium, seu Abreviatura fratris Silvestri Prieriani,... in eximium doctorem Joannem Capreolum feliciter incipit. - A la fin : Expliciunt additiones in Johannem Capreolum diligentissime castigatum, impressum Cremone, opera et industria magistri Caroli Darlerii, anno Domini millesimo quadragintesimo nonagesimo septimo, quarto calendas maii";"1497";"Crémone";"Null";"1497";"In-4° , (Hain, n  13346.)";"Null";"Null"
"http://data.bnf.fr/ark:/12148/cb41091853h";"Psalmorum Davinis";"1497";"Null";"Null";"Null";"CXLV-XVII-[I] f. : 42,5 x 30cm";"Null";"Null"
"http://data.bnf.fr/ark:/12148/cb31175518s";"Figure Biblie clarissimi viri fratris Anthoni de Rampengolis ordinis sancti Augustini";"1497";"Paris";"A. Bocard";"1497";"In-8° (Hain, *13688.)";"Null";"Null"
"http://data.bnf.fr/ark:/12148/cb31183540p";"Almansoris liber nonus cum expositione Sillani. - Fol. uro : Incipit nonus liber Almansoris, cum expositione ejusdem clarissimi doctoris Sillani de nigris de papia. - Fol. kzvo : Incipiunt recepte magistri Petri de Tussignano super nono Almansoris. - À la fin : Excellentissimi doctoris... Petri de Tussignano Recepte super nono Almansoris feliciter finiunt. Impresse Venetiis jussu et impensis nobilis viri Octaviani Scoti, civis modoetiensis, anno salutis MCCCCXC, decima die aprilis";"1497";"Venetiis";"per Otinum Papiensem de Luna";"1497";"In-fol., sign. a-p., car. goth.";"Null";"Null"
"http://data.bnf.fr/ark:/12148/cb311835175";"Contenta in hoc volumine : Liber Rasis ad Almansorem. Divisiones ejusdem. Liber de juncturarum egritudinibus ejusdem. Liber de egritudinibus puerorum ejusdem. Aphorismi ipsius. Antidotarium quoddam ipsius. Tractatus de preservatione ab egritudine lapidis ejusdem. Introductorium medicinae ejusdem. Liber de sectionibus et cauteriis et ventosis ejusdem. Casus quidam qui ad manus ejus pervenerunt. Sinonima ejusdem. Tabula omnium antidotorum in operibus Rasis contentorum. De proprietatibus juvamentis et nocumentis sexaginta animalium. Afforismi Rabi Moysi. Afforismi Damasceni. Liber secretorum Y[pocratis]. Liber pronosticationis secundum lunam in signis et aspectu planetarum Y[pocratis]. Liber qui dicitur Capsula eburnea Y[pocratis]. Liber de elementis, sive de humana natura Hypocratis. Liber de aere et aqua et regionibus Y[pocratis]. Liber de farmaciis Y[pocratis]. Liber de somniis Y[pocratis]. Libellus Zoar de cura lapidis. - À la fin : Explicit hoc opus mandato et expensis nobilis viri domini Octaviani Sc...";"1497";"(Venetiis";"Null";"1497";"In-fol., 159 ff., car. goth.";"Null";"Null"
"http://data.bnf.fr/ark:/12148/cb31187449g";"Speculum finalis retributionis, noviter emendatum [per fratrem Guiliermum Totani, compositum per Petrum Reginaldeti, de novo correctum et emendatum per Petrum de Fontenayo]";"1497";"Parisiis";"pro Claudio Jaumar";"1497";"Petit in-8° , car. goth. (Copinger, 5073.)";"Null";"Null"
"http://data.bnf.fr/ark:/12148/cb31194529m";"Fundamentum scholasticorum non modo pueris verum etiam magistris perutile. - Fol. a : Regule Remigii emendate correcteque, in primum scholarium fundamentum, feliciter incipiunt. - À la fin : Regule partium grammatice artis fundamentales, totum latinitatis fundamentum continentes, felicem finem habent. Id parvum latinitatis opus ingenii adolescentes [sic]. Impressum Daventrie, per me Jacobum de Breda, anno Domini M.CCCC.XCVII";"1497";"Deventer";"Null";"1497";"Sign. a-i., car. goth.";"Null";"Null"
"http://data.bnf.fr/ark:/12148/cb41512611g";"Ouverture des États généraux, à Versailles, le 5 mai 1789 : [estampe]";"1497";"Null";"Null";"Null";"1 est. : gravure à l'eau-forte et au burin ; 27,1 x 43,3 cm";"Null";"http://gallica.bnf.fr/ark:/12148/btv1b6942664k"
"http://data.bnf.fr/ark:/12148/cb31265479p";"Le Doctrinal de Sapience qui contient les troys estatz du monde [par Guy de Roye]";"1497";"A Paris";"par M. Lenoir";"1497";"In-4° . (Copinger, 5179.)";"Null";"Null"
"http://data.bnf.fr/ark:/12148/cb31265478b";"Le Doctrinal de Sapience";"1497";"Lyon";"Claude Dayne";"1497";"ill.";"Null";"Null"
"http://data.bnf.fr/ark:/12148/cb312730679";"Sermones perutiles de sanctis per circulum anni...";"1497";"Hagenaw";"Null";"1497";"In-fol.";"Null";"Null"
"http://data.bnf.fr/ark:/12148/cb42057181k";"[La pénitence de saint Jean Chrysostome] : [estampe]";"1497";"[S.l.]";"[s.n.]";"1497";"1 est. : burin ; 18,1 x 11,8 cm (tr. c.)";"http://data.bnf.fr/ark:/12148/cb14538270v";"http://gallica.bnf.fr/ark:/12148/btv1b6951262b"
"http://data.bnf.fr/ark:/12148/cb420578805";"[Les quatre femmes nues] : [estampe]";"1497";"[S.l.]";"[s.n.]";"1497";"1 est. : burin ; 19 x 13,3 cm (tr. c.)";"http://data.bnf.fr/ark:/12148/cb12226069m";"http://gallica.bnf.fr/ark:/12148/btv1b6951274j"
"http://data.bnf.fr/ark:/12148/cb42058692v";"[Le paysan et sa femme] : [estampe]";"1497";"[S.l.]";"[s.n.]";"1497";"1 est. : burin ; 10,8 x 7,6 cm (tr. c.)";"http://data.bnf.fr/ark:/12148/cb13318335q";"http://gallica.bnf.fr/ark:/12148/btv1b6951284x"
"http://data.bnf.fr/ark:/12148/cb42058496p";"[La dame à cheval et le lansquenet] : [estampe]";"1497";"[S.l.]";"[s.n.]";"1497";"1 est. : burin ; 10,6 x 7,6 cm (tr. c.)";"http://data.bnf.fr/ark:/12148/cb12403673q";"http://gallica.bnf.fr/ark:/12148/btv1b69512823"
"http://data.bnf.fr/ark:/12148/cb42058475q";"[La promenade] : [estampe]";"1497";"[S.l.]";"[s.n.]";"1497";"1 est. : burin ; 19,7 x 12,2 cm (tr. c.)";"http://data.bnf.fr/ark:/12148/cb11953258g";"http://gallica.bnf.fr/ark:/12148/btv1b69512964"
"http://data.bnf.fr/ark:/12148/cb420587041";"[Trois paysans en conversation] : [estampe]";"1497";"[S.l.]";"[s.n.]";"1497";"1 est. : burin ; 10,7 x 7,4 cm (tr. c.)";"http://data.bnf.fr/ark:/12148/cb11935673j";"http://gallica.bnf.fr/ark:/12148/btv1b69512875"
"http://data.bnf.fr/ark:/12148/cb420790382";"[La dame à cheval et le lansquenet] : [estampe]";"1497";"[S.l.]";"[s.n.]";"1497";"1 est. : burin ; 10,8 x 7,7 cm (tr. c.)";"http://data.bnf.fr/ark:/12148/cb12403673q";"http://gallica.bnf.fr/ark:/12148/btv1b6951283h"
"http://data.bnf.fr/ark:/12148/cb31288679c";"[Sallustii Opera, cum commentariis Laurentii Vallensis et Joannis Chrisostomi Soldi Brixiani.]";"1497";"Parisiis";"impensa Johannis Alexandri et Johannis Petit";"1497";"In-4° . (Hain-Copinger, 14232.)";"Null";"Null"
"http://data.bnf.fr/ark:/12148/cb31306373h";"Frate Hieronymo da Ferrara... a suoi dilecti fratelli in Christo Jesu...";"1497";"(Firenze";"B. di Libri";"1497";"In-4° . (Hain, 14371 ; Cop.-Reichl., 5306, B. M. VI, 651.)";"Null";"Null"
"http://data.bnf.fr/ark:/12148/cb31306523h";"Fratris Hieronymi de Ferraria Triumphus crucis, de veritate fidei";"1497";"Null";"Null";"1497";"In-fol. (Hain, 14342 ; B. M., VI, 652.)";"Null";"Null"
"http://data.bnf.fr/ark:/12148/cb31306370g";"Epistola di frate Hieronymo da Ferrara... a tucti li electi di Dio e fedeli christiani";"1497";"(Firenze";"B. di Libri";"1497";"In-4° . (Hain, 14458 ; B. M. VI, 651.)";"Null";"Null"
"http://data.bnf.fr/ark:/12148/cb313064535";"Prediche di Frate Hieronymo da Ferrara";"1497";"[Firenze]";"ad instantia di ser Lorenzo Vivuoli [Bartolomeo de' Libri, Lorenzo Morgiani et Francesco Bonaccorsi,]";"1497";"Null";"Null";"Null"
"http://data.bnf.fr/ark:/12148/cb31306371t";"Epistola fratris Hieronymi Ferrariensis,... contra sententiam excomunicationis contra se nuper injuste latam [cum Philippi Cioni versione italica]";"1497";"(Florentiae";"J. Petri";"1497";"In-4° . (Hain, 14453 ; Cop., Reichl., 5299, B. M. VI, 618.)";"Null";"Null"
"http://data.bnf.fr/ark:/12148/cb31306539w";"Fratris Hieronymi Savonarolae Ferrariensis,... de Veritate prophetica dyalogus...";"1497";"[Firenze";"Bartolomeo de' Libri";"1497";"Null";"Null";"Null"
"http://data.bnf.fr/ark:/12148/cb313063725";"Epistola di fra Girolamo de Ferrara contra la excomunicatione subreptitia nuovamente facta";"1497";"(Firenze";"B. di Libri,)";"1497";"In-4° . (Hain-Cop.-Reichl., 14455 ; B. M. VI, 651.)";"Null";"Null"
"http://data.bnf.fr/ark:/12148/cb31306536v";"Libro di Frate Hieronymo da Ferrara,... della verità della fede christiana sopra el glorioso triompho della croce di Christo";"1497";"(Firenze";"B. di Libri";"1497";"Null";"Null";"Null"
"http://data.bnf.fr/ark:/12148/cb31311479v";"[Liber chronicarum.]";"1497";"Augusta";"a J. Schensperger";"1497";"In-fol. (Hain, 14509.)";"Null";"Null"
"http://data.bnf.fr/ark:/12148/cb31351675v";"Auctoritates Arestotilis [sic], Senece, Boetii, Platonis, Apulei Affricani, Porphirii et Gilberti Porritani";"1497";"Daventriae";"Null";"1497";"In-4° . (Pellechet. 1453.)";"Null";"Null"
"http://data.bnf.fr/ark:/12148/cb31353418z";"Practica Jo. Serapionis, dicta Breviarium. Liber Serapionis de simplici medicina. Liber de simplici medicina dictus Circa instans. Practica Platearii";"1497";"Venetiis";"Null";"1497";"In-fol. (Hain, *14695.)";"Null";"Null"
"http://data.bnf.fr/ark:/12148/cb31385961k";"Liber Theicrisi, dahalmodana vahaltadabir, editus in arabico ab Abumeron Avenzohar, translatus de hebraico in latinum a magistro Paravicio, ipso sibi vulgarizante magistro Jacob hebreo, cum Colliget Averrois. Edidit Hieronymus Surianus";"1497";"Venetiis";"Null";"1497";"In-fol. (Pellechet, 1654.)";"Null";"Null"
"http://data.bnf.fr/ark:/12148/cb314271895";"Cornelii Taciti Historiae Augustae";"1497";"Venetiis";"per Philippum Pincii, sumptibus domini Bernardini Fontana";"1497";"In-fol. (Hain-Copinger, *15222, et Polain, 3654.)";"Null";"Null"
"http://data.bnf.fr/ark:/12148/cb314347957";"Zīnovíou ʼEpitomī̀ tō̂n Tarraíou kaì Didýmou paroimiō̂n";"1497";"Florentiae";"impensis ac cura P. de Zunta";"1497";"132 p.";"Null";"http://gallica.bnf.fr/ark:/12148/bpt6k713908"
"http://data.bnf.fr/ark:/12148/cb31461916j";"Expositiones textuales dubiorum atque luculentissime explanationes in [IV] libros de Celo et mundo, [in II libros] de Generatione et corruptione, [in IV libros] Metherologorum, ac [in libros] Parvorum naturalium Arestotelis [ : de Sensu et sensato, de Memoria et reminiscentia, de Somno et Vigilia, de Somniis, de Divinatione per sommum, de Longitudine et brevitate vite], variis ex ingeniis, primum tamen... ex probatissimis commentariis Angelici doctoris Thome Aquinatis, compendiario sermone, transsumpte... [Adjecta est antiqua textus translatio.]";"1497";"Colonie";"H. Quentell";"1497";"In-fol. (Hain, *6813 ; Pellechet, 1195 ; Vouillième, 150 ; Gesamtkatalog der Wiegendrucke, II, 2342.)";"Null";"Null"
"http://data.bnf.fr/ark:/12148/cb314621575";"Boetii,... De Consolatione philosophie liber, cum optimo commento beati Thome";"1497";"In Colonia";"per H. Quentell";"1497";"In-4° . (Hain-Copinger, *3390 ; Pellechet, 2537 ; Vouillième, 266 ; Gesamtkatalog der Wiegendrucke, IV, 4563 ; Polain, 740.)";"Null";"Null"
"http://data.bnf.fr/ark:/12148/cb31462186r";"Beati Thome de Aquino Opus dignissimum, cuilibet virtuose vivere volenti acque anime sue [salutem] desideranti perutilissimum, quaternatim procedens...";"1497";"[Paris";"Étienne Jehannot ou Pierre Le Dru ?";"1497";"Null";"Null";"Null"
"http://data.bnf.fr/ark:/12148/cb31462156t";"Boetii,... De Consolatione philosophie liber, cum optimo commento beati Thome";"1497";"In Daventria";"per J. de Breda";"1497";"In-4° . (Hain-Copinger, 3391 ; Campbell, 318 ; Pellechet, 2538 ; Gesamtkatalog der Wiegendrucke, IV, 4562 ; Polain, 742.)";"Null";"Null"
"http://data.bnf.fr/ark:/12148/cb31474674t";"Las Décadas de Tito Livio. - À la fin : Las Décadas de Tito Livio, impressas en Salamanca, año de nuestro Salvador Jesu Xp̄o de mill y CCCC. y XCVII. años. Acabáronse, mediante Dios, lunes XV. días del mes de agosto";"1497";"Salamanca";"Null";"1497";"In-fol., 200 ff. à 2 col. et la table, car. goth., initiales ornées, titre xylographié à encadr., avec portrait de Tite Live. (Hain, 10150 ; Catalogue de la bibliothèque de M. Ricardo Heredia, III, n  2987.)";"Null";"Null"
"http://data.bnf.fr/ark:/12148/cb31482897r";"Speculum finalis retributionis [in lucem editum per Gulielmum Totani cum ejusdem prefatione] noviter emendatum [per Petrum de Fontenayo]...";"1497";"Parisiis";"Null";"1497";"Petit in-8° . (Copinger-Reichling, 5073.)";"Null";"Null"
"http://data.bnf.fr/ark:/12148/cb31508088j";"Commentaria in libros Peri geneos Arestotelis per... Jacobum Amsfordensem,... elaborata...";"1497";"(Coloniae";"H. Quentell";"1497";"In-fol. (Pellechet, 1197.)";"Null";"Null"
"http://data.bnf.fr/ark:/12148/cb31521537r";"Tractatus de epidimia et peste domini Valasti de Tarenta,...";"1497";"In Hagennaw";"per H. Gran";"1497";"In-4° . (Hain, *15247 ; Br. Mus., Books pr. XVth c., t. III, p. 685.)";"Null";"Null"
"http://data.bnf.fr/ark:/12148/cb315206411";"Institutiones graecae grammatices [auctore fratre Urbano Bolzanio]";"1497";"Venetiis";"in aedibus A. Manutii";"1497";"In-4° . (Hain, *2763 et *16098 ; A.-A. Renouard, Annales de l'imprimerie des Alde, p. 11 ; Br. Mus., Books pr. XVth c., t. V, p. 558.)";"Null";"Null"
"http://data.bnf.fr/ark:/12148/cb31523003j";"Jesuida Hieronimi de Vallibus,... una cum divino Lactantii Firmiani carmine divino de Resurrectione Domini";"1497";"(Ingolstadti";"G. Wirffel et M. Ayrer";"1497";"In-4° , planche. (Hain, *15841 ; Br. Mus., Books pr. XVth c., t. III, p. 678.)";"Null";"Null"
"http://data.bnf.fr/ark:/12148/cb31553020r";"[Maffei Vegii,... Disceptatio inter Terram, Solem et Aurum. - Mafeus Vegius Eustachio fratri salutem. Maffei Veggii,... Dialogus Veritatis et Philalitis. - Mafei Vegii,... De Foelicitate et miseria dialogus. Mafei Vegii,... Astianax. Excusatio a scriptione rerum gestarum Italiae ad Antonium Pisanum.]";"1497";"Mediolani";"per G. Le Signerre";"1497";"In-fol. (Hain-Copinger, *15933 ; Br. Mus., Books pr. XVth c., VI, 789.)";"Null";"Null"
"http://data.bnf.fr/ark:/12148/cb31565992s";"Questiones perutiles venerabilis magistri Johannis Versoris super octo libros Physicorum Arestotelis cum textu ejusdem";"1497";"(Colonie,)";"per H. Quentell";"1497";"In-4° . (Hain, *16043 ; Voullième, 1225.)";"Null";"Null"
"http://data.bnf.fr/ark:/12148/cb31572283c";"Rhetoricorum libri cum tribus commentariis [Fabii Victorini, Francisci Maturantii et Antonii Mancinelli]";"1497";"(Lugduni,)";"Null";"1497";"In-4° . (Pellechet, 3646.)";"Null";"Null"
"http://data.bnf.fr/ark:/12148/cb315849176";"Le grant testament Villon et le petit";"1497";"Paris";"[J. Trepperel]";"1497";"Sign. A-E⁽8, F-G⁽6";"Null";"http://gallica.bnf.fr/ark:/12148/bpt6k70554q"
"http://data.bnf.fr/ark:/12148/cb31587740w";"Sermones sancti Vincentii,... de tempore. Pars estivalis incipit feliciter. - Au v° du titre : Epistola. B. Hassel Johanni Nicholai Verensis sacrarum artium theologicarum professori salutem plurimam dicit... Plus bas : Incipit tabula alphabetica sermonum... - Au f° sign. aa r° : Divini verbi preconis interpretis et professoris... sancti Vincentii Ferrarii... Sermones... estivales de tempore incipiunt feliciter. In die sancto Pasche. Sermo primus. - Au f° n. sign. MM⁽5 v° : Sermones sancti Vincentii... temporis estivalis finiunt feliciter. - À la fin, un sixain terminé par : Tu quidem solerti cura Hus es emendata. Edua Lugduni decusque sceptra tulit. Anno 1497 tertio nonas octobris";"1497";"Lugduni";"M. Huss";"1497";"In-4° à 2 col., car. goth., sign. @ ⁻1⁻1- @ ⁽8, aa-zz⁽8, AA-KK⁽8, LL⁽6, MM⁽5, GGG-RRR⁽8, SSS⁽7, marque de Mathias Huss à la fin. (Hain, *7011.)";"Null";"Null"
"http://data.bnf.fr/ark:/12148/cb442098791";"Invectiva in prophetiam fratris Hiernymi Savonarolae...";"1497";"Milano";"[Ulrich Scinzenzeler]";"1497";"Sig. a8, b4, c6";"Null";"Null"
"http://data.bnf.fr/ark:/12148/cb316022268";"Epistolae heroides... cum commentariis Antonii Volsci et Ubertini Clerici Crescentinatis. [Sappho et in Ibin cum expositionibus Domitii Calderini.]";"1497";"(Venetiis";"Null";"1497";"In-fol. (Hain, *12200.)";"Null";"Null"
"http://data.bnf.fr/ark:/12148/cb316069354";"La légende dorée en françois [par Jacques de Voragine. Trad. Jean de Vignay. Éd. Jean Battalier]";"1497";"Lyon";"Jean de Vingle";"1497";"304 ff.";"Null";"http://gallica.bnf.fr/ark:/12148/btv1b8604295z"
"http://data.bnf.fr/ark:/12148/cb316069950";"Sermones quadragesimales fratris Jacobi de Voragine,... [Sermones de tempore. Sermones de sanctis.]";"1497";"Venetiis";"per S. de Luere, impensis L. Soardi";"1497";"3 parties en 1 vol. in-4° . (Pellechet, Catalogue des incunables des bibliothèques... de Lyon, 627-629 ; Copinger, 6525 ; Br. Mus., Books pr. XVth c., t. V, p. 574 ; Goff, J-202.)";"Null";"Null"
"http://data.bnf.fr/ark:/12148/cb316561020";"Isidoneus germanicus ad R.P.D. Georgium de Gemmyngen,... prepositum Jacobi Vympfelingi,...";"1497";"[Speyer";"Konrad Hist";"1497";"[4]-XXI-[1] ff.";"Null";"Null"
"http://data.bnf.fr/ark:/12148/cb316560799";"Jacobi Wimphelingi,... Elegantiarum medulla oratoriaque precepta, in ordinem inventu facilem, copiose, clare, breviterque reducta";"1497";"[Speyer";"Konrad Hist";"1497";"signé a6, b4, c6, d4, e8";"Null";"Null"
"http://data.bnf.fr/ark:/12148/cb31656103b";"Isidoneus germanicus ad R.P.D. Georgium de Gemmyngen,... prepositum Jacobi Vymphelingi,...";"1497";"[Strasbourg";"Johannes Grüninger";"1497";"36 ff.";"Null";"Null"
"http://data.bnf.fr/ark:/12148/cb316731798";"Index eorum quae hoc in libro habentur : Jamblichus de Mysteriis Aegyptiorum, Chaldaeorum, Assyriorum ; Proclus In platonicum Alcibiadem de anima atque daemone ; Proclus de Sacrificio et magia ; Porphyrius de Divinis atque daemonibus ; Synesius Platonicus de Somniis ; Psellus de Daemonibus ; Expositio Prisciani et Marsilii in Theophrastum de sensu, phantasia et intellectu ; Alcinoi Platonici,... Liber de doctrina Platonis ; Speusippi,... Liber de Platonis difinitionibus [sic] ; Pythagorae,... Aurea verba ; Symbole Pithagorae [sic],... Xenocratis,... Liber de morte. [Omnia latine M. Ficino interprete.] Marsilii Ficini Liber de voluptate";"1497";"Venetiis";"Null";"1497";"In-fol. (Hain, 9358 ; Polain, 2236 ; Br. Mus., Books pr. XVth c., t. V, p. 557.)";"Null";"Null"
"http://data.bnf.fr/ark:/12148/cc588956";"Heroides";"1497";"Null";"Null";"Null";"138 ff.";"Null";"http://gallica.bnf.fr/ark:/12148/btv1b8427253m"
"http://data.bnf.fr/ark:/12148/cb317292434";"Angelus de Aretio // super Institutis. - (A la fin :) Explicit Lectura... // ... domini Angeli de Aretio, super Institutis, una cum // figuratione casuum ad unumquemque §, necnon cum conti//nuationibus... // ..., compositis per famosissimum facile // juristarum principem dominum Franciscum de Aretio. Impressa Ve//netiis, arte et industria Andree Thoresani de Asula, anno ab // incarnatione Domini M. CCCC.XCVII, die XXVII julii";"1497";"Venise";"Null";"1497";"Null";"Null";"Null"
"http://data.bnf.fr/ark:/12148/cb31730117b";"Metheororum Arestotelis [libri III, cum commentariis Jacobi de Amsfordia]";"1497";"Coloniae, H. Quentell";"Null";"1497";"Null";"Null";"Null"
"http://data.bnf.fr/ark:/12148/cb317300230";"Expositiones in naturalia Aristotelis";"1497";"Coloniae";"Null";"1497";"Null";"Null";"Null"
"http://data.bnf.fr/ark:/12148/cb31730074w";"Textus Ethicorum Aristotelis ad Nico//machum, juxta antiquam translationem, cum familiarissimo commentario in//eundem, et compendiosis questionibus ac dubiis circa litteram emergen//tibus, ad mentem doctissimorum virorum et magistrornm Martini Magistri et//Johannis Buridani majori pro parte decisis. [Marque de Jehan Petit.) - Avant la table finale : fol. CXXI Ve : Finit liber Ethicorum Aristotelis ad Nico//machum, interprete (ut nonnulli astruunt) fratre//Henrico Krosbein, ordinis Fratrum Predicatorum, quem et omnes textus ejusdem philosophi traduxisse dicunt... (Marque d'André Bocard, après la table.)";"1497";"[Paris, A. Bocard";"Null";"1497";"Null";"Null";"Null"
"http://data.bnf.fr/ark:/12148/cb318432914";"Vita scholastica";"1497";"Parisiis";"Null";"1497";"Null";"Null";"Null"
"http://data.bnf.fr/ark:/12148/cb32016200v";"Opusculum aureum anime peccatricis";"1497";"Paris";"[Félix Baligault pour] Denys Roce";"1497";"sign. A-E";"Null";"Null"
"http://data.bnf.fr/ark:/12148/cb32032859m";"Opera graece";"1497";"Venetiis, Aldus Manutius";"Null";"1497";"Null";"Null";"Null"
"http://data.bnf.fr/ark:/12148/cb321606628";"De Passionibus anime [auctore Johanne Gerson]";"1497";"[Paris";"Étienne Jehannot, pour Claude Jaumar ?";"1497";"[20] ff. en partie signés [a]8, b8, c4";"Null";"Null"
"http://data.bnf.fr/ark:/12148/cb321923945";"Pastorale sancti Gregorii pape";"1497";"Argentinae";"Null";"1497";"Null";"Null";"Null"
"http://data.bnf.fr/ark:/12148/cb322818750";"Thesaurus pauperum";"1497";"Anvers, Thierry Martens";"Null";"1497";"Null";"Null";"Null"
"http://data.bnf.fr/ark:/12148/cb324491358";"Sermones perutiles de sanctis per circulum anni, Bige (sic) salutis intitulati, feliciter incipiunt. - (A la fin :) Sermones perutiles de sanctis, Biga salutis intitulati, a quodam fratre hungaro, in conventu Pesthiensi Fratrum Minorum de Observantia, comportati, impensis quoque et sumptibus providi viri Johannis Ryman, per industrium Henricum Gran, in imperiali oppido Hagenaw inibi incolan[...], diligentissime impressi ac emendan, finiunt feliciter, anno ab incarnatione Domini millesimo quaterque centesimo no[...]agesimo septimo, VI kalendas augusti";"1497";"Haguenau";"Null";"1497";"Null";"Null";"Null"
"http://data.bnf.fr/ark:/12148/cb326578776";"Terentianus de Litteris, syllabis et metris Horatii. [Edidit Georgius Galbiatus.]";"1497";"Plotin-Florence";"Null";"1497";"Null";"Null";"Null"
"http://data.bnf.fr/ark:/12148/cb332429467";"Libro del // anticristo // (à la fin) son acabados // los libros del anti//xp̃o y judicio final // opostrimero con el // sermon de señor san // vicente bienaven tu//rado : emprentadis en la mny nobler le//al cibdad de Bur//gos por maestre Fa//drique alemã de ba//silea. Año de Mill.//CCCC.XCVij // (à la suite) comiença la carta que embio rabi // Samuel... a Rabi Ysaac... // enet'año mil... traslo // dada del arabigo en latin por fray alonso...";"1497";"Burgos";"Friedrich Biel";"1497";"Ill.";"Null";"Null"
"http://data.bnf.fr/ark:/12148/cb33246963s";"Ars moriendi (Cum de præsentis exilii...). - Ad sanctum Michaelem carmen (Inclite caeligena Michael...). - De Meditatione mortis (Quacumque impugnatione aut tentatione...). - De Meditatione mortis (Mortales dominus cunctos...). - De Judicio mortis et variis casibus ejus (Lex metuenda premit mortales...). - Augustinus, Pseudo- Speculum peccatoris. - De Contemptu mundi rhythmus (O miranda vanitas o divitiarum...)";"1497";"Paris";"Guy Marchant pour lui-même et pour Jean Petit";"1497";"Null";"Null";"Null"
"http://data.bnf.fr/ark:/12148/cb332614461";"Danielis somniorum expositoris veriditi";"1497";"Augsburg";"Hans Schaur";"1497";"4°, ill.";"Null";"Null"
"http://data.bnf.fr/ark:/12148/cb333920239";"Fierabras";"1497";"Lyon";"P. Maréchal et B. Chaussard";"1497";"78 ff. non chiffrés, sign. aij-Kiiij";"Null";"http://gallica.bnf.fr/ark:/12148/bpt6k111068s"
"http://data.bnf.fr/ark:/12148/cb33559790k";"Les quatre fils Aymon";"1497";"Lyon";"Jean de Vingle";"1497";"[135] f. n. ch.";"Null";"http://gallica.bnf.fr/ark:/12148/bpt6k111065n"
"http://data.bnf.fr/ark:/12148/cb33768954k";"(Lettres d'indulgences accordées le 8 mai 1497 à nobilis Guiliot, senior de Dyana, et nobilis Franceza de Serevet, ejus uxor ; la pièce commence par les mots :) Universis presentes litteras inspecturis, nos Johanes Urgelli, sacre theologie professor ac totius sacri ordinis Beate Marie de Mercede redemptionis captivorum magister generalis...";"1497";"[S. l. n. d. ?]";"Null";"1497";"Feuillet de 215 millimètres sur 190. Caractères gothiques. 36 lignes";"Null";"Null"
"http://data.bnf.fr/ark:/12148/cb359043023";"Revolutionary activities directed toward the administration of penal or correctional systems 4";"1497";"Washington";"Government printing office";"1497";"Null";"Null";"Null"
"http://data.bnf.fr/ark:/12148/cb35951102v";"Prima [-quarta] pars Lyre";"1497";"Null";"Null";"Null";"4 parties";"Null";"Null"
"http://data.bnf.fr/ark:/12148/cb35951090p";"Biblia cum summariis concordantiis";"1497";"Null";"Null";"1497";"[15]-CCCLXXXIII-[33] f.";"Null";"Null"
"http://data.bnf.fr/ark:/12148/cb359510884";"Biblia cum Concordantiis Veteris et Novi testamenti";"1497";"Null";"Null";"Null";"[492] f.";"Null";"Null"
"http://data.bnf.fr/ark:/12148/cb35951089g";"Biblia";"1497";"Null";"Null";"Null";"[524] f.";"Null";"Null"
"http://data.bnf.fr/ark:/12148/cb365869537";"Dyonisii Ariopagite doctoris Jerarchici vita...";"1497";"Nürnberg";"Kaspar Hochfeder";"1497";"Null";"Null";"Null"
