id;title;date;place;publisher;firstyear;description;subject;gallica
"http://data.bnf.fr/ark:/12148/cb300004710";"Liber isagogicus Alchabitii de planetarum conjunctionibus. Latine vertit Joannes Hispalensis, commentum adjecit Joannes (Danck) de Saxonia, et edidit Bartholomaeus de Alten";"1491";"Venetiis";"impressum per J. et G. de Forlivio fratres";"1491";"In-4° . (Hain, *618.)";"Null";"Null"
"http://data.bnf.fr/ark:/12148/cb30007510r";"Alberti Magni Mineralium libri V, a Nicoleto de Pigaciis revisi";"1491";"Papie";"per C. de Canibus";"1491";"In-4° . (Pellechet, 337.)";"Null";"Null"
"http://data.bnf.fr/ark:/12148/cb30009908s";"Doctrinale, cum commento Ludovici de Guaschis";"1491";"Venetiis";"per Liga Bovariam";"1491";"In-4°";"Null";"Null"
"http://data.bnf.fr/ark:/12148/cb30015754n";"Gloriosi Ambrosii Epistolae. De vocatione omnium gentium. De aedificatione urbis Mediolani. De Ysaac et anima. De fuga saeculi. Edidit S. Dulcinius";"1491";"Mediolani";"per A. Zarotum";"1491";"In-fol. (Pellechet, 583.)";"Null";"Null"
"http://data.bnf.fr/ark:/12148/cb30020844m";"Summa angelica de casibus conscientiae, compilata per fratrem Angelum de Clavasio, cum praefatione Hieronymi Tornieli";"1491";"Argentine";"per M. Flach";"1491";"In-fol. (Hain, *5391.)";"Null";"Null"
"http://data.bnf.fr/ark:/12148/cb30022160d";"Opera et tractatus beati Anselmi, archiepiscopi Cantuariensis";"1491";"Norimbergae";"per Hochfeder";"1491";"In-fol. (Pellechet, 797.)";"Null";"Null"
"http://data.bnf.fr/ark:/12148/cb30023249d";"Aelii Anthonii Nebrissensis grammatica, seu introductiones latinae. Secunda editio";"1491";"[Venezia]";"Cristoforo [Botti]";"1491";"Null";"Null";"Null"
"http://data.bnf.fr/ark:/12148/cb300293641";"Regimen sanitatis (cum expositione Arnaldi de Villanova, emendatum per doctores Montispessulani regentes)";"1491";"Argentinae";"(impr. per M. Flach)";"1491";"In-4° . (Pellechet, 1293.)";"Null";"Null"
"http://data.bnf.fr/ark:/12148/cb30029394z";"Le Régime très utile et très-proufitable pour conserver et garder la santé du corps humain (exposé par maistre Arnoul de Villeneuve et corrigé par les docteurs en médecine regens à Montpellier)";"1491";"[Lyon";"Jean Dupré";"1491";"Null";"Null";"Null"
"http://data.bnf.fr/ark:/12148/cb30038766s";"Opuscula plurima divi Aurelii Augustini, cum ejus vita a Possidio conscripta";"1491";"Strasbourg";"Martin Flach";"1491";"Null";"Null";"Null"
"http://data.bnf.fr/ark:/12148/cb30038669j";"Joannis Aurelii Augurelli carminum liber primus";"1491";"Vérone";"Null";"1491";"In-8° . (Pellechet, 1457.)";"Null";"Null"
"http://data.bnf.fr/ark:/12148/cb30039065r";"Transito di sancto Hieronimo...";"1491";"Venetiis";"Null";"1491";"In-4° , car. goth.";"Null";"Null"
"http://data.bnf.fr/ark:/12148/cb300387674";"Opuscula plurima divi Aurelii Augustini,... Vita sancti Guarini. (Edidit Severinus Chalcus.)";"1491";"Parma";"Angelo Ugoletti";"1491";"Null";"Null";"Null"
"http://data.bnf.fr/ark:/12148/cb30039116t";"Divi Aurelii Augustini expositio in Evangelium secundum Johannem";"1491";"[Basel]";"[Johannes Amerbach]";"1491";"In-fol";"Null";"Null"
"http://data.bnf.fr/ark:/12148/cb30039393t";"Soliloquii di sancto Agostino, et e dieci gradi per li quali lhuomo che gli ha viene a perfectione";"1491";"Firenze";"Null";"1491";"In-4° . (Pellechet, 1523.)";"Null";"Null"
"http://data.bnf.fr/ark:/12148/cb300419498";"[HaQaʾnwn]";"1491";"[Naʾpwliy]";"[דפוס עזריא' בר יוסף]";"1491";"3 tomes en 1 vol. [477] f.";"http://data.bnf.fr/ark:/12148/cb11976232x";"http://gallica.bnf.fr/ark:/12148/bpt6k852156p"
"http://data.bnf.fr/ark:/12148/cb30048946x";"Summa quae vocatur Catholicon edita a fratre Johanne de Janua (Balbi)";"1491";"[Lyon";"Matthias Huss]";"1491";"Null";"Null";"Null"
"http://data.bnf.fr/ark:/12148/cb300622072";"De Proprietatibus rerum fratris Bartholomaei Anglici, de Ordine Fratrum minorum";"1491";"Strasbourg";"[imprimeur du Jordanus de Quedlinburg, H 9438 (= Georg Husner ?)]";"1491";"Null";"Null";"Null"
"http://data.bnf.fr/ark:/12148/cb300843495";"Expositio super Regulam beatissimi patris Benedicti...";"1491";"Paris";"Null";"1491";"In-4° . (Hain, * 15734.)";"Null";"Null"
"http://data.bnf.fr/ark:/12148/cb30089880w";"Colloquium peccatoris et crucifixi Jhesu Christi. Dyalogus sive synonima Ysidori de homine et ratione";"1491";"Davantrie";"impressa per Richardum Paffroed";"1491";"In-4° . (Campbell, 468.)";"Null";"Null"
"http://data.bnf.fr/ark:/12148/cb30089848d";"Opuscula varia divi Bernardi";"1491";"Mutine";"Null";"1491";"In-4° . (Hain, 2921.)";"Null";"Null"
"http://data.bnf.fr/ark:/12148/cb30092836x";"Orationes et opuscula";"1491";"Bononiae";"B. Hectoris et P. de Benedictis";"1491";"In-4° . (Pellechet, 2210.)";"Null";"Null"
"http://data.bnf.fr/ark:/12148/cb301007323";"Libro del Monte di Dio et del monte delle orationi et scala del Paradiso spirituale da frate Antonio da Siena, povero Giesuato, reverendissimo veschovo di Fuligno (Antonio Bettini)";"1491";"Firenze";"per L. de Morgiani et G. Thodesco da Maganza";"1491";"In-fol., fig. sur bois. (Hain, 1277.)";"Null";"Null"
"http://data.bnf.fr/ark:/12148/cb30118286s";"Boetii de consolatione philosophiae, cum commento sancti Thome";"1491";"Strasbourg";"Null";"1491";"In-4° . (Pellechet, 2532.)";"Null";"Null"
"http://data.bnf.fr/ark:/12148/cb301168650";"La Fiammetta del Boccaccio";"1491";"Venesia";"per Maximo de Papia";"1491";"In-4° . (Pellechet, 2453.)";"Null";"Null"
"http://data.bnf.fr/ark:/12148/cb30118298s";"Boetii de Consolatione philosophica, cum commento Thomae de Aquino. Ejusdem de disciplina scholastica, cum commento";"1491";"Lugduni";"Johannes de Prato";"1491";"In-4°";"Null";"Null"
"http://data.bnf.fr/ark:/12148/cb301182874";"Boetii de consolatione philosophiae, cum commento sancti Thome";"1491";"Daventriae";"Jacobus de Breda";"1491";"In-4° . (Pellechet, 2533.)";"Null";"Null"
"http://data.bnf.fr/ark:/12148/cb30118285f";"Boetii de consolatione philosophiae, cum commento sancti Thome";"1491";"Hagenaw";"Null";"1491";"In-4° . (Pellechet, 2530.)";"Null";"Null"
"http://data.bnf.fr/ark:/12148/cb30125329q";"Fol. 1 r°¸ : De Modo se preparandi ad celebrandum missam. - Fol. 1 v°¸ : Tractatus brevis domini Bonadventure de modo se preparandi ad celebrandum missam. - Fol. d I : Augustinus de dignitate sacerdotum. - A la fin : Divi Augustini tractatus qui de dignitate sacerdotum inscribitur, una cum speculo celebrantis finit feliciter";"1491";"[Paris";"Pierre Levet";"1491";"Sign. a et d, car. goth., marque typogr. de Pierre Levet au titre";"Null";"Null"
"http://data.bnf.fr/ark:/12148/cb30125321z";"Legende van sinte Franciscus. - Die Legende ende dat leven der heyligher maget sinte Claren. (Van sinte Bonaventura.)";"1491";"Antwerpen";"Geraert Leeu";"1491";"Null";"Null";"Null"
"http://data.bnf.fr/ark:/12148/cb30125371h";"Domini Bonaventurae Perlustratio in arcana primi (- secundi) Sententiarum, cura Johannis Beckenhaub";"1491";"(Norimbergae,)";"per A. Koberger";"1491";"5 parties";"Null";"Null"
"http://data.bnf.fr/ark:/12148/cb30125377k";"Tabula super libros Sententiarum cum Bonaventura (auctore J. Beckenhaub). - Fol. a 2 : Johannis Bekenhaub moguntini in scripta divi Bonaventure cum textu Sententiarum tabula... - Fol. sign. 1 : Sequuntur varii articuli erronei omnium pene facultatum in Anglia et Parisius studiose et autoritative condemnati cum revocationibus eorundem. - A la fin : Huic ergo tractatui (utinam et adverso errori) finem statuimus...";"1491";"Null";"Null";"1491";"In-fol., car. goth., 2 col., 64 l., sign. a-q et 1";"Null";"Null"
"http://data.bnf.fr/ark:/12148/cb30126515t";"Liber sextus Decretalium Bonifacii Papae VIII, cum novellis et declaratione Joannis Andreae de arboribus consanguinitatis et affinitatis. Clementinae ac Extravagantes. - Fol a 1°v : Tabula... - Fol. 2°v : Circa lecturam arboris... - Fol. 4 : Quia preposterus est ordo... Sexti libri decretalium compilatio, illustrata lucubrationibus et additamentis... Hieronymi Clarii... cum summulis et divisionibus Dominici de Sancto Gemi mano... - A la fin : Finis. Venetiis, per Baptistam de Tortis die IIII novembris M CCCC LXXXXI. Registrum... - 2e partie. Fol. 2 : Johannes gratiosum hoc nomen... Incipiunt constitutiones Clementis pape Quinti, una cum apparatu Johannis Andree... - Fol. 50 : Hieronymi Clarii in extravagantes decretales... preludium... Incipiunt decretales extravagantes...";"1491";"Venetiis";"Null";"1491";"In-fol., car. goth., 2 col., commentaire encadrant le texte, 104 ff. sign. a-n et 56 ff. sign. A-H. (Pellechet, 1758 ou 2758)";"Null";"Null"
"http://data.bnf.fr/ark:/12148/cb30149800r";"La Somme rural";"1491";"Paris";"pour Antoine Vérard";"1491";"2 parties";"Null";"Null"
"http://data.bnf.fr/ark:/12148/cb30161513r";"Revelacien van S. Birgitten van den leven ende passie O. H. Jesus Christus ende sijure moeder Marien. - S. Birgitten legende. - S. Katherinen van Watstein legende";"1491";"Antwerpen";"Gheraerdt Leeu";"1491";"In-8° . (Campbell, 382.)";"Null";"Null"
"http://data.bnf.fr/ark:/12148/cb30170501q";"Trionfi";"1491";"(S. l.,)";"Null";"1491";"In-fol.";"Null";"Null"
"http://data.bnf.fr/ark:/12148/cb30178408s";"Burleus. Super octo libros Physicorum Aristotelis";"1491";"Venetiis";"arte Boneti Locatelli, expensis Oct. Scoti";"1491";"In-fol. (Hain, *4139.)";"Null";"Null"
"http://data.bnf.fr/ark:/12148/cb301765700";"Fastorum, sive Dierum solennium christianae religionis libri IV";"1491";"Romae";"per Stephanum Planck";"1491";"In-4° , (Hain, *3631.)";"Null";"Null"
"http://data.bnf.fr/ark:/12148/cb30203422v";"Cassiodori, clarissimi Senatoris, in Psalterium expositio";"1491";"Basilee";"J. de Amerbach";"1491";"In-fol. (Hain-Copinger, *4574.)";"Null";"Null"
"http://data.bnf.fr/ark:/12148/cb30207042b";"Tibullus, Catullus et Propertius cum commento (videlicet Bernardini Veronensis in Tibullum, Antonii Parthenii in Catullum, Philippi Beroaldi in Propertium). - A la fin : Commentarii in Propertium a Philippo Beroaldo editi anno salutis MCCCCLXXXVII, impressi vero Venetiis a Boneto Locatello Bergomensi, cui necessaria exhibuit nobilis vir Octavianus Scotus Modoetiensis, anno ejusdem salutis nonagesimo primo supra millesimum, quinto idus decembris";"1491";"Venise";"Null";"1491";"In-fol., car. rom., 61 lig. à la page, sign. a-x";"Null";"Null"
"http://data.bnf.fr/ark:/12148/cb302093132";"Urbium dicta ad Maximilianum I, Romanorum regem, auctore J. Caviceo";"1491";"(S. l.,)";"Null";"1491";"In-4° . (Pellechet, 3455.)";"Null";"Null"
"http://data.bnf.fr/ark:/12148/cb30241657d";"Emmanuelis chrysolorae Grammatica graecolatina";"1491";"Vincenza";"Leonhard Achates";"1491";"sign. a-f.";"Null";"Null"
"http://data.bnf.fr/ark:/12148/cb30249181t";"Clementis papae V Constitutiones ; decretales extravagantes, una cum apparatu Johannis Andreae";"1491";"Venetiis";"B. de Tortis";"1491";"In-fol. (Pellechet, 2758.)";"Null";"Null"
"http://data.bnf.fr/ark:/12148/cb302899392";"Hortus sanitatis (Joanne de Cuba auctore)";"1491";"Mainz";"Jacob Meydenbach";"1491";"Null";"Null";"Null"
"http://data.bnf.fr/ark:/12148/cb30299265w";"La Divina Commedia di Dante Alighieri, col commento di Landino, emendato da Piero da Fighino. Credo, il Pater nostro e l'Ave Maria";"1491";"Venezia";"per Bernardino Benali e Matthio da Parma";"1491";"In-fol. (Hain-Copinger, 5950.)";"Null";"Null"
"http://data.bnf.fr/ark:/12148/cb30384812q";"Guilelmi Durandi Rationale divinorum officiorum [éd. Johannes Aloysius Tuscanus]";"1491";"Venezia";"Boneto Locatello pour Ottaviano Scoto";"1491";"Null";"Null";"Null"
"http://data.bnf.fr/ark:/12148/cb30401813v";"Libri sancti Effrem de Compunctione cordis, Judicio Dei et Resurrectione, etc. Beatitudine anime, Penitentia, Luctamine spiritali, Die judicii. - A la fin : Sancti ac devoti viri Effrem diaconi liber de Die judicii feliciter explicit";"1491";"[Freiburg im Breisgau";"Kilian Fischer";"1491";"20 ff. signés A6, B4, C10, le dernier blanc";"Null";"Null"
"http://data.bnf.fr/ark:/12148/cb304060533";"Aesopus moralisatus, cum bono commento, quod incipit : Grecia, disciplinarum mater";"1491";"(S. l.)";"Null";"1491";"In-4° . (Pellechet, 214.)";"Null";"Null"
"http://data.bnf.fr/ark:/12148/cb304273062";"Lucii Fenestellae de Romanorum magistratibus liber";"1491";"[Venezia";"Massimo Butrici";"1491";"Null";"Null";"Null"
"http://data.bnf.fr/ark:/12148/cb30435552h";"Orationes Francisci Philelphi, cum quibusdam aliis opusculis [traductione Aristotelis rethoricae ; Plutarchi apophthegmatum ad Trajanum ; Plutarchi apophthegmatum laconicorum ; Introductorio Galeni ad medicinam ex editione et translatione Georgii Vallae]";"1491";"Venetiis";"per B. de Zanis de Portesio";"1491";"In-4° , car. rom. (Hain, *12923.)";"Null";"Null"
"http://data.bnf.fr/ark:/12148/cb30492284t";"Florida corona medicinae omnibus sanitatem affectantibus utilis et necessaria, edita per Antonium Gazium...";"1491";"Venezia";"Giovanni et Gregorio de' Gregori";"1491";"[124] ff. non ch.";"Null";"Null"
"http://data.bnf.fr/ark:/12148/cb30498770z";"Cordiale de quattuor novissimis [a Gerardo de Vliederhoven]. Exempla";"1491";"Deventer";"in platea episcopi [= Richardus Pafraet]";"1491";"54 ff. signés a-i6";"Null";"Null"
"http://data.bnf.fr/ark:/12148/cb30501643d";"Johannis Gerson Tractatus notabilis de passionibus animae";"1491";"[Paris";"Philippe Pigouchet";"1491";"[20] ff. signés a-b8, c4";"Null";"Null"
"http://data.bnf.fr/ark:/12148/cb30506282d";"Auctoritates Aristotilis[sic], Senecae, Boetii...";"1491";"Bononiae";"Null";"1491";"In-4° . (Hain, *1934.)";"Null";"Null"
"http://data.bnf.fr/ark:/12148/cb30523130k";"Practica excellentissimi medicine monarce domini magistri Bernardi de Gordonio, dicta Lilium medicine";"1491";"Lugduni";"A. Lambillon et M. Sarrazin";"1491";"In-fol. (Pellechet, 5275.)";"Null";"Null"
"http://data.bnf.fr/ark:/12148/cb305358724";"Decretum Gratiani, cum apparatu Bartholomaei Brixiensis";"1491";"Venezia";"Andrea Calabrese";"1491";"[354] ff. signés";"Null";"Null"
"http://data.bnf.fr/ark:/12148/cb30538098b";"Libri pastoralis beati Gregorii pape ...";"1491";"[Paris";"Georg Wolf";"1491";"[74] ff. signés a-h8, i10, les ff. a1 et i10 blancs";"Null";"Null"
"http://data.bnf.fr/ark:/12148/cb30538054q";"Liber quadraginta omeliarum beati Gregori pape de diversis lectionibus Evangelii";"1491";"Paris";"Georg Wolf";"1491";"[172] ff. signés a-x8, y4";"Null";"Null"
"http://data.bnf.fr/ark:/12148/cb305575219";"Rhetorica divina de Oratione domini Guilermi parisiensis";"1491";"[Freiburg im Breisgau";"Kilian Fischer";"1491";"58 ff. signés [✽]8, a-b6, c4, d-f6, g4, h-i6";"Null";"Null"
"http://data.bnf.fr/ark:/12148/cb30557498m";"Postilla Guillerini super Epistolas et Evangelia de tempore et de sanctis et pro defunctis";"1491";"[Deventer";"Jacobus de Breda]";"1491";"186 ff. foliotés et signés [✽]4, a-g6, h4, i-t6, v8, x-z6, A-F6, G8";"Null";"Null"
"http://data.bnf.fr/ark:/12148/cb305635415";"Andreae Guterrii,... Paucissimi sudores in laudem Virginis Mariae";"1491";"Venetiis";"Null";"1491";"In-4° . (Hain-Copinger, 8333.)";"Null";"Null"
"http://data.bnf.fr/ark:/12148/cb368120724";"Textus sequentiarum cum optimo commento";"1491";"[Strasbourg";"Johannes Prüss";"1491";"134 feuillets";"Null";"Null"
"http://data.bnf.fr/ark:/12148/cb36812920c";"Expositio hymnorum perutilis omnibusque salubris";"1491";"[Strasbourg";"Johannes Prüss";"1491";"56 feuillets";"Null";"Null"
"http://data.bnf.fr/ark:/12148/cb368142260";"(F °. 1 °. r °.) Incipit ordo missalis Pm // consuetudinem romane curie // Nurmberge per georgium stuchs de sultzbach";"1491";"Venetiis";"Reynaldus de Novimagis";"1491";"Null";"Null";"Null"
"http://data.bnf.fr/ark:/12148/cb368165598";"[Horae ad usum Ebroicensem] (A la fin :) les presètes heures furent T primées a Goupilleres le VIII. iour de may lan mil quatre cens quatre vings et unze par honorable hom̄e messire Michel Andrieu, prestre";"1491";"Goupillières, [Eure]";"Michel Andrieu";"1491";"In-8 °";"Null";"Null"
"http://data.bnf.fr/ark:/12148/cb368168969";"[Horae ad usum Parisiensem]";"1491";"Paris";"Philippe Pigouchet";"1491";"4 °, ill.";"Null";"Null"
"http://data.bnf.fr/ark:/12148/cb368174864";"Missale Gebennense";"1491";"[Lyon]";"Jean Fabri pour Jean de Stalle à Genève";"1491";"2 °, ill.";"Null";"http://gallica.bnf.fr/ark:/12148/bpt6k856523v"
"http://data.bnf.fr/ark:/12148/cb368180628";"Missale Herbipolense";"1491";"Würzburg";"Georg Reyser";"1491";"2 °, ill., musique";"Null";"Null"
"http://data.bnf.fr/ark:/12148/cb368180419";"Missale Virdunense";"1491";"Paris";"Jean Du Pré";"1491";"1 vol. (208 f. à 2 colonnes)";"Null";"http://gallica.bnf.fr/ark:/12148/bpt6k110639q"
"http://data.bnf.fr/ark:/12148/cb36819637z";"Breviarium Rothomagense";"1491";"Rouen";"Guillaume Le Talleur. - puis Martin Morin pour Jean Richard";"1491";"3 parties, 2 °";"Null";"Null"
"http://data.bnf.fr/ark:/12148/cb368207091";"Obsequiale Ratisponense";"1491";"Nürnberg";"Georg Stuchs";"1491";"4 °, ill., musique";"Null";"Null"
"http://data.bnf.fr/ark:/12148/cb368247733";"[Horae ad usum Romanum]";"1491";"Venezia";"Johann Hamann";"1491";"Null";"Null";"Null"
"http://data.bnf.fr/ark:/12148/cb36824769v";"[Horae ad usum Romanum.]";"1491";"[Paris";"Jean Du Pré pour] Antoine Caillaut";"1491";"Null";"Null";"Null"
"http://data.bnf.fr/ark:/12148/cb36824774f";"Horae ad usum Romanum (?)";"1491";"Kirchheim";"[Marcus Reinhard]";"1491";"8 °, ill.";"Null";"Null"
"http://data.bnf.fr/ark:/12148/cb30597486f";"Mercurii Trismegisti Liber de potestate et sapientia Dei";"1491";"Venetiis";"impressum per Maximum de Butricis";"1491";"In-4°";"Null";"Null"
"http://data.bnf.fr/ark:/12148/cb306200433";"De Immortalitate anime. - A la fin : Magistri Guillermi Houppellande libello de immortalitate anime... finis impositus est, quem studiosissime castigavit magister Ludovicus Bochin,... quem quoque Parisius exaravit Philippus Pigouchet, pro Anthonio Baqueleri, civitatis gratianopolitane, anno salutis christiane 1491, hac luce maii 28";"1491";"Parisius";"Null";"1491";"Petit in-8° , 25 ff. non ch., sign. a-c, caract. goth., bois, initiales peintes";"Null";"Null"
"http://data.bnf.fr/ark:/12148/cb30631824g";"Hyginius, von den xij Zaichen und xxxvj Pildern des Hymels mit yedes Stern...";"1491";"Augsbourg";"E. Ratdolt";"1491";"In-4° . (Hain, *9067.)";"Null";"Null"
"http://data.bnf.fr/ark:/12148/cb373025101";"Autores octo morales continentes libros...";"1491";"Engolismae";"[s.n.]";"1491";"282 p.";"Null";"http://gallica.bnf.fr/ark:/12148/bpt6k70185w"
"http://data.bnf.fr/ark:/12148/cb30649887h";"Sancto Jovanni Climacho, altrimenti Scala paradisi";"1491";"Venesia";"per C. da Mandelo";"1491";"In-4° , (Hain-Copinger, 5469.)";"Null";"Null"
"http://data.bnf.fr/ark:/12148/cb30652718x";"Vite de' santi padri, da S. Girolamo, Erradio, Leonzo, Giovanni di Gierusalemme, volgarizzate da Domenico Cavalca. Il Prato spirituale, volgarizzato di Giovanni Everato da Fr. Belcari";"1491";"Venetiis";"L. A. di Giunta";"1491";"In-fol. (Hain, 8624.)";"Null";"Null"
"http://data.bnf.fr/ark:/12148/cb30670759f";"D. Junii Juvenalis Satyrae, cum commentariis Domitii Calderini et Georgii Vallae";"1491";"Venetiis";"per Theodorum de Regazonibus";"1491";"In-fol. (Hain-Copinger, *9704.)";"Null";"Null"
"http://data.bnf.fr/ark:/12148/cb30679913v";"Fasciculus medicinae, auctore Johanne de Ketham, revisus per Georgium de Monteferrato. Consilium Petri de Taussignano pro peste evitanda : [incunable]";"1491";"Null";"Null";"1491";"1 vol.";"Null";"http://gallica.bnf.fr/ark:/12148/btv1b525042817""http://data.bnf.fr/ark:/12148/cb38495176r";"[Illustrations de Hortus Sanitatis]";"1491";"Morguntia";"J. Meydenbach";"1491";"19 est. : grav. sur bois : n. et b. et coul.  ; 13,5 x 21,5 cm et moins";"http://data.bnf.fr/ark:/12148/cb11934798x";"http://gallica.bnf.fr/ark:/12148/btv1b2100001h"
"http://data.bnf.fr/ark:/12148/cb384951773";"Illustrations de Hortus Sanitatis";"1491";"Morguntia";"Jacobus Meydenbach";"1491";"19 est. : gravures sur bois en noir et en rouge : n. et b.  ; 13,5 X 21, 5 cm et moins";"Null";"Null"
"http://data.bnf.fr/ark:/12148/cb384979126";"[Illustrations de La Divina Comedia]";"1491";"Venise";"Null";"1491";"100 est. : gravures sur bois : N. et b.  ; 8,5 x 8,5 cm";"Null";"http://gallica.bnf.fr/ark:/12148/btv1b22000092"
"http://data.bnf.fr/ark:/12148/cb38498257g";"[Illustrations de Cy est la danse macabre des femmes]";"1491";"Paris";"Guy Marchant";"1491";"36 est. : gravures sur bois : Noir et blanc";"http://data.bnf.fr/ark:/12148/cb11937542g";"http://gallica.bnf.fr/ark:/12148/btv1b2200006t"
"http://data.bnf.fr/ark:/12148/cb387933243";"Biblia cum concordantiis Veteris et Novi Testamenti";"1491";"Null";"Null";"1491";"[408] f.";"Null";"Null"
"http://data.bnf.fr/ark:/12148/cb30841726f";"Pharsalia, cum commentariis Omniboni [Leoniceni. Studio J. Britannici Brixiani et J. Taberii]";"1491";"Milano";"Ulrich Scinzenzeler";"1491";"Null";"Null";"http://gallica.bnf.fr/ark:/12148/bpt6k8590883"
"http://data.bnf.fr/ark:/12148/cb308446157";"Expositio Ludolfi carthusiensis in Psalterium, qui et auctor fuit Vite Christi";"1491";"Null";"Null";"1491";"In-fol.";"Null";"Null"
"http://data.bnf.fr/ark:/12148/cb308458589";"Questiones dubitabiles [Raymundi Lulli] super quattuor libris Sententiarum, cum questionibus solutivis magistri Thome Attrabatensis";"1491";"Lyon";"[Jacques Maillet]";"1491";"Null";"Null";"Null"
"http://data.bnf.fr/ark:/12148/cb308612374";"La Confession frère Olivier Maillard";"1491";"[Paris]";"Denis Meslier";"1491";"16 ff.";"Null";"Null"
"http://data.bnf.fr/ark:/12148/cb393046133";"De Institutis cœnobiorum. Collationes patrum XXIV";"1491";"Venezia";"[Dionisio Bertocchi]";"1491";"Null";"Null";"Null"
"http://data.bnf.fr/ark:/12148/cb39304750k";"Chrysostomus De cordis compuctione Augustinus De Contritione cordis";"1491";"[Bâle]";"[Michael Furter]";"1491";"[8] f., sig. a-f8, g6, h8";"Null";"Null"
"http://data.bnf.fr/ark:/12148/cb39304672m";"Isidorus de Summo bono";"1491";"[Paris]";"[de Marnef]";"1491";"101-[3] f.";"Null";"Null"
"http://data.bnf.fr/ark:/12148/cb39306201g";"Sermones « Dormi secure » de tempore";"1491";"Lugduni";"per Johannem Trechsel";"1491";"Null";"Null";"Null"
"http://data.bnf.fr/ark:/12148/cb393062186";"Sermones Thesauri novi de tempore";"1491";"Strasbourg";"Martin Flach";"1491";"Null";"Null";"Null"
"http://data.bnf.fr/ark:/12148/cb393099103";"[Opera [latine] Marsilio Ficino interprete]";"1491";"Venetiis";"per Bernardinum de Choris. - per Simonem de Luero";"1491";"In-fol.";"Null";"Null"
"http://data.bnf.fr/ark:/12148/cb393107635";"Sancti Thome de Aquino Super libris Boecii de Consolatione philosophie commentum cum expositione...";"1491";"Tholose";"J. Parix";"1491";"In-fol.";"Null";"Null"
"http://data.bnf.fr/ark:/12148/cb39326060v";"Doctrinale [pars II]. Comment. Johannes Synthen";"1491";"Daventer [i. e. Alost]";"Null";"1491";"Null";"Null";"Null"
"http://data.bnf.fr/ark:/12148/cb39326059n";"Doctrinale. Comment. Johannes Synthen";"1491";"Deventer";"Jacobus de Breda";"1491";"Null";"Null";"Null"
"http://data.bnf.fr/ark:/12148/cb39334980p";"Jason et Médée";"1491";"Lyon";"Jacques Maillet";"1491";"In fol ; ill.";"Null";"http://gallica.bnf.fr/ark:/12148/bpt6k10431454"
"http://data.bnf.fr/ark:/12148/cb39360332t";"Tractato de le piu maravegliose cose e piu notabile chesitrovino i le parte del mondo. Impressa";"1491";"Venetia";"p. Mi. Nicolo deli Ferari de Prolormo nebano";"1491";"1 vol. in-4 °";"Null";"Null"
"http://data.bnf.fr/ark:/12148/cb39361213h";"Destruction de Jherusalem et la mort de Pilate";"1491";"Paris";"Denis Meslier";"1491";"In-4 °";"Null";"http://gallica.bnf.fr/ark:/12148/bpt6k1510104n"
"http://data.bnf.fr/ark:/12148/cb30939782t";"Quadragesimale doctoris illuminati Francisci de Mayronis";"1491";"Venezia";"Bernardino Rizzo (de Novaria)";"1491";"Null";"Null";"Null"
"http://data.bnf.fr/ark:/12148/cb30942899b";"Sermones Michaelis de Ungaria, predicabiles per totum annum, licet breves";"1491";"Daventrie";"Null";"1491";"In-8° (Hain, *9048)";"Null";"Null"
"http://data.bnf.fr/ark:/12148/cb31016013h";"Biblia pauperum, a Domino Bonaventura edita, omnibus Christi fidelibus perutilis. - A la fin : Explicit opus preclarum domini Bonaventure, Biblia pauperum nuncupatum, anno Domini MCCCCXCI";"1491";"(S. l.,)";"Null";"1491";"In-4° , car. goth., sign. A-I, 30 l.";"Null";"Null"
"http://data.bnf.fr/ark:/12148/cb40132168n";"Exercitia utilissima pro horis solvendis [autore Johanne Mauburno]";"1491";"Zwolle";"Peter Van Os";"1491";"Il.";"Null";"Null"
"http://data.bnf.fr/ark:/12148/cb31018682g";"Ars epistolandi Francisci Nigri";"1491";"Daventriae";"Null";"1491";"In-4° . (Copinger, *4433.)";"Null";"Null"
"http://data.bnf.fr/ark:/12148/cb401561174";"Antidotarius animae";"1491";"Strasbourg";"Johannes Grüninger";"1491";"ill.";"Null";"http://gallica.bnf.fr/ark:/12148/bpt6k9100153j"
"http://data.bnf.fr/ark:/12148/cb310303259";"Quotlibeta septem, una cum tractatu de sacramento altaris... Guilhelmi de Ockam,...";"1491";"Strasbourg";"[imprimeur du Jordanus de Quedlinburg, H 9438 (= Georg Husner ?)]";"1491";"2 parties : [154] ff. signés [✽]6, a-f8/6, g-n6, o-r6/8, A-F6, le dernier blanc";"Null";"Null"
"http://data.bnf.fr/ark:/12148/cb310406914";"Le premier [-second] volume de Orose";"1491";"Paris";"A. Vérard";"1491";"2 vol.";"Null";"http://gallica.bnf.fr/ark:/12148/bpt6k111296p"
"http://data.bnf.fr/ark:/12148/cb310690498";"Compendium perclarum ad introductionem juvenum in facultate logice...";"1491";"Venetiis";"[s. n.]";"1491";"[ca 90] p.";"Null";"http://gallica.bnf.fr/ark:/12148/bpt6k5414527v"
"http://data.bnf.fr/ark:/12148/cb31088596b";"Auli Persii Flacci Satirarum opus cum commentariis Bartholomaei Fontii et Johannis Britannici, cum vita Persii ab eisdem scripta";"1491";"Venetiis";"per Bernardinum Benalium Pergamensem et Matthaeum Capcasam Parmensem";"1491";"In-fol. (Hain, *12736 ; Morgan, 35.)";"Null";"Null"
"http://data.bnf.fr/ark:/12148/cb31094657z";"[Triumphi del Petrarca col commento di Bernardo Glicino, corretti da Gabriele Bruno.]";"1491";"(Venetia,)";"Null";"1491";"In-fol. (Hain-Copinger, 12773 ; Fiske, p. 81.)";"Null";"Null"
"http://data.bnf.fr/ark:/12148/cb40646216q";"Quod pictum est parva Germania tota tabella. .. gracia sit Cusae Nicolao. murice quondam. Qui Tyrio contectus erat : splendor que senatus Ingens Romani : nulli explorata priorum. Et loca qui modico celari iussit in aere.. .. Eystat anno salutis 1491. XII Kalendis Augusti perfectum";"1491";"Eichstatt";"Null";"1491";"1 flle : 65 x 46 cm, impression en noir 565 x 400";"Null";"http://gallica.bnf.fr/ark:/12148/btv1b5970218z"
"http://data.bnf.fr/ark:/12148/cb407011753";"Geographische verstellung eines Globi welchen Anno 1492 Hen Martin Behaim im Diametro bey 20 zollen zu Nurnberg exhibiret";"1491";"[S.l.]";"[s.n.]";"1491";"1 flle : en noir et bleu ; 49 x 26 cm";"Null";"Null"
"http://data.bnf.fr/ark:/12148/cb31121657z";"Auctoritates Arestotilis [sic], Senece...";"1491";"Bononiae";"Null";"1491";"In-4° . (Hain, *1934.)";"Null";"Null"
"http://data.bnf.fr/ark:/12148/cb31121584k";"Platonis Opera, latine, interprete Marsilio Ficino, cum Vita Platonis ab eodem Ficino";"1491";"Venetiis";"per Bernardinum de Choris et Simonem de Luero, impensis Andreae Toresani de Asula";"1491";"In-fol. (Hain-Copinger, *13063.)";"Null";"Null"
"http://data.bnf.fr/ark:/12148/cb311234912";"[Caii Plinii Secundi Naturalis historiae libri XXXVII.]";"1491";"Venetiis";"Null";"1491";"In-fol. (Hain-Copinger, 13097.)";"Null";"Null"
"http://data.bnf.fr/ark:/12148/cb31125400d";"Translacion de las vidas de Plutarco de latin en romance por Alfonso de Palencia. Primera parte";"1491";"Sevilla";"impr. con industria de Paulo de Colonia y de Johannes de Nuremberg, de Magno y de Thomas Allemans";"1491";"In-fol. (Hain, *13133.)";"Null";"Null"
"http://data.bnf.fr/ark:/12148/cb31126856c";"Pogii florentini... Facetiarum liber...";"1491";"Leipzig";"Konrad Kachelofen";"1491";"Null";"Null";"Null"
"http://data.bnf.fr/ark:/12148/cb311309730";"De Veris ac salutaribus animi gaudiis... dialogus";"1491";"Florentiae";"Null";"1491";"In-4° . (Hain *3672.)";"Null";"Null"
"http://data.bnf.fr/ark:/12148/cb311309970";"[Angeli Politiani Silva cui titulus Mantho.] - À la fin : Impressit iterum Florentiae Antonius Miscominius, M.CCCCLXXXXI, VII kl. Martias";"1491";"Florentiae";"Null";"1491";"In-4° , 10 ff. non ch., car. rom., sig. @ I-V. (Hain 13232)";"Null";"Null"
"http://data.bnf.fr/ark:/12148/cb31131000j";"Angeli Politiani Silva cui titulus Nutricia. - À la fin : Impressit Florentiae Antonius Miscominus VII calendas junias MCCCCLXXXXI";"1491";"Florentiae";"Null";"1491";"In-4° , sign. a-b, car. rom. (Hain-Copinger *13236.)";"Null";"Null"
"http://data.bnf.fr/ark:/12148/cb31130999p";"[Angeli Politiani Silva cui titulus Nutricia.] - À la fin : D. Angeli Politiani opusculum hoc elegantissimum impressum est Bononiae per Platonem impressorem accuratissimum, anno Domini M CCCC LXXXXI, decimo kalendas julias";"1491";"Bononiae";"Null";"1491";"In-4° , sign. A-C, car. rom. (Hain-Copinger *13235.)";"Null";"Null"
"http://data.bnf.fr/ark:/12148/cb311310027";"[Angeli Politiani Silva cui titulus Rusticus.] - À la fin : Florentiae, iterum impressit Antonius Miscominus, septimo idus februarias MCCCCLXXXXI";"1491";"Florentiae";"Null";"1491";"In-4° , 12 ff., sign. a, car. rom. (Hain-Copinger *13234.)";"Null";"Null"
"http://data.bnf.fr/ark:/12148/cb311309881";"Angeli Politiani Praelectio, cui titulus Panepistemon. - À la fin : Impressit Antonius Miscominus Florentiae. MCCCCLXXXXI, decimo kal. martias. Au-dessous marque du libraire";"1491";"Florentiae";"Null";"1491";"In-4° , 16 ff., car. rom., sign. a-b. (Hain 13225.)";"Null";"Null"
"http://data.bnf.fr/ark:/12148/cb31134845f";"Joannis Joviani Pontani Dialogus qui Antonius inscribitur";"1491";"Neapoli";"Null";"1491";"In-4° . (Van Praet, T. IV, p. 311.)";"Null";"Null"
"http://data.bnf.fr/ark:/12148/cb31134846s";"[Joannis Joviani Pontani] Dialogus qui Charon inscribitur";"1491";"Neapoli";"Null";"1491";"In-4° . (Hain-Copinger, *13258.)";"Null";"Null"
"http://data.bnf.fr/ark:/12148/cb31153968j";"Tibullus, Catullus et Propertius cum commento [Bernardini Veronensis in Tibullum, Antonii Parthenii in Catullum, Philippi Beroaldi in Propertium]. - A la fin : Commentarii in Propertium a Philippo Beroaldo editi, anno salutis 1487, impressi vero Venetiis a Boneto Locatello Bergomensi, cui necessaria exhibuit Octavianus Scotus Modoetiensis, anno ejusdem salutis nonagesimo primo supra millesimum...";"1491";"Venetiis";"Null";"1491";"In-fol., car. rom., sign. a-x";"Null";"Null"
"http://data.bnf.fr/ark:/12148/cb311622886";"La manière de bien vivre dévotement par chascun jour";"1491";"[Paris";"Antoine Caillaut";"1491";"1 vol. ([6 f.])";"Null";"http://gallica.bnf.fr/ark:/12148/bpt6k110661q"
"http://data.bnf.fr/ark:/12148/cb31165584c";"Q. Curtii de Rebus gestis Alexandri Magni";"1491";"Veronae";"Null";"1491";"In-fol. (Pellechet, 4066.)";"Null";"Null"
"http://data.bnf.fr/ark:/12148/cb31237867n";"Fasciculus temporum, omnes antiquorum cronicas complectens [auctore W. Rolevinck]";"1491";"(Strasbourg";"J. Pryss";"1491";"In-fol., 6 ff. non ch. pour le titre et la table, 90 ff. ch., sign. A-P, fig. (Hain-Copinger, *6915.)";"Null";"Null"
"http://data.bnf.fr/ark:/12148/cb41679680d";"De Historia romana libellus - F. a1 : Angelus Tiphernas amplissimo domino Baptiste de Ursinis Camere apostolice Clerico S. D... - F. a1, verso : 17. Sexti Ruffi viri consularis // Valentiano Augusto de Historia Ro. Libellus incipit. - F. b4 n. sign. recto, l. 15 : Sexti Ruffi viri consularis Valentiano // Augusto de historia Ro. Libellus finit. // Impressus Rome per Eucharium Silber // al's Franck. Anno dni MCCCCXCI...";"1491";"Romae";"Null";"1491";"10 ff.";"Null";"Null"
"http://data.bnf.fr/ark:/12148/cb313518800";"Senecae Tragoediae, cum commento Gellii Bernardini Marmitae";"1491";"Lyon";"Antoine Lambillon et Marin Sarrazin";"1491";"240 ff.";"Null";"Null"
"http://data.bnf.fr/ark:/12148/cb31351674h";"Auctoritates Arestotilis [sic], Senece, Boetii, Platonis, Apulei Affricani, Porphirii et Gilberti Porritani";"1491";"Bononiae";"Null";"1491";"In-4° . (Hain, *1934.)";"Null";"Null"
"http://data.bnf.fr/ark:/12148/cb425566493";"Les Ordonnances touchant le fait de la justice du pays de Languedoc";"1491";"[Lyon";"Michel Topié";"1491";"Null";"Null";"Null"
"http://data.bnf.fr/ark:/12148/cb425624055";"[Horae ad usum Romanum. Lat. et fr.]";"1491";"Paris";"Pierre Le Rouge pour Vincent Commin";"1491";"sign. π8 [a-b8] c-l8";"Null";"Null"
"http://data.bnf.fr/ark:/12148/cb425637146";"Sententiarum variationes sive Synonyma [latin et français]";"1491";"[Paris]";"Philippe Pigouchet";"1491";"Signé a-h8, I8, k-m8, n6, o8";"Null";"Null"
"http://data.bnf.fr/ark:/12148/cb42663865j";"[Prestre Jehan]";"1491";"[Poitiers ?";"Jean Bouyer et Pierre Bellescullée";"1491";"Null";"http://data.bnf.fr/ark:/12148/cb12346022j";"Null"
"http://data.bnf.fr/ark:/12148/cb42714197m";"Les Faintises du monde qui regne";"1491";"[Paris";"Antoine Caillaut";"1491";"[20] ff. signés a8, b-c6";"Null";"Null"
"http://data.bnf.fr/ark:/12148/cb427141817";"Les Faintises du monde qui regne";"1491";"[Paris";"Antoine Caillaut";"1491";"[20] ff. signés a8, b-c6";"Null";"Null"
"http://data.bnf.fr/ark:/12148/cb31392163j";"Johannis Spadarii, in musica... professoris, Ejusdem musices ac Bartolomei Rami,... honesta defensio in Nicolai Burtii,... opusculum. [Carmina Angeli Michaellis de Salimbenis ad Johannem Spadarium.]";"1491";"Bologna";"impresso per Plato de Benedicti";"1491";"In-4° . (Hain-Copinger, 14895.)";"Null";"Null"
"http://data.bnf.fr/ark:/12148/cb42859887f";"Hec sunt opera Boetii : que in hoc volumine continentur. // In porphyrii Isagogen a Uictorino translatam editio prima. // In Porphyrii Isagogen Boetio ipso translatam editio secundam // In cathegorias Aristotelis editio vna. // In librum Aristotelis : de interpretatione editio prima. // In eundem librum de interpretatione editio secunda. // De divisionibus liber vnus. // De definitionibus liber vnus. // Ad cathegoricos syllogismos introductio // Commentatiorum in Topica Ciceronis libri sex. // De differentiis Topicis libri quattuor. // De syllogismo cathegorico libri duo. // De syllogismo hipothetico libri duo. // De trinitate libri duo // De hebdomadibus liber vnus : // De vnitate r vno liver vnus. // Contra euthichen : & Nestorium de duabus naturis : & vna persona // christi liber vnus. // De Arithmetica ad Patritium simmachum libri duo. // De Musica libri quinq. // De Geometrica libri duo. // De philosophie consolatione libri quinq. // De scholarium disciplina liber vnus. // [au r° du dern. fol. :] Ven...";"1491";"Venetiis";"per Joannem de Forlivio et Gregorium fratres";"1491";"2 vol. in fol., 308 x 210 mm";"Null";"Null"
"http://data.bnf.fr/ark:/12148/cb42859888s";"Hec sunt opera Boetii : que // in hoc volumine cotinentur. // In porphirii Isagogen a Uictorino translatam editio prima. // In Porphyrii Isagogen Boetio ipso traslata editio scda // In cathegorias Aristotelis editio vna. // In librum Aristotelis : de interpretatione editio prima. // In eundem librum de interpretatione editio secunda. // De diuisionibus liber vnus. // De definitionibus liber vnus. // Ad cathegoricos syllogismos introductio. // Commentatiorum in Topica Ciceronis libri sex. // De differentiis Topicis libri quattuor. // De syllogismo cathegorico libri duo. // De syllogismo hipothetico libri duo. // De trinitate libri duo. // De hebdomadibus liber vnus : // De vnitate & vno liver vnus. // Contra euthichen. & Nestorium de duabus naturis : & vna per // sona christi liber vnus. // [Après le fol. 201 :] De Arithmetica ad Patritium //  simmachum libri duo. // De Musica libri quinq. // De Geometrica libri duo. // De philosophie consolatione li // bri quinq. // De scholariu disciplina liber vn. // [a...";"1491";"Venetiis";"Johannes et Gregorius de Gregoriis";"1491";"3 vol. in-fol., 304 x 206 mm";"Null";"Null"
"http://data.bnf.fr/ark:/12148/cb31461772g";"Missale romanum";"1491";"Venetiis";"Null";"1491";"In-4° . (Copinger, 4203.)";"Null";"Null"
"http://data.bnf.fr/ark:/12148/cb31461758x";"Summa theologica. [Secundus liber Secunde partis beati Thome de Aquino.]";"1491";"Venetiis";"per T. de Ragazonibus";"1491";"In-fol. (Hain, *1465 ; Pellechet, 1055 ; Polain, 3756.)";"Null";"Null"
"http://data.bnf.fr/ark:/12148/cb31462158h";"Opera... [T. II.]";"1491";"Venetiis";"Null";"1491";"In-fol. (Hain, *3351 ; Pellechet, 2490 ; Gesamtkatalog der Wiegendrucke, IV, 4511 ; Polain, 720.)";"Null";"Null"
"http://data.bnf.fr/ark:/12148/cb314621544";"Boetii,... De Consolatione philosophie liber, cum optimo commento beati Thome";"1491";"Argentinae";"(, J. Prüss)";"1491";"In-4° . (Hain, *3382 ; Pellechet, 2532 ; Gesamtkatalog der Wiegendrucke, IV, 4551 ; Polain, 735.)";"Null";"Null"
"http://data.bnf.fr/ark:/12148/cb31462189s";"Les Enseignemens sainct Thomas";"1491";"[Paris";"Antoine Caillaut";"1491";"Null";"Null";"Null"
"http://data.bnf.fr/ark:/12148/cb31462153s";"Boetii,... De Consolatione philosophie liber, cum optimo commento beati Thome";"1491";"Hagenaw";"(, H. Gran)";"1491";"In-4° . (Hain, *3383 ; Pellechet, 2530 ; Gesamtkatalog der Wiegendrucke, IV, 4549.)";"Null";"Null"
"http://data.bnf.fr/ark:/12148/cb31462155g";"Boetii,... De Consolatione philosophie liber, cum optimo commento beati Thome";"1491";"In Daventria";"per J. de Breda";"1491";"In-4° . (Campbell, 313 ; Copinger, 1111 ; Pellechet, 2533 ; Gesamtkatalog der Wiegendrucke, IV, 4552 ; Polain, 736.)";"Null";"Null"
"http://data.bnf.fr/ark:/12148/cb31462251c";"Die Legende van sinte Franciscus [van sinte Bonaventura]. - Die Legende eñ dat leven der heyligher maget sinte Claren [van Thomas de Celano]";"1491";"Antwerpen";"G. Leeu";"1491";"In-8° . (Pellechet, 2709 ; Polain, 772.)";"Null";"Null"
"http://data.bnf.fr/ark:/12148/cb31469178t";"[Tractatus de reactione, per Gaetanum de Thienis. Tractatus ejusdem de intentione et remissione formarum.]";"1491";"Venetiis";"cura Joannis de Foriivio et Gregorii fratrum";"1491";"Null";"Null";"Null"
"http://data.bnf.fr/ark:/12148/cb314685462";"Tibullus, Catullus et Propertius, cum commento [Bernardini Veronensis in Tibullum, Antonii Parthenii in Catullum, Philippi Beroaldi in Propertium]";"1491";"Venetiis";"per Bonetum Locatellum, impensis O. Scoti";"1491";"In-fol., lettres ornées, texte encadré de gloses. (Hain-Copinger, *4763 ; Polain, 3783 ; Catalogue of books printed in the XVth century... V, 439.)";"Null";"Null"
"http://data.bnf.fr/ark:/12148/cb31474513b";"[Titi Livii Historiae romanae decades I, III-IV, cum Johannis Andreae Epistola et L. Flori Epitome decadum XIV. Praemittuntur M. A. Sabellici epistola et annotationes.]";"1491";"Venetiis";"(B. Herasmius,)";"1491";"In-fol. (Hain, *10137.)";"Null";"Null"
"http://data.bnf.fr/ark:/12148/cb31481321w";"Expositio super Regulam beatissimi patris Benedicti [per dominum cardinalem Johannem de Turrecremata ; et primo ponitur Epistola domini Arsenii abbatis ad ipsum cardinalem, et responsiva ejusdem]";"1491";"Parisii";"per P. Levet impensa N. Militis";"1491";"In-fol., marque typogr. au titre. (Hain-Copinger, *15734 ; Polain, 3863 ; Br. Mus., Books pr. XVth c., t. VIII, p. 100.)";"Null";"Null"
"http://data.bnf.fr/ark:/12148/cb31482825w";"[Floretum sancti Matthei.] - Fol. sign. a 2 r° : Floretum sancti Mathei feliciter incipit. - Fol. sign. ii [5] r° : Explicit prima pars Floreti in expositione Evangelii sancti Mathei quam expositionem edidit Episcopus Abulensis cognomento Tostado et eleganter ad commodissimam redegit brevitatem... Petrus de Prexano, Cauriensis episcopus. Fuit hec prima pars impressa apud Hispalim anno salutis 1491 per Paulum de Colonia et Johannem de Nurenberga et socios alemanos. Sequitur tabula prime partis. - Fol. sign. ii [5] v° : Tabula";"1491";"Hispalis";"Null";"1491";"In-fol., sign. a-z et aa-kk, car. goth. (Hain, *15581.)";"Null";"Null"
"http://data.bnf.fr/ark:/12148/cb315204435";"Valerii Maximi Factorum ac dictorum memorabilium liber... [cum interpretatione Oliverii Arzignanensis et epistola Petri de Brutis.]";"1491";"Venezia";"Guglielmo Anima Mia";"1491";"in-2";"Null";"Null"
"http://data.bnf.fr/ark:/12148/cb31522485k";"De Elegantiis terminorum ex Laurentio Valla et quorumdam aliorum secundum ordinem alphabeti breviter collectis";"1491";"Daventrie";"(R. Paffraet,)";"1491";"In-4° . (Gesamtkatalog der Wiegendrucke, 9278.)";"Null";"Null"
"http://data.bnf.fr/ark:/12148/cb31522453z";"Laurentii Vallensis,... Opus elegantiarum linguae latinae. Laurentii Vallensis... de Reciprocatione sui et suus";"1491";"Venetiis";"per B. de Novaria";"1491";"In-fol. (Hain-Copinger, *15817 ; Br. Mus., Books pr. XVth c., t. V, p. 403 ; Polain, 3902.)";"Null";"Null"
"http://data.bnf.fr/ark:/12148/cb31553081z";"Vita divi Antonii ad... Eugenium Papam quartum per Mapheum Vegium,...";"1491";"Daventrie";"per J. de Breda";"1491";"In-4° , (Hain-Copinger, 15921 ; Campbell, *1712 ; Br. Mus., Books pr. XVth c., IX, 76.)";"Null";"Null"
"http://data.bnf.fr/ark:/12148/cb31553044r";"[Publii Virgilii Maronis Opera, cum Servii Mauri Honorati, Christophori Landini, Aelii Donati et Domitii Calderini commentariis]";"1491";"Venetiis";"B. de Zanis de Portesio";"1491";"[14] p.-319 ff.";"Null";"http://gallica.bnf.fr/ark:/12148/bpt6k6117273g"
"http://data.bnf.fr/ark:/12148/cb31553013g";"Mafei Vegii,... De Educatione liberorum et eorum claris moribus liber primus [-sextus]";"1491";"Mediolani";"impressum per L. Pachel";"1491";"In-4° . (Hain, 15920.)";"Null";"Null"
"http://data.bnf.fr/ark:/12148/cb44321308s";"[Ars vivendi, loquendi et tacendi]";"1491";"Paris";"[Georg Wolf]";"1491";"Null";"Null";"Null"
"http://data.bnf.fr/ark:/12148/cb316069939";"Sermones quadragesimales, temporis, necnon sanctorum per totius anni circulum... Jacobi de Voragine,...";"1491";"Lugduni";"J. Trechsel";"1491";"3 parties en 1 vol. in-4° . (Pellechet, Bibliothèque... de Versailles, Catalogue des incunables, n  206 ; Copinger, 6523 ; Claudin, t. IV, p. 62-63 ; Goff, J-198.)";"Null";"Null"
"http://data.bnf.fr/ark:/12148/cb444837272";"Tractatus de arte loquendi et tacendi";"1491";"Null";"Null";"1491";"Sig. A6, B4";"Null";"Null"
"http://data.bnf.fr/ark:/12148/cb316854146";"Antonii Zeni,... de Natura humana libellus. [Lib. 1us : de Embryone.]";"1491";"Venetiis";"impressus per Dionysium Bononiensem";"1491";"In-4° . (Hain, *16281 ; Pellechet-Polain, 11879 ; Polain, 4066 ; Br. Mus., Books pr. XVth c., t. V, p. 488 ; Goff, Z-22, p. 638 ; Indice gen. degli incunaboli... d'Italia, 10438.)";"http://data.bnf.fr/ark:/12148/cb119329264";"Null"
"http://data.bnf.fr/ark:/12148/cb45169615f";"Sermones Thesauri novi de sanctis";"1491";"Strasbourg";"Martin Flach";"1491";"Null";"Null";"Null"
"http://data.bnf.fr/ark:/12148/cb31724972f";"Chronicon. Tomus III";"1491";"Norimbergae";"Null";"1491";"Null";"Null";"Null"
"http://data.bnf.fr/ark:/12148/cb32205683c";"Manipulus curatorum";"1491";"[Lyon";"Engelhard Schultis";"1491";"[120] ff. signés a-p8";"Null";"Null"
"http://data.bnf.fr/ark:/12148/cb322752931";"Speculum aureum anime peccatricis. - (Fol. aijro :) Opusculum quod Speculum aureum anime peccatricis inscribitur incipit feliciter. - (A la fin :) Speculum aureum anime peccatricis finit feliciter";"1491";"[Lyon";"Jacques Maillet";"1491";"[24] f. signés a-c8";"Null";"Null"
"http://data.bnf.fr/ark:/12148/cb32286269m";"[Sancto Ioanne Climacho altramente Schala paradisi. Sermone al pastere]";"1491";"Venezia : Matheo da Parma [o Matteo Capcasa o di Codeca e Bernardino Benagli]";"Null";"1491";"Null";"Null";"Null"
"http://data.bnf.fr/ark:/12148/cb324784731";"Opera (latine) Marsilio. Ficino interprete";"1491";"Venetiis";"Null";"1491";"Null";"Null";"Null"
"http://data.bnf.fr/ark:/12148/cb32538954g";"[Sallustii Historiae, cum commento Laurentii Vallensis in Conjurationem Catilinae, Pomponio Laeto edente]";"1491";"Venetiis";"arte P. Pincii de Caneto";"1491";"[129] p.";"Null";"http://gallica.bnf.fr/ark:/12148/bpt6k5460253f"
"http://data.bnf.fr/ark:/12148/cb33336626q";"La danse macabre des femmes";"1491";"Paris";"Guyot Marchant";"1491";"14 ff. non ch., sign. a-b";"Null";"http://gallica.bnf.fr/ark:/12148/bpt6k72024w"
"http://data.bnf.fr/ark:/12148/cb33426491k";"Thomas a Kempis. Imitatio Christi";"1491";"Null";"Null";"1491";"[96] f. (sig. a-m8)";"Null";"Null"
"http://data.bnf.fr/ark:/12148/cb33428255n";"Della imitatione di Christo";"1491";"Null";"Null";"1491";"[104] f. (sig. a-n8)";"Null";"Null"
"http://data.bnf.fr/ark:/12148/cb334282560";"Ioannes Gerson De immitatione Christi et de contemptu mundi in vulgari sermone";"1491";"Null";"Null";"1491";"[76] f. (sig. a-i8, k4)";"Null";"Null"
"http://data.bnf.fr/ark:/12148/cb33483504m";"La mer des histoires";"1491";"Lyon";"J. du Pré";"1491";"2 vol. ([XVII] p.-CCIV f., CCXXI f.-[46] p.)";"Null";"http://gallica.bnf.fr/ark:/12148/bpt6k111058f"
"http://data.bnf.fr/ark:/12148/cb335210698";"L'ordinaire des crestiens";"1491";"Null";"Null";"Null";"[292] p.";"Null";"Null"
"http://data.bnf.fr/ark:/12148/cb33597188q";"Schatzbehalter der wahren Reichtümer des Heils";"1491";"Nuremberg";"Anton Koberger";"1491";"ill.";"Null";"Null"
"http://data.bnf.fr/ark:/12148/cb33608465f";"Le songe du vergier qui parle de la disputacion du clerc et du chevalier";"1491";"Lyon";"J. Maillet";"1491";"127 ff. n. ch. sign. a-v, 2 col.";"Null";"http://gallica.bnf.fr/ark:/12148/bpt6k1112658"
"http://data.bnf.fr/ark:/12148/cb33612799b";"Statuta Bergomi";"1491";"Brescia";"Angelo et Jacopo de'Britannici";"1491";"In-fol.";"Null";"Null"
"http://data.bnf.fr/ark:/12148/cb336130629";"Statuta Salzeburgensia";"1491";"Augsbourg";"Null";"1491";"In-folio de 17 feuillets. Caractères gothiques";"Null";"Null"
"http://data.bnf.fr/ark:/12148/cb336415635";"Versehung des Leibs";"1491";"Augsbourg";"[Erhard Ratdolt";"1491";"[177] feuillets, cahiers A-E, a-r8, s9, sans réclames, caractères gothiques, 23 lignes par page, gravures sur bois";"Null";"Null"
"http://data.bnf.fr/ark:/12148/cb336391168";"La vengance nostre seigneur Par parsounages";"1491";"Null";"Null";"1491";"[212] f. (sign. Aii-Fiii, ai-gii, aai-rrii)";"Null";"Null"
"http://data.bnf.fr/ark:/12148/cb33733836j";"Contrat de l'an 1491 pour l'accroissement de l'Eglise Sainct-Etienne";"1491";"(S. l. n. d.)";"Null";"1491";"4°";"Null";"Null"
"http://data.bnf.fr/ark:/12148/cb337458843";"Règlement de la chambre des comptes concernant l'autorité et juridiction de la chambre des comptes";"1491";"(S. l. n. d.)";"Null";"1491";"4°";"Null";"Null"
"http://data.bnf.fr/ark:/12148/cb33752785n";"(Contrat du 7 avril 1491, par lequel Gilbert de la Fayette donne à son fils ainé, Antoine, les terres de Pontgibaud, du Montet, La Fayette, Goutenotoze, en faveur de son mariage, et avec substitution perpétuelle pour les descendants mâles.)";"1491";"(S. l. n. d.)";"Null";"1491";"In-4°. Pièce";"Null";"Null"
"http://data.bnf.fr/ark:/12148/cb33754576m";"(Maximiliaen I. Mandement der valuwacyen van der munten.)";"1491";"(S. l. n. d.)";"Null";"1491";"In-4°";"Null";"Null"
"http://data.bnf.fr/ark:/12148/cb33802603b";"Statuta synodalia in synodo per Reve//rendissim... Heinricum dei gracia Ep̄m Bamberg̃n. In ecclesia // Bamberḡn celebrata. Lecta et publicata";"1491";"Babenberge";"Null";"1491";"In-fol.";"Null";"Null"
"http://data.bnf.fr/ark:/12148/cb338046521";"Privilegia ordinis Cisterciensis";"1491";"Dijon";"Peter Metlinger";"1491";"Null";"http://data.bnf.fr/ark:/12148/cb119757175";"Null"
"http://data.bnf.fr/ark:/12148/cb33803881x";"Statuta Provincialia";"1491";"Augsburg";"E. Ratdolt";"1491";"In-fol. Gothique";"Null";"Null"
"http://data.bnf.fr/ark:/12148/cb35670722s";"[Sancto Ioanne Climacho altramente Schala paradisi. Sermone al pastore]";"1491";"Venezia";"Matheo da Parma [o Matteo Capcasa o di Codeca e Bernardino Benagli], 1491";"1491";"[144] f., sign. a⁶, b-s⁸";"Null";"Null"
"http://data.bnf.fr/ark:/12148/cb359511752";"[Sans titre]";"1491";"Null";"Null";"Null";"2 parties";"Null";"Null"
"http://data.bnf.fr/ark:/12148/cb35951162q";"Epistole Pauli";"1491";"Null";"Null";"Null";"[52] f.";"Null";"Null"
"http://data.bnf.fr/ark:/12148/cb35951161c";"Epistole Pauli [-Epistole canonice]";"1491";"Null";"Null";"Null";"[132] f.";"Null";"Null"
"http://data.bnf.fr/ark:/12148/cb359511632";"Epistole Pauli";"1491";"Null";"Null";"Null";"[46] f.";"Null";"Null"
"http://data.bnf.fr/ark:/12148/cb35951225s";"Les sept pseaulmes penitenciaulx et la letanie en françoys";"1491";"Null";"Null";"1491";"[18] f.";"Null";"http://gallica.bnf.fr/ark:/12148/bpt6k109458n"
"http://data.bnf.fr/ark:/12148/cb35951081q";"Biblia integra";"1491";"Null";"Null";"Null";"[496] f.";"Null";"Null"
"http://data.bnf.fr/ark:/12148/cb359511574";"Libri Salomonis";"1491";"Null";"Null";"Null";"[68] f.";"Null";"Null"
"http://data.bnf.fr/ark:/12148/cb36113692f";"Sermones de tempore.";"1491";"Null";"Null";"Null";"4 parties";"Null";"Null"
