id;title;date;place;publisher;firstyear;description;subject;gallica
"http://data.bnf.fr/ark:/12148/cb428764840";"Page d'album, petite pièce, doigtée, pour le piano";"1345";"Paris";"Durand et C.ie, éditeurs";"1345";"Null";"Null";"Null""http://data.bnf.fr/ark:/12148/cc7689x";"Recueil de commentaires bibliques de Lévi ben Gerson";"1345";"Null";"Null";"Null";"Null";"Null";"http://gallica.bnf.fr/ark:/12148/btv1b10540853q"
"http://data.bnf.fr/ark:/12148/cb33809999q";"Ordonnances, statuts et règlemens... octroyez par Philippes VI dit de Valois... aux maîtres tanneurs, corroyeurs, baudroyeurs, cordonniers et sueurs... de Paris...";"1345";"(S. l.)";"Null";"1345";"In-4°, 16 p.";"Null";"Null"
"http://data.bnf.fr/ark:/12148/cb338497243";"(Statuts des corroyeurs et tanneurs de Paris)";"1345";"(S. l. n. d.)";"Null";"1345";"In-4°, 16 p.";"Null";"Null"
"http://data.bnf.fr/ark:/12148/cb35939179z";"Annales de l'Assemblée nationale. Documents parlementaires. 4e législature 1";"1345";"Paris";"Impr. des Journaux officiels";"1345";"Null";"Null";"Null"
