id;title;date;place;publisher;firstyear;description;subject;gallica
"http://data.bnf.fr/ark:/12148/cb406675197";"[Carte marine de la mer Méditerranée et de la mer Noire]";"1447";"Null";"Null";"Null";"1 carte : ms. col., enluminé sur vélin ; 59 x 94 cm , cou à gauche";"Null";"http://gallica.bnf.fr/ark:/12148/btv1b53064893j""http://data.bnf.fr/ark:/12148/cc89795g";"Canon";"1447";"Null";"Null";"Null";"161 f.";"Null";"http://gallica.bnf.fr/ark:/12148/btv1b90645050"
"http://data.bnf.fr/ark:/12148/cb33715503t";"(Arrêt du parlement rendu entre Louis de Paci et Catherine de Paillard, d'une part, et Milet de Paillard, d'autre part, pour la succession de feu Denys de Paillard.)";"1447";"(S. l. n. d.)";"Null";"1447";"4°";"Null";"Null"
"http://data.bnf.fr/ark:/12148/cb33752761n";"Testamentum nobilis et potentis Domini Gondmari de Fayno, Domini Sancti Joannis de Bournay,... (14 avril 1447.)";"1447";"(S. l. n. d.)";"Null";"1447";"In-fol. Pièce";"Null";"Null"
"http://data.bnf.fr/ark:/12148/cb338102049";"Déclaration en interprétation de plusieurs articles de l'ordonnance faite à Nancy (sur le fait des finances, le 10 février 1445)";"1447";"(S. l. n. d.)";"Null";"1447";"In-4°, 4 p.";"Null";"Null"
"http://data.bnf.fr/ark:/12148/cb33810203z";"Lettres d'attributions au Chastellet de Paris de l'exécution du seel dudit Chastellet (des 8 février 1368, 6 octobre 1447 et 25 juin 1473)";"1447";"(S. l. n. d.)";"Null";"1447";"In-fol., 4 p.";"Null";"Null"
