id;title;date;place;publisher;firstyear;description;subject;gallica
"http://data.bnf.fr/ark:/12148/cb40699457m";"[Fac-simile de la mappemonde d'Omar Ben Muftiv ibn al Vardi, 1349.]";"1349";"[S.l.]";"[s.n.]";"1349";"1 flle : ms en coul.  ; 34 x 25 cm";"Null";"http://gallica.bnf.fr/ark:/12148/btv1b8490607h"
"http://data.bnf.fr/ark:/12148/cb406994568";"[Fac-simile de la mappemonde d'Omar Ben Muftiv ibn al Vardi, 1349.]";"1349";"[S.l.]";"[s.n.]";"1349";"1 flle : ms en coul.  ; 31 x 21 cm";"Null";"http://gallica.bnf.fr/ark:/12148/btv1b84906063""http://data.bnf.fr/ark:/12148/cb33753568r";"Les privilèges accordés par l'empereur Charles IV, l'an 1349, à Jean, duc de la Basse Lorraine, de Braban, de Limbourg, et marquis du Saint Empire, avec la transaction passée à Ausbourg le 26 juin 1548 entre l'empereur Charles V et les Estats de l'Empire... Extraits du livre qui porte pour titre : Juris publici romano-germanici tomus secundus, Lib. 5. Cap. 2. Sect. 53 et 50.";"1349";"(S. l. n. d.)";"Null";"1349";"In-4°";"Null";"Null"
"http://data.bnf.fr/ark:/12148/cb33753567d";"Les Priviléges accordés par l'empereur Charles IV, l'an 1349, à Jean, duc de la basse Lorraine... Avec la transaction passée à Ausbourg le 26 juin 1548, entre l'empereur Charles V et les estats de l'empire, par laquelle ils sont convenus que les duchez et principautez qui composent le cercle de Bourgogne, seront protegés par l'empire... et que ledit cercle de Bourgogne sera exempt en premiere instance de la jurisdiction de l'empereur et en tout cas de celle de la chambre impériale de Spire, sinon pour ce qui regarde les contributions et Aydes de l'empire. Extrait du livre qui porte pour titre : Juris publici romano-germanici, Tomus secundus, lib. V, Cap. 11, Sect. 53 et 50";"1349";"(S. l. n. d.)";"Null";"1349";"In-4°. Pièce";"Null";"Null"
"http://data.bnf.fr/ark:/12148/cb33810006f";"Ordonnance concernant les fiefs et les aumosnes";"1349";"(S. l. n. d.)";"Null";"1349";"In-4°, 1 p.";"Null";"Null"
"http://data.bnf.fr/ark:/12148/cb338100084";"Ordonnance portant qu'il ne sera payé des gages qu'à ceux qui serviront, à moins qu'ils ne soient malades, ou qu'ils ne soient employez aux affaires du Roy";"1349";"(S. l. n. d.)";"Null";"1349";"In-4°, 1 p.";"Null";"Null"
"http://data.bnf.fr/ark:/12148/cb33810007s";"Ordonnance portant que les aumosnes faites à gens d'Église, religieux, chapelains, ou autres, seront payées avant toutes assignations sur le Trésor";"1349";"(S. l. n. d.)";"Null";"1349";"In-4°, 2 p.";"Null";"Null"
"http://data.bnf.fr/ark:/12148/cb33810009g";"Ordonnance concernant les receveurs";"1349";"(S. l. n. d.)";"Null";"1349";"In-4°, 1 p.";"Null";"Null"
