id;title;date;place;publisher;firstyear;description;subject;gallica
"http://data.bnf.fr/ark:/12148/cb31015462k";"[Indulgentiarum litterae Nicolai V pro regno Cypri.]";"1454";"[Mayence]";"[Johannes Gutenberg]";"1454";"placard anopisthographe";"Null";"Null""http://data.bnf.fr/ark:/12148/cb43724574d";"[Saint Bernardin de Sienne] : [estampe]";"1454";"[Rhin supérieur]";"Null";"1454";"1 est. : gravure en criblé, col. ; 235 x 187 mm (plaque)";"Null";"http://gallica.bnf.fr/ark:/12148/btv1b105055515"
"http://data.bnf.fr/ark:/12148/cc96088g";"ספר העקרים";"1454";"Null";"Null";"Null";"240 f.";"Null";"http://gallica.bnf.fr/ark:/12148/btv1b10720486q"
"http://data.bnf.fr/ark:/12148/cc8385s";"Mordekay Qaṭon";"1454";"Null";"Null";"Null";"141 f.";"Null";"http://gallica.bnf.fr/ark:/12148/btv1b107241825"
"http://data.bnf.fr/ark:/12148/cb33745882d";"Commission de la chambre des comptes à Mes Jean Fromont et Robert de Montmirel, clercs en icelle, de se transporter à Rouen pour y vaquer à l'audition, examen et clôture des comptes des vicomtes et autres receveurs du pays de Normandie, pendant la tenue de l'échiquier";"1454";"(S. l. n. d.)";"Null";"1454";"4°";"Null";"Null"
"http://data.bnf.fr/ark:/12148/cb33768938b";"[Indulgentiarum litterae Nicolai V pro regno Cypri.]";"1454";"[Mayence]";"[Johannes Gutenberg]";"1454";"placard anopisthographe";"Null";"Null"
"http://data.bnf.fr/ark:/12148/cb33810223k";"Ordonnance portant qu'il sera délivré aux possesseurs des fiefs du pays et duché de Normandie un duplicata des lettres de leurs hommages, signé et scellé, pour en poursuivre l'expédition en la Chambre des comptes";"1454";"(S. l. n. d.)";"Null";"1454";"In-4°, 2 p.";"Null";"Null"
"http://data.bnf.fr/ark:/12148/cb338102258";"Ordonnance sur le fait et estat de la Chambre des comptes de Paris";"1454";"(S. l. n. d.)";"Null";"1454";"In-4°, 15 p.";"Null";"Null"
"http://data.bnf.fr/ark:/12148/cb338102227";"Ordonnance portant que doresnavant, toutes fois et quantes que se tiendra l'Échiquier au pays de Normandie, se transporteront au lieu dudit Échiquier aucuns des conseillers maistres et clercs de la Chambre des comptes de Paris, pour oyr, clorre et affiner les comptes des vicomtes, receveurs, grenetiers et autres officiers comptables dudit pays";"1454";"(S. l. n. d.)";"Null";"1454";"In-4°, 2 p.";"Null";"Null"
"http://data.bnf.fr/ark:/12148/cb33810224x";"Lettre de cachet aux gens des comptes à Paris, portant nomination de deux conseillers maistres et ordre de nommer deux clercs de la Chambre des comptes, pour oyr et clorre les comptes des vicomtes et receveurs du pays de Normandie, pendant la tenue de l'Échiquier";"1454";"(S. l. n. d.)";"Null";"1454";"In-4°, 1 p.";"Null";"Null"
