id;title;date;place;publisher;firstyear;description;subject;gallica
"http://data.bnf.fr/ark:/12148/cb30008645x";"Disciplinarum Platonis epitoma (Petro Balbi interprete)";"1472";"Norimbergae";"per A. Koberger";"1472";"In-fol. (Pellechet, 419.)";"Null";"Null"
"http://data.bnf.fr/ark:/12148/cb30015766n";"Divi Ambrosii Hexameron, seu de Principiis rerum";"1472";"Augustae Vindelicorum";"per J. Sschussler";"1472";"In-fol. (Pellechet, 586.)";"Null";"Null"
"http://data.bnf.fr/ark:/12148/cb300157779";"Divi Ambrosii de Officiis libri tres. Senecae de quatuor virtutibus libellus";"1472";"[Paris";"Ulrich Gering, Martin Crantz et Michael Friburger";"1472";"Null";"Null";"http://gallica.bnf.fr/ark:/12148/btv1b8602960j"
"http://data.bnf.fr/ark:/12148/cb30019574p";"Commentarii de bello gallico et de bello civili";"1472";"Roma";"Konrad Sweynheim et Arnold Pannartz";"1472";"Null";"Null";"Null"
"http://data.bnf.fr/ark:/12148/cb30019585b";"Historia naturalis. Éd. Johannes Andreas de Buxis";"1472";"Venezia";"Nicolas Jenson";"1472";"Null";"Null";"Null"
"http://data.bnf.fr/ark:/12148/cb300195662";"Joannis Andreae quaestiones mercuriales super regulis juris";"1472";"(Romae";"Adam Rot,)";"1472";"In-fol. (Pellechet, 651.)";"Null";"Null"
"http://data.bnf.fr/ark:/12148/cb30023109w";"Confessionale in vulgari sermone editum per D. Antoninum. - Sermone che fece un fra Jordano in Pisa, del corpo de Christo";"1472";"(Florentiae,)";"A. I.";"1472";"In-4° . (Pellechet, 870.)";"Null";"Null"
"http://data.bnf.fr/ark:/12148/cb30023073q";"S. Antonini, archiepiscopi Florentini, confessionale, aliter dictum Defecerunt, seu summula confessionis, seu tractatus de instructione simplicium confessorum";"1472";"(S. l.,)";"Null";"1472";"In-4° . (Pellechet, 837.)";"Null";"Null"
"http://data.bnf.fr/ark:/12148/cb300230920";"S. Antonini confessionale, et S. Joannis Chrysostomi sermo de poenitentia";"1472";"(Coloniae";"U. Zell";"1472";"In-4° . (Pellechet, 818.)";"Null";"Null"
"http://data.bnf.fr/ark:/12148/cb30023091n";"Confessionale sancti Antonini, correctum per Celestinum, monachum Sancti Eusebii";"1472";"Romae";"scribebat G. Lauer";"1472";"In-4° . (Pellechet, 839.)";"Null";"Null"
"http://data.bnf.fr/ark:/12148/cb30023102g";"Confessionale volgare di frate Antonino, arcivescovo di Firenze, intitolato Specchio di coscienza, ovvero Omnis mortalium cura";"1472";"Bononiae";"Null";"1472";"In-fol., impr. sur vélin. (Pellechet, 860.)";"Null";"Null"
"http://data.bnf.fr/ark:/12148/cb300230742";"S. Antonini, archiepiscopi Florentini, confessionale, aliter dictum Defecerunt, seu summula confessionis, seu tractatus de instructione simplicium confessorum";"1472";"Monteregali";"per A. Mathiae et B. Corderium";"1472";"In-4° . (Pellechet, 838.)";"Null";"Null"
"http://data.bnf.fr/ark:/12148/cb30023965k";"De bellis civilibus et de bello celtico, latine a P. Candido Decembrio";"1472";"Venezia";"Wendelinus de Spira";"1472";"Null";"Null";"Null"
"http://data.bnf.fr/ark:/12148/cb30039323n";"Divi Aurelii Augustini Sermo super Orationem dominicam ; Expositio super Symbolum ; Sermo de ebrietate cavenda";"1472";"(Coloniae";"U. Zell";"1472";"In-4° . (Pellechet, 1502.)";"Null";"Null"
"http://data.bnf.fr/ark:/12148/cb30039044s";"Enchiridion beati Augustini, conscriptus ad Laurentium, primicerium ecclesie Urbice";"1472";"(Coloniae";"U. Zell";"1472";"In-4° . (Pellechet, 1534.)";"Null";"Null"
"http://data.bnf.fr/ark:/12148/cb300393229";"Divi Aurelii Augustini Sermo super Orationem dominicam ; Expositio super Symbolum ; Sermo de ebrietate cavenda";"1472";"(Coloniae";"U. Zell";"1472";"In-4° . (Pellechet, 1501.)";"Null";"Null"
"http://data.bnf.fr/ark:/12148/cb30038828h";"Divi Aurelii Augustini de Anima et spiritu. De Ebrietate. De Vanitatibus saeculi. De Vita christiana. Ad Virgines de sobrietate et castitate. De Quator virtutibus caritatis. De Contritione cordis";"1472";"(S. l.,)";"Null";"1472";"In-4° . (Pellechet, 1479)";"Null";"Null"
"http://data.bnf.fr/ark:/12148/cb300397750";"Auli Gellii noctes atticae. Edidit Jo. Andreas, episcopus Aleriensis, opitulante Theodoro Gaza";"1472";"Romae";"in domo Petri de Maximis, Konrad Sweynheym et Arlond Pannartz";"1472";"[198] ff.";"Null";"Null"
"http://data.bnf.fr/ark:/12148/cb30040522w";"D. Magni Ausonii Opera";"1472";"Venetiis";"Null";"1472";"In-fol. (Pellechet, 1645.)";"Null";"Null"
"http://data.bnf.fr/ark:/12148/cb30039776b";"Auli Gelli noctium atticarum commentarii";"1472";"Venezia";"Nicolas Jenson";"1472";"[174] ff";"Null";"Null"
"http://data.bnf.fr/ark:/12148/cb30063197t";"Bartholomaei de Sancto Concordio summa de casibus conscientiae";"1472";"(Augustae";"per G. Zainer";"1472";"In-fol. (Pellechet, 1893.)";"Null";"Null"
"http://data.bnf.fr/ark:/12148/cb30063776h";"Liber dialogorum sancti Johannis Crisostomi,... et sancti Basilii,... de dignitate sacerdotii...";"1472";"[Köln";"Ulrich Zell";"1472";"Null";"Null";"Null"
"http://data.bnf.fr/ark:/12148/cb300634980";"Gasparini Pergamensis epistolae";"1472";"Basileae";"M. Flach";"1472";"In-fol. (Pellechet, 1981.)";"Null";"Null"
"http://data.bnf.fr/ark:/12148/cb30063499b";"Gasparini Pergamensis Epistolae";"1472";"Basel";"Michael Wenssler et Friedrich Biel";"1472";"In-2";"Null";"Null"
"http://data.bnf.fr/ark:/12148/cb30063157k";"Tractatus varii Bartoli de Saxoferrato";"1472";"[Venezia]";"Wendelinus de Spira";"1472";"Null";"Null";"Null"
"http://data.bnf.fr/ark:/12148/cb300705753";"Rosarium Decretorum domini Guidonis a Baiisio";"1472";"(Argentinae";"J. Mentelin";"1472";"In-fol. (Pellechet. 2011.)";"Null";"Null"
"http://data.bnf.fr/ark:/12148/cb30116731d";"Joannis Bocacii Decameron";"1472";"Mantuae";"Petrus Adam de Michaelibus";"1472";"In-fol. (Pellechet, 2439.)";"Null";"Null"
"http://data.bnf.fr/ark:/12148/cb301168639";"Johannis Bochacii, viri eloquentissimi, ad Flamettam, Panphyli amatricem, libellus, materno sermone editus";"1472";"(Patavii,)";"ex typis Bartholomaei de Valdezoccho et Martini de Septem Arboribus";"1472";"In-4° . (Pellechet, 2451.)";"Null";"Null"
"http://data.bnf.fr/ark:/12148/cb30116883x";"Il libro di Florio e di Bianzafiore, chiamato Philocolo";"1472";"Venetia";"impr. per Gabriele di Piero";"1472";"[Ca 400] p.";"Null";"http://gallica.bnf.fr/ark:/12148/bpt6k54212097"
"http://data.bnf.fr/ark:/12148/cb301169042";"Genealogiae deorum gentilium secundum Johannem Boccatium";"1472";"Venetiis";"apud Vindelinum de Spira";"1472";"In-fol. (Pellechet, 2466.)";"Null";"Null"
"http://data.bnf.fr/ark:/12148/cb30125285x";"Breviloquium sancti Bonaventurae, septem constans partibus, de Sacra Scriptura";"1472";"Nurembergae";"(J. Sensenschmid)";"1472";"In-fol. (Hain, *3472.)";"Null";"Null"
"http://data.bnf.fr/ark:/12148/cb30126499d";"Liber sextus Decretalium Bonifacii Papae VIII, cum novellis Joannis Andreae";"1472";"Romae";"per L. Pflugl et G. Lauer";"1472";"In-fol. (Hain-Copinger, *3589.)";"Null";"Null"
"http://data.bnf.fr/ark:/12148/cb30170149m";"Leonardi Aretini Epistolae familiares (ediderunt Antonius Moretus et Hieronymus Alexandrinus)";"1472";"(S. l.,)";"Null";"1472";"In-fol. (Pellechet, 1118.)";"Null";"Null"
"http://data.bnf.fr/ark:/12148/cb30178423p";"Tractatus collectus per venerabilem doctorem Walterum Burley, Anglicum, de Vita philosophorum";"1472";"(Coloniae,)";"per Arnoldum Therhoernen";"1472";"In-4° . (Hain-Copinger, 4122.)";"Null";"Null"
"http://data.bnf.fr/ark:/12148/cb30178429r";"Gualteri Burlei liber de vita et moribus philosophorum";"1472";"[Köln";"Johann Schilling pour William Caxton";"1472";"58 ff.";"Null";"Null"
"http://data.bnf.fr/ark:/12148/cb30178428d";"Gualteri Burlei libellus De vita et moribus philosophorum et poetarum";"1472";"[Nürnberg";"Anton Koberger";"1472";"Null";"Null";"Null"
"http://data.bnf.fr/ark:/12148/cb301768359";"Historia Friderici Imperatoris Magni, hujus nominis primi (autore Burchardo Biberacensi)";"1472";"[Augsburg";"monastère SS. Ulrich et Afra";"1472";"Null";"Null";"Null"
"http://data.bnf.fr/ark:/12148/cb301860328";"Consilia Johannis Calderini et Gasparis ejus filii";"1472";"Romae";"Null";"1472";"In-fol. (Hain, *4252. Pellechet, 3165)";"Null";"Null"
"http://data.bnf.fr/ark:/12148/cb30192092c";"De Injuriis et damno dato Johannis Jacobi Canis rubrica";"1472";"[Padova";"Leonhard Achates";"1472";"Null";"Null";"Null"
"http://data.bnf.fr/ark:/12148/cb30192090p";"Ad Ludovicum Fuscarenum Johannis Jacobi Canis carmina";"1472";"[Padova";"Leonhard Achates";"1472";"Null";"Null";"Null"
"http://data.bnf.fr/ark:/12148/cb301920911";"Carmen Nicolao Canali, classem contra Turcos ducenti, a Johanne Jacobo Cane cantatum";"1472";"[Padova";"Leonhard Achates";"1472";"Null";"Null";"Null"
"http://data.bnf.fr/ark:/12148/cb30194995c";"Roberti Caraccioli de Licio opus quadragesimale, quod de penitentia dictum est, cum tribus aliis sermonibus, de annuntiatione virginis Marie, de predestinato numero damnatorum et de cathenis";"1472";"(Venetiis,)";"per Vendelinum de Spira";"1472";"In-fol. (Hain-Copinger, 4424.)";"Null";"Null"
"http://data.bnf.fr/ark:/12148/cb301949852";"Roberti Caraccioli de Licio opus quadragesimale quod de penitentia dictum est";"1472";"Romae";"C. Sweynheym A. Pannartzque impr.";"1472";"In-fol. (Hain-Copinger, 4425.)";"Null";"Null"
"http://data.bnf.fr/ark:/12148/cb30194986d";"Roberti Caraccioli de Licio opus quadragesimale quod de penitentia dictum est";"1472";"Venetiis";"per Franciscum Hailbrun";"1472";"In-fol. (Hain, *4428.)";"Null";"Null"
"http://data.bnf.fr/ark:/12148/cb30206392g";"Dialogo della divina providenza, composto da sancta Catharina da Siena";"1472";"(Bononiae";"per Azzoguidum";"1472";"In-fol. (Hain-Copinger, 4689.)";"Null";"Null"
"http://data.bnf.fr/ark:/12148/cb302087148";"Trattato contra il peccato della lingua, ovvero il Pungilingua, di D. Cavalca, pubblicato da G. P. de Lignamine";"1472";"(Rome,)";"Null";"1472";"In-fol. (Pellechet, 3445.)";"Null";"http://gallica.bnf.fr/ark:/12148/bpt6k857942p"
"http://data.bnf.fr/ark:/12148/cb30213387c";"Caesaris Commentarii. Item Auli Hirtii, aut Oppii, libri de bello Alexandrino, de bello Africo et de bello Hispano. Edente Joanne Andrea";"1472";"Romae";"Null";"1472";"In-fol. (Pellechet, 3141.)";"Null";"Null"
"http://data.bnf.fr/ark:/12148/cb30242961q";"M. T. Ciceronis Epistolae ad familiares";"1472";"[Milano]";"Filippo da Lavagna";"1472";"Null";"Null";"Null"
"http://data.bnf.fr/ark:/12148/cb30242960c";"M. T. Ciceronis Epistolae ad familiares";"1472";"(S. l.,)";"Null";"1472";"In-fol. (Pellechet, 3595.)";"Null";"Null"
"http://data.bnf.fr/ark:/12148/cb30243242r";"M. Tullii Ciceronis de Officiis libri, Paradoxa, de Amicitia et de Senectute dialogi, Scipionis Somnium. Accesserunt XII sapientum versus in Ciceronis epitaphio";"1472";"[Venezia";"imprimeur de l'Ausonius (GW 3090)";"1472";"Null";"Null";"Null"
"http://data.bnf.fr/ark:/12148/cb30243221s";"M. Tullii Ciceronis de Officiis libri et Paradoxa. Accessere XII sapientum versus et Q. Horatii Flacci carmen de vitae humanae brevitate";"1472";"Argentinae";"impr. per H. Eggestein";"1472";"In-4° . (Pellechet, 3730.)";"Null";"Null"
"http://data.bnf.fr/ark:/12148/cb30243450x";"M. T. Ciceronis Orationes";"1472";"Venetiis";"Adamus de Ammergau";"1472";"In-fol. (Pellechet, 3690.)";"Null";"Null"
"http://data.bnf.fr/ark:/12148/cb302432224";"M. Tullii Ciceronis de Officiis libri, Paradoxa, de Amicitia et de Senectute dialogi, Somnium Scipionis. Accedunt XII sapientum versus";"1472";"Venetiis";"impr. per Vindelinum de Spira";"1472";"In-fol. (Pellechet, 3731.)";"Null";"Null"
"http://data.bnf.fr/ark:/12148/cb30243220f";"M. Tullii Ciceronis de Officiis libri, Paradoxa, de Amicitia et de Senectute dialogi. Accessere XII sapientum versus";"1472";"(S. l.,)";"Null";"1472";"In-fol. (Pellechet, 3729.)";"Null";"Null"
"http://data.bnf.fr/ark:/12148/cb30244457k";"Marci Tullii Ciceronis Rhetoricorum libri ad Herennium";"1472";"[Napoli]";"Sixtus Riessinger";"1472";"[54] ff. non signés";"Null";"Null"
"http://data.bnf.fr/ark:/12148/cb302491736";"Clementis papae V Constitutiones, cum commento Johannis Andreae. Accedit Clementis V Exivi de paradiso";"1472";"Romae";"L. Pflugl et G. Lauer";"1472";"In-fol. (Pellechet, 2732.)";"Null";"Null"
"http://data.bnf.fr/ark:/12148/cb30260618p";"Scriptores rei rusticae cum Georgii Merulae enarrationibus priscarum vocum";"1472";"Venetiis";"Null";"1472";"In-fol. (Hain, 14564.)";"Null";"Null"
"http://data.bnf.fr/ark:/12148/cb30266251v";"La Bella Mano, da Ginsto de' Conti. - Fol. 1 v° : Johannis Baptiste de Reffrigeriis de Bononia carmina in laudem domini Justi - Fol. 2 r° : Justi de Comitibus romani... Libellus... intitulatus la Bella Mano. - A la fin : Per me Scipionem Malpiglium Bononiensem M. CCCCLXXII";"1472";"[Bologna,]";"Scipione Malpigli";"1472";"[74] ff. n. chiffrés ni signés";"Null";"Null"
"http://data.bnf.fr/ark:/12148/cb302711073";"Antonii Cornazzani liber de fide et vita Christi, carmine italico scriptus";"1472";"[Venezia";"imprimeur de Cornazzano, Vita di Cristo (GW 7550)]";"1472";"Null";"Null";"Null"
"http://data.bnf.fr/ark:/12148/cb30299258m";"La Divina Commedia di Dante Alighieri, edita da Columbino Veronese";"1472";"Mantuae";"per Georgium et Paulum Teutonicos";"1472";"In-fol. (Hain, 5939.)";"Null";"Null"
"http://data.bnf.fr/ark:/12148/cb30300462j";"Historia de origine Trojanorum Daretis Phrygii";"1472";"(Venetiis";"Null";"1472";"In-4° . (Hain, 5960.)";"Null";"Null"
"http://data.bnf.fr/ark:/12148/cb302992578";"La Divina Comedia di Dante Alighieri";"1472";"(Foligno,)";"J. Numeister";"1472";"In-fol. (Hain-Copinger, 5938.)";"Null";"Null"
"http://data.bnf.fr/ark:/12148/cb30302126b";"Augustini Dati de variis loquendi figuris sive de modo dictandi, ad Andream civem Senensem ysagogicus libellus";"1472";"(Coloniae";"Ulricus Zell";"1472";"In-4° . (Hain, 6018.)";"Null";"Null"
"http://data.bnf.fr/ark:/12148/cb303437382";"Diodori Siculi Bibliotheca, seu Historiarum priscarum libri VI, e graeco in latinum traducti per Fr. Poggium. Accedit Cornelii Taciti de situ, moribus et populis Germaniae libellus";"1472";"Bononiae";"(per U. Rugerium et D. Bertochum)";"1472";"In-fol. (Pellechet, 4266.)";"Null";"Null"
"http://data.bnf.fr/ark:/12148/cb30343571b";"Dynus de regulis juris";"1472";"Romae";"A. Rot";"1472";"In-fol. (Pellechet, 4258.)";"Null";"Null"
"http://data.bnf.fr/ark:/12148/cb303476540";"Aelii Donati ars minor";"1472";"[Pays-Bas";"prototypographie néerlandaise (type 5)";"1472";"Null";"Null";"Null"
"http://data.bnf.fr/ark:/12148/cb30347655b";"Aelii Donati ars minor";"1472";"[Pays-Bas";"prototypographie néerlandaise (type 5)";"1472";"In-4° . (Pellechet, 4412.)";"Null";"Null"
"http://data.bnf.fr/ark:/12148/cb303476362";"Donati grammatici in P. Terentii Afri Comoedias examinata interpretatio...";"1472";"(Venetiis ?)";"impress. per Vindelinum de Spira";"1472";"In-fol. (Pellechet, 4429.)";"Null";"Null"
"http://data.bnf.fr/ark:/12148/cb30347653n";"Aelii Donati ars minor";"1472";"[Pays-Bas";"prototypographie néerlandaise (type 4)";"1472";"Null";"Null";"Null"
"http://data.bnf.fr/ark:/12148/cb303476331";"Donati grammatici in P. Terentii Afri Comoedias examinata interpretatio...";"1472";"Romae";"Sweynheym et A. Pannartz impress.";"1472";"In-fol. (Pellechet, 4430.)";"Null";"Null"
"http://data.bnf.fr/ark:/12148/cb30377623b";"Quaestiones Johannis Duns Scoti a Johanne de Colonia abbreviatae et ordinatae super quatuor libris Sententiarum, Quodlibetis, Metaphysica et de Anima";"1472";"(Venetiis";"Null";"1472";"In-4° . (Pellechet, 4464.)";"Null";"Null"
"http://data.bnf.fr/ark:/12148/cb30377645n";"Quaestiones Johannis Duns Scoti super primum librum Sententiarum";"1472";"(Venetiis,)";"Null";"1472";"In-fol. (Pellechet, 4456.)";"Null";"Null"
"http://data.bnf.fr/ark:/12148/cb303776460";"Quaestiones Johannis Duns Scoti super primum librum Sententiarum, ab Antonio Trombeta emendatae";"1472";"Venetiis";"Null";"1472";"In-fol. (Pellechet, 4457.)";"Null";"Null"
"http://data.bnf.fr/ark:/12148/cb30402096d";"Historia tripartita, ex Sozomeno, Socrate et Theodoreto ab Epiphanio scholastico versa Cassiodoroque Senatore redacta";"1472";"Augustae Vindelicorum";"J. Schüssler";"1472";"In-fol. (Hain-Coppinger, *4573.)";"Null";"Null"
"http://data.bnf.fr/ark:/12148/cb30411897x";"Margarita poetica, opus clarissimum feliciter incipit Albertus de Eyb,...";"1472";"Nürnberg";"Johann Sensenschmidt";"1472";"3 parties [4 avec la Tabula], [478] ff. non signés";"Null";"Null"
"http://data.bnf.fr/ark:/12148/cb30411896k";"[Ehebüchlein, von Albrecht von Eyb]";"1472";"[Nürnberg";"Anton Koberger";"1472";"[60] ff. non signés [a-f]10, le 1er et le dernier blancs";"Null";"Null"
"http://data.bnf.fr/ark:/12148/cb30430120k";"Practica nova Johannis Petri de Ferrariis";"1472";"[Strasbourg";"Heinrich Eggestein";"1472";"Null";"Null";"Null"
"http://data.bnf.fr/ark:/12148/cb30434313t";"Pimander, seu de Potestate et sapientia Dei";"1472";"Ferrariae";"Null";"1472";"In-4° . (Hain, 8457.)";"Null";"Null"
"http://data.bnf.fr/ark:/12148/cb30440562t";"Blondi Flavii Romae triumphantis libri X";"1472";"[Mantova";"Georgius de Augusta et Paulus de Butzbach pour ou avec Pietro Adamo de’ Micheli ?";"1472";"Null";"Null";"Null"
"http://data.bnf.fr/ark:/12148/cb30478752m";"Tractatus maleficiorum D. Angeli de Gambilionibus de Aretio,...";"1472";"Mantuae";"P. A. de Michaelibus";"1472";"In-fol. (Pellechet, 1150.)";"Null";"Null"
"http://data.bnf.fr/ark:/12148/cb30498642f";"Tractatus de spera";"1472";"[Venezia, Florentius de Argentina, ante 8 V 1472]";"Null";"1472";"Null";"Null";"Null"
"http://data.bnf.fr/ark:/12148/cb305016302";"Johannis Gerson Tractatus de simonia. Tractatus de probatione spirituum. Tractatus de eruditione confessorum. Tractatus de remediis contra recidivum peccandi a confessoribus dandis";"1472";"[Köln";"imprimeur du Dares, GW 7986 (= Johann Schilling)";"1472";"[30] ff. non signés [a-c]8, [d]6, le dernier blanc";"Null";"Null"
"http://data.bnf.fr/ark:/12148/cb30501464t";"Tractatus pulcherrimus Johannis Gerson de consolatione theologiae";"1472";"[Köln]";"Arnold Therhoernen";"1472";"[64] ff. non signés [a-h]8";"Null";"Null"
"http://data.bnf.fr/ark:/12148/cb305016066";"Tractatulus de remediis contra pusillanimitatem, scrupulositatem, contra deceptorias inimici consolationes et subtiles ejus tentationes Johanni Gerson";"1472";"[Köln";"imprimeur du Dares, GW 7986 (= Johann Schilling)";"1472";"[12] ff. non signés [a-b]6";"Null";"Null"
"http://data.bnf.fr/ark:/12148/cb30501595c";"Johannis Gerson Tractatulus de pollutione nocturna";"1472";"[Köln";"imprimeur du Dares, GW 7986 (= Johann Schilling)";"1472";"[16] ff. non signés [a-b]8, le 1er blanc";"Null";"Null"
"http://data.bnf.fr/ark:/12148/cb30501602t";"Johannis Gerson Tractatulus de cognitione castitatis et pollutionibus diurnis. Forma absolutionis sacramentalis";"1472";"[Köln";"imprimeur du Dares, GW 7986 (= Johann Schilling)";"1472";"[16] ff. non signés [a-b]8";"Null";"Null"
"http://data.bnf.fr/ark:/12148/cb305358666";"Decretum Gratiani, cum apparatu Bartholomaei Brixiensis";"1472";"Mainz";", Peter Schöffer";"1472";"[413] ff. non signés [a]8, [b-d]10, [e]8, [f-g]10, [h]6, [i]4 (3+1), [k]8 (1+1), [l]8, [m]6, [n-o]10, [p-q]8, [r]6, [s]4, [t-v]10, [x]8, [y]6 (5+1), [z]10, [A]10, [B-C]8, [D-E]10, [F]8, [G]8 (1+1), [H-I]10, [K]10 (9+1), [L-M]10, [N-Q]8/6, [R-X]10, [Y]8, [Z]6, [aa-bb]8, le dernier f. blanc";"Null";"Null"
"http://data.bnf.fr/ark:/12148/cb30535873g";"Decretum Gratiani, cum apparatu Johannis Semecae Teutonici et Bartholomaei Brixiensis";"1472";"Strasbourg";"Heinrich Eggestein";"1472";"[460] ff. non signés [a-i]10, [k-l]8, [m-z]10, [A-H]10, [I-K]8, [L-Z]10, [aa]8, le dernier blanc";"Null";"Null"
"http://data.bnf.fr/ark:/12148/cb30538090k";"Liber regule pastoralis Gregorii pape ...";"1472";"[Basel";"Martin Flach";"1472";"[152] ff. non signés [a]-[t]8";"Null";"Null"
"http://data.bnf.fr/ark:/12148/cb305576985";"Guillermi de Saliceto Tractatus de salute corporis. Johannis de Turrecremata Tractatus de salute animae. Pii II Tractatus de amore. Pro laude Homeri praefatio. Homeri Ilias e graeco in latinum versa. Pro laude Homeri praeclara illustrium virorum testimonia. Epitaphia varia";"1472";"[Pays-Bas";"prototypographie néerlandaise (type 5)";"1472";"[24] ff. non signés [a-b12], le premier blanc";"Null";"Null"
"http://data.bnf.fr/ark:/12148/cb30557522n";"Rhetorica divina domini Guillermi, parisiensis episcopi. Libri sancti Effrem de Compunctione cordis, Judicio Dei et resur., Beatitudine anime, Penitentia, Luctamine spiritali, Die judicii";"1472";"[Basel";"Johannes Froben";"1472";"80 ff. signés A8, a-i8";"Null";"Null"
"http://data.bnf.fr/ark:/12148/cb368130204";"(Commence ainsi :)  Questa e la tavola da trovare le domeniche... (Le texte commence ainsi :) a laude sia gloria del nostro Signor Yhesu Christo...";"1472";"[Venise ?]";"[Christophoro Arnoldo ?]";"1472";"In-folio. Car. ronds";"Null";"Null"
"http://data.bnf.fr/ark:/12148/cb30592710t";"Expositio venerabilis magistri Henrici de Hassia super dominicam orationem. - Expositio Henrici de Hassia super Ave Maria. - Expositio beati Augustini episcopi super symbolum. - Sermo beati Augustini super orationem dominicam";"1472";"[Köln";"imprimeur du Dares, GW 7986 (= Johann Schilling)";"1472";"Null";"Null";"Null"
"http://data.bnf.fr/ark:/12148/cb30592739j";"Tractatus de quatuor virtutibus cardinalibus editus et expositus per Henricum Ariminensem. Cum praefatione Thomae Dornbergi";"1472";"Speyer";"[imprimeur des Gesta Christi (H 9057)";"1472";"Null";"Null";"Null"
"http://data.bnf.fr/ark:/12148/cb30597484r";"Liber Mercurii Trismegisti de unitate et potestate Dei, translatus e greco in latinum per Marsilium Ficinum";"1472";"Ferrariae";"per Andream Gallum";"1472";"In-4° . (Hain, 8457.)";"Null";"Null"
"http://data.bnf.fr/ark:/12148/cb30613855t";"Homeri Batrachomyomachia, latinis versibus reddita a Carolo Aretino";"1472";"[Venezia";"imprimeur du Datus (GW 8038)";"1472";"Null";"Null";"Null"
"http://data.bnf.fr/ark:/12148/cb30625730w";"Sermones dominicales super Evangelia et Epistolas per totum annum";"1472";"(Strasbourg)";"Null";"1472";"In-fol. (Hain, *8995.)";"Null";"Null"
"http://data.bnf.fr/ark:/12148/cb30630200k";"Gesta Christi";"1472";"Null";"Null";"1472";"In-fol.";"Null";"Null"
"http://data.bnf.fr/ark:/12148/cb372865276";"Carmina Catulli, quibus accessere Tibulli";"1472";"[Venetiis]";"[V. de Spire]";"1472";"[401] p.";"Null";"http://gallica.bnf.fr/ark:/12148/bpt6k70254w"
"http://data.bnf.fr/ark:/12148/cb30636647s";"Isidori junioris, hispalensis episcopi, Ethimologiarum libri";"1472";"(Augustae Vindelicorum,)";"per G. Zainer";"1472";"In-fol. (Hain, *9273.)";"Null";"Null"
"http://data.bnf.fr/ark:/12148/cb30636674p";"Isidori junioris, hispalensis episcopi, liber de Responsione mundi et astrorum ordinatione";"1472";"Augsburg";"Günther Zainer";"1472";"Ill.";"Null";"Null"
"http://data.bnf.fr/ark:/12148/cb306390722";"Incipiunt Sermones auctorisan [sic] a domino Nicolao papa quinto, per eximium dominum doctorem sacre theoloye [sic] patrem Jacobum Cartusiensem, domus extra muros erfordensis vicarium";"1472";"Null";"Null";"1472";"In-fol. (Hain-Copinger, *9333.)";"Null";"Null"
"http://data.bnf.fr/ark:/12148/cb30639070c";"Incipiunt Sermones notabiles et formales per eximium dominum";"1472";"Null";"Null";"1472";"In-fol. (Hain-Copinger, *9329.)";"Null";"Null"
"http://data.bnf.fr/ark:/12148/cb30650052p";"Das Buch genannt Summa confessorum Johannis Friburgensis, von Latein in Teutsch gemacht durch Berthold, Prediger Ordens";"1472";"Augustae Vindelicorum";"J. Bämler";"1472";"In-fol. (Hain, *7367.)";"Null";"Null"
"http://data.bnf.fr/ark:/12148/cb30649744z";"Confessionale...";"1472";"(Coloniae";"Null";"1472";"In-4° . (Pellechet, 818.)";"Null";"Null"
"http://data.bnf.fr/ark:/12148/cb30652534m";"Aureola ex suavissimis salutiferisque floribus beati Hieronymi adfabre contexta";"1472";"(Spirae";"l'impr. du Gesta Christi";"1472";"In-fol. (Proctor, 2322.)";"Null";"Null"
"http://data.bnf.fr/ark:/12148/cb30652631v";"Vita sanctae Paulae viduae et sancti Pauli heremitae [a. S. Hieronymo]";"1472";"(Coloniae";"A. Terhoernen";"1472";"In-4° . (Voulliéme, 579.)";"Null";"Null"
"http://data.bnf.fr/ark:/12148/cb306700763";"Justini Epitoma in Trogi Pompei Historias";"1472";"Romae";"C. Sweinheym et A. Pannartz";"1472";"In-fol. (Hain-Copinger, 9648.)";"Null";"Null"
"http://data.bnf.fr/ark:/12148/cb30670351k";"Justiniani imperatoris Institutiones, una cum apparatu";"1472";"Moguntiae";"P. Schoiffer";"1472";"In-fol. (Hain-Copinger, *9490.)";"Null";"Null"
"http://data.bnf.fr/ark:/12148/cb30670352x";"Dn. Justiniani Institutionum libri quatuor, cum Feudorum constitutionibus";"1472";"Argentinae";"per H. Eggesteyn";"1472";"2 parties en 1 vol. in-fol. (Hain-Copinger, *9491.)";"Null";"Null""http://data.bnf.fr/ark:/12148/cb307118603";"Lactantii Firmiani Opera. De Divinis institutionibus adversus gentes libri septem : de Ira Dei ; de Opificio hominis ; Phoenix ; Dantes Phoenice (Inferno, XXIV, 107-112), Ovidius Phoenix Metamorph., XV, 391-402) ; de Resurrectionis dominicae die. Ex recensione fratris Adami Genuensis. Errata per fratrem Antonium Raudensem collecta et exarata. In Epithomon tractatus Lactantii additus est";"1472";"Venetiis";"per Vindelinum de Spira";"1472";"In-fol. (Hain, *9810.)";"Null";"Null"
"http://data.bnf.fr/ark:/12148/cb307788485";"Sophologium";"1472";"[Paris";"Ulrich Gering, Martin Crantz, Michael Friburger";"1472";"Null";"Null";"http://gallica.bnf.fr/ark:/12148/btv1b8604267n"
"http://data.bnf.fr/ark:/12148/cb38498437d";"[Illustrations de Epitoma vei militaris]";"1472";"Vérone";"Valturius";"1472";"91 est. : gravures sur bois : Noir et blanc";"http://data.bnf.fr/ark:/12148/cb11977595w";"http://gallica.bnf.fr/ark:/12148/btv1b2100156t"
"http://data.bnf.fr/ark:/12148/cb30818995w";"Trattato contra il peccato della, lingua, ovvero il Pungi linga...";"1472";"(Roma,)";"Null";"1472";"In-fol. (Pellechet, 3445.)";"Null";"Null"
"http://data.bnf.fr/ark:/12148/cb308446304";"Vita Jhesu, venerabili viro fratre Ludolpho carthusiensi edita. Incipit feliciter";"1472";"Null";"Null";"1472";"[60] f.";"Null";"Null"
"http://data.bnf.fr/ark:/12148/cb30855391z";"[In Somnium Scipionis. Saturnaliorum libri.] - Incipit : Somnium Scipionis, ex Ciceronis libro de Republica excerptum. - A la fin : Macrobii Aurelii Theodosii,... Saturnaliorum libri impressi Venetiis, opera et impensa Nicolai Jenson, MCCCCLXXII";"1472";"Venezia";"Nicolas Jenson";"1472";"Null";"Null";"Null"
"http://data.bnf.fr/ark:/12148/cb30879413t";"Mammotrectus super Bibliam";"1472";"(Argentorati.)";"Null";"1472";"In-fol.";"Null";"Null"
"http://data.bnf.fr/ark:/12148/cb39305761g";"Summa theologica";"1472";"[Strasbourg]";"[Heinrich Eggestein ?]";"1472";"Null";"Null";"Null"
"http://data.bnf.fr/ark:/12148/cb393113054";"Obeinem manne sey zunemen ein eelichs weyb oder nicht";"1472";"Nuremberg";"Koburger";"1472";"In-fol.";"Null";"Null"
"http://data.bnf.fr/ark:/12148/cb39328602t";"[P. Papini Statii surculi Sylvarum libri]";"1472";"[Venise]";"[Vendelin de Spire]";"1472";"In-4 °";"Null";"Null"
"http://data.bnf.fr/ark:/12148/cb309325054";"Comoediae...";"1472";"Venetiis";"Null";"1472";"In-fol.";"Null";"Null"
"http://data.bnf.fr/ark:/12148/cb310048836";"Copia indulgentiarum de institutione festi Presentationis beate Marie per reverendissimum dominum Adolfum archiepiscopum Maguntinum concessarum";"1472";"[Basel";"Martin Flach";"1472";"[18] ff. non signés [a10, b8]";"Null";"Null"
"http://data.bnf.fr/ark:/12148/cb310160365";"Glossae in universa Biblia";"1472";"Romae";"apud Petrum de Maximis";"1472";"5 vol. in-fol. (Hain-Copinger, *10363.)";"Null";"Null"
"http://data.bnf.fr/ark:/12148/cb31016037h";"Postillae Nicolai de Lyra super totam Bibliam, cum additionibus Pauli Burgensis";"1472";"Null";"Null";"1472";"4 vol.";"Null";"Null"
"http://data.bnf.fr/ark:/12148/cb310159937";"Collecta et praedicata de passione Christi";"1472";"Null";"Null";"1472";"In-fol. (Hain-Copinger, *11761.)";"Null";"Null"
"http://data.bnf.fr/ark:/12148/cb31016780k";"[Logica.] (Fol. 1, r°) : [C] irconspiciens in circuitu librorum magnitudinem... - A la fin : Finis, Deo gracias, anno Domini 1472, XIII die julii";"1472";"(S. l.,)";"Null";"1472";"In-4° , 115 ff. non ch., notes manuscrites";"Null";"Null"
"http://data.bnf.fr/ark:/12148/cb310172646";"Praeceptorium divinae legis, seu Expositio Decalogi Johannis Nyder";"1472";"Coloniae";"Johannes Koelhoff";"1472";"In-fol. (Hain-Copinger, 11786 ; Voullième, 855.)";"Null";"Null"
"http://data.bnf.fr/ark:/12148/cb31017224z";"Tractatus de contractibus mercatorum Johannis Nider... Accedunt Johannis de Nigromonte articuli contra impugnantes privilegia ordinis praedicatorum";"1472";"(Coloniae";"Ulricus Zell";"1472";"In-4° . (Hain-Copinger, 11820 ; Voullième, 864";"Null";"Null"
"http://data.bnf.fr/ark:/12148/cb31033681b";"Consilia et quaestiones. [Oldrado de Ponte authore.]";"1472";"Rome";"Null";"1472";"In-fol. (Hain, *9932.)";"Null";"Null"
"http://data.bnf.fr/ark:/12148/cb31039659m";"Repetitio doctoris Lanfranci de Oriano super C. quoniam contra falsam cum aliis aliorum repetitionibus";"1472";"Venise";"Null";"1472";"In-fol. (Hain, *9884)";"Null";"Null"
"http://data.bnf.fr/ark:/12148/cb310526580";"Scriptores rei rusticae cum Georgi Merulae enarrationibus priscarum vocum";"1472";"Venetiis";"Null";"1472";"In-fol. (Hain, *14564.)";"Null";"Null"
"http://data.bnf.fr/ark:/12148/cb310944969";"Francisci Petrarcae Rerum vulgarium fragmenta";"1472";"Patavi";"[s.n.]";"1472";"379 p.";"Null";"http://gallica.bnf.fr/ark:/12148/bpt6k719275"
"http://data.bnf.fr/ark:/12148/cb31095466m";"Tabula super disputationibus, questionibus et consiliis Frederici de Senis";"1472";"Rome";"Null";"1472";"In-fol. (Hain, *12843)";"Null";"Null"
"http://data.bnf.fr/ark:/12148/cb31095520k";"Conciliator differentiarum philosophorum et precipue medicorum clarissimi viri Petri de Abano,...";"1472";"Mantuae";"Null";"1472";"In-fol. (Pellechet, 1.)";"Null";"Null"
"http://data.bnf.fr/ark:/12148/cb31099243c";"Epistolae";"1472";"[Venezia";"imprimeur de Duns Scotus, Quæstiones (GW 9080)";"1472";"Null";"Null";"Null"
"http://data.bnf.fr/ark:/12148/cb311071955";"Aeneae Silvii de Curialium miseria";"1472";"[Paris";"Ulrich Gering, Martin Crantz et Michael Friburger";"1472";"Null";"Null";"http://gallica.bnf.fr/ark:/12148/btv1b8604278f"
"http://data.bnf.fr/ark:/12148/cb31107257w";"Pii secundi Epistola ad Mahumetem";"1472";"[Köln";"Ulrich Zell";"1472";"Null";"Null";"Null"
"http://data.bnf.fr/ark:/12148/cb31107208p";"Aeneae Silvii de Duobus amantibus";"1472";"[Parisi";"Ulrich Gering, Martin Crantz et Michael Friburger";"1472";"Null";"Null";"http://gallica.bnf.fr/ark:/12148/btv1b86042756"
"http://data.bnf.fr/ark:/12148/cb31107205n";"Dyalogus Enee Sylvii, postea Pii pape secundi, contra Bohemos atque Thaboritas";"1472";"[Köln";"Ulrich Zell";"1472";"In-4° . (Pellechet, 143.)";"Null";"Null"
"http://data.bnf.fr/ark:/12148/cb31122460j";"Plautinę viginti comoedię... emendatę per Georgium Alexandrinum";"1472";"Venetiis";"Null";"1472";"In-fol. (Hain-Copinger, 13074 ; Van Praet, T. IV, p. 93, n  117";"Null";"Null"
"http://data.bnf.fr/ark:/12148/cb311268493";"Poggii florentini... Facetiarum liber...";"1472";"[Nürnberg";"Anton Koberger";"1472";"Null";"Null";"Null"
"http://data.bnf.fr/ark:/12148/cb31131861z";"Polybii Historiarum libri V, latine, Nic. Perotto interprete";"1472";"Romae";"C. Sweynheym et A. Pannartz";"1472";"In-fol. (Hain, 13246.)";"Null";"Null"
"http://data.bnf.fr/ark:/12148/cb31153960s";"Propertii Carmina";"1472";"(Venetiis,)";"Null";"1472";"In-4° . (Copinger, 4888.)";"Null";"Null"
"http://data.bnf.fr/ark:/12148/cb311526078";"[Prisciani Caesariensis Opera.]";"1472";"(Venetiis,)";"Null";"1472";"In-fol. (Hain-Copinger, 13356.)";"Null";"Null"
"http://data.bnf.fr/ark:/12148/cb31165582p";"Quinti Curtii de Rebus gestis Alexandri Magni";"1472";"[Roma]";"Georg Lauer";"1472";"Null";"Null";"Null"
"http://data.bnf.fr/ark:/12148/cb31175545p";"Apparatus super constitutionibus regni Siciliae [auctore Andrea de Ysernia]";"1472";"Neapoli";"Null";"1472";"In-fol. (Hain, 16247.)";"Null";"Null"
"http://data.bnf.fr/ark:/12148/cb31183537s";"Opera medica, seu Practica [Johannis-Matthaei de Ferrariis de Gradi] cum textu noni ad Almansorem";"1472";"(Papiae";"J. de Sidriano";"1472";"In-fol. (Pellechet, 5284.)";"Null";"Null"
"http://data.bnf.fr/ark:/12148/cb31224452k";"[Historia de itinere contra Turcos, auctore Roberto de Sancto Remigio.]";"1472";"(Köln";"Null";"1472";"In-4° . (Voulliéme, 1023.)";"Null";"Null"
"http://data.bnf.fr/ark:/12148/cb312379072";"De Sancto Servatio legenda minor et valde bona [auctore W. Rolevinck. Praecedit ejusdem Tabula confluentina]";"1472";"Köln";"Arnold Therhoernen";"1472";"[30] ff. n. ch., sans sign. ni récl., marque de l'impr. à la fin, incipit et explicit en rouge";"Null";"Null"
"http://data.bnf.fr/ark:/12148/cb31237888m";"Libellus de regimine rusticorum, qui etiam valde utilis est curatis, capellanis, drossatis, schultetis ac aliis officiariis iisdem in utroque statu presidentibus [auctore W. Rolevinck]";"1472";"(Coloniae";"A. Therhoernen";"1472";"In-4° , 58 ff. n. ch., sans sign. ni récl., car. goth., titre rouge. (Voullième, 1039.)";"Null";"Null"
"http://data.bnf.fr/ark:/12148/cb312378936";"Libellus de venerabili sacramento et valore missarum ratione pretii satisfactivi tam pro vivis quam pro mortuis [auctore Wernero Rolevinck]";"1472";"(Coloniae";"A. Therhoernen";"1472";"In-4° , 50 ff. n. ch. (Voullième, 1042.)";"Null";"Null"
"http://data.bnf.fr/ark:/12148/cb312929220";"[Speculum vitae humanae, auctore Rodorico Sanctio de Arevalo.]";"1472";"(Parisiis";"U. Gering.)";"1472";"In-fol. (Hain-Copinger, 13935.)";"Null";"http://gallica.bnf.fr/ark:/12148/btv1b8604279v"
"http://data.bnf.fr/ark:/12148/cb31292921n";"[Speculum vitae humanae, auctore Rodorico Sanctio de Arevalo.]";"1472";"(Coloniae";"U. Zell.)";"1472";"In-4° . (Hain-Copinger, *13933.)";"Null";"Null"
"http://data.bnf.fr/ark:/12148/cb312929209";"[Speculum vitae humanae, auctore Rodorico Sanctio de Arevalo.]";"1472";"Beronae";"a H. Helye, alias de Louffen";"1472";"In-fol. (Hain-Copinger, 13941.)";"Null";"Null"
"http://data.bnf.fr/ark:/12148/cb313751259";"[Epistola Sixti papae quarti ad Johannem Mocenicum, Venetiarum ducem.]";"1472";"Romae";"Null";"1472";"In-4° . (Hain 14801.]";"Null";"Null"
"http://data.bnf.fr/ark:/12148/cb313804254";"Historia tripartita, ex Sozomeno, Socrate et Theodoreto ab Epiphanio Scholastico versa, Cassiodoroque Senatore redacta";"1472";"Augustae Vindelicorum";"J. Schüssler";"1472";"In-fol. (Hain-Copinger, *4573.)";"Null";"Null"
"http://data.bnf.fr/ark:/12148/cb31391119t";"Historia tripartita ex Socrate, Sozomeno et Theodoreto ab Epiphanio Scholastico translata Cassiodoroque Senatore redacta...";"1472";"Augustae Vindelicorum";"J. Schüssler";"1472";"In-fol. (Hain-Copinger, *4573.)";"Null";"Null"
"http://data.bnf.fr/ark:/12148/cb31396674j";"[Catulli, Tibulli, Propertiique Carmina, quibus accessere Statii Sylvae.]";"1472";"(Venetiis";"V. de Spira,)";"1472";"In-4° . (Hain, 4758 ; Pellechet, 3441.)";"Null";"Null"
"http://data.bnf.fr/ark:/12148/cb313966647";"Papinii Statii Sursuli Achilleis";"1472";"Venetiis";"(J. de Colonia,)";"1472";"In-4° . (Hain, 14986.)";"Null";"Null"
"http://data.bnf.fr/ark:/12148/cb31411779v";"Strabonis Geographiae libri XVII";"1472";"(Venetiis";"per Vindelinum de Spira,)";"1472";"In-fol. (Hain-Copinger, *15087.)";"Null";"Null"
"http://data.bnf.fr/ark:/12148/cb31419500z";"[Suetonii Tranquilli Vitae XII Caesarum, ex recognitione Jo. Andreae, cum Ausonii carmine.]";"1472";"Romae";"C. Sweynheym et A. Pannartz";"1472";"In-fol. (Hain-Copinger, 15118.)";"Null";"Null"
"http://data.bnf.fr/ark:/12148/cb31427710j";"Historiarum priscarum [libri VI, e graeco in latinum per Fr. Poggium translati]";"1472";"Bononiae";"Null";"1472";"In-fol. (Hain-Copinger, 6188 ; Pellechet, 4266.)";"Null";"Null"
"http://data.bnf.fr/ark:/12148/cb31443158b";"Hie hebt sich an eyn gutt nüczlich Buch von der rechtlichen Überwundung Cristi wider Sathan... und des Sünders Betröstung [des Jacob von Therams]...";"1472";"[Augsburg]";"Günther Zainer";"1472";"[90] ff.";"Null";"Null"
"http://data.bnf.fr/ark:/12148/cb314431450";"Reverendi patris domini Jacobi de Theramo Compendium perbreve Consolatio peccatorum nuncupatum et apud nonnullos Belial vocitatum...";"1472";"[Augsburg]";"Johann Schüssler";"1472";"Null";"Null";"Null"
"http://data.bnf.fr/ark:/12148/cb314433864";"[Publii Terentii Comoediae sex : Andria, Eunuchus, Heautontymorumenon, Adelphoe (et : Adelphos), Hecyra, Phormio.]";"1472";"(Paris";"U. Gering, M. Crantz et M. Friburger";"1472";"In-fol. (Dibdin, Bibl. Spenceriana, II, n  467 ; Brunet, V, col. 704, n  XI ; Reichling, VI, p. 66, n  1878 ; Lawton, 6.)";"Null";"http://gallica.bnf.fr/ark:/12148/btv1b8604281x"
"http://data.bnf.fr/ark:/12148/cb31443679p";"[Donati commentarius in Terentii Comoedias, a Raphaele Zovenzonio emendatus.]";"1472";"(Venetiis,)";"V. de Spira";"1472";"In-fol. (Hain, 6383-Reichling, V, p. 106 ; Pellechet, 4429 ; Lawton, cat. des comm., n  1, ii.)";"Null";"Null"
"http://data.bnf.fr/ark:/12148/cb31443680w";"[Donati Commentarius in Terentii Comoedias.]";"1472";"Rome";"Null";"1472";"In-fol., 188 ff. n. ch. s. sign. n. récl., car. rom. (Hain-Copinger, *6384 et *15373 ; Pellechet, cat. des comm., 4430 ; Lawton, n  1, iii.)";"Null";"Null"
"http://data.bnf.fr/ark:/12148/cb31443382r";"[Terentii Comoediae sex : Andria, Eunuchus, Eaphtontimorumenon, Adelphe, Hechira, Phormio.] - (Fol. [1,] r° :) Terentius, Apher genere, civis vero Carthaginensis fuit... - Argumentum Andrie [auctore Sulpicio Apollinari]. - (Fol. [1,] v° :) Terentii Aphri, poete comici, epitaphium. - (À la fin :) Finis Terentii Aphricani. (Suivent 4 vers, puis :) Conradus Sweynheym Arnoldus Pannartzque magistri/Rome impresserunt talia multa simul, M.CCCC.LXXII., die VI. octobris";"1472";"Rome";"Null";"1472";"In-fol., 71 ff. n. ch., s. sign. n. récl., car. rom. (Copinger, 5740 ; Brunet, V, col. 706 ; Lawton, 9.)";"Null";"Null"
"http://data.bnf.fr/ark:/12148/cb314515852";"[Historia tripartita, ex Sozomeno, Socrate et Theodoreto, ab Epiphanio Scholastico versa et a Cassiodoro Senatore redacta.]";"1472";"Augustae Vindelicorum";"J. Schüssler";"1472";"In-fol. (Hain-Copinger, *4573.)";"Null";"Null"
"http://data.bnf.fr/ark:/12148/cb31461751h";"Secundus liber Secunde partis beati Thome de Aquino";"1472";"(Esslingae";"C. Fyner,)";"1472";"In-fol. (Hain, *1460 ; Pellechet, 1050 ; Polain, 3753.)";"Null";"Null"
"http://data.bnf.fr/ark:/12148/cb31462095f";"Tractatus beati Thome de Aquino,... de Beatitudine eternitatis";"1472";"[Köln";"imprimeur du Dares, GW 7986 (= Johann Schilling)";"1472";"Null";"Null";"Null"
"http://data.bnf.fr/ark:/12148/cb31462012x";"Summa edita a sancto Thoma de Aquino, de Articulis fidei et Ecclesie sacramentis. - Tractatus de Periculis que contingunt circa sacramentum Eucharistie et de remediis eorumdem, ex dictis sancti Thome de Aquino. - Tractatus Thome de Judeis ad petitionem comitisse Flandrie";"1472";"(Basileae";"M. Flach";"1472";"In-fol. (Hain, *1430 ; Pellechet, 1026.)";"Null";"Null"
"http://data.bnf.fr/ark:/12148/cb31462044j";"Tractatus sancti Thome de Perfectione status spiritualis";"1472";"(Coloniae";"A. Therhoernen";"1472";"In-4° , (Hain, *1367 ; Pellechet, 977 ; Vouillième, 1172 ; Polain, 3714.)";"Null";"Null"
"http://data.bnf.fr/ark:/12148/cb31462096s";"Tractatus beati Thome de Divinis moribus";"1472";"[Köln";"imprimeur du Dares, GW 7986 (= Johann Schilling)";"1472";"Null";"Null";"Null"
"http://data.bnf.fr/ark:/12148/cb31468538f";"[Tibulli Elegiarum libri IV.]";"1472";"(Venetiis";"Null";"1472";"In-4° . (Copinger, 5830 ; Reichling, VI, 170.)";"Null";"Null"
"http://data.bnf.fr/ark:/12148/cb314745109";"[Titi Livii Historiae romanae decades I, III-IV, cum L. Flori Epitome decadum XIV, cura Johannis Andreae.]";"1472";"Romae";"C. Sweynheym et A. Pannartz impresserunt";"1472";"2 vol. in-fol. (Hain-Copinger, *10131 ; Br. Mus., Books pr. XVth c., t. IV, p. 15";"Null";"Null"
"http://data.bnf.fr/ark:/12148/cb314813258";"[Contemplaciones devotissime per... Johannem de Turrecremata,... edite atque in parietibus circuitus Marie Minerve nedum litterarum caracteribus verum eciam ymaginum figuris ornatissime descripte atque depicte...]";"1472";"(Spira Nemetum,)";"Null";"1472";"In-fol. (Hain-Copinger, *15723 ; Br. Mus., Books pr. XVth c., t. II, p. 482 ; Polain, 3865.)";"Null";"Null"
"http://data.bnf.fr/ark:/12148/cb31481305n";"[Johannis de Turrecremata, cardinalis Sancti Sixti vulgariter nuncupati, Explanatio in Psalterium.]";"1472";"(Augustae,)";"per J. Schuszler";"1472";"In-fol. (Hain-Copinger, *15696 ; Br. Mus., Books pr. XVth c., t. II, p. 329 ; Polain, 3858.)";"Null";"Null"
"http://data.bnf.fr/ark:/12148/cb31498609r";"Questiones... super primum librum Sententiarum...";"1472";"Venetiis";"Null";"1472";"In-fol. (Pellechet, 4457.)";"Null";"Null"
"http://data.bnf.fr/ark:/12148/cb315268620";"De Re militari [Roberti Valturii]...";"1472";"(Veronae,)";"Johannes ex Verona impressit";"1472";"In-fol. (Hain, *15847 ; Br. Mus., Books pr. XVth c., t. VII, p. 948.)";"Null";"Null"
"http://data.bnf.fr/ark:/12148/cb31545404w";"[Scriptores rei rusticae a Georgio Merula editi.]";"1472";"Venetiis";"Null";"1472";"In-fol. (Hain, *14564 ; Didbin, vol. III, n  533 ; Br. Mus., Books pr. XVth c., t. V, p. 173 ; Polain, 3478.)";"Null";"Null"
"http://data.bnf.fr/ark:/12148/cb31559318g";"De Ingenuis moribus liberalibusque studiis et de liberis educandis per clarissimum virum Petrum Paulum Vergerium,... ad Ubertinum de Carraria incipit";"1472";"(Neapoli";"Arnaldus de Bruxella";"1472";"In-4° . (Br. Mus., Books pr. XVth c., lith. reprint, t. VI, p. 857 ; Museum Meermanno-Westreenianum, Cat. van de incunabelen, t. I, n  348";"Null";"Null"
"http://data.bnf.fr/ark:/12148/cb315913427";"[Publii Virgilii Maronis Opera.]";"1472";"Fivizani";"Jacobus (de Fivizano), Baptista Sacerdos et Alexander";"1472";"In-fol. (Copinger, 6010 et *16 ; Br. Mus., Books pr. XVth c., t. VII, p. 955 ; Mambelli, 14.)";"Null";"Null"
"http://data.bnf.fr/ark:/12148/cb31591343k";"[Publii Virgilii Maronis Opera.]";"1472";"(S. l.,)";"L. Achates";"1472";"In-fol. (Copinger, 6006 et 12 ; Mambelli, 11.)";"Null";"Null"
"http://data.bnf.fr/ark:/12148/cb31591341w";"[Publii Virgilii Maronis Opera.]";"1472";"(S. l.,)";"Null";"1472";"In-fol. (Copinger, 6008 et *14 ; Br. Mus., Books pr. XVth c., t. V, p. 210 ; Mambelli, 15 ; Goff, p. 622, V-154.)";"Null";"Null"
"http://data.bnf.fr/ark:/12148/cb31591340j";"[Publii Virgilii Maronis Opera.]";"1472";"Venetiis";"Bartholomeus Cremonensis";"1472";"In-fol. (Copinger, 6007 et *13 ; Br. Mus., Books pr. XVth c., t. V, p. 208 ; Mambelli, 12 ; Goff, p. 622, V-153.)";"Null";"Null"
"http://data.bnf.fr/ark:/12148/cb31617168b";"Summa collationum ad omne genus hominum...";"1472";"(Coloniae";"A. Ther Hoernen,)";"1472";"In-fol. à 2 col. (Hain-Copinger, *7441 ; Voullième, 658 ; Br. Mus., Books pr. XVth c., t. I, p. 203 ; Polain, 2280.)";"Null";"Null"
"http://data.bnf.fr/ark:/12148/cb31690262h";"[Canon omnis utriusque sexus disputatum ac repetitum per Jacobum de Zochis de Ferraria.]";"1472";"(Patavii,)";"B. de Valdezochio, M. de Septem arboribus";"1472";"(Hain, 16288 ; Pellechet-Polain, 11884 ; Br. Mus., Books pr. XVth c., t. VII, p. 904 ; I.G.I., n  10445 ; Goff, Z-28.)";"Null";"Null"
"http://data.bnf.fr/ark:/12148/cc6643w";"Muḥammad ibn Muḥammad Abū Ḥāmid al-Ġazālī (1058-1111). Kawanwt hapiylwswpiyiym. Accompagné du commentaire de Moïse de Narbonne.";"1472";"Null";"Null";"Null";"164 f.";"Null";"Null"
"http://data.bnf.fr/ark:/12148/cb317067739";"De mirabilibus mundi, seu de Secretis naturae. - Fol. 1r°, Tabula Alberti Magni. - Fol. 5r° ; Incipit opus Alberti Magni de mirabilibus mundi, lege foeliciter. - Fol. 34r° : Alberti Magni de secretis naturae liber explicit foeliciter. Telos";"1472";"[Venezia";"Florentius de Argentina";"1472";"[34] ff. non signés [a4, b-d10]";"Null";"Null"
"http://data.bnf.fr/ark:/12148/cc97209j";"Purāṇa. Bhāgavata-Purāṇa";"1472";"Null";"Null";"Null";"Null";"Null";"Null"
"http://data.bnf.fr/ark:/12148/cb31709895m";"Doctrinale puerorum";"1472";"[Pays-Bas]";"[prototypographie néerlandaise]";"1472";"Null";"Null";"Null"
"http://data.bnf.fr/ark:/12148/cb319639266";"Thurecensis phisiti (sic) Tractatus de Cometis";"1472";"[Beromünster";"Helyas Helyae";"1472";"Null";"Null";"Null"
"http://data.bnf.fr/ark:/12148/cb32037738k";"Opera";"1472";"Venetiis, Bartholomeus cremonensis";"Null";"1472";"Null";"Null";"Null"
"http://data.bnf.fr/ark:/12148/cb32443787q";"[Scriptores rei rusticae.]";"1472";"Venetiis";"Null";"1472";"Null";"Null";"Null"
"http://data.bnf.fr/ark:/12148/cb32443786c";"Comoediae XX";"1472";"Venetiis, Joannes de Colonia et Vindelinus de Spira";"Null";"1472";"Null";"Null";"Null"
"http://data.bnf.fr/ark:/12148/cb326173472";"Compendium perbreve Consolation peccatorum nuncupatum...";"1472";"(Augustae Vindelicorum)";"Null";"1472";"1 vol.";"Null";"Null"
"http://data.bnf.fr/ark:/12148/cb32625803j";"Decretum Gratiani...";"1472";"Moguntiae, Petrus Schaffer";"Null";"1472";"Null";"Null";"Null"
"http://data.bnf.fr/ark:/12148/cb33420598t";"Historia tripartita";"1472";"[S. l. ?]";"Null";"1472";"Null";"Null";"Null"
"http://data.bnf.fr/ark:/12148/cb33426475b";"Hieronymus, S. [I] : De Viris illustribus. - Gennadius Massiliensis. De Scriptoribus ecclesiasticis. - [II :] Hieronymus, Pseudo- [= Eucherius, évêque de Lyon]. De Essentia divinitatis. - [III :] Thomas de Aquino, S. De Articulis fidei et ecclesiae sacramentis. - [IV :] Augustinus (Aurelius), S. De Quantitate animae. - [V :] Augustinus, Pseudo-. Soliloquia (Volventi mihi multam...). - [VI :] Augustinus, Pseudo-. Speculum peccatoris. - [VII :] Thomas a Kempis. Imitatio Christi. - [VIII :] Errores Judaeorum ex Talmud. - [IX :] Processus judiciarius Mascaron contra genus humanum. - [X :] Gerson (Johannes). Donatus moralisatus. - [XI :] Nider (Johannes) Dispositorium moriendi";"1472";"[Augsburg,]";"Günther Zainer";"1472";"11 parties";"Null";"Null"
"http://data.bnf.fr/ark:/12148/cb33598792v";"(F. 1 recto :) Lucii Junii Moderati Columellae // rei rusticae capitula libri primi. // (F. 5 recto :) Lutii Junii Moderati Columellae rei ru//sticae liber primus. Praefatio. (F. 152 verso :) Lucii Junii Moderati Columellae rerum // rusticarum libri opera et impensa Nicolai // Ienson galli impressi Venetiis Nicolao // Throno duce invictissimo M.CCCC.LXXII. // (F. 153 recto :) Epistola. // (g) Eorgius Alexandrinus Dominico Georgio insigni patritio. S. // (F. 155 vacat. F. 156 recto :) Palladii Rutilii Tauri Aemiliani viri illustris // de re rustica liber primus. Tituli libri primi. // (F. 217 recto :) Palladii Rutilii Tauri Aemiliani viri illustris // dere rustica libri impressi Venetiis opera // et impensa Nicolai Jenson gallici. M.CCCC.LXXII. // Nicolao Throno duce Venetiarum inclyto. // (Suit sur le même f. :) Nicolao Jenson Gallico Franciscus Colucia Verzinensis. s. p. d. // (F. 217 verso et F. 218 recto vacant. F 218 verso :) (g) Eorgius Alexandrinus Petro Priolo. M. filio. S. (F. 219 recto :) Enarrat...";"1472";"Venezia";"Nicolas Jenson";"1472";"2 parties, 2°";"Null";"Null"
"http://data.bnf.fr/ark:/12148/cb33715511f";"(Arrêt du parlement en faveur du recteur de l'Université de Paris, qui condamne Jean Amis, receveur des exploits et amendes de ladite cour, à rendre audit recteur le parchemin, qu'il acquis en contravention des règlements.)";"1472";"(S. l. n. d.)";"Null";"1472";"4°";"Null";"Null"
"http://data.bnf.fr/ark:/12148/cb33768940w";"(Lettres d'indulgences accordées par frère Jacques de l'Ile, prieur des Carmes de Loudun, à nobilis Guido parrochie Dyane, qui avait payé la contribution fixée par les statuts de la confrérie de Notre-Dame de Recouvrance. Pièce manuscrite, sur parchemin, du 12 mai 1472, revêtue d'un sceau qui porte cette légende : S. indulgenciarum apostolicarum sancte Marie de Recuperancia.)";"1472";"[S. l. n. d. ?]";"Null";"1472";"Null";"Null";"Null"
"http://data.bnf.fr/ark:/12148/cb35284816m";"Tractatus de celebratione et sacramento per modum dialogi";"1472";"[Coloniae";"Arnold Ther Hoernen";"1472";"] In-4°, 21 cm, [72] f., non signé [a-i⁸], car. goth";"Null";"Null"
"http://data.bnf.fr/ark:/12148/cb35951134g";"[Sans titre]";"1472";"Null";"Null";"Null";"2 parties";"Null";"Null"
"http://data.bnf.fr/ark:/12148/cb359511067";"[Sans titre]";"1472";"Null";"Null";"1472";"[404] f.";"Null";"Null"
