id;title;date;place;publisher;firstyear;description;subject;gallica
"http://data.bnf.fr/ark:/12148/cb370565068";"Pygmalion : soierie 11 avril";"191";"Paris";"Grands magasins de Pygmalion";"Null";"[16] p.";"Null";"Null"
"http://data.bnf.fr/ark:/12148/cb37365921r";"Geochemistry in mineral exploration";"191";"London. - San Diego. - New York [etc.]";"Academic press";"Null";"XVII-657 p.";"http://data.bnf.fr/ark:/12148/cb119730888";"Null"
"http://data.bnf.fr/ark:/12148/cb375576388";"Von Gottes und Liebfrauenminne : Lieder aus der deutschen Mystik";"191";"Leipzig";"Insel Verl.";"Null";"51 p.";"http://data.bnf.fr/ark:/12148/cb119347727";"Null""http://data.bnf.fr/ark:/12148/cb386437229";"[Orange. Souvenir de la visite du président Poincaré. 14 octobre 1913] : [photographies]";"191";"[Orange]";"[Ville d'Orange]";"Null";"1 album de 19 photogr. pos.";"http://data.bnf.fr/ark:/12148/cb119590095";"Null"
"http://data.bnf.fr/ark:/12148/cb38643723n";"Vues de Dinard. La côte d'Emeraude, 1914";"191";"[Dinard]";"[Ville de Dinard]";"Null";"1 album de 19 photogr. pos.";"http://data.bnf.fr/ark:/12148/cb11973548d";"Null"
"http://data.bnf.fr/ark:/12148/cb386709620";"Le Théâtre d'Eugène Brieux";"191";"[S. l.]";"Null";"Null";"P. 744-752";"Null";"Null"
"http://data.bnf.fr/ark:/12148/cb387549454";"André Heuzé et Etienne Arnaud. La Ceinture électrique, pièce en 1 acte... [Paris, Théâtre Cluny.]";"191";"Paris";"F. Schaub-Barbré";"Null";"31-[1] p.";"Null";"Null"
"http://data.bnf.fr/ark:/12148/cb387563480";"D. Bonnaud, Numa Blès et L. Boyer. Ulysse à Montmartre, légende néo-grecque en un prologue & trois tableaux... présentée pour la première fois... le 9 septembre 1910";"191";"Paris";"Société d'éditions de La Lune Rousse";"Null";"32 p.";"Null";"Null"
"http://data.bnf.fr/ark:/12148/cb397148753";"Saül : oratorio en trois parties";"191";"Paris";"F. Durdilly";"Null";"1 partition (181 p.) : 33 cm";"http://data.bnf.fr/ark:/12148/cb12490452b";"Null"
"http://data.bnf.fr/ark:/12148/cb39746281g";"Samson et Dalila : opéra en 3 actes et 4 tableaux";"191";"Paris";"Durand";"Null";"1 partition (285 p.) : 28 cm";"http://data.bnf.fr/ark:/12148/cb11976227b";"Null"
"http://data.bnf.fr/ark:/12148/cb397475539";"Hubicka : prostonarodni opera";"191";"V Praze";"F. Aubanek a Synové";"Null";"1 partition (181 p.) : ill.  ; 34 cm";"http://data.bnf.fr/ark:/12148/cb11975999w";"Null"
"http://data.bnf.fr/ark:/12148/cb39749098c";"La lettre des enfants de la France : [mélodie pour voix et piano]";"191";"Paris";"L. Aerts";"Null";"3 p. : couv. ill.  ; 35 cm";"http://data.bnf.fr/ark:/12148/cb11975995h";"Null"
"http://data.bnf.fr/ark:/12148/cb39752587m";"Panis angelicus : [pour alto et orgue]";"191";"Paris";"Maison de la bonne presse";"Null";"[2] p. : couv. ill. ; 27 cm";"http://data.bnf.fr/ark:/12148/cb16165088v";"Null"
"http://data.bnf.fr/ark:/12148/cb397533023";"Die Liebeslieder der Haitang : für hohen Sopran, Flöte, Violine und Harfe";"191";"Köln am Rhein";"Tischer & Jagenberg";"Null";"1 partition (15 p.) : 35 cm";"http://data.bnf.fr/ark:/12148/cb11975995h";"Null"
"http://data.bnf.fr/ark:/12148/cb39752930r";"30 mélodies célèbres";"191";"Paris";"E. Vignes";"Null";"95 p. : 28 cm";"http://data.bnf.fr/ark:/12148/cb11975999w";"Null"
"http://data.bnf.fr/ark:/12148/cb397547222";"IV. Symphonie : Romantische";"191";"Leipzig. - Wien";"Universal Ed. ";"Null";"53 p. : 31 cm";"http://data.bnf.fr/ark:/12148/cb119604900";"Null"
"http://data.bnf.fr/ark:/12148/cb397547195";"Erste Symphonie : für grosses Orchester";"191";"Leipzig. - Wien";"Universal Ed. ";"Null";"67 p. : 31 cm";"http://data.bnf.fr/ark:/12148/cb14640376n";"Null"
"http://data.bnf.fr/ark:/12148/cb39755288v";"Sechs schliche Lieder : op. 13";"191";"[S.l.]";"[s.n.]";"Null";"14 p. : 28 cm";"http://data.bnf.fr/ark:/12148/cb14620834p";"Null"
"http://data.bnf.fr/ark:/12148/cb397552327";"Six mélodies";"191";"Paris";"B. Roudanez";"Null";"16 p. : couv. orn.  ; 33 cm";"http://data.bnf.fr/ark:/12148/cb11975995h";"Null"
"http://data.bnf.fr/ark:/12148/cb39754721q";"III. Symphonie : für grosses Orchester";"191";"Leipzig. - Wien";"Universal Ed. ";"Null";"55 p. : 31 cm";"http://data.bnf.fr/ark:/12148/cb13601444k";"Null"
"http://data.bnf.fr/ark:/12148/cb397549787";"Missa solemnis : D-Dur";"191";"Wien. - Leipzig";"Universal Ed. ";"Null";"1 partition (127 p.) : 28 cm";"http://data.bnf.fr/ark:/12148/cb13557958z";"Null"
"http://data.bnf.fr/ark:/12148/cb39755290d";"Sechs Lieder : op. 14";"191";"[S.l.]";"[s.n.]";"Null";"19 p. : 28 cm";"http://data.bnf.fr/ark:/12148/cb14620834p";"Null"
"http://data.bnf.fr/ark:/12148/cb39754720c";"Zweite Symphonie : für grosses Orchester";"191";"Leipzig. - Wien";"Universal Ed. ";"Null";"65 p. : 31 cm";"http://data.bnf.fr/ark:/12148/cb12144214n";"Null"
"http://data.bnf.fr/ark:/12148/cb39757767r";"Le devin de village : [intermède]";"191";"Paris";"L. Alleton";"Null";"1 partition (144 p.) : 29 cm";"http://data.bnf.fr/ark:/12148/cb11976032c";"Null"
"http://data.bnf.fr/ark:/12148/cb39759512d";"Aus meinem Leben : Quartett E moll";"191";"Leipzig";"E. Eulenburg";"Null";"1 partition (48 p.) : 19 cm";"http://data.bnf.fr/ark:/12148/cb12049903z";"Null"
"http://data.bnf.fr/ark:/12148/cb39759705p";"Twelve songs";"191";"London";"Novello and company";"Null";"57 p. : couv. ill.  ; 28 cm";"http://data.bnf.fr/ark:/12148/cb11975998j";"Null"
"http://data.bnf.fr/ark:/12148/cb39759468r";"Billet d'Andrée Karpelès à Lili Boulanger, s.d.";"191";"Null";"Null";"Null";"1 billet (ff.376-377)";"Null";"Null"
"http://data.bnf.fr/ark:/12148/cb39759880q";"Salve Regina : à 2 voix avec accompagnement";"191";"Paris. - Bruxelles. - Leipzig";"M. Eschig. - Librairie étrangère. - Breitkopf & Härtel";"Null";"1 partition (20 p.) : fac-sim.  ; 30 cm";"http://data.bnf.fr/ark:/12148/cb11975998j";"Null"
"http://data.bnf.fr/ark:/12148/cb39759489q";"Carte de visite de Xavier Leroux à Lili Boulanger, s.d.";"191";"Null";"Null";"Null";"1 carte de visite (f. 400)";"Null";"Null"
"http://data.bnf.fr/ark:/12148/cb397604067";"5 motets à 4 voix";"191";"[Paris]";"Répertoire moderne de la Schola Cantorum";"Null";"1 partition (9 p.) : 35 cm";"http://data.bnf.fr/ark:/12148/cb11975995h";"Null"
"http://data.bnf.fr/ark:/12148/cb397698055";"Le Théâtre des Champs-Elysées...";"191";"Paris";"Impr. J. Aragno";"Null";"29 p.";"Null";"Null"
"http://data.bnf.fr/ark:/12148/cb39770122v";"Dans le tas";"191";"Paris";"A. Tolmer";"Null";"[25] p. de pl. en coul. dans un emboîtage";"Null";"Null"
"http://data.bnf.fr/ark:/12148/cb39772917z";"La Danse";"191";"[S. l.]";"Null";"Null";"15 p.";"Null";"Null"
"http://data.bnf.fr/ark:/12148/cb397744470";"Les Rivaux d'eux-mêmes, comédie en un acte en prose";"191";"Paris";"Renaissance du livre";"Null";"74 p.";"Null";"Null"
"http://data.bnf.fr/ark:/12148/cb397981048";"Lettre de Paul Bigot à Florent Schmitt, Paris, 9 novembre 191.";"191";"Null";"Null";"Null";"Null";"Null";"Null"
"http://data.bnf.fr/ark:/12148/cb398141849";"Lettre de Maurice Kufferath à J. G. Prod'homme, Knokke-le-Zoute, (26 juin 191.)";"191";"Null";"Null";"Null";"Null";"Null";"Null"
"http://data.bnf.fr/ark:/12148/cb39826751p";"Lettre de Florent Schmitt à Jules Maugüé, Saint-Cloud, 15 octobre (191.)";"191";"Null";"Null";"Null";"2 p. 1/2 : in-8";"Null";"Null"
"http://data.bnf.fr/ark:/12148/cb316498718";"Derniers essais de littérature et d'esthétique, août 1887-1890";"191";"Paris";"P.-V. Stock";"Null";"1 vol. (356 p.)";"Null";"http://gallica.bnf.fr/ark:/12148/bpt6k998900"
"http://data.bnf.fr/ark:/12148/cb32663175t";"In tune with the infinite or fullness of peace, power and plenty...";"191";"London";"Null";"Null";"Null";"Null";"Null"
"http://data.bnf.fr/ark:/12148/cb335927049";"The Royal Commission on the ancient and historical monuments and constructions in Wales and Monmouthshire. An |inventory of the ancient monuments in Wales and Monmouthshire";"191";"London";"H. M. Stationary Office";"Null";"Fol.";"Null";"Null"
"http://data.bnf.fr/ark:/12148/cb34340876q";"Oeuvres de Blaise Pascal";"191";"Strasbourg. - Paris. - New York";"J.H.E. Heitz. - Haar et Steinert. - G.E. Stechert. - Lemcke and Buechner";"Null";"Null";"Null";"Null"
"http://data.bnf.fr/ark:/12148/cb35089890w";"Enquête sur la mode féminine : [plaquette de prestige]";"191";"Paris";"High-Life Taylor";"Null";"1 vol. ([4 p.]-[4 p. de pl.])";"http://data.bnf.fr/ark:/12148/cb119325083";"http://gallica.bnf.fr/ark:/12148/bpt6k1025022v"
"http://data.bnf.fr/ark:/12148/cb35306537r";"The Hammond multiplex";"191";"Paris";"Léon Paul";"Null";"16 p.";"http://data.bnf.fr/ark:/12148/cb119384502";"Null"
"http://data.bnf.fr/ark:/12148/cb353164172";"Aeroplanes Bristol : [catalogue]";"191";"Bristol";"British and colonial aeroplane and colonial Company";"Null";"[22 p.]";"http://data.bnf.fr/ark:/12148/cb119396171";"Null"
"http://data.bnf.fr/ark:/12148/cb35332060j";"Les Succès de L. Bénech : ce recueil ne contient que des chansons authentiques, aucune parodie ni fausse musique";"191";"Paris";"J. Ferrand";"Null";"1 f. de pl.";"Null";"Null"
"http://data.bnf.fr/ark:/12148/cb353322080";"L'Art de faire le café au lait à l'ancienne...";"191";"Paris";"René Chauveau";"Null";"19 p.";"Null";"Null"
"http://data.bnf.fr/ark:/12148/cb354136757";"Le Cérémonial du baptême : [catalogue]";"191";"Paris";"La Gerbe d'or";"Null";"16 p.";"http://data.bnf.fr/ark:/12148/cb11938915x";"Null"
"http://data.bnf.fr/ark:/12148/cb35417881p";"La Fourrure à la Renaissance au XVIIIe siècle sous l'Empire et de nos jours";"191";"Paris";"Revillon frères";"Null";"16 p. de pl.";"http://data.bnf.fr/ark:/12148/cb119314762";"Null"
"http://data.bnf.fr/ark:/12148/cb354653737";"Vins de Malaga doux noir : [Carton publicitaire]";"191";"Malaga";"Fils de F. Ramos Tellez";"Null";"Null";"http://data.bnf.fr/ark:/12148/cb11976044c";"Null"
"http://data.bnf.fr/ark:/12148/cb35647935r";"[Recueil. Catalogues]";"191";"Bradford";"Cole, Marchent & Morley";"Null";"Null";"Null";"Null"
"http://data.bnf.fr/ark:/12148/cb35866255z";"Phallus modiques";"191";"Toulouse";"P. Oustric";"Null";"31 p.";"Null";"Null"
"http://data.bnf.fr/ark:/12148/cb36207870m";"Mathématiques appliquées aux calculs physiques VI";"191";"Paris";"V. Golman";"Null";"39 p.";"http://data.bnf.fr/ark:/12148/cb131630101";"Null"
"http://data.bnf.fr/ark:/12148/cb36686893c";"Gewerbe-Freiheit ist's Trug oder Wahrheit? : ein Wort zum Nachdenken";"191";"Saarbrücken";"Kommissionsverl. von Chr. Clauss";"Null";"12 p.";"http://data.bnf.fr/ark:/12148/cb11976044c";"Null"
