id;title;date;place;publisher;firstyear;description;subject;gallica
"http://data.bnf.fr/ark:/12148/cb37079971z";"Nhưñg nhà thơ hôm nay : 1954-1964";"197";"[Glendal, Calif.],";"Ðại Nam";"Null";"415 p.";"http://data.bnf.fr/ark:/12148/cb12245664q";"Null"
"http://data.bnf.fr/ark:/12148/cb370934570";"150 ans de reportage";"197";"[Paris]";"[Publ. photocinéma Paul Montel]";"Null";"4 p.";"http://data.bnf.fr/ark:/12148/cb119344445";"Null"
"http://data.bnf.fr/ark:/12148/cb371274899";"Filosofia e desenvolvimento";"197";"Rio de Janeiro";"Ed. americana";"Null";"Null";"Null";"Null"
"http://data.bnf.fr/ark:/12148/cb37135515r";"E ESCWA ENR";"197";"New York";"United Nations";"Null";"Null";"Null";"Null"
"http://data.bnf.fr/ark:/12148/cb371355163";"E ESCWA TECH";"197";"New York";"United Nations";"Null";"Null";"Null";"Null"
"http://data.bnf.fr/ark:/12148/cb37135533p";"E ESCWA";"197";"New York";"United Nations";"Null";"Null";"Null";"Null"
"http://data.bnf.fr/ark:/12148/cb37163165b";"N'abîmons pas le Loir-et-Cher";"197";"France";"Comité départemental de la protection de la nature et de l'environnement de Loir-et-Cher";"Null";"Non paginé [36] p.";"http://data.bnf.fr/ark:/12148/cb133183211";"Null"
"http://data.bnf.fr/ark:/12148/cb37166725g";"Esir şehrin insanları : roman";"197";"i̇stanbul";"Sander yay.";"Null";"446 p.";"Null";"Null"
"http://data.bnf.fr/ark:/12148/cb37202701f";"Tình yêu như băng sơn";"197";"Los Alamitos (Calif.)";"Xuân Thu";"Null";"506 p.";"Null";"Null"
"http://data.bnf.fr/ark:/12148/cb37210606m";"Gieo gió gặt bão";"197";"Houston (Tex.)";"Xuân Thu";"Null";"279 p.";"Null";"Null"
"http://data.bnf.fr/ark:/12148/cb37329015g";"Obras completas";"197";"Madrid";"Biblioteca nueva";"Null";"vol.";"Null";"Null"
"http://data.bnf.fr/ark:/12148/cb37329018h";"Obras completas";"197";"Madrid";"Biblioteca nueva";"Null";"vol.";"Null";"Null"
"http://data.bnf.fr/ark:/12148/cb37328818g";"Trattati di architettura";"197";"Milano";"il Polifilo";"Null";"vol.";"Null";"Null"
"http://data.bnf.fr/ark:/12148/cb37327308j";"Paulys Realencyclopädie der classischen Altertumswissenschaft [Supplementbände]";"197";"München. - Stuttgart";"Artemis Verl.. - Metzlersche Verl.. - C.E. Poeschel [etc]";"Null";"Null";"Null";"Null"
"http://data.bnf.fr/ark:/12148/cb37329653p";"Works of George Herbert Mead";"197";"Chicago (Ill.). - London";"Null";"Null";"vol.";"Null";"Null"
"http://data.bnf.fr/ark:/12148/cb37335298s";"Die Feuerland Indianer : Ergebnisse meiner vier Forschungsreisen in den Jahren 1918 bis 1924, unternommen im Auftrage des Ministerio de instrucción pública de Chile";"197";"Wien";"Verl. St. Gabriel";"Null";"vol.";"Null";"Null"
"http://data.bnf.fr/ark:/12148/cb373415218";"Selected writings";"197";"London";"the Hogarth press";"Null";"Null";"Null";"Null"
"http://data.bnf.fr/ark:/12148/cb37340829m";"Alf laylaẗ wa laylaẗ";"197";"Bayrūt";"Dār al-kutub al-ʿilmiyyaẗ";"Null";"2 vol.";"Null";"Null"
"http://data.bnf.fr/ark:/12148/cb37338526g";"Pilgrimage";"197";"London";"Virago press";"Null";"vol.";"Null";"Null"
"http://data.bnf.fr/ark:/12148/cb37351931w";"Théatro";"197";"’Athī́na";"Vivliopōleîon tī̂s Hestías";"Null";"vol.";"Null";"Null"
"http://data.bnf.fr/ark:/12148/cb373537387";"Thermodynamics";"197";"New York";"Dover publ.";"Null";"X-160 p.";"http://data.bnf.fr/ark:/12148/cb11933671c";"Null"
"http://data.bnf.fr/ark:/12148/cb37353369d";"Organic syntheses : (rev. ed. of annual vol. I-IX)";"197";"New York. - London. - Sydney";"J. Wiley & sons";"Null";"XI-580 p.";"http://data.bnf.fr/ark:/12148/cb11931187w";"Null"
"http://data.bnf.fr/ark:/12148/cb37355217c";"Mind, self, and society : from the standpoint of a social behaviorist";"197";"Chicago (Ill.). - London";"University of Chicago press";"Null";"V-401 p.";"http://data.bnf.fr/ark:/12148/cb11937929c";"Null"
"http://data.bnf.fr/ark:/12148/cb373571016";"Source book of medical history";"197";"New York. - New York";"Dover publications. - Schuman";"Null";"XIV-685 p.";"http://data.bnf.fr/ark:/12148/cb11932462m";"Null"
"http://data.bnf.fr/ark:/12148/cb37361194s";"Mechanics";"197";"New York. - San Francisco. - London";"Academic press";"Null";"XIV-289 p.";"http://data.bnf.fr/ark:/12148/cb11932446c";"Null"
"http://data.bnf.fr/ark:/12148/cb37367289x";"Petit atlas géographique du Québec et des terres avoisinantes : à l'usage des écoles et du public en général";"197";"Montréal";"Guérin";"Null";"89 p.";"http://data.bnf.fr/ark:/12148/cb119396489";"Null"
"http://data.bnf.fr/ark:/12148/cb373686925";"Historical sketches of the principles and maxims of American jurisprudence in contrast with the doctrines of the English common law on the subject of crimes and punishments";"197";"New-York";"W. S. Hein";"Null";"VII-426 p.";"http://data.bnf.fr/ark:/12148/cb119313712";"Null"
"http://data.bnf.fr/ark:/12148/cb37369220f";"Società e comunicazioni di massa";"197";"Palermo";"Palumbo";"Null";"228 p.";"http://data.bnf.fr/ark:/12148/cb11932431b";"Null"
"http://data.bnf.fr/ark:/12148/cb37392273z";"Organic syntheses : a rev. ed. of annual vol. 40-49";"197";"New York. - London. - Sydney [etc.]";"J. Wiley & sons";"Null";"XIV-1234 p.";"http://data.bnf.fr/ark:/12148/cb11931187w";"Null"
"http://data.bnf.fr/ark:/12148/cb37392261z";"Organic syntheses : a rev. ed. of annual vol. 20-29";"197";"New York. - Chichester. - Brisbane. - Toronto";"J. Wiley & sons";"Null";"X-890 p.";"http://data.bnf.fr/ark:/12148/cb11931187w";"Null"
"http://data.bnf.fr/ark:/12148/cb37392173p";"Organic syntheses : a rev. ed. of annual vol. X-XIX";"197";"New York. - Chichester. - Brisbane [etc.]";"J. Wiley & sons";"Null";"IX-654 p.";"http://data.bnf.fr/ark:/12148/cb11931187w";"Null"
"http://data.bnf.fr/ark:/12148/cb373922718";"Organic syntheses : a rev. ed. of annual vol. 30-39";"197";"New York. - Chichester. - Brisbane [etc.]";"J. Wiley & sons";"Null";"XIV-1036 p.";"http://data.bnf.fr/ark:/12148/cb11931187w";"Null"
"http://data.bnf.fr/ark:/12148/cb374014680";"The complete poems of Emily Dickinson";"197";"Boston. - Toronto. - London";"Little, Brown";"Null";"770 p.";"Null";"Null"
"http://data.bnf.fr/ark:/12148/cb374063876";"Die Aharaibu-Indianer in Nordwest-Brazilien";"197";"St. Augustin";"Anthropos-Institut";"Null";"[6]-189 p.";"http://data.bnf.fr/ark:/12148/cb119810164";"Null"
"http://data.bnf.fr/ark:/12148/cb37416193s";"Hablamientos y pensadurias";"197";"[S.l]";"[s.n.]";"Null";"362 p.";"Null";"Null"
"http://data.bnf.fr/ark:/12148/cb37417228v";"Chrétien de Troyes Philomena : concordances et index établis d'après l'éd. C. de Boer";"197";"Liège";"Faculté de philosophie et lettres";"Null";"IX-248 p.";"http://data.bnf.fr/ark:/12148/cb11931766k";"Null"
"http://data.bnf.fr/ark:/12148/cb374162812";"Polymer structure and practical properties : applications in plastics elastomers, coatings and adhesives";"197";"[S.l.]";"[s.n.]";"Null";"1 classeur (349 p.)";"http://data.bnf.fr/ark:/12148/cb119328276";"Null"
"http://data.bnf.fr/ark:/12148/cb37436236n";"Guide du Musée d'ethnographie de Neuchâtel";"197";"Neuchâtel";"Musée d'ethnographie";"Null";"202 p.-66 p. de pl.";"Null";"Null"
"http://data.bnf.fr/ark:/12148/cb374404019";"Erik Bergman";"197";"[Helsinki]";"Fazer";"Null";"9 p.";"http://data.bnf.fr/ark:/12148/cb11976273h";"Null"
"http://data.bnf.fr/ark:/12148/cb374409788";"Igor Strawinsky (1882-1971) : phonographie";"197";"Frankfurt";"Deutschen rundfunkarchiv.";"Null";"216 p.";"http://data.bnf.fr/ark:/12148/cb11976273h";"Null"
"http://data.bnf.fr/ark:/12148/cb374437800";"Musée de pièces à musique anciennes";"197";"L'Auberson";"Baud";"Null";"Sans pagination [48 p.]";"http://data.bnf.fr/ark:/12148/cb11940904j";"Null"
"http://data.bnf.fr/ark:/12148/cb37463745w";"Virgile, Dante, Camoëns et l'expansion du génie latin";"197";"Genève. - Paris";"Slatkine";"Null";"83 p.";"http://data.bnf.fr/ark:/12148/cb12042895g";"Null"
"http://data.bnf.fr/ark:/12148/cb37467771d";"250 émissions des archives de la télévision française : catalogue de diffusion";"197";"[Paris]";"Institut national de l'audiovisuel";"Null";"320 p.";"http://data.bnf.fr/ark:/12148/cb119314762";"Null"
"http://data.bnf.fr/ark:/12148/cb37467995z";"Die Pioniere, die Erste Avantgarde";"197";"Düsseldorf";"Filmforum der Volkshochschule";"Null";"202 p.";"http://data.bnf.fr/ark:/12148/cb11932643w";"Null"
"http://data.bnf.fr/ark:/12148/cb37473244c";"Søgelys";"197";"[København]";"Borgen";"Null";"2 vol. (191, 231 p.)";"Null";"Null"
"http://data.bnf.fr/ark:/12148/cb37483684x";"Notre coeur";"197";"Paris";"Ed. M. Gonon. - Albin Michel";"Null";"367 p.-[1] p. de front.-[1] p. de pl.";"Null";"Null"
"http://data.bnf.fr/ark:/12148/cb37483687z";"Chroniques littéraires et chroniques parisiennes";"197";"Paris";"Ed. M. Gonon. - Albin Michel";"Null";"491 p.-[1] p. de front";"Null";"Null"
"http://data.bnf.fr/ark:/12148/cb37483686m";"Chroniques inédites";"197";"Paris";"Ed. M. Gonon. - Albin Michel";"Null";"449 p.-[1] p. de front.";"Null";"Null"
"http://data.bnf.fr/ark:/12148/cb374926617";"Neṓtaton hellīno-gallikòn lexikón";"197";"['Athî̄nai]";"Βιβλιοπωλεῖον τῆς Ἑστίας";"Null";"1 vol. (448 p.)";"http://data.bnf.fr/ark:/12148/cb119315990";"Null"
"http://data.bnf.fr/ark:/12148/cb374946444";"S̆arḥ al-mufaṣṣal";"197";"Bayrūt";"Dār Ṣādir";"Null";"10 t. en 5 vol.";"http://data.bnf.fr/ark:/12148/cb11930928b";"Null"
"http://data.bnf.fr/ark:/12148/cb374984436";"Vietnamese for you";"197";"[S.l.]";"[s.n.]";"Null";"225 p.";"http://data.bnf.fr/ark:/12148/cb11933788c";"Null"
"http://data.bnf.fr/ark:/12148/cb37499894f";"Những truyện ngắn hay nhất cu̕a quê hương chúng ta";"197";"Glendale (Calif.)";"Ðại Nam";"Null";"2 vol. (789 p.)";"http://data.bnf.fr/ark:/12148/cb11975995h";"Null"
"http://data.bnf.fr/ark:/12148/cb37500053s";"Quê ngoại";"197";"Glendale (Calif.)";"Ðại Nam";"Null";"80 p.";"Null";"Null"
"http://data.bnf.fr/ark:/12148/cb375004291";"Thirty best short stories of Vietnam and China";"197";"Houston (Tex.)";"Zieleks";"Null";"91 p.";"Null";"Null"
"http://data.bnf.fr/ark:/12148/cb37500384w";"Tiếng thu";"197";"Glendale (Calif.)";"Ðại Nam";"Null";"79 p.";"Null";"Null"
"http://data.bnf.fr/ark:/12148/cb375007511";"Qirāʼāẗ fī adab al-yaman al-muʿāṣir";"197";"Bayrūt";"Dār al-ʿAwdaẗ";"Null";"209 p.";"http://data.bnf.fr/ark:/12148/cb11975721d";"Null"
"http://data.bnf.fr/ark:/12148/cb375000544";"Lưa̕ thiêng";"197";"Glendale (Calif.)";"Ðại Nam";"Null";"77 p.";"Null";"Null"
"http://data.bnf.fr/ark:/12148/cb37500449n";"Ba miền mươì khuôn mặt";"197";"Los Alamitos (Calif.)";"Xuân Thu";"Null";"242 p.";"http://data.bnf.fr/ark:/12148/cb155219612";"Null"
"http://data.bnf.fr/ark:/12148/cb375040721";"Dīwān al-Ḥaǧǧ ʿAbd al-Ḥusayn al-Uzrī";"197";"Bayrūt";"Muʼassasaẗ al-Nuʿmān";"Null";"416 p.";"Null";"Null"
"http://data.bnf.fr/ark:/12148/cb37504128t";"Luġaẗ al-šiʿr bayn ǧīlayn";"197";"Bayrūt";"Dār al-T̲aqāfat̄";"Null";"245 p.";"http://data.bnf.fr/ark:/12148/cb11975721d";"Null"
"http://data.bnf.fr/ark:/12148/cb37504871w";"Song of love : Gita Govinda";"197";"Delhi";"Hind pocket books";"Null";"123 p.";"Null";"Null"
"http://data.bnf.fr/ark:/12148/cb37505296t";"Alf laylaẗ wa laylaẗ al-ǧuzʼ al-t̲ānī";"197";"Bayrūt";"Dār al-kutub al-ʿilmiyyaẗ";"Null";"711 p.";"Null";"Null"
"http://data.bnf.fr/ark:/12148/cb37511130v";"Văn đàn ba̕o giám";"197";"Glendale (Calif.)";"Ðại Nam";"Null";"4 vol.";"http://data.bnf.fr/ark:/12148/cb12245664q";"Null"
"http://data.bnf.fr/ark:/12148/cb375114671";"Văn-học đơì Lý : Việt Nam Văn học";"197";"Glendale (Calif.)";"Ðại Nam";"Null";"117 p.";"http://data.bnf.fr/ark:/12148/cb11975721d";"Null"
"http://data.bnf.fr/ark:/12148/cb37511477b";"Chinh phụ ngâm khúc";"197";"Glendale (Calif.)";"Ðại Nam";"Null";"62 p.";"Null";"Null"
"http://data.bnf.fr/ark:/12148/cb375115450";"Phan-Bội-Châu niên-biêu̕ : hồì ký cu̕a";"197";"Montréal (P.Q.)";"Nhóm nghiên cưú sư ̕địa";"Null";"217 p.";"http://data.bnf.fr/ark:/12148/cb119600630";"Null"
"http://data.bnf.fr/ark:/12148/cb375119124";"Vân-đài loại-ngư ̃ : Việt-Nam bách-khoa toàn-thư";"197";"[États-Unis]";"[s. n.]";"Null";"557 p.";"http://data.bnf.fr/ark:/12148/cb12572576v";"Null"
"http://data.bnf.fr/ark:/12148/cb37513588r";"Al-muzhir fī ʿulūm al-luġaẗ wa anwāʿihā";"197";"Bayrūt";"Dār al-Ğīl";"Null";"2 vol. (651 p.- 650 p.)";"http://data.bnf.fr/ark:/12148/cb119809887";"Null"
"http://data.bnf.fr/ark:/12148/cb37519610j";"Vụ án truyện Kiêù";"197";"[Los Alamitos]";"Xuân Thu";"Null";"304 p.";"http://data.bnf.fr/ark:/12148/cb11976061z";"Null"
"http://data.bnf.fr/ark:/12148/cb37518999q";"Giai-thoại làng Nho : toàn tập";"197";"[États-Unis]";"[s.n.]";"Null";"786 p.";"http://data.bnf.fr/ark:/12148/cb11972974t";"Null"
"http://data.bnf.fr/ark:/12148/cb37524842q";"Việt-ngư ̃tinh-nghĩa tư ̀-điên̉ : toàn bộ";"197";"Glendale (Calif.)";"Ðại Nam";"Null";"236-193 p.";"http://data.bnf.fr/ark:/12148/cb11931877h";"Null"
"http://data.bnf.fr/ark:/12148/cb37524730f";"Việt thi";"197";"Los Alamitos (Calif.)";"Xuân Thu";"Null";"160 p.";"http://data.bnf.fr/ark:/12148/cb11975721d";"Null"
"http://data.bnf.fr/ark:/12148/cb375248374";"Văn, thi sĩ hiện đại";"197";"[États-Unis]";"[s.n.]";"Null";"2 vol. (232, 270 p.)";"http://data.bnf.fr/ark:/12148/cb11935764v";"Null"
"http://data.bnf.fr/ark:/12148/cb37548913s";"The good natur'd man";"197";"Boston (Mass.). - London";"D. C. Heath";"Null";"XXIX-135 p.";"Null";"Null"
"http://data.bnf.fr/ark:/12148/cb37556685j";"Al-Masraḥiyyaẗ : našʼatuhā wa tārīh̲uhā wa uṣūluhā";"197";"(Al-Qāhiraẗ)";"Dār al-Fikr al-ʿArabī";"Null";"342 p.";"http://data.bnf.fr/ark:/12148/cb11975721d";"Null"
"http://data.bnf.fr/ark:/12148/cb37627001t";"Trạng Quỳnh";"197";"Glendale (Calif.)";"Ðại Nam";"Null";"142 p.";"Null";"Null"
"http://data.bnf.fr/ark:/12148/cb376270861";"Sâù mây";"197";"[États-Unis]";"[s.n.]";"Null";"255 p.";"Null";"Null"
"http://data.bnf.fr/ark:/12148/cb376324446";"Vụ án truyện Kiêù";"197";"Los Alamitos (Calif.)";"Xuân Thu";"Null";"304 p.";"http://data.bnf.fr/ark:/12148/cb11975995h";"Null"
"http://data.bnf.fr/ark:/12148/cb376495838";"[Plaquette d'information]";"197";"Paris";"FRANCORAIL-MTE";"Null";"[23] p.";"http://data.bnf.fr/ark:/12148/cb13163072k";"Null"
"http://data.bnf.fr/ark:/12148/cb376544981";"[Recueil. Documents d'information]";"197";"Paris";"Editions Rombaldi";"Null";"Null";"http://data.bnf.fr/ark:/12148/cb119759407";"Null"
"http://data.bnf.fr/ark:/12148/cb376550191";"[Recueil. Catalogues]";"197";"Paris";"Galerie atelier Stockman";"Null";"Null";"http://data.bnf.fr/ark:/12148/cb119759407";"Null"
"http://data.bnf.fr/ark:/12148/cb376556635";"[Recueil. Documents d'information]";"197";"Saint-Maurice";"Aquareve";"Null";"Null";"http://data.bnf.fr/ark:/12148/cb119389137";"Null"
"http://data.bnf.fr/ark:/12148/cb37655545z";"[Recueil. Catalogues]";"197";"Paris";"Art présent";"Null";"Null";"http://data.bnf.fr/ark:/12148/cb119759407";"Null"
"http://data.bnf.fr/ark:/12148/cb37655021k";"[Recueil. Documents d'information]";"197";"Paris";"Théâtre Oblique";"Null";"Null";"http://data.bnf.fr/ark:/12148/cb11934758p";"Null"
"http://data.bnf.fr/ark:/12148/cb376550656";"[Recueil. Catalogues]";"197";"Paris";"Editions d'art de Lutèce";"Null";"Null";"http://data.bnf.fr/ark:/12148/cb119759407";"Null"
"http://data.bnf.fr/ark:/12148/cb37655321d";"[Recueil. Catalogues]";"197";"Paris";"Editions Georges Fall";"Null";"Null";"http://data.bnf.fr/ark:/12148/cb119759407";"Null"
"http://data.bnf.fr/ark:/12148/cb37655189g";"[Recueil. Documents d'information]";"197";"Paris";"Galerie Octave Negru";"Null";"Null";"http://data.bnf.fr/ark:/12148/cb119759407";"Null"
"http://data.bnf.fr/ark:/12148/cb37656280w";"[Recueil. Catalogues]";"197";"Paris";"Galerie Furstenberg";"Null";"Null";"http://data.bnf.fr/ark:/12148/cb119314762";"Null"
"http://data.bnf.fr/ark:/12148/cb376565425";"[Recueil. Catalogues]";"197";"Paris";"Galerie Mona Lisa";"Null";"Null";"http://data.bnf.fr/ark:/12148/cb119759407";"Null"
"http://data.bnf.fr/ark:/12148/cb376575939";"[Recueil. Documents d'information]";"197";"[S.l.]";"Editions Papierski";"Null";"Null";"http://data.bnf.fr/ark:/12148/cb119759407";"Null"
"http://data.bnf.fr/ark:/12148/cb37657474r";"[Recueil. Catalogues]";"197";"Chartres";"Galerie Alphonse Marré";"Null";"Null";"http://data.bnf.fr/ark:/12148/cb119759407";"Null"
"http://data.bnf.fr/ark:/12148/cb37657567r";"[Recueil. Catalogues]";"197";"Frankfurt-am-Main";"Editions Art C.C.";"Null";"Null";"http://data.bnf.fr/ark:/12148/cb13318510x";"Null"
"http://data.bnf.fr/ark:/12148/cb37658304j";"[Recueil. Documents d'information]";"197";"Paris";"Atelier Jacob";"Null";"Null";"http://data.bnf.fr/ark:/12148/cb119759407";"Null"
"http://data.bnf.fr/ark:/12148/cb37658884d";"Bùn lâỳ nươć đọng";"197";"[États-Unis]";"[s. n.]";"Null";"118 p.";"Null";"Null"
"http://data.bnf.fr/ark:/12148/cb37659289q";"Thơ Việt hiện đại : 1900-1960";"197";"Glendale (Calif.)";"Ðại Nam";"Null";"527 p.";"http://data.bnf.fr/ark:/12148/cb11975721d";"Null"
"http://data.bnf.fr/ark:/12148/cb37658887f";"Thương chôǹg : [tuyên̕ tập truyện ngăń]";"197";"[États-Unis]";"[s. n.]";"Null";"153 p.";"Null";"Null"
"http://data.bnf.fr/ark:/12148/cb376599571";"Ngày qua bóng tôí : truyện dài";"197";"[États-Unis]";"[s.n.]";"Null";"141 p.";"Null";"Null"
"http://data.bnf.fr/ark:/12148/cb37660972z";"Sau giơ ̀giơí nghiêm";"197";"Los Alamitos (Calif.)";"Xuân Thu";"Null";"269 p.";"Null";"Null"
"http://data.bnf.fr/ark:/12148/cb37660277r";"Ngươì xưa đã vê ̀ : tiêu̕ thuyêt́ tình ca̕m";"197";"[États-Unis]";"[s.n.]";"Null";"343 p.";"Null";"Null"
"http://data.bnf.fr/ark:/12148/cb376609661";"Tình yêu màu khói nhạt : truyện dài";"197";"Los Alamitos (Calif.)";"Xuân Thu";"Null";"197 p.";"Null";"Null"
"http://data.bnf.fr/ark:/12148/cb37660280n";"Thơ vịnh Kiêù";"197";"[États-Unis]";"[s.n.]";"Null";"567-V p.";"Null";"Null"
"http://data.bnf.fr/ark:/12148/cb37660971m";"Sau khi bão tơí : truyện dài";"197";"Los Alamitos (Calif.)";"Xuân Thu";"Null";"313 p.";"Null";"Null"
"http://data.bnf.fr/ark:/12148/cb376602752";"Tuyên̕ truyện";"197";"[États-Unis]";"[s.n.]";"Null";"283 p.";"http://data.bnf.fr/ark:/12148/cb12021561p";"Null"
"http://data.bnf.fr/ark:/12148/cb37660968q";"Cưa̕ trươǹg phía bên ngoài : truyện dài";"197";"Los Alamitos (Calif.)";"Xuân Thu";"Null";"203 p.";"Null";"Null"
"http://data.bnf.fr/ark:/12148/cb37659955b";"Trơì xanh trên mái cao : truyện dài";"197";"[États-Unis]";"[s.n.]";"Null";"118 p.";"Null";"Null"
"http://data.bnf.fr/ark:/12148/cb376783744";"Mưa thu nhơ ́tăm̀ : tập truyện";"197";"[États-Unis]";"[s. n.]";"Null";"211 p.";"Null";"Null"
"http://data.bnf.fr/ark:/12148/cb376828717";"Theo la terreur";"197";"[New York]";"H. Quist";"Null";"[32] p.";"Null";"Null""http://data.bnf.fr/ark:/12148/cb37693275d";"Phi Lạc náo Hoa Kỳ : nôí theo truyện Phi Lạc sang Tàu";"197";"[États-Unis]";"Huệ Minh";"Null";"294 p.";"Null";"Null"
"http://data.bnf.fr/ark:/12148/cb37693269g";"Xóm Câù Mơí : Bèo giạt";"197";"[États-Unis]";"[s. n.]";"Null";"2 vol. (713-VI) p.";"Null";"Null"
"http://data.bnf.fr/ark:/12148/cb37704343m";"Trong như hô ̀thu";"197";"Los Alamitos (Calif.)";"Xuân Thu";"Null";"304 p.";"Null";"Null"
"http://data.bnf.fr/ark:/12148/cb37707449p";"Chiêć xương lá mục";"197";"[États-Unis]";"[s. n.]";"Null";"116 p.";"Null";"Null"
"http://data.bnf.fr/ark:/12148/cb377074548";"Hoa nơ ̕vê ̀đêm : tiêu̕ thuyêt́";"197";"Los Alamitos (Calif.)";"Xuân Thu";"Null";"398 p.";"Null";"Null"
"http://data.bnf.fr/ark:/12148/cb377073858";"Khu rác ngoại thành : truyện";"197";"[Etats-Unis]";"[s.n]";"Null";"117 p.";"Null";"Null"
"http://data.bnf.fr/ark:/12148/cb37707462w";"Nguyệt Ðôǹg Xoài : truyện dài tình ca̕m";"197";"[États-Unis]";"[s. n.]";"Null";"2 vol. (875) p.";"Null";"Null"
"http://data.bnf.fr/ark:/12148/cb377074579";"Rặng trâm bâù : truyện dài";"197";"Los Alamitos (Calif.)";"Xuân Thu";"Null";"419 p.";"Null";"Null"
"http://data.bnf.fr/ark:/12148/cb37708173z";"Hoa tình đâm̃ máu";"197";"[États-Unis]";"[s. n]";"Null";"375 p.";"Null";"Null"
"http://data.bnf.fr/ark:/12148/cb37708154p";"Môí thù rực rơ ̃ : truyện dài";"197";"Los Alamitos (Calif.)";"Xuân Thu";"Null";"362 p.";"Null";"Null"
"http://data.bnf.fr/ark:/12148/cb37708165b";"Kinh thiên thu : truyện dài";"197";"Los Alamitos (Calif.)";"Xuân Thu";"Null";"296 p.";"Null";"Null"
"http://data.bnf.fr/ark:/12148/cb37708161z";"Tôi nhìn tôi trên vách : truyện dài";"197";"Los Alamitos (Calif.)";"Xuân Thu";"Null";"442 p.";"Null";"Null"
"http://data.bnf.fr/ark:/12148/cb37708169q";"Biên̕ điên : truyện dài";"197";"[États-Unis]";"[s. n]";"Null";"492 p.";"Null";"Null"
"http://data.bnf.fr/ark:/12148/cb377081520";"Eo biên̕ đa tình : truyện dài";"197";"Los Alamitos (Calif.)";"Xuân Thu";"Null";"429 p.";"Null";"Null"
"http://data.bnf.fr/ark:/12148/cb37718708c";"The scenic environment at the Hôtel de Bourgogne determined from analyses of twelve plays performed at the Hôtel between 1628 and 1634";"197";"Iowa City";"University of Iowa";"Null";"383 p.";"http://data.bnf.fr/ark:/12148/cb11977537q";"Null"
"http://data.bnf.fr/ark:/12148/cb37720605b";"Thành Cát Tư Hãn : kịch";"197";"[États-Unis]";"[s. n.]";"Null";"190 p.";"Null";"Null"
"http://data.bnf.fr/ark:/12148/cb37747270s";"Speeches, arguments and miscellaneous papers of David Dudley Field";"197";"New York";"D. Appleton";"Null";"3 vol. (VII-583, IV-509, IV-463 p.)";"http://data.bnf.fr/ark:/12148/cb119313712";"Null"
"http://data.bnf.fr/ark:/12148/cb37749132f";"Etude et construction des anches 1 ° partie";"197";"Toulouse";"Conservatoire occitan";"Null";"43 p.";"http://data.bnf.fr/ark:/12148/cb11944339h";"Null"
"http://data.bnf.fr/ark:/12148/cb37749408d";"Cinémathèque Cedfi : prêt gratuit de films 16 mm, son optique";"197";"Levallois Perret";"Centre d'études et de diffusion du film d'information";"Null";"168 p.";"http://data.bnf.fr/ark:/12148/cb119453988";"Null"
"http://data.bnf.fr/ark:/12148/cb37748951p";"Constitution et reconstitution des patrimoines archivistiques nationaux Fascicule 3, Appendice 2, Tableau historique des accords portant sur des transferts d'archives : rapport de la dix-septième conférence internationale de la table ronde des archives";"197";"[Paris]";"[Services d'archives]";"Null";"1 vol. (34 p.)";"http://data.bnf.fr/ark:/12148/cb120611486";"Null"
"http://data.bnf.fr/ark:/12148/cb37749628k";"David Bowie";"197";"[S.l.]";"[s.n.]";"Null";"[47]p.";"Null";"Null"
"http://data.bnf.fr/ark:/12148/cb38776944p";"Manuscript Painting in Paris around 1200";"197";"[New-York]";"Metropolitan Museum of Art";"Null";"P. 173 à 185";"Null";"Null"
"http://data.bnf.fr/ark:/12148/cb387784485";"Frühe angiovinische Buchkunst in Neapel : die Illustrierung französischer Unterhaltungsprosa in neapolitanischen Scriptorien zwischen 1290 und 1320";"197";"Tübingen";"E. Wasmuth";"Null";"P. 71 à 92";"Null";"Null"
"http://data.bnf.fr/ark:/12148/cb38778873g";"A Bibliography of L. M. J. Delaissé, and a note on the Delaissé papers deposited in the Bodleian Library, Oxford";"197";"[S. l.]";"[s. n.]";"Null";"P. 352 à 359";"Null";"Null"
"http://data.bnf.fr/ark:/12148/cb38782475t";"Travaux et enquêtes : les obituaires français";"197";"Paris";"Société d'histoire écclésiastique de la France";"Null";"P. 69-82";"Null";"Null"
"http://data.bnf.fr/ark:/12148/cb387824347";"L'Inscription dans les nécrologes clunisiens : XIe-XIIe siècles";"197";"Strasbourg";"Istra";"Null";"P. 153-167";"Null";"Null"
"http://data.bnf.fr/ark:/12148/cb38786952h";"L'Héraldique et l'histoire de l'art du Moyen Age";"197";"Paris";"Gazette des Beaux-Arts";"Null";"P. 99-108";"Null";"Null"
"http://data.bnf.fr/ark:/12148/cb38896824c";"US Congressional committee prints : [from the earliest publications through 1969]";"197";"Washington (D.C.)";"Congressional information service";"Null";"Microfiches (70 images/microfiche)";"http://data.bnf.fr/ark:/12148/cb12067463c";"Null"
"http://data.bnf.fr/ark:/12148/cb388974773";"Essai d'une bibliographie des périodiques maçonniques et antimaçonniques de langue française : 1763-1945";"197";"Paris";"Grand-Orient de France, Centre de documentation";"Null";"P. 66-89";"http://data.bnf.fr/ark:/12148/cb12062530g";"Null"
"http://data.bnf.fr/ark:/12148/cb392206152";"La race européenne : sa mission historique";"197";"Bourg-la-Reine";"Groupe Nation nouvelle";"Null";"[24 p.]";"http://data.bnf.fr/ark:/12148/cb12062368m";"Null"
"http://data.bnf.fr/ark:/12148/cb39663752s";"Le fantôme de Pierrot";"197";"Paris";"Éd. de Misère";"Null";"Null";"Null";"Null"
"http://data.bnf.fr/ark:/12148/cb39663754g";"Amis";"197";"Paris";"Éd. de Misère";"Null";"Null";"Null";"Null"
"http://data.bnf.fr/ark:/12148/cb396637503";"Nous serons vieux";"197";"Paris";"Éd. de Misère";"Null";"Null";"Null";"Null"
"http://data.bnf.fr/ark:/12148/cb39663758v";"Mourir d'enfance";"197";"Paris";"Éd. de Misère";"Null";"Null";"Null";"Null"
"http://data.bnf.fr/ark:/12148/cb396637534";"Mentir";"197";"Paris";"Éd. de Misère";"Null";"Null";"Null";"Null"
"http://data.bnf.fr/ark:/12148/cb39663751f";"Le fil";"197";"Paris";"Éd. de Misère";"Null";"Null";"Null";"Null"
"http://data.bnf.fr/ark:/12148/cb39663757h";"Hymne à sept temps";"197";"Paris";"Éd. de Misère";"Null";"Null";"Null";"Null"
"http://data.bnf.fr/ark:/12148/cb39685953k";"[Dossier Salvador Bacarisse]";"197";"Null";"Null";"Null";"Dossier (2 f.) : 21 x 27 cm";"Null";"Null"
"http://data.bnf.fr/ark:/12148/cb39686609h";"Bois de bouleaux en hiver : une maison en bois à gauche, un banc sur la droite : maquette de décor";"197";"Null";"Null";"Null";"1 dess. : crayon, pastel, rehauts de gouache ; 34 x 63, 5 cm (f) ; 28,5 x 53,5 cm (d)";"Null";"http://gallica.bnf.fr/ark:/12148/btv1b7002035q"
"http://data.bnf.fr/ark:/12148/cb396895972";"Quinteto : cuerdas, piano";"197";"[Madrid]";"Union musical española";"Null";"1 partition (41 p.) : 32 cm";"http://data.bnf.fr/ark:/12148/cb11975999w";"Null"
"http://data.bnf.fr/ark:/12148/cb39692023n";"Grieg Album I";"197";"Budapest";"Editio musica";"Null";"56 p. : portr. à la couv.  ; 31 cm";"http://data.bnf.fr/ark:/12148/cb12556125d";"Null"
"http://data.bnf.fr/ark:/12148/cb39691851v";"2 poèmes Nr. 1 : 1903";"197";"Null";"Null";"Null";"p. 49-52 : 30 cm";"http://data.bnf.fr/ark:/12148/cb11975995h";"Null"
"http://data.bnf.fr/ark:/12148/cb39691856k";"Nuances : Op. 56 N°  3";"197";"Null";"Null";"Null";"5 p. : 30 cm";"http://data.bnf.fr/ark:/12148/cb119604900";"Null"
"http://data.bnf.fr/ark:/12148/cb39691857x";"[12 études] op. 8 N°  2";"197";"Null";"Null";"Null";"P. 6-8 : 30 cm";"http://data.bnf.fr/ark:/12148/cb11975999w";"Null"
"http://data.bnf.fr/ark:/12148/cb396918557";"Feuillet d'album : Op. 45 N°  1";"197";"Null";"Null";"Null";"p. 43-44 : 30 cm";"http://data.bnf.fr/ark:/12148/cb119604900";"Null"
"http://data.bnf.fr/ark:/12148/cb39692025b";"Three pieces : op. 27, 28, 31";"197";"New York";"Belwin Mills";"Null";"55 p. : couv. ill. en coul.  ; 30 cm";"http://data.bnf.fr/ark:/12148/cb122893442";"Null"
"http://data.bnf.fr/ark:/12148/cb39691850h";"Fünf Klavierstücke : Op. 23";"197";"Null";"Null";"Null";"19 p. : 31 cm";"http://data.bnf.fr/ark:/12148/cb11975995h";"Null"
"http://data.bnf.fr/ark:/12148/cb39692098j";"Résonances : [piano]";"197";"Null";"Null";"Null";"4 p. : 30 cm";"http://data.bnf.fr/ark:/12148/cb11975995h";"Null"
"http://data.bnf.fr/ark:/12148/cb39691844k";"Sérénade en la : en quatre mouvements";"197";"Null";"Null";"Null";"20 p. : 31 cm";"http://data.bnf.fr/ark:/12148/cb119604900";"Null"
"http://data.bnf.fr/ark:/12148/cb39692456q";"Tryptique : pour guitare";"197";"Paris";"Mario Bois";"Null";"8 f. : 35 cm";"http://data.bnf.fr/ark:/12148/cb11975995h";"Null"
"http://data.bnf.fr/ark:/12148/cb397134496";"Suite médiévale : en forme de messe basse";"197";"Paris";"Salabert";"Null";"19 p. : 32 cm";"http://data.bnf.fr/ark:/12148/cb12348661k";"Null"
"http://data.bnf.fr/ark:/12148/cb397132965";"Ave Regina coelorum : marianische Antiphon für Orgel";"197";"Altötting";"A. Coppenrath";"Null";"4 p. : 22 x 30 cm";"http://data.bnf.fr/ark:/12148/cb11975995h";"Null"
"http://data.bnf.fr/ark:/12148/cb39713295t";"Christ ist erstanden : Choraltriptychon für Orgel";"197";"Altötting";"A. Coppenrath";"Null";"19 p. : 22 x 30 cm";"http://data.bnf.fr/ark:/12148/cb123079186";"Null"
"http://data.bnf.fr/ark:/12148/cb39713552c";"Fantaisie pour orgue";"197";"Paris";"G. Billaudot";"Null";"Null";"http://data.bnf.fr/ark:/12148/cb11975999w";"Null"
"http://data.bnf.fr/ark:/12148/cb397135960";"Messe du Saint-Sacrement : for the organ";"197";"New York";"E. F. Kalmus";"Null";"15 p. : 31 cm";"http://data.bnf.fr/ark:/12148/cb11975995h";"Null"
"http://data.bnf.fr/ark:/12148/cb397135422";"Quatrième symphonie : pour orgue";"197";"New York";"G. Schirmer";"Null";"57 p. : 31 cm";"http://data.bnf.fr/ark:/12148/cb13319434w";"Null"
"http://data.bnf.fr/ark:/12148/cb397470141";"Jean-Pierre Bonnefous";"197";"Null";"Null";"Null";"1 photogr. pos. : 25,5 x 20,5 cm";"http://data.bnf.fr/ark:/12148/cb11932843f";"Null"
"http://data.bnf.fr/ark:/12148/cb39747151h";"[Jeunes danseurs à l'Ecole de Danse de l'Opéra de Paris]";"197";"Null";"Null";"Null";"1 photogr. pos. : 18 x 24 cm";"Null";"Null"
"http://data.bnf.fr/ark:/12148/cb39746994r";"[Carole Arbo et Fredéric Olivieri en répétition à l'Opéra de Paris]";"197";"Null";"Null";"Null";"1 photogr. pos. : 18 x 24 cm";"http://data.bnf.fr/ark:/12148/cb11932843f";"Null"
"http://data.bnf.fr/ark:/12148/cb39748043v";"[Rudolf Noureev sur scène]";"197";"Null";"Null";"Null";"1 photogr. pos. : 29 x 19 cm";"http://data.bnf.fr/ark:/12148/cb11932843f";"Null"
"http://data.bnf.fr/ark:/12148/cb397480446";"[Rudolf Noureev sur scène]";"197";"Null";"Null";"Null";"1 photogr. pos. : 29 x 19 cm";"http://data.bnf.fr/ark:/12148/cb11932843f";"Null"
"http://data.bnf.fr/ark:/12148/cb397473098";"[Wilfried Romoli (de dos) et d'autres élèves de l'école de danse de l'Opéra dans la loge du corps de ballet au Palais Garnier]";"197";"Null";"Null";"Null";"1 photogr. pos. : 18 x 24 cm";"http://data.bnf.fr/ark:/12148/cb12010336g";"Null"
"http://data.bnf.fr/ark:/12148/cb397472257";"Peter Martins";"197";"Null";"Null";"Null";"1 photogr. pos. : 25 x 20,5 cm";"http://data.bnf.fr/ark:/12148/cb11932843f";"Null"
"http://data.bnf.fr/ark:/12148/cb39752746k";"Die güldene Sonne : op. 42c";"197";"Altötting";"A. Coppenrath";"Null";"1 partition (8 p.) : 27 cm";"http://data.bnf.fr/ark:/12148/cb11975995h";"Null"
"http://data.bnf.fr/ark:/12148/cb397527457";"Flämischer Sängergruss : Texte und Weise aus Flandern";"197";"Altötting";"A. Coppenrath";"Null";"1 partition ([2] p.) : 27 cm";"http://data.bnf.fr/ark:/12148/cb13601444k";"Null"
"http://data.bnf.fr/ark:/12148/cb39752737m";"Glückwunschkantate : für Kinderstimmen und Instrumente";"197";"Altötting";"A. Coppenrath";"Null";"1 partition (10 p.) : 28 cm";"http://data.bnf.fr/ark:/12148/cb119329384";"Null"
"http://data.bnf.fr/ark:/12148/cb39752747x";"Humor beim Chor : vier kurze, heitere Liedsätze";"197";"Altötting";"A. Coppenrath";"Null";"1 partition (4 p.) : 27 cm";"http://data.bnf.fr/ark:/12148/cb146237522";"Null"
"http://data.bnf.fr/ark:/12148/cb39752738z";"Gratulation : Fughette";"197";"Altötting";"A. Coppenrath";"Null";"1 partition (4 p.) : 28 cm";"http://data.bnf.fr/ark:/12148/cb11975995h";"Null"
"http://data.bnf.fr/ark:/12148/cb39752807z";"Mélodies simples de l'ordinaire de la messe";"197";"Paris";"Manécanterie Saint-Laurent";"Null";"[3] p. : 19 cm";"http://data.bnf.fr/ark:/12148/cb12215082c";"Null"
"http://data.bnf.fr/ark:/12148/cb397528116";"Seigneur ouvre mes lèvres : liturgie du soir";"197";"Paris";"Éd. du levain";"Null";"1 partition (65 p.) : 14 x 19 cm";"http://data.bnf.fr/ark:/12148/cb135162777";"Null"
"http://data.bnf.fr/ark:/12148/cb397527399";"Mein Christian : Volkslied, 1821 aus der Gegend von Nordhausen";"197";"Altötting";"A. Coppenrath";"Null";"1 partition ([2] p.) : 28 cm";"http://data.bnf.fr/ark:/12148/cb119329384";"Null"
"http://data.bnf.fr/ark:/12148/cb39752740h";"Jägerlied : für einstimmigen Kinderchor und vierstimmigen gemischten Chor a cappella";"197";"Altötting";"A. Coppenrath";"Null";"1 partition (8 p.) : 28 cm";"http://data.bnf.fr/ark:/12148/cb11975995h";"Null"
"http://data.bnf.fr/ark:/12148/cb39752803k";"Au souffle de Dieu : 12 hymnes nouvelles";"197";"Paris";"Studio SM";"Null";"1 partition (32 p.) : couv. ill. ; 13 x 19 cm";"http://data.bnf.fr/ark:/12148/cb11975995h";"Null"
"http://data.bnf.fr/ark:/12148/cb397528445";"Cançons populars catalanes : [voix et piano]";"197";"Barcelona";"Casa editorial de musica";"Null";"19 p. : couv. ill. en coul. ; 27 cm";"http://data.bnf.fr/ark:/12148/cb12555467x";"Null"
"http://data.bnf.fr/ark:/12148/cb39758692x";"Vladimir Vassiliev dans Cendrillon : photographie de scène";"197";"Null";"Null";"Null";"1 photogr. : 23.9 x 17.7 cm";"http://data.bnf.fr/ark:/12148/cb122147017";"Null"
"http://data.bnf.fr/ark:/12148/cb39759873f";"An die ferne Geliebte : ein Liederkreis";"197";"Leipzig";"Insel-Verlag";"Null";"70 p. : ill.  ; 19 cm";"http://data.bnf.fr/ark:/12148/cb14620834p";"Null"
"http://data.bnf.fr/ark:/12148/cb397628807";"Consort zu 4 Stimmen (um 1660) Heft II : für alte Instrumente (Violenchor, Blockflötenchor) oder moderne Instrumente (Streichquartett, Streichorchester)";"197";"Mainz. - Leipzig";"B. Schott's Söhne";"Null";"1 partition (23 p.) : couv. orn.  ; 31 cm";"http://data.bnf.fr/ark:/12148/cb11975998j";"Null"
"http://data.bnf.fr/ark:/12148/cb397628791";"Canzoni per sonar a quattro : con ogni sorte di stromenti col basso generale";"197";"Mainz. - Leipzig";"B. Schott's Söhne";"Null";"1 partition (20 p.) : couv. orn.  ; 31 cm";"http://data.bnf.fr/ark:/12148/cb146265031";"Null"
"http://data.bnf.fr/ark:/12148/cb39764300v";"Enosch : Psalm 103.v.15-17";"197";"[s.d.]";"Null";"Null";"1 partition ([3] p.) : 27 cm";"http://data.bnf.fr/ark:/12148/cb11975995h";"Null"
"http://data.bnf.fr/ark:/12148/cb39766668s";"School for buffoons... : [L'Ecole des bouffons.]";"197";"San Francisco [California]";"Chandler publishing company";"Null";"XV-31 p.";"Null";"Null"
"http://data.bnf.fr/ark:/12148/cb39769002x";"La Souche ou Nuit et mort dans la famille";"197";"Grenoble";"Théâtre-action";"Null";"28 p.";"Null";"Null"
"http://data.bnf.fr/ark:/12148/cb397690189";"Sigmaringen en France ou les Potentat du néant : parodie en 3 actes et en prose";"197";"[S. l.]";"R. Milcent";"Null";"98 p.";"Null";"Null"
"http://data.bnf.fr/ark:/12148/cb39769023w";"Le Roi d'Islande";"197";"[S. l.]";"Null";"Null";"31 p.";"Null";"Null"
"http://data.bnf.fr/ark:/12148/cb39768880p";"Interview : huit sketches en musique...";"197";"[S. l.]";"Null";"Null";"16 p.";"Null";"Null"
"http://data.bnf.fr/ark:/12148/cb397690038";"Djebelle : la Nuit des sources";"197";"[Grenoble]";"[Théâtre-action]";"Null";"34 p.";"Null";"Null"
"http://data.bnf.fr/ark:/12148/cb39768991m";"Des petits pas dans les grands : création pour enfants";"197";"[S. l.]";"Null";"Null";"N. ch.";"Null";"Null"
"http://data.bnf.fr/ark:/12148/cb39770184d";"Institut de recherches sur le jeu de l'acteur";"197";"Wrocław";"Théâtre Laboratoire";"Null";"N. ch.";"Null";"http://gallica.bnf.fr/ark:/12148/btv1b52505501d"
"http://data.bnf.fr/ark:/12148/cb39771560r";"National arts Centre, Ottawa";"197";"Ottawa";"Centre national des arts";"Null";"64 p.";"Null";"Null"
"http://data.bnf.fr/ark:/12148/cb39770973z";"Catalogue de films";"197";"Paris";"Services américains d'information et de relations culturelles";"Null";"XIV-69 p.";"Null";"Null"
"http://data.bnf.fr/ark:/12148/cb39771037v";"Catalogue de films";"197";"Paris";"Services américains d'information et de relations culturelles";"Null";"69 p.";"Null";"Null"
"http://data.bnf.fr/ark:/12148/cb397702673";"Shining";"197";"Paris";"Warner-Bros";"Null";"14 p.";"Null";"Null"
"http://data.bnf.fr/ark:/12148/cb39771876z";"Sculptors'drawings over six centuries : 1400-1950";"197";"New-York";"Agrinde publications";"Null";"Non paginé";"Null";"Null"
"http://data.bnf.fr/ark:/12148/cb39775987v";"Approches de Samuel Beckett";"197";"Lyon";"Université de Lyon II";"Null";"48 p.";"Null";"Null"
"http://data.bnf.fr/ark:/12148/cb39778098r";"Pogled s galerije";"197";"Arandelovac";"Napedak";"Null";"232 p.";"Null";"Null"
"http://data.bnf.fr/ark:/12148/cb39777561j";"Un Enfant dans la foule : [Plaquette de présentation]";"197";"Paris";"Sté nouvelle de cinématographie et ses amis";"Null";"[16] p.";"Null";"Null"
"http://data.bnf.fr/ark:/12148/cb39778259d";"Det Teatralske Teater";"197";"Holstebro";"Odin Teatrets forlag";"Null";"310 p.";"Null";"Null"
"http://data.bnf.fr/ark:/12148/cb39777562w";"Apocalypse now : [plaquette de présentation]";"197";"[S. l.]";"A. M. L. F.";"Null";"[12] p.";"Null";"Null"
"http://data.bnf.fr/ark:/12148/cb397766727";"Wim Vesseur";"197";"Amsterdam";"Toneelmuseum";"Null";"[16] p.";"Null";"Null"
"http://data.bnf.fr/ark:/12148/cb39779975t";"The Revels history of drama in English...";"197";"London. - New York";"Null";"Null";"Null";"Null";"Null"
"http://data.bnf.fr/ark:/12148/cb399533133";"Vạch một chân trơi ̀ : truyện dài";"197";"[États-Unis]";"[s. n.]";"Null";"277 p.";"Null";"Null"
"http://data.bnf.fr/ark:/12148/cb39953783c";"Phạm Duy còn đó nôi ̃ buôǹ";"197";"[États-Unis]";"[s. n.]";"Null";"257 p.";"http://data.bnf.fr/ark:/12148/cb12651400v";"Null"
"http://data.bnf.fr/ark:/12148/cb39954354x";"Nhưñg vi ̀ sao lạc : truyện dài";"197";"Fort Smith (AR)";"Sôńg mơi ́";"Null";"167 p.";"Null";"Null"
"http://data.bnf.fr/ark:/12148/cb399842668";"Năńg đào : truyện hay tiêǹ chiêń";"197";"Glendale (Calif.)";"Ðại Nam";"Null";"128 p.";"Null";"Null"
"http://data.bnf.fr/ark:/12148/cb39988540c";"Aỏ vọng tuôi ̉ trẻ";"197";"Los Alamitos (Calif.)";"Xuân Thu";"Null";"231 p.";"Null";"Null"
"http://data.bnf.fr/ark:/12148/cb399885244";"Giâć mơ một loài cỏ";"197";"Los Alamitos (Calif.)";"Xuân Thu";"Null";"239 p.";"Null";"Null"
"http://data.bnf.fr/ark:/12148/cb39988487r";"Luật hè phô ́ : truyện dài";"197";"Los Alamitos (Calif.)";"Xuân Thu";"Null";"256 p.";"Null";"Null"
"http://data.bnf.fr/ark:/12148/cb39989309x";"Thăǹg Khoa : truyện dài";"197";"[Etats-Unis]";"[s. n.]";"Null";"229 p.";"Null";"Null"
"http://data.bnf.fr/ark:/12148/cb399892712";"Tuôỉ mười ba : truyện dài";"197";"Fort Smith (Ar.)";"Sôńg mơi ́";"Null";"113 p.";"Null";"Null"
"http://data.bnf.fr/ark:/12148/cb39989282q";"Châu Kool : truyện dài";"197";"Los Alamitos (Calif.)";"Xuân Thu";"Null";"333 p.";"Null";"Null"
"http://data.bnf.fr/ark:/12148/cb399930791";"Tơ vương";"197";"Westminster (Calif.)";"Lê Vân";"Null";"227 p.";"Null";"Null"
"http://data.bnf.fr/ark:/12148/cb39996827q";"Tận cùng nôi  ̃ nhơ ́";"197";"[Etats-Unis]";"[s.n.]";"Null";"178 p.";"Null";"Null"
"http://data.bnf.fr/ark:/12148/cb40013154m";"Chiêù gió : truyện dài";"197";"[Etats-Unis]";"Gió";"Null";"360 p.";"Null";"Null"
"http://data.bnf.fr/ark:/12148/cb40013136p";"Bản tango cuôi ́ cùng";"197";"[Etats-Unis]";"Gió";"Null";"365 p.";"Null";"Null"
"http://data.bnf.fr/ark:/12148/cb40013148p";"Măt ́ tiḿ : truyện dài";"197";"[Etats-Unis]";"Gió";"Null";"323 p.";"Null";"Null"
"http://data.bnf.fr/ark:/12148/cb40013238n";"Gió trên đôi ̀";"197";"[États-Unis]";"[s. n.]";"Null";"258 p.";"Null";"Null"
"http://data.bnf.fr/ark:/12148/cb400136184";"Tú Mơ  ̃ : văn nhân - thi nhân Việt Nam hiện đại";"197";"Los Alamitos (Calif.)";"Xuân Thu";"Null";"106 p.";"http://data.bnf.fr/ark:/12148/cb12042895g";"Null"
"http://data.bnf.fr/ark:/12148/cb40017031n";"Mât ́ ngươi ̀ yêu : truyện dài";"197";"[Etats-Unis]";"[s. n.]";"Null";"510 p.";"Null";"Null"
"http://data.bnf.fr/ark:/12148/cb40016836b";"Gâǹ mươi ̀ bảy tuổi : truyện dài";"197";"Los Alamitos (Calif.)";"Xuân Thu";"Null";"329 p.";"Null";"Null"
"http://data.bnf.fr/ark:/12148/cb40016848b";"Hôǹg thâù : tâm lý ái tiǹh";"197";"Glendale (Calif.)";"Đại Nam";"Null";"157 p.";"Null";"Null"
"http://data.bnf.fr/ark:/12148/cb40016772x";"Đê ̉ tưởng nhơ  ́ mùi hương : truyện dài";"197";"Los Alamitos (Calif.)";"Xuân Thu";"Null";"342 p.";"Null";"Null"
"http://data.bnf.fr/ark:/12148/cb40023111j";"Tuyển truyện Sáng Tạo";"197";"Forth Smith (Ar.)";"Sônǵ Mơi ́";"Null";"139 p.";"Null";"Null"
"http://data.bnf.fr/ark:/12148/cb40023142t";"Ái tiǹh và sự nghiệp : lịch sư ̕ tiêu̕ thuyêt́";"197";"Glendale (Calif.)";"Ðại Nam";"Null";"131 p.";"Null";"Null"
"http://data.bnf.fr/ark:/12148/cb40029153x";"Nhà bác học mù : tiêủ thuyêt ́ trinh thám gián điệp nguyên tử";"197";"[États-Unis]";"[s. n.]";"Null";"206 p.";"Null";"Null"
"http://data.bnf.fr/ark:/12148/cb400331828";"Phật giáo Thánh điên̉ : nguyên tác Hań văn";"197";"Los Alamitos (Calif.)";"Xuân Thu";"Null";"166 p.";"http://data.bnf.fr/ark:/12148/cb11982927h";"Null"
"http://data.bnf.fr/ark:/12148/cb400631492";"Mâý chàng trai-thê ́-hệ trươć";"197";"Los Alamitos";"Xuân Thu";"Null";"225 p.";"Null";"Null"
"http://data.bnf.fr/ark:/12148/cb405488756";"Dédicaces A. Zeimert, mon intimisme contre le sieu. Drolling, 1782 : [estampe]";"197";"[S.l.]";"[s.n.]";"Null";"1 est. : lithographie";"Null";"Null"
"http://data.bnf.fr/ark:/12148/cb40548874v";"Dédicaces A. Zeimert, compagnon de dettes, de prison, de Beuveries, Brouvoer. 1634 : [estampe]";"197";"[S.l.]";"[s.n.]";"Null";"1 est. : lithographie";"Null";"Null"
"http://data.bnf.fr/ark:/12148/cb409879972";"Đại cương triết học Trung Quôć";"197";"[États-Unis]";"[s.n]";"Null";"2 vol. (809, 892 p.)";"http://data.bnf.fr/ark:/12148/cb16274531d";"Null"
"http://data.bnf.fr/ark:/12148/cb41000154t";"Kinh Cầu Muống : truyện dài";"197";"Glendale (Calif.)";"Đại Nam";"Null";"2 vol. (844 p.)";"Null";"Null"
"http://data.bnf.fr/ark:/12148/cb41037890x";"Ho hyperánthrōpos";"197";"̓Athî̄nai";"Pélla";"Null";"1 vol. (159 p.)";"Null";"Null"
"http://data.bnf.fr/ark:/12148/cb41037871n";"Ho pýrgos toû a̓kropótamou";"197";"̓Athī́na";"̓Ekd.  ̓ ́Almōpos. - Pélla";"Null";"1 vol. (180 p.)";"Null";"Null"
"http://data.bnf.fr/ark:/12148/cb41044111b";"UAR economic indicators 1961-1969";"197";"Leiden";"IDC";"Null";"1 microfiche";"http://data.bnf.fr/ark:/12148/cb11950228t";"Null"
"http://data.bnf.fr/ark:/12148/cb42627077g";"Dokímia";"197";"Athī́́na";"Θ. Καστανιώτης";"Null";"vol.";"Null";"Null"
"http://data.bnf.fr/ark:/12148/cb428904123";"Le Mas, pièce lyrique en trois actes.Choeurs femmes. Choeurs hommes. Chant seul.";"197";"Paris";"Heugel, éditeur";"Null";"Null";"Null";"Null"
"http://data.bnf.fr/ark:/12148/cb43057668w";"B.Ârustovskij. Očerk po dramaturgii opery XX veka, kniga pervaâ";"197";"Москва";"Музыка";"Null";"In-8° (22 cm), 359 p., ill.";"http://data.bnf.fr/ark:/12148/cb11975995h";"Null"
"http://data.bnf.fr/ark:/12148/cb43079512w";"V. Kolomijcov. Statʹi i pisʹma. [Sostavitelʹ i avtor primečanij E.V. Tomaševskaâ. Vstupitelʹnaâ statʹâ i obŝaâ redakciâ Û.A. Kremleva]";"197";"Ленинград";"Музыка";"Null";"22 cm, 224 p., pl.";"http://data.bnf.fr/ark:/12148/cb11975999w";"Null"
"http://data.bnf.fr/ark:/12148/cb32527363b";"Maurice Maeterlinck ou le Mystère de la porte close";"197";"[S. l.] : [s. n.]";"Null";"Null";"Null";"Null";"Null"
"http://data.bnf.fr/ark:/12148/cb32527352p";"Adulescens";"197";"[S. l.] : [s. n.]";"Null";"Null";"Null";"Null";"Null"
"http://data.bnf.fr/ark:/12148/cb34276453v";"Tủ sách Phô ̉ thông văn học";"197";"Hà nội";"Hội nhà văn";"Null";"Null";"Null";"Null"
"http://data.bnf.fr/ark:/12148/cb34278300g";"Tủ sách Văn nghệ dân gian Quảng nam-Ðà năñg";"197";"Quảng nam-Ðà năñg";"Sơ ̉ văn hoá và thông tin";"Null";"Null";"Null";"Null"
"http://data.bnf.fr/ark:/12148/cb34283890n";"Konstverk i blickpunkten";"197";"Stockholm";"Nationalmuseum";"Null";"Null";"Null";"Null"
"http://data.bnf.fr/ark:/12148/cb343048191";"Historia general de la Iglesia en América latina";"197";"Salamanca (España)";"Ed. Sígueme";"Null";"Null";"http://data.bnf.fr/ark:/12148/cb11930876x";"Null"
"http://data.bnf.fr/ark:/12148/cb34309824t";"L'Histoire canadienne à travers le document";"197";"Montréal";"Guérin";"Null";"Null";"Null";"Null"
"http://data.bnf.fr/ark:/12148/cb343093682";"Syllabaire lyélé";"197";"Abidjan";"SIL";"Null";"Null";"Null";"Null"
"http://data.bnf.fr/ark:/12148/cb34310346s";"Le patrimoine monumental de la Belgique";"197";"Liège";"Solédi";"Null";"vol.";"http://data.bnf.fr/ark:/12148/cb11976925k";"Null"
"http://data.bnf.fr/ark:/12148/cb343105799";"Patrologiae cursus completus : omnium ss. patrum, doctorum scriptorumque ecclesiasticorum sive Latinorum, sive Graecorum";"197";"Tunholti, Belgium";"Brepols";"Null";"Null";"Null";"Null"
"http://data.bnf.fr/ark:/12148/cb34311952m";"Schlag nach in der Landesbibliothek : eine Folge von Heften zur Einführung in das Arbeitsinstrumentar der Bibliothek";"197";"Oldenburg";"H. Holzberg";"Null";"Null";"Null";"Null"
"http://data.bnf.fr/ark:/12148/cb34312518k";"Beiträge zur Balkanlinguistik";"197";"Berlin, [DDR]";"Akademie der Wissenschaften der DDR";"Null";"Null";"http://data.bnf.fr/ark:/12148/cb161875377";"Null"
"http://data.bnf.fr/ark:/12148/cb34315404b";"Un Million de morts : roman...";"197";"Genève. - [Paris]";"Editions Famot. - diffusion F. Beauval";"Null";"3 vol.";"Null";"Null"
"http://data.bnf.fr/ark:/12148/cb34322696v";"Colección diplomática medieval de La Rioja";"197";"Logroño";"Instituto de Estudios Riojanos";"Null";"Null";"Null";"Null"
"http://data.bnf.fr/ark:/12148/cb343337926";"Verbum gloriae";"197";"Madrid";"CSIC, Instituto Francisco Suárez";"Null";"Null";"Null";"Null"
"http://data.bnf.fr/ark:/12148/cb34336322n";"Nêṕ cũ";"197";"Glendale, Calif.";"Ðại Nam";"Null";"Null";"Null";"Null"
"http://data.bnf.fr/ark:/12148/cb343359927";"Sprachliche Kommunikation bei Kindern";"197";"Berlin (DDR)";"Akademie der Wissenschaften der DDR, Zentralinstitut für Sprachwissenschaft";"Null";"Null";"Null";"Null"
"http://data.bnf.fr/ark:/12148/cb343386955";"Magyar irodalmi folyóiratok";"197";"Budapest";"Petőfi Irodalmi Múzeum";"Null";"Null";"Null";"Null"
"http://data.bnf.fr/ark:/12148/cb34338820t";"Estudios sobre el dialecto aragonés";"197";"Zaragoza";"Institución Fernando el Católico";"Null";"Null";"http://data.bnf.fr/ark:/12148/cb11956996p";"Null"
"http://data.bnf.fr/ark:/12148/cb34341234c";"Die Handschriften der Württembergischen Landesbibliothek Stuttgart";"197";"Wiesbaden";"O. Harrassowitz";"Null";"Null";"Null";"Null"
"http://data.bnf.fr/ark:/12148/cb34344419r";"United States army in the Korean war";"197";"Washington (D.C.)";"Center of military history, United States army";"Null";"Null";"Null";"Null"
"http://data.bnf.fr/ark:/12148/cb34344335q";"Letters of delegates to Congress, 1774-1789";"197";"Washington (DC)";"U.S. Government printing office";"Null";"Null";"Null";"Null"
"http://data.bnf.fr/ark:/12148/cb34783625h";"I Conti della costruzione del castello di Fenis e le vicende della famiglia Challant : per una datazione degli affreschi";"197";"Torino";"[s.n.]";"Null";"[13] p.";"http://data.bnf.fr/ark:/12148/cb119352576";"Null"
"http://data.bnf.fr/ark:/12148/cb34817848d";"La montagne de la femme qui attend son mari : légendes vietnamiennes";"197";"Hanoi";"Éditions en langues étrangères";"Null";"67 p.";"http://data.bnf.fr/ark:/12148/cb119337871";"Null"
"http://data.bnf.fr/ark:/12148/cb349371889";"La Scodella di Marianna";"197";"Bellinzona";"IET";"Null";"198 p.";"Null";"Null"
"http://data.bnf.fr/ark:/12148/cb34949088q";"Giai thoại văn chương Việt Nam";"197";"[Houston]";"Xuân Thu";"Null";"303 p.";"http://data.bnf.fr/ark:/12148/cb11960177z";"Null"
"http://data.bnf.fr/ark:/12148/cb35021107d";"Französisches etymologisches Wörterbuch 25 : eine Darstellung des galloromanischen Sprachschatzes";"197";"Bâle";"Zbinden";"Null";"384 p.";"http://data.bnf.fr/ark:/12148/cb11935375d";"Null"
"http://data.bnf.fr/ark:/12148/cb35025698w";"A Sionnak hegyén... : Imádságok és elmélkedések";"197";"Budapest";"Református zsinati iroda";"Null";"211 p.";"Null";"Null"
"http://data.bnf.fr/ark:/12148/cb35040321p";"Thành-ngư ̃ điên̉-tích danh-nhân tự-điên̉";"197";"Glendale, Calif.";"Ðại Nam";"Null";"2 vol., [1474 p.]";"http://data.bnf.fr/ark:/12148/cb11934226p";"Null"
"http://data.bnf.fr/ark:/12148/cb350417649";"Egyptian population studies : annotated bibliography";"197";"Cairo";"Research department, Population and family planning board";"Null";"1 vol.";"http://data.bnf.fr/ark:/12148/cb11938556d";"Null"
"http://data.bnf.fr/ark:/12148/cb351521690";"Un, deux, trois, nous n'irons au bois";"197";"Genève";"Poésie vivante";"Null";"79 p.";"Null";"Null"
"http://data.bnf.fr/ark:/12148/cb351551373";"Le cinquecentine della Biblioteca archeologica e numismatica di Milano";"197";"Milano";"Comune di Milano, Ripartizione cultura";"Null";"42 p. _ 70 f. de pl.";"http://data.bnf.fr/ark:/12148/cb119344445";"Null"
"http://data.bnf.fr/ark:/12148/cb352467954";"La Lutte de libération nationale du peuple albanais";"197";"Tirana, Albanie";"Komiteti Shqiptar per marëdhen jet Kulturale me böten e jashtme";"Null";"153 p.-[1] f. de pl.-[5] f. de dépl.";"Null";"Null"
"http://data.bnf.fr/ark:/12148/cb352531322";"Le revenu agricole brut d'exploitation... 1";"197";"Toulouse";"Service régional de statistique agricole";"Null";"19 p.";"Null";"Null"
"http://data.bnf.fr/ark:/12148/cb35454370r";"Hôn-lê ̃ : lê ̃ tục cươí gả";"197";"Glendale, Calif";"Ðại Nam";"Null";"97 p.";"Null";"Null"
"http://data.bnf.fr/ark:/12148/cb35454346w";"Chợ trơì biên giơí Việt Nam-Cao Miên...";"197";"Los Alamitos, Calif";"Xuân Thu";"Null";"248 p.";"Null";"Null"
"http://data.bnf.fr/ark:/12148/cb354543597";"Giản dị hoá gia lê ̃";"197";"Los Alamitos, Calif";"Xuân Thu";"Null";"167 p.";"Null";"Null"
"http://data.bnf.fr/ark:/12148/cb35454331v";"Bảy ngày trong đôǹg Tháp-Mươì : du ký và biên khảo";"197";"Houston, Tex.";"Xuân Thu";"Null";"131 p.";"Null";"Null"
"http://data.bnf.fr/ark:/12148/cb35454820k";"Vũng-Tàu : xưa và nay...";"197";"Glendale, Calif";"Ðại Nam";"Null";"278 p.";"Null";"Null"
"http://data.bnf.fr/ark:/12148/cb35454351g";"Tìm hiêủ Angkor : Ðê ́ Thiên, Ðê ́ Thích";"197";"Los Alamitos, Calif";"Xuân Thu";"Null";"332 p.";"http://data.bnf.fr/ark:/12148/cb119344445";"Null"
"http://data.bnf.fr/ark:/12148/cb35454730m";"Ðât́ lê ̀ quê thói : phong tục Việt Nam";"197";"Glendale, Calif";"Ðại Nam";"Null";"540 p.";"http://data.bnf.fr/ark:/12148/cb12133387p";"Null"
"http://data.bnf.fr/ark:/12148/cb35454943h";"Việt Nam giáo sư ̉...";"197";"[États-Unis ?]";"[s.n.]";"Null";"2 vol., 607, 591 p.";"Null";"Null"
"http://data.bnf.fr/ark:/12148/cb35454747b";"Dọc đươǹg sô ́ 1 : bút ký";"197";"[États-Unis ?]";"[s.n.]";"Null";"237 p.";"Null";"Null"
"http://data.bnf.fr/ark:/12148/cb354546770";"Nguôǹ gôć Mã Lai của dân tộc Việt Nam...";"197";"Los Alamitos, Calif";"Xuân Thu";"Null";"393 p.";"Null";"Null"
"http://data.bnf.fr/ark:/12148/cb354546879";"Lịch sư ̉ khân̉ hoang miêǹ Nam : khảo cưú";"197";"Houston, Tex.";"Xuân Thu";"Null";"330 p.";"Null";"Null"
"http://data.bnf.fr/ark:/12148/cb35455330r";"Ðông Dương : 1945-1973...";"197";"[États-Unis ?]";"[s.n.]";"Null";"254 p.";"Null";"Null"
"http://data.bnf.fr/ark:/12148/cb354552863";"Việt-Nam Phật-giáo tranh-đâú sư ̉...";"197";"[États-Unis ?]";"[s.n.]";"Null";"445 p.";"Null";"Null"
"http://data.bnf.fr/ark:/12148/cb35468090q";"Thông-dụng thành-ngư ̃ cô ́-sự";"197";"Los Alamitos, Calif.";"Xuân Thu";"Null";"313 p.";"Null";"Null"
"http://data.bnf.fr/ark:/12148/cb35467610n";"Truyêǹ thôńg dân tộc";"197";"Ar., Fort Smith";"Sôńg mơí";"Null";"158 p.";"Null";"Null"
"http://data.bnf.fr/ark:/12148/cb35467881q";"Giai-thoại làng Nho";"197";"[États-Unis]";"[s.n]";"Null";"233 p.";"Null";"Null"
"http://data.bnf.fr/ark:/12148/cb35468077h";"Nêṕ cũ : tín-ngươñg Việt-Nam";"197";"Lancaster, Pa.";"Xuân Thu";"Null";"2 vol. (475-[16] p. de pl., 451-[12] p. de pl.)";"Null";"Null"
"http://data.bnf.fr/ark:/12148/cb35468880m";"Ngưóì Mỹ làm thê ́ nào đê ̉ giêt́ Tôn̉g thôńg Việt-Nam : hô ̀ sơ tôí mật của Ngũ giác đài";"197";"Glendale, Calif.";"Ðại Nam";"Null";"217 p.";"Null";"Null"
"http://data.bnf.fr/ark:/12148/cb35472599z";"Mùa thu trong thi ca";"197";"Ar., Fort Smith";"Sôńg mơí";"Null";"238 p.";"Null";"Null"
"http://data.bnf.fr/ark:/12148/cb354737256";"Cuộc tôn̉g công kích-tôn̉g khơỉ nghĩa của Việt-cộng Mậu-thân 1968";"197";"Glendale, Calif";"Ðại Nam";"Null";"400 p.";"Null";"Null"
"http://data.bnf.fr/ark:/12148/cb35473814t";"Vê ̀ R : toàn bộ";"197";"[États-Unis]";"[s.n]";"Null";"557 p.";"Null";"Null"
"http://data.bnf.fr/ark:/12148/cb35476983n";"Nhưñg hàng châu ngọc trong thi ca hiện đại : 1933-1963";"197";"Glendale, Calif";"Ðại Nam";"Null";"217 p.";"Null";"Null"
"http://data.bnf.fr/ark:/12148/cb35476993z";"Tô ́ Tâm : tâm lý tiêủ thuyêt́";"197";"Glendale, Calif";"Ðại Nam";"Null";"XIV-105-IX p.";"Null";"Null"
"http://data.bnf.fr/ark:/12148/cb35478112d";"Nhà cách mạng Tạ Thu Thâu : 1906-1945";"197";"[États-Unis ?]";"[s.n.]";"Null";"524 p.";"http://data.bnf.fr/ark:/12148/cb123494916";"Null"
"http://data.bnf.fr/ark:/12148/cb35483046f";"Tranh tượng vê ̀ Hô ̀ Chủ tịch";"197";"Hà nội";"Tiêń bộ";"Null";"(40 p., non paginé)";"Null";"Null"
"http://data.bnf.fr/ark:/12148/cb355006206";"Tuâń, chàng trai nươć Việt : chưńg tích thơì đại tư ̀ 1900 đêń 1970";"197";"Ar., Fort Smith";"Sôńg mơí";"Null";"2 vol. (602, 519 p.)";"Null";"Null"
"http://data.bnf.fr/ark:/12148/cb35502126c";"Việt Nam văn học sư ̉ : giản ươć tân biên";"197";"Glendale, Calif";"Ðại Nam";"Null";"3 vol. (265, 480, 661 p.)";"http://data.bnf.fr/ark:/12148/cb11960177z";"Null"
"http://data.bnf.fr/ark:/12148/cb35502152x";"Văn đàn bảo giám";"197";"Los Alamitos, Calif.";"Xuân Thu";"Null";"4 vol.";"http://data.bnf.fr/ark:/12148/cb12245664q";"Null"
"http://data.bnf.fr/ark:/12148/cb35502527t";"Khuynh-hươńg thi ca tiêǹ chiêń : biêń cô ́ văn học thê ́ hệ 1932-1945";"197";"Los Alamitos, Calif.";"Xuân Thu";"Null";"573 p.";"http://data.bnf.fr/ark:/12148/cb11975721d";"Null"
"http://data.bnf.fr/ark:/12148/cb355025196";"Thi ca bình dân Việt Nam : toà lâu đài văn hoá dân tộc";"197";"Los Alamitos, Calif.";"Xuân Thu";"Null";"4 vol. (628, 587, 552, 607 p.)";"http://data.bnf.fr/ark:/12148/cb11975721d";"Null"
"http://data.bnf.fr/ark:/12148/cb355034551";"Tìm vê ̀dân-tộc";"197";"[Etats-Unis ?]";"[s.n.]";"Null";"138 p.";"Null";"Null"
"http://data.bnf.fr/ark:/12148/cb35503406t";"Ba năm xáo trộn";"197";"[Etats-Unis ?]";"[s.n.]";"Null";"160 p.";"Null";"Null"
"http://data.bnf.fr/ark:/12148/cb355034509";"Tôn-giáo và dân-tộc";"197";"[Etats-Unis ?]";"[s.n.]";"Null";"123 p.";"Null";"Null"
"http://data.bnf.fr/ark:/12148/cb35503484m";"Kinh hùng khải triêt́";"197";"Sunnyvalle, Calif.";"H.T. Kelton";"Null";"240 p.";"Null";"Null"
"http://data.bnf.fr/ark:/12148/cb35504520w";"Tôi giêt́ Nguyêñ Bình : hôì ký của Tham mưu trươn̉g Trung đoàn 25 Bình Xuyên";"197";"[Etats-Unis ?]";"[s.n.]";"Null";"255 p.";"Null";"Null"
"http://data.bnf.fr/ark:/12148/cb35505043d";"Hương săć trong vươǹ văn";"197";"Houston, Tex.";"Xuân Thu";"Null";"425 p.";"Null";"Null"
"http://data.bnf.fr/ark:/12148/cb355051054";"Tuyên̉ tập : tác phâm̉ và con ngươì Lô ̃ Tâń";"197";"Los Alamitos, Calif.";"Xuân Thu";"Null";"320 p.";"Null";"Null"
"http://data.bnf.fr/ark:/12148/cb35505582p";"Hàn Mạc Tư ̉ : 1912-1940";"197";"Los Alamitos, Calif.";"Xuân Thu";"Null";"207 p.";"Null";"Null"
"http://data.bnf.fr/ark:/12148/cb35512590s";"The Anglo-Saxon minor poems";"197";"New York. - London";"Columbia university press. - Routlege and K. Paul";"Null";"CXLV-220 p.";"http://data.bnf.fr/ark:/12148/cb11931811k";"Null"
"http://data.bnf.fr/ark:/12148/cb35513498h";"The Junius manuscript";"197";"New York. - London";"Columbia university press. - Routledge and K. Paul";"Null";"LVIII-247 p.";"Null";"Null"
"http://data.bnf.fr/ark:/12148/cb35513492f";"The Vercelli book";"197";"New York";"Columbia university press";"Null";"XCIV-152 p.";"http://data.bnf.fr/ark:/12148/cb11976232x";"Null"
"http://data.bnf.fr/ark:/12148/cb35519208m";"Bảy Viêñ : một đơì ngang dọc";"197";"Barntrup";"Nguôǹ Việt";"Null";"500 p.-[1] portr.";"Null";"Null"
"http://data.bnf.fr/ark:/12148/cb35521180b";"Liệt Tư ̉ và Dương Tư ̉";"197";"Houston, Tex.";"Lá bôí";"Null";"288 p.";"Null";"Null"
"http://data.bnf.fr/ark:/12148/cb35521225g";"A ̉ Q chính truyện";"197";"Los Alamitos, Calif.";"Xuân Thu";"Null";"193 p.-[1] portr.";"Null";"Null"
"http://data.bnf.fr/ark:/12148/cb355211972";"Ðạo Phật hiện đại hóa";"197";"San José, Calif.";"Lá bôí";"Null";"254 p.";"Null";"Null"
"http://data.bnf.fr/ark:/12148/cb35521264c";"Ðông kinh nghiã thục : phong trào Duy Tân đâù tiên ơ ̉ Việt Nam";"197";"[Etat-Unis ?]";"Lá bôí";"Null";"178 p.-[1] portr.";"Null";"Null"
"http://data.bnf.fr/ark:/12148/cb35521151r";"Ngươì Việt gôć Miên";"197";"[Etats-Unis ?]";"[s. n. ]";"Null";"272 p.";"http://data.bnf.fr/ark:/12148/cb123566034";"Null"
"http://data.bnf.fr/ark:/12148/cb35521494v";"Caí chêt́ Ðô ̃ Thọ : tuỳ viên một Tôn̉g Thôńg bị giêt́";"197";"[Etat-Unis ?]";"[s.n.]";"Null";"119 p.";"Null";"Null"
"http://data.bnf.fr/ark:/12148/cb355216305";"Làm thê ́ nào đê ̉ bán một Tôn̉g Thôńg ?";"197";"[Etat-Unis ?]";"[s.n.]";"Null";"253 p.";"Null";"Null"
"http://data.bnf.fr/ark:/12148/cb355213879";"Thiêǹ học Trâǹ Thái Tông";"197";"Bonn";"Kỷ nguyên";"Null";"430 p.";"Null";"Null"
"http://data.bnf.fr/ark:/12148/cb35524897q";"Nêṕ cũ : con ngươì Việt-Nam";"197";"Glendale, Calif.";"Ðại Nam";"Null";"422 p.";"Null";"Null"
"http://data.bnf.fr/ark:/12148/cb355274186";"Hoa-Việt tân tư ̀-điên̉ : thông dụng";"197";"Glendale, Calif.";"Ðại Nam";"Null";"1281 p.";"Null";"Null"
"http://data.bnf.fr/ark:/12148/cb35527531p";"Ðiên̉ hay tích lạ";"197";"[Etats-Unis ?]";"[s.n.]";"Null";"466 p.";"Null";"Null"
"http://data.bnf.fr/ark:/12148/cb35527173h";"Chiêń quôć sách";"197";"Houston, Tex.";"Xuân Thu";"Null";"727 p.";"Null";"Null"
"http://data.bnf.fr/ark:/12148/cb35527096w";"Cươì : nguyên-nhân và thực-chât́";"197";"[États-Unis ?]";"[s.n]";"Null";"374 p.";"Null";"Null"
"http://data.bnf.fr/ark:/12148/cb35528073g";"Ðôǹg băǹg sông Cưủ Long : hay là Văn minh miệt vươǹ";"197";"Houston";"Xuân Thu";"Null";"219 p.";"http://data.bnf.fr/ark:/12148/cb12325223s";"Null"
"http://data.bnf.fr/ark:/12148/cb35528043j";"Chủ-nghĩa thực-dân Pháp ơ ̉ Việt-Nam : thực chât́ và huyêǹ thoại";"197";"[Etats-Unis ?]";"[s.n.]";"Null";"97 p.";"Null";"Null"
"http://data.bnf.fr/ark:/12148/cb355292420";"Tự-điên̉ Việt-Nam";"197";"[Etats-Unis ?]";"[s.n.]";"Null";"1865-376-273 p.";"http://data.bnf.fr/ark:/12148/cb11933788c";"Null"
"http://data.bnf.fr/ark:/12148/cb355299469";"Giám mục Lê Hưũ Tư ̀ và Phát Diệm : 1945-1954";"197";"[Etats-Unis ?]";"[s.n.]";"Null";"291 p.-[17] p. de pl.";"Null";"Null"
"http://data.bnf.fr/ark:/12148/cb35530213f";"Phong-tục miêǹ Nam qua mâý vâǹ ca-dao";"197";"Glendale, Calif";"Ðại Nam";"Null";"86 p.";"http://data.bnf.fr/ark:/12148/cb12341602c";"Null"
"http://data.bnf.fr/ark:/12148/cb355300503";"Bách khoa danh ngôn tư ̀ điên̉";"197";"Glendale, Calif";"Ðại Nam";"Null";"511 p.";"Null";"Null"
"http://data.bnf.fr/ark:/12148/cb35531463s";"Bên giòng lịch sư ̉ : 1940-1965";"197";"Glendale, Calif";"Ðại Nam";"Null";"455 p.";"Null";"Null"
"http://data.bnf.fr/ark:/12148/cb35533548n";"Lòng quê";"197";"[Etats-Unis ?]";"[s.n.]";"Null";"242 p.-[40] p. de pl.";"Null";"Null"
"http://data.bnf.fr/ark:/12148/cb35533872b";"Ngươì Mỹ xâú xí";"197";"Houston, Tex.";"Xuân Thu";"Null";"151 p.";"Null";"Null"
"http://data.bnf.fr/ark:/12148/cb35533785d";"Chủ đích Nam Phong";"197";"Los Alamitos, Calif";"Xuân Thu";"Null";"231 p.";"http://data.bnf.fr/ark:/12148/cb11975721d";"Null"
"http://data.bnf.fr/ark:/12148/cb355351648";"Nhật-ký... : tuỳ viên một Tôn̉g Thôńg bị giêt́";"197";"[Etats-Unis ?]";"[s.n.]";"Null";"306 p.";"http://data.bnf.fr/ark:/12148/cb11976851v";"Null"
"http://data.bnf.fr/ark:/12148/cb35537495v";"Lương Ngọc Quyêń : và cuộc khơỉ-nghĩa Thái-Nguyên 1917";"197";"[Etats-Unis]";"[s.n.]";"Null";"102 p.";"Null";"Null"
"http://data.bnf.fr/ark:/12148/cb355394522";"Tự điên̉ danh nhân thê ́ giơí câǹ biêt́";"197";"Glendale, Calif";"Ðại Nam";"Null";"533 p.";"http://data.bnf.fr/ark:/12148/cb11964543q";"Null"
"http://data.bnf.fr/ark:/12148/cb35539519h";"C.I.A. : cơ quan tình báo trung ương Hoa kỳ";"197";"Los Alamitos, Calif.";"Xuân Thu";"Null";"311 p.";"Null";"Null"
"http://data.bnf.fr/ark:/12148/cb355400493";"3 ngày cuôí cùng tại Bộ tư lệnh tươńg Vũ Văn Giai : cuộc di tản khỏi Quảng trị ngày 1-5-72...";"197";"[Etats-Unis ?]";"[s.n.]";"Null";"66 p.";"Null";"Null"
"http://data.bnf.fr/ark:/12148/cb355512342";"Tôi làm quân sư cho Tôn̉g thôńg Ngô Ðình Diệm : hôì ký";"197";"[Etats-Unis]";"[s.n.]";"Null";"280 p.-[2] f. de pl.";"http://data.bnf.fr/ark:/12148/cb17072419k";"Null"
"http://data.bnf.fr/ark:/12148/cb35551217g";"Ngươì Việt có dân tộc tính không";"197";"Houston, Tex.";"Xuân Thu";"Null";"110 p.";"Null";"Null"
"http://data.bnf.fr/ark:/12148/cb355529823";"Az én falum";"197";"Null";"Unikornis kiadó";"Null";"232 p.";"Null";"Null"
"http://data.bnf.fr/ark:/12148/cb355533533";"Ðạo Phật ngày nay";"197";"San José, Calif.";"Lá bôí";"Null";"122 p.";"Null";"Null"
"http://data.bnf.fr/ark:/12148/cb35577831j";"Studies in social psychology in World War II";"197";"Gloucester (Mass.)";"P.  Smith";"Null";"1 vol. (X-756 p.)";"http://data.bnf.fr/ark:/12148/cb11976044c";"Null"
"http://data.bnf.fr/ark:/12148/cb35578783r";"Thâm̉ mỹ học : thông khảo";"197";"Glendale, Calif.";"Ðại Nam";"Null";"336 p.";"http://data.bnf.fr/ark:/12148/cb119347607";"Null"
"http://data.bnf.fr/ark:/12148/cb35585703r";"Il giornalismo medico genovese nell'Ottocento";"197";"Savona";"Liguria";"Null";"64 p.";"http://data.bnf.fr/ark:/12148/cb119321456";"Null"
"http://data.bnf.fr/ark:/12148/cb356135441";"Việt Nam thi nhân tiêǹ chiêń";"197";"Los Alamitos, Calif.";"Xuân Thu";"Null";"3 vol.";"http://data.bnf.fr/ark:/12148/cb11935764v";"Null"
"http://data.bnf.fr/ark:/12148/cb356135085";"Lược sư ̉ văn nghệ Việt Nam : nhà văn tiêǹ chiêń";"197";"[Etats-Unis]";"[s.n]";"Null";"475 p.";"http://data.bnf.fr/ark:/12148/cb123496207";"Null"
"http://data.bnf.fr/ark:/12148/cb35614536n";"Việt-Nam văn học toàn thư : tư ̀ nguyên thủy đêń hiện đại";"197";"Houston, Tex.";"Xuân Thu";"Null";"2 vol. (236, 444 p.)";"http://data.bnf.fr/ark:/12148/cb11960177z";"Null"
"http://data.bnf.fr/ark:/12148/cb35613973q";"Nhưñg khuynh-hươńg trong thi-ca Việt-Nam : 1932-1962";"197";"[Etats-Unis]";"[s.n.]";"Null";"295 p.";"http://data.bnf.fr/ark:/12148/cb11975721d";"Null"
"http://data.bnf.fr/ark:/12148/cb35614530k";"Văn-học Việt-Nam : văn học sư ̉, giảng văn";"197";"Los Alamitos, Calif.";"Xuân Thu";"Null";"2 vol. (784 p.)";"http://data.bnf.fr/ark:/12148/cb11960177z";"Null"
"http://data.bnf.fr/ark:/12148/cb35614002z";"Chân dung Hô ̀ Biêủ Chánh";"197";"Los Alamitos, Calif";"Xuân Thu";"Null";"338 p.";"http://data.bnf.fr/ark:/12148/cb12042895g";"Null"
"http://data.bnf.fr/ark:/12148/cb35613859w";"1945 : lạc đươǹg vào lịch sư ̉";"197";"[Etats-Unis]";"[s.n.]";"Null";"294 p.";"http://data.bnf.fr/ark:/12148/cb11940505s";"Null"
"http://data.bnf.fr/ark:/12148/cb35613840g";"Việt-Nam thơì Pháp đô-hộ";"197";"Houston, Tex.";"Xuân Thu";"Null";"391 p.";"http://data.bnf.fr/ark:/12148/cb119512251";"Null"
"http://data.bnf.fr/ark:/12148/cb35615057g";"Việt kiêù ơ ̉ Kampuchea";"197";"Los Alamitos, Calif";"Xuân Thu";"Null";"256 p.";"http://data.bnf.fr/ark:/12148/cb11933789q";"Null"
"http://data.bnf.fr/ark:/12148/cb35614752f";"Lịch sư ̉ nội chiêń ơ ̉ Việt-Nam : tư ̀ 1771 đêń 1802";"197";"Los Alamitos, Calif.";"Xuân Thu";"Null";"413 p.";"http://data.bnf.fr/ark:/12148/cb12091934b";"Null"
"http://data.bnf.fr/ark:/12148/cb35615947n";"Hoà bình... nghĩ gì, làm gì ?";"197";"Houston, Tex.";"Xuân Thu";"Null";"529 p.";"http://data.bnf.fr/ark:/12148/cb119756632";"Null"
"http://data.bnf.fr/ark:/12148/cb35648093p";"Nhà cách mạng Nguyêñ-An-Ninh : 1899-1943";"197";"[États-Unis]";"[s.n.]";"Null";"259 p.";"http://data.bnf.fr/ark:/12148/cb119512251";"Null"
"http://data.bnf.fr/ark:/12148/cb35680457t";"Thi ca Việt-Nam hiện-đại : 1880-1965";"197";"Fort Smith, Ar.";"Sôńg mơí";"Null";"2 vol. (1170 p.)";"http://data.bnf.fr/ark:/12148/cb11935764v";"Null"
"http://data.bnf.fr/ark:/12148/cb357789244";"Proverbi di casa nostra : liberi, imparziali, spregiudicati ...";"197";"Venezia";"Filippi";"Null";"79 p.";"http://data.bnf.fr/ark:/12148/cb16517529v";"Null"
"http://data.bnf.fr/ark:/12148/cb358722169";"Norsk grafikk til 1970 : Kobberstikk- og handtegningsamlingens kataloger";"197";"Oslo";"Nasjonalgalleriet";"Null";"141 p.";"Null";"Null"
"http://data.bnf.fr/ark:/12148/cb362000387";"Real e realidade I";"197";"Porto";"Ed. Inova";"Null";"254 p.";"http://data.bnf.fr/ark:/12148/cb119579482";"Null"
"http://data.bnf.fr/ark:/12148/cb36199335w";"Dictionnaire de synonymes et contraires";"197";"Paris";"le Grand livre du mois";"Null";"XIV-768 p.";"http://data.bnf.fr/ark:/12148/cb11931877h";"Null"
"http://data.bnf.fr/ark:/12148/cb36202493z";"Filosofía, ideología y utopia";"197";"Burgos";"Facultad de filosofía del norte de España";"Null";"46 p.";"http://data.bnf.fr/ark:/12148/cb11933106j";"Null"
"http://data.bnf.fr/ark:/12148/cb36594413b";"The speculum devotorum of an anonymous carthusian of Sheen : ed. from the manuscripts Cambridge university library Gg. 1.6 and Foyle, with an introd. and a glossary";"197";"Salzburg";"Institut für englische Sprache und Literatur, Universität Salzburg";"Null";"Null";"Null";"Null"
"http://data.bnf.fr/ark:/12148/cb36629546h";"El Desarrollo de la conciencia proletaria en Chile : el ciclo salitrero";"197";"Santiago de Chile. - Antofagasta";"Orbe. - Universidad del Norte";"Null";"211 p.-[5] f. de pl.";"http://data.bnf.fr/ark:/12148/cb11965815j";"Null"
"http://data.bnf.fr/ark:/12148/cb36635750j";"La Reforma universitaria : [1918-1930]";"197";"Caracas";"Fundación Biblioteca Ayacucho";"Null";"XXIII-312 p.";"http://data.bnf.fr/ark:/12148/cb119522676";"Null"
"http://data.bnf.fr/ark:/12148/cb36645229j";"Inquisição : inventários de bens confiscados a cristãos novos";"197";"[Lisboa]";"Impr. nacional-Casa da moeda";"Null";"286 p.";"http://data.bnf.fr/ark:/12148/cb126526119";"Null"
"http://data.bnf.fr/ark:/12148/cb36659786x";"Trại Ðâm̀ Ðùn : giải thươn̉g văn học nghệ thuật 1969 vê ̀ bộ môn văn";"197";"Glendale, Calif";"Ðại Nam";"Null";"493 p.";"http://data.bnf.fr/ark:/12148/cb133187752";"Null"
"http://data.bnf.fr/ark:/12148/cb36667898x";"Prensa navarra, siglos XVIII y XIX";"197";"Pamplona";"Diputación foral de Navarra, Dirección de turismo, bibliotecas y cultura popular";"Null";"30 p.-pl.";"http://data.bnf.fr/ark:/12148/cb119312786";"Null"
