id;title;date;place;publisher;firstyear;description;subject;gallica
"http://data.bnf.fr/ark:/12148/cb338099553";"Ordonnance portant que tous dons sur le domaine seront remis et exploitez au profit du Roy";"1318";"(S. l. n. d.)";"Null";"1318";"In-4°, 3 p.";"Null";"Null"
"http://data.bnf.fr/ark:/12148/cb33809956f";"Ordonnance portant que les commissaires rendront compte des deniers par eux levez pour le profit du Roy et que lesdits deniers seront remis incessamment ès mains des trésoriers de Paris";"1318";"(S. l. n. d.)";"Null";"1318";"In-4°, 2 p.";"Null";"Null"
"http://data.bnf.fr/ark:/12148/cb33809954r";"Ordonnance touchant les comptes des baillis et séneschaux et le payement des fiefs et aumosnes, des gages, etc.";"1318";"(S. l. n. d.)";"Null";"1318";"In-4°, 3 p.";"Null";"Null"
"http://data.bnf.fr/ark:/12148/cb33809953d";"Fundatio regis Philippi V in Sancta Capella";"1318";"(S. l. n. d.)";"Null";"1318";"In-fol., 12 p.";"Null";"Null"
"http://data.bnf.fr/ark:/12148/cb338099522";"Fundatio capellaniae S. Joannis evangelistae in Sancta Capella parisiensi";"1318";"(S. l. n. d.)";"Null";"1318";"In-fol., 2 p.";"Null";"Null"
"http://data.bnf.fr/ark:/12148/cb33809957s";"Ordonnance pour le gouvernement de l'Hostel du Roy et pour le bien du royaume";"1318";"(S. l. n. d.)";"Null";"1318";"In-4°, 10 p.";"Null";"Null"