id;title;date;place;publisher;firstyear;description;subject;gallica
"http://data.bnf.fr/ark:/12148/cb36993954r";"Dessein des Balets qui doivent se danser entre les actes de la tragedie d'Antigone";"16";"Null";"Null";"Null";"4 p.";"Null";"Null"
"http://data.bnf.fr/ark:/12148/cb369939495";"Zimam martyrem Japonensem";"16";"Null";"Null";"Null";"Null";"Null";"Null""http://data.bnf.fr/ark:/12148/cb377035986";"[ Disputatio de motu et situ terrae]";"16";"Null";"Null";"Null";"A-G4, H2";"Null";"Null"
"http://data.bnf.fr/ark:/12148/cb38756007k";"Il Solimano, tragedia del Co. Prospero Bonarelli... con due lettere discorsive al Sr. Antonio Bruni";"16";"(S. l. n. d.)";"Null";"Null";"[6]-138 p. ; [6] f. de pl. gr. s. c. (dont titre front.)";"Null";"Null"
"http://data.bnf.fr/ark:/12148/cb38768183n";"Idée des spectacles anciens et nouveaux...";"16";"Paris";"M. Brunet";"Null";"[6]-318-[10] p.";"Null";"Null"
"http://data.bnf.fr/ark:/12148/cb38799908z";"Elsass theilet sich : 1. In das Obere, worinnen Colmar, Türckheim, Kayserberg, Münster in Gregorien Thal, Murpach, Luders und Rapolstein ligen. Und 2. In das Niedere, worinnen Strassburg, Elsass Zabern, Hagenau, Schlettstadt, Obernheim, Rossheim, Weissenburg, Landau, Lüzelstein und Fort-Louys ligen";"16";"[S. l.]";"[s. n.]";"Null";"1 flle : 6 x 7 cm, sur flle 16 x 9 cm";"Null";"http://gallica.bnf.fr/ark:/12148/btv1b10234259c"
"http://data.bnf.fr/ark:/12148/cb33285290b";"Catalogue des livres de Louys de Villac, Marchand Libraire...";"16";"[Paris]";"[s. n.]";"Null";"[2 bl.-] 106 p., sig. [ ] A-Z⁽2 Aa-Ee⁽2 F⁽1 ; 4°, 22 cm";"Null";"Null"
"http://data.bnf.fr/ark:/12148/cb33297414g";"La chastelaine du Vergier : livre d'amours du chevalier et de la dame chastellaine du vergier, comprenant l'estat de leur amour et comment elle fut continuee jusque à la mort";"16";"On les vend à Paris";"en la rue neufve Nostre dame à l'enseigne Sainct Jehan Baptiste près Saincte Geneviève des Ardans";"Null";"38 p.";"Null";"http://gallica.bnf.fr/ark:/12148/bpt6k706618"
"http://data.bnf.fr/ark:/12148/cb33328914t";"[Costumes grotesques dessinés et gravés d'après les originaux de Nicolas de Larmessin.]";"16";"[S. l. ?]";"Null";"Null";"41 pl. : in-fol.";"Null";"Null"
"http://data.bnf.fr/ark:/12148/cb33552647g";"A proclamation for reformation, published and commanded (to be observed as a law) by the high and mighty Philip the Fourth, King of Spaine & for the governement of his kingdomes";"16";"London";"Null";"Null";"In-4°";"Null";"Null"
"http://data.bnf.fr/ark:/12148/cb33603367n";"A sight of the transactions of these latter yeares,... (collected by John Vicars)";"16";"London";"Null";"Null";"In-4°. Pièce";"Null";"Null"
"http://data.bnf.fr/ark:/12148/cb339928106";"Ecclesiasticae Historiae a Constantino M. Ariique initiis ad sua usque tempora Libri XII, a Photio,... in Epitomen contracti...";"16";"Genevae";"Null";"Null";"In-4°";"Null";"Null"
"http://data.bnf.fr/ark:/12148/cb34000760q";"Ecclesiasticae Historiae a Constantino M. Ariique initiis ad sua usque tempora libri XII... in Epitomen contracti...";"16";"Genevae";"Null";"Null";"In-4°";"Null";"Null"
"http://data.bnf.fr/ark:/12148/cb34000741f";"Philostorgii Cappadocensis... Ecclesiasticae Historiae a Constantino M. Ariique initiis ad sua usque tempora Libri XII a Photio, patriarcha Constantinopolitano... in Epitomen contracti. Nunc primum editi a Jacobo Gothofredo, una cum versione, supplementis non, nullis, indiceque accurato et prolixioribus dissertationibus";"16";"Genevae";"sumptibus J. Chouet";"Null";"In-4°";"Null";"Null"
"http://data.bnf.fr/ark:/12148/cb36113263r";"Discours sur l'excellence du vin fait par un bon beuveur de ce temps";"16";"Null";"Null";"Null";"12 p.";"Null";"http://gallica.bnf.fr/ark:/12148/bpt6k10251189"
