id;title;date;place;publisher;firstyear;description;subject;gallica
"http://data.bnf.fr/ark:/12148/cb37059482t";"Circalor : [document publicitaire]";"193";"Paris";"PRSM";"Null";"[6] p.";"http://data.bnf.fr/ark:/12148/cb119759407";"Null"
"http://data.bnf.fr/ark:/12148/cb37063344r";"XVII nci asır sazşairlerinden Kuloğlu";"193";"[İstanbul]";"Semih Lûtfi Sühulet kütüphanesi";"Null";"60 p.";"Null";"Null"
"http://data.bnf.fr/ark:/12148/cb371148137";"Les contes de la phosphatine Falières";"193";"Asnières";"Phosphatine Falières";"Null";"Pl. ill.";"http://data.bnf.fr/ark:/12148/cb12462426n";"Null"
"http://data.bnf.fr/ark:/12148/cb37126409k";"Histoire d'Oran";"193";"Oran";"L. Petit";"Null";"Null";"Null";"Null"
"http://data.bnf.fr/ark:/12148/cb37459512m";"Chrysomelidae";"193";"'s Gravenhage";"W. Junk";"Null";"326 p.";"http://data.bnf.fr/ark:/12148/cb12294175s";"Null"
"http://data.bnf.fr/ark:/12148/cb37493430n";"Works of Kālidāsa volume II";"193";"Delhi";"Motilal Banarsidass";"Null";"Pagination multiple [1138] p.";"Null";"Null"
"http://data.bnf.fr/ark:/12148/cb37538297h";"Histoire de la littérature anglaise Tome quatrième";"193";"Paris";"Librairie Hachette";"Null";"456 p.";"http://data.bnf.fr/ark:/12148/cb120780793";"Null"
"http://data.bnf.fr/ark:/12148/cb37538301x";"Histoire de la littérature anglaise Tome cinquième et complémentaire";"193";"Paris";"Librairie Hachette";"Null";"446 p.";"http://data.bnf.fr/ark:/12148/cb11975721d";"Null""http://data.bnf.fr/ark:/12148/cb37748281p";"Notre sixième sens";"193";"Paris";"Ed. Montaigne";"Null";"253 p.";"http://data.bnf.fr/ark:/12148/cb119330695";"Null"
"http://data.bnf.fr/ark:/12148/cb37952403j";"Picador : paso-doble";"193";"Paris";"Les Nouvelles Galeries";"Null";"1 disque : 78 t, aig. ; 25 cm";"Null";"Null"
"http://data.bnf.fr/ark:/12148/cb38773342m";"Rituel du premier degré symbolique de la Franc-Maçonnerie Ecoss.";"193";"Paris";"Grande Loge de France";"Null";"38 p.";"Null";"Null"
"http://data.bnf.fr/ark:/12148/cb38773345n";"Rituels des cérémonies maçonniques";"193";"Paris";"Grande Loge de France";"Null";"66 p.";"Null";"Null"
"http://data.bnf.fr/ark:/12148/cb39688933p";"Orgelpartita Nun komm der Heiden Heiland : Veni, redemptor gentium";"193";"Kassel. - Basel";"Bärenreiter";"Null";"25 p. : 24 x 32 cm";"http://data.bnf.fr/ark:/12148/cb125239854";"Null"
"http://data.bnf.fr/ark:/12148/cb396889341";"Orgelpartita Wachet auf, ruft uns die Stimme : Toccata, Bicinium und Fuge";"193";"Kassel. - Basel";"Bärenreiter";"Null";"19 p. : 24 x 32 cm";"http://data.bnf.fr/ark:/12148/cb13319434w";"Null"
"http://data.bnf.fr/ark:/12148/cb396920271";"Sonate : op. 28";"193";"Leipzig";"Breitkopf & Härtel";"Null";"27 p. : couv. orn.  ; 33 cm";"http://data.bnf.fr/ark:/12148/cb122893442";"Null"
"http://data.bnf.fr/ark:/12148/cb39713511s";"Motets et chants : chorals, motets anciens, plain-chants musicaux du XVIIe siècle";"193";"Paris";"Ed. musicales de la Schola Cantorum";"Null";"39 p. : 28 cm";"http://data.bnf.fr/ark:/12148/cb14623865p";"Null"
"http://data.bnf.fr/ark:/12148/cb39714054x";"M. Alexandre Benois";"193";"Null";"Null";"Null";"1 photogr. pos. : 20 x 12,5 cm";"http://data.bnf.fr/ark:/12148/cb11932843f";"Null"
"http://data.bnf.fr/ark:/12148/cb397138975";"Alexandre Benois";"193";"Null";"Null";"Null";"1 photogr. pos. : 14,5 x 10,2 cm";"http://data.bnf.fr/ark:/12148/cb11932843f";"Null"
"http://data.bnf.fr/ark:/12148/cb39714595w";"Messe et vêpres de la Sainte Vierge : pièces pour orgue ou harmonium";"193";"Paris";"Procure du clergé, musique sacrée";"Null";"31 p. : 25 x 30 cm";"http://data.bnf.fr/ark:/12148/cb11975995h";"Null"
"http://data.bnf.fr/ark:/12148/cb39714591h";"Petit livre d'orgue en style ancien : Noëls et pièces diverses";"193";"Paris. - Saint-Leu-la-Forêt";"Null";"Null";"31 p. : 27 cm";"http://data.bnf.fr/ark:/12148/cb13319434w";"Null"
"http://data.bnf.fr/ark:/12148/cb39749670n";"Streichquartett B dur : op. 133";"193";"Wien";"Wiener philharmonischer Verlag";"Null";"1 partition (31 p.) : ill. ; 19 cm";"http://data.bnf.fr/ark:/12148/cb119329384";"Null"
"http://data.bnf.fr/ark:/12148/cb397496710";"Streichquartett F dur : op. 135";"193";"Wien";"Wiener philharmonischer Verlag";"Null";"1 partition (28 p.) : ill. ; 19 cm";"http://data.bnf.fr/ark:/12148/cb11975999w";"Null"
"http://data.bnf.fr/ark:/12148/cb39752269v";"Han ! coolie !";"193";"Paris";"Édition Publirime";"Null";"[2] p. : couv. ill.  ; 28 cm";"http://data.bnf.fr/ark:/12148/cb11975995h";"Null"
"http://data.bnf.fr/ark:/12148/cb39752280c";"Hymne des pacifistes : chant d'espérance humaine";"193";"Paris";"Éd. de la Bonne mélodie";"Null";"[3] p. : 28 cm";"http://data.bnf.fr/ark:/12148/cb11975995h";"Null"
"http://data.bnf.fr/ark:/12148/cb397522675";"Tous à la guerre !";"193";"Paris";"Éditions Publirime";"Null";"[2] p. : couv. ill. ; 28 cm";"http://data.bnf.fr/ark:/12148/cb11975995h";"Null"
"http://data.bnf.fr/ark:/12148/cb39752268h";"Secours à nos combattants !";"193";"Paris";"Éditions de la Défense";"Null";"[2] p. : couv. ill.  ; 28 cm";"http://data.bnf.fr/ark:/12148/cb120097267";"Null"
"http://data.bnf.fr/ark:/12148/cb39753324d";"Streichquartett Cis moll : op. 131";"193";"Wien";"Wiener philharmonischer Verlag";"Null";"1 partition (52 p.) : 19 cm";"http://data.bnf.fr/ark:/12148/cb119329384";"Null"
"http://data.bnf.fr/ark:/12148/cb397533232";"Streichquartett A moll : op. 132";"193";"Wien";"Wiener philharmonischer Verlag";"Null";"1 partition (45 p.) : portr. ; 19 cm";"http://data.bnf.fr/ark:/12148/cb11975999w";"Null"
"http://data.bnf.fr/ark:/12148/cb397525419";"Parcs de stationnement : chansonnette-scie d'actualité";"193";"[S.l.]";"[s.n.]";"Null";"[2] p. : ill.  ; 27 cm";"http://data.bnf.fr/ark:/12148/cb11975995h";"Null"
"http://data.bnf.fr/ark:/12148/cb39753000k";"Chants religieux pour les petits";"193";"Grenoble. - Aix-en-Provence";"Librairie Saint-Grégoire. - M. l'abbé Desthieux";"Null";"50 f. : couv. orn. ; 11 x 15 cm";"http://data.bnf.fr/ark:/12148/cb11975995h";"Null"
"http://data.bnf.fr/ark:/12148/cb39752920f";"Quatre-vingts solfèges mélodiques : sans accompagnement";"193";"Paris";"La sirène musicale";"Null";"62 p. : 24 cm";"http://data.bnf.fr/ark:/12148/cb11960516v";"Null"
"http://data.bnf.fr/ark:/12148/cb39753325r";"Streichquartett B dur : op. 130";"193";"Wien";"Wiener philharmonischer Verlag";"Null";"1 partition (51 p.) : 19 cm";"http://data.bnf.fr/ark:/12148/cb11975999w";"Null"
"http://data.bnf.fr/ark:/12148/cb397533263";"Streichquartett Es dur : op. 127";"193";"Wien";"Wiener philharmonischer Verlag";"Null";"1 partition (48 p.) : portr. ; 19 cm";"http://data.bnf.fr/ark:/12148/cb119329384";"Null"
"http://data.bnf.fr/ark:/12148/cb39752824j";"Messes chantées par les fidèles";"193";"Lyon. - Paris";"Librairie catholique Emmanuel Vitte";"Null";"24-4 p. : 18 cm";"http://data.bnf.fr/ark:/12148/cb11975995h";"Null"
"http://data.bnf.fr/ark:/12148/cb397608248";"Jubilate Deo : offertoire pour grand orgue";"193";"Paris";"Éd. musicales de la Schola cantorum";"Null";"4 p. : 27 x 35 cm";"http://data.bnf.fr/ark:/12148/cb13319434w";"Null"
"http://data.bnf.fr/ark:/12148/cb397632966";"Manuscrits - Elèves";"193";"Null";"Null";"Null";"1 carnet, 81 f. : 22 x 13,5 cm";"http://data.bnf.fr/ark:/12148/cb13318572g";"Null"
"http://data.bnf.fr/ark:/12148/cb397643287";"Lacrymosa : étude pour un requiem (K. supplt. n°  21)";"193";"Paris";"Éd. musicales de la Schola Cantorum";"Null";"1 partition (3 p.) : 32 cm";"http://data.bnf.fr/ark:/12148/cb119329384";"Null"
"http://data.bnf.fr/ark:/12148/cb39768780d";"Dans sa candeur naïve : comédie en 3 actes";"193";"Paris";"Paris-Théâtre";"Null";"94 p.";"Null";"Null"
"http://data.bnf.fr/ark:/12148/cb39772120n";"Appareillage électrique spécial pour théâtre...";"193";"Paris";"Clémançon";"Null";"24 p.";"Null";"Null"
"http://data.bnf.fr/ark:/12148/cb39772264j";"Mieux vaut en rire... ! : recueil de dessins humoristiques";"193";"Paris";"Ed. Arts et métiers graphiques";"Null";"78 p.";"Null";"Null"
"http://data.bnf.fr/ark:/12148/cb39773888f";"La Conception libre ou la Procréation consciente";"193";"Saint-Mandé";"Ed. critique et raison";"Null";"124 p.";"Null";"Null"
"http://data.bnf.fr/ark:/12148/cb39775928b";"Catalogue illustré et descriptif";"193";"Paris";"Musée Grévin";"Null";"48 p.";"Null";"Null"
"http://data.bnf.fr/ark:/12148/cb397741444";"Grandes constructions : maisons collectives et particulières, usines, édifices publics et commerciaux, hôtels, etc";"193";"Paris";"C. Moreau";"Null";"2 vol., 50 f. de pl. mobiles + 50 f. de pl. mobiles";"Null";"Null"
"http://data.bnf.fr/ark:/12148/cb397744052";"La Course des rois";"193";"Paris";"Réalités";"Null";"40 p.";"Null";"Null"
"http://data.bnf.fr/ark:/12148/cb397744308";"Les Femmes savantes : comédie";"193";"Paris. - Toulouse";"H. Didier. - Privat";"Null";"138 p.";"Null";"Null"
"http://data.bnf.fr/ark:/12148/cb39774479m";"Le Livre des merveilles : [The Book of wonder]";"193";"Paris";"E. Figuière";"Null";"117 p.";"Null";"Null"
"http://data.bnf.fr/ark:/12148/cb39777912f";"Premières représentations à Paris de Petrolini et sa compagnie";"193";"Paris";"Théâtre de la Potinière";"Null";"N. ch.";"Null";"Null"
"http://data.bnf.fr/ark:/12148/cb39777272c";"Geschlechtskunde auf Grund dreissigjähriger Forschung und Erfahrung bearbeitet";"193";"Stuttgart";"J. Püttmann";"Null";"3 vol., paginations multiples";"Null";"Null"
"http://data.bnf.fr/ark:/12148/cb39778570r";"Greta Garbo";"193";"Paris";"Nouvelle librairie française";"Null";"60 p.";"Null";"Null"
"http://data.bnf.fr/ark:/12148/cb39778013j";"Ettore Petrolini : modestia a parte Gastone Chicchignola";"193";"Bologna";"Cappelli ed.";"Null";"30 p.";"Null";"Null"
"http://data.bnf.fr/ark:/12148/cb39818351v";"Lettre à Maurat du Sous-directeur des Beaux-arts, Paris, 5 février 193.";"193";"Null";"Null";"Null";"Null";"Null";"Null"
"http://data.bnf.fr/ark:/12148/cb40952445m";"Nocturne  // pour flûte et piano";"193";"Null";"Null";"Null";"[4 f.] : 33 x 24 cm";"http://data.bnf.fr/ark:/12148/cb11975995h";"Null"
"http://data.bnf.fr/ark:/12148/cb32458860c";"Jean de Monadey. Le Secret de l'ambassadrice";"193";"Corbeil, impr. Crété. - Paris, Arthème Fayard et Cie, éditeurs";"Null";"Null";"Null";"Null";"Null"
"http://data.bnf.fr/ark:/12148/cb33462657t";"Une femme a osé, roman dramatique inédit, par Line Deberre";"193";"Paris";"J. Ferenczi";"Null";"In-8°";"Null";"Null"
"http://data.bnf.fr/ark:/12148/cb335911063";"Grand malheur, roman sentimental inédit, par Jean Miroir";"193";"Montrouge. - Paris";"Impr. moderne. - J. Ferenczi et fils, éditeurs";"Null";"In-16";"Null";"Null"
"http://data.bnf.fr/ark:/12148/cb33591108s";"L'Ecole des fiancés, roman sentimental inédit, par Gustave Gailhard";"193";"Montrouge. - Paris";"Impr. moderne. - J. Ferenczi et fils, éditeurs";"Null";"In-16";"Null";"Null"
"http://data.bnf.fr/ark:/12148/cb335910958";"L'Heure du bonheur, par Félix Léonnec";"193";"Montrouge. - Paris";"Impr. moderne. - J. Ferenczi et fils, éditeurs";"Null";"In-16";"Null";"Null"
"http://data.bnf.fr/ark:/12148/cb33591113c";"L'Amoureux de mes rêves, roman sentimental inédit, par Claude Marsèle";"193";"Montrouge. - Paris";"Impr. moderne. - J. Ferenczi et fils, éditeurs";"Null";"In-16";"Null";"Null"
"http://data.bnf.fr/ark:/12148/cb33591122b";"Pardon de femme, roman sentimental inédit, par L. Gestelys";"193";"Montrouge. - Paris";"Impr. moderne. - J. Ferenczi et fils, éditeurs";"Null";"In-16";"Null";"Null"
"http://data.bnf.fr/ark:/12148/cb335911032";"Au soir des noces, roman sentimental inédit, par Kit";"193";"Montrouge. - Paris";"Impr. moderne. - J. Ferenczi et fils, éditeurs";"Null";"In-16";"Null";"Null"
"http://data.bnf.fr/ark:/12148/cb335911152";"Le Crime de jadis, roman sentimental inédit, par René Poupon";"193";"Montrouge. - Paris";"Impr. moderne. - J. Ferenczi et fils, éditeurs";"Null";"In-16";"Null";"Null"
"http://data.bnf.fr/ark:/12148/cb33591091w";"L'Enfant de l'autre, par Paul Maraudy";"193";"Montrouge. - Paris";"Impr. moderne. - J. Ferenczi et fils, éditeurs";"Null";"In-16";"Null";"Null"
"http://data.bnf.fr/ark:/12148/cb33591117r";"Pour leur amour, roman sentimental inédit, par Henry de Golen";"193";"Montrouge. - Paris";"Impr. moderne. - J. Ferenczi et fils, éditeurs";"Null";"In-16";"Null";"Null"
"http://data.bnf.fr/ark:/12148/cb33591101c";"Les Yeux de l'amour, roman d'amour inédit, par Claude Marsèle";"193";"Montrouge. - Paris";"Impr. moderne. - J. Ferenczi et fils, éditeurs";"Null";"In-16";"Null";"Null"
"http://data.bnf.fr/ark:/12148/cb335910791";"La Nuit sans étoiles, par Max-André Dazergues";"193";"Montrouge. - Paris";"Impr. moderne. - J. Ferenczi et fils, éditeurs";"Null";"In-16";"Null";"Null"
"http://data.bnf.fr/ark:/12148/cb33591123p";"Pris en flagrant délit, roman sentimental inédit, par Auguste Mario";"193";"Montrouge. - Paris";"Impr. moderne. - J. Ferenczi et fils, éditeurs";"Null";"In-16";"Null";"Null"
"http://data.bnf.fr/ark:/12148/cb335910989";"L'Eclipse d'un bonheur, roman sentimental inédit, par Ernest Richard";"193";"Montrouge. - Paris";"Impr. moderne. - J. Ferenczi et fils, éditeurs";"Null";"In-16";"Null";"Null"
"http://data.bnf.fr/ark:/12148/cb335911094";"Le Crime d'un autre. Roman dramatique inédit, par Jean Namur";"193";"Montrouge. - Paris";"Impr. moderne. - J. Ferenczi et fils, éditeurs";"Null";"In-16";"Null";"Null"
"http://data.bnf.fr/ark:/12148/cb335910718";"Les Débris du passé, par Max-André Dazergues";"193";"Montrouge. - Paris";"Impr. moderne. - J. Ferenczi et fils, éditeurs";"Null";"In-16";"Null";"Null"
"http://data.bnf.fr/ark:/12148/cb33591120n";"Josette, roman sentimental inédit, par Max Dervioux";"193";"Montrouge. - Paris";"Impr. moderne. - J. Ferenczi et fils, éditeurs";"Null";"In-16";"Null";"Null"
"http://data.bnf.fr/ark:/12148/cb33591102q";"Claudette et sa dot, roman d'amour inédit, par Jean Miroir";"193";"Montrouge. - Paris";"Impr. moderne. - J. Ferenczi et fils, éditeurs";"Null";"In-16";"Null";"Null"
"http://data.bnf.fr/ark:/12148/cb33591070x";"Vagabonde, par Willie Cobb";"193";"Montrouge. - Paris";"Impr. moderne. - J. Ferenczi et fils, éditeurs";"Null";"In-16";"Null";"Null"
"http://data.bnf.fr/ark:/12148/cb33591077b";"L'Amour perdu, par Félix Léonnec";"193";"Montrouge. - Paris";"Impr. moderne. - J. Ferenczi et fils, éditeurs";"Null";"In-16";"Null";"Null"
"http://data.bnf.fr/ark:/12148/cb33591114q";"Deux épaves d'amour, roman sentimental inédit, par Auguste Mario";"193";"Montrouge. - Paris";"Impr. moderne. - J. Ferenczi et fils, éditeurs";"Null";"In-16";"Null";"Null"
"http://data.bnf.fr/ark:/12148/cb33591111p";"Le Roman d'un jeune homme riche, roman d'amour inédit, par Albert Dubeux";"193";"Montrouge. - Paris";"Impr. moderne. - J. Ferenczi et fils, éditeurs";"Null";"In-16";"Null";"Null"
"http://data.bnf.fr/ark:/12148/cb33591116d";"La Révolte de la chair, roman dramatique inédit, par Suzanne Mercey";"193";"Montrouge. - Paris";"Impr. moderne. - J. Ferenczi et fils, éditeurs";"Null";"In-16";"Null";"Null"
"http://data.bnf.fr/ark:/12148/cb335910807";"Adieu l'amour ! par Paul Maraudy";"193";"Montrouge. - Paris";"Impr. moderne. - J. Ferenczi et fils, éditeurs";"Null";"In-16";"Null";"Null"
"http://data.bnf.fr/ark:/12148/cb33923039h";"Rapports de la Franc-maçonnerie et de l'armée";"193";"Nevers";"Impr. M. Cloix";"Null";"32 p. ; 18 cm";"Null";"Null"
"http://data.bnf.fr/ark:/12148/cb34199393s";"Dakar !";"193";"Paris";"J. Peyronnet";"Null";"214 p.";"http://data.bnf.fr/ark:/12148/cb11976044c";"Null"
"http://data.bnf.fr/ark:/12148/cb343298634";"Opere complete di Giovanni Gentile";"193";"Firenze";"Sansoni";"Null";"Null";"Null";"Null"
"http://data.bnf.fr/ark:/12148/cb343429603";"Inventaire sommaire des archives départementales antérieures à 1790 : série H";"193";"Lyon";"Imprimerie nouvelle lyonnaise";"Null";"Null";"Null";"Null"
"http://data.bnf.fr/ark:/12148/cb34938639q";"Trois grandes forêts d'Ile-de-France";"193";"Paris. - Chantilly";"Librairie Malfere. - Société Chantilly-Ile-de-France";"Null";"64 p.";"Null";"Null"
"http://data.bnf.fr/ark:/12148/cb350184369";"Dynamo Stéréos : [catalogue]";"193";"Paris";"Société anonyme des établissements Stéréos";"Null";"30 p.";"http://data.bnf.fr/ark:/12148/cb11975664d";"Null"
"http://data.bnf.fr/ark:/12148/cb35026000x";"[Recueil. Catalogues]";"193";"Liverpool";"White Star Line";"Null";"4 vol.";"http://data.bnf.fr/ark:/12148/cb12069855b";"Null"
"http://data.bnf.fr/ark:/12148/cb35051607d";"The Road of Beauty : Dolomites";"193";"Cortina d'Ampezzo";"Società automobilistica dolomiti";"Null";"4 p.";"http://data.bnf.fr/ark:/12148/cb12004287v";"Null"
"http://data.bnf.fr/ark:/12148/cb35056377z";"Notice générale : [plaquette de prestige]";"193";"Boulogne-sur-Mer";"Société des carrières de la Vallée Heureuse et du Haut-Banc";"Null";"50 p.";"http://data.bnf.fr/ark:/12148/cb119311182";"Null"
"http://data.bnf.fr/ark:/12148/cb350898979";"Les Romantiques interprétés par... : [plaquette de prestige]";"193";"Paris";"Devambez";"Null";"[16 p.]-[12 p. de pl.]";"http://data.bnf.fr/ark:/12148/cb11932799s";"Null"
"http://data.bnf.fr/ark:/12148/cb35097370m";"Georges Halais : ferronnerie, luminaire";"193";"Paris";"Draeger";"Null";"[N.p.]";"http://data.bnf.fr/ark:/12148/cb11975664d";"Null"
"http://data.bnf.fr/ark:/12148/cb35097375b";"La Rampe Chalier présente... : [catalogue]";"193";"Paris";"Draeger";"Null";"[N.p.]";"http://data.bnf.fr/ark:/12148/cb11944473z";"Null"
"http://data.bnf.fr/ark:/12148/cb35097496k";"24 images à la seconde";"193";"Paris";"Draeger";"Null";"[N.p.]";"http://data.bnf.fr/ark:/12148/cb11955693k";"Null"
"http://data.bnf.fr/ark:/12148/cb35414843d";"Juan Cristóbal";"193";"Montevideo";"Ed. Mañana";"Null";"6 vol.";"Null";"Null"
"http://data.bnf.fr/ark:/12148/cb35417947s";"Indian feudal states and national liberation struggle";"193";"Bombay";"A. R. Desai";"Null";"64 p.";"Null";"Null"
"http://data.bnf.fr/ark:/12148/cb35456863b";"[Recueil. Eventails publicitaires]";"193";"[Paris]";"Cherry Rocher";"Null";"2 pièces";"http://data.bnf.fr/ark:/12148/cb11978758g";"Null"
"http://data.bnf.fr/ark:/12148/cb354563393";"Transvaal";"193";"[Paris]";"Éd. Montaigne";"Null";"191 p.";"Null";"Null"
"http://data.bnf.fr/ark:/12148/cb35456755f";"[Recueil. Eventails publicitaires]";"193";"Paris";"Au Printemps";"Null";"2 pièces";"http://data.bnf.fr/ark:/12148/cb11976044c";"Null"
"http://data.bnf.fr/ark:/12148/cb35477306s";"Catalogue général";"193";"Paris";"A. Delcher";"Null";"10 p.";"http://data.bnf.fr/ark:/12148/cb119314762";"Null"
"http://data.bnf.fr/ark:/12148/cb35490701w";"Juno carnaval : [catalogue]";"193";"Paris";"Editions Léon Claude";"Null";"20 p.";"http://data.bnf.fr/ark:/12148/cb11936675g";"Null"
"http://data.bnf.fr/ark:/12148/cb35500606n";"La Kvoutsa : deux essais sur les colonies collectivistes de Palestine";"193";"Jérusalem";"Keren Hayessod";"Null";"31 p.";"http://data.bnf.fr/ark:/12148/cb11961692g";"Null"
"http://data.bnf.fr/ark:/12148/cb35505656d";"Toute la france debout pour la victoire du droit : [programme]";"193";"Null";"Null";"Null";"Null";"Null";"Null"
"http://data.bnf.fr/ark:/12148/cb35552067q";"La Lampe étoile : [catalogue]";"193";"Nancy";"Les Enfants de J.Mercier";"Null";"30 p.";"http://data.bnf.fr/ark:/12148/cb11966640f";"Null"
"http://data.bnf.fr/ark:/12148/cb355756398";"The homing of the wind and other passages in prose";"193";"London";"Faber";"Null";"158 p.";"Null";"Null"
"http://data.bnf.fr/ark:/12148/cb35590579f";"Album escrime... : [catalogue]";"193";"Paris";"Souzy";"Null";"64 p.";"http://data.bnf.fr/ark:/12148/cb119759407";"Null"
"http://data.bnf.fr/ark:/12148/cb35611644t";"Le chardon d'or : spécialités en parfumerie";"193";"Metz";"H. Galinat";"Null";"105 p.";"http://data.bnf.fr/ark:/12148/cb11967147q";"Null"
"http://data.bnf.fr/ark:/12148/cb357006885";"La splendide Stutz : [catalogue]";"193";"Null";"Null";"Null";"16 p.";"http://data.bnf.fr/ark:/12148/cb119313712";"Null"
"http://data.bnf.fr/ark:/12148/cb357007037";"Views of London";"193";"Dundee. - London";"Valentine & sons";"Null";"[22]p. de pl.";"http://data.bnf.fr/ark:/12148/cb119323045";"Null"
"http://data.bnf.fr/ark:/12148/cb357689587";"Shell immeuble";"193";"Paris";"Shell française";"Null";"19 p.";"http://data.bnf.fr/ark:/12148/cb11948955c";"Null"
"http://data.bnf.fr/ark:/12148/cb35771233g";"Indiens Not Indiens Ringen : hinweis auf neuere Schriften über Indien und Gandhi";"193";"Zürich";"Rotapfel-Verl.";"Null";"126 p.";"Null";"Null"
"http://data.bnf.fr/ark:/12148/cb36210105r";"Die Leber des Menschen : Rasterelektronenmikroskopischer Atlas";"193";"Basel. - Freiburg. - Paris";"Karger";"Null";"100 p.";"http://data.bnf.fr/ark:/12148/cb13162713r";"Null"
"http://data.bnf.fr/ark:/12148/cb36651079s";"L'Arc en ciel : [programme]";"193";"Paris";"L'Arc en ciel";"Null";"Null";"http://data.bnf.fr/ark:/12148/cb13318614k";"Null"
