id;title;date;place;publisher;firstyear;description;subject;gallica
"http://data.bnf.fr/ark:/12148/cb406895461";"Carte du royaume de France en 1429";"1429";"Paris";"Erhard";"1429";"1 flle : en coul.  ; 43 x 44 cm";"Null";"http://gallica.bnf.fr/ark:/12148/btv1b8446205s"
"http://data.bnf.fr/ark:/12148/cb40729801t";"Orléans, la Loire et ses îles, lors du siège de 1429 d'après les titres et documents contemporains";"1429";"Paris";"impr. de Régnier";"1429";"1 flle : 37 x 40 cm";"Null";"http://gallica.bnf.fr/ark:/12148/btv1b8444374r""http://data.bnf.fr/ark:/12148/cc34815s";"Honoré Bouvet
        ,
        L'Arbre des batailles
        ,  traduit  par
        Ramon de Caldes
        .";"1429";"Null";"Null";"Null";"103 feuillets précédés et suivis de 5   gardes";"Null";"http://gallica.bnf.fr/ark:/12148/btv1b8436401j"
