id;title;date;place;publisher;firstyear;description;subject;gallica
"http://data.bnf.fr/ark:/12148/cb300055975";"Brevis ac perutilis compilatio Alfragani, astronomorum peritissimi, totum id continens quod ad rudimenta astronomica est opportunum";"1493";"Ferrare";"André Belfort";"1493";"Ill.";"Null";"Null"
"http://data.bnf.fr/ark:/12148/cb30007516t";"Liber Alberti Magni de Natura et immortalitate animae";"1493";"Norimbergae";"impensa C. Hochfeder";"1493";"In-4° . (Pellechet, 321.)";"Null";"Null"
"http://data.bnf.fr/ark:/12148/cb30007640z";"Alberti Magni Summa naturalium, seu Opus philosophiae naturalis";"1493";"Brescia";"Battista Farfengo";"1493";"Null";"Null";"Null"
"http://data.bnf.fr/ark:/12148/cb300094688";"Epistola Alexandri VI, papae, ad Maximilianum, Romanorum regem, missa, de Turcorum motibus, 8 septembris 1493";"1493";"[Wien";"Johannes Winterburger";"1493";"Null";"Null";"Null"
"http://data.bnf.fr/ark:/12148/cb300231165";"Confessionale volgare di frate Antonino, arcivescovo di Firenze, intitolato Medicina dell'anima, ovvero Curam illius habe";"1493";"(Firenze,)";"per L. de Morgiani et J. di Piero di Maganza";"1493";"In-4° . (Pellechet, 868.)";"Null";"Null"
"http://data.bnf.fr/ark:/12148/cb30023968m";"Libri qui inscribuntur : Lybicus, Syrius, Parthicus et Mithridaticus, latine a Petro Candido";"1493";"Scandiani";"cura Peregrini de Pasqualibus et Camilli Boiardi";"1493";"In-fol. (Pellechet, 917.)";"Null";"Null"
"http://data.bnf.fr/ark:/12148/cb300277968";"Problemata Aristotelis, teutsch";"1493";"Augsburg";"H. Schawren";"1493";"In-4° . (Pellechet, 1228.)";"Null";"Null"
"http://data.bnf.fr/ark:/12148/cb30027593p";"Aristotelis Parva naturalia, cum commentario S. Thomae de Aquino";"1493";"Paduae";"Null";"1493";"In-fol. (Pellechet, 1216.)";"Null";"Null"
"http://data.bnf.fr/ark:/12148/cb30029370z";"Regimen sanitatis Salerni (cum expositione Arnoldi de Nova Villa)";"1493";"Parisii";"impr. per A. Bocard";"1493";"In-4° . (Pellechet, 1295.)";"Null";"Null"
"http://data.bnf.fr/ark:/12148/cb300293719";"Regimen sanitatis Salerni (cum expositione Arnoldi de Nova Villa)";"1493";"Parisii";"impr. per F. Balligault";"1493";"In-4° . (Pellechet, 1296.)";"Null";"Null"
"http://data.bnf.fr/ark:/12148/cb300387643";"Opuscula plurima divi Aurelii Augustini";"1493";"Venezia";"Ottaviano Scoto";"1493";"Null";"Null";"Null"
"http://data.bnf.fr/ark:/12148/cb30039182m";"Divi Aurelii Augustini Psalmorum explanatio";"1493";"Venetiis";"per B. Benalium";"1493";"In-fol. (Pellechet, 1486.)";"Null";"Null"
"http://data.bnf.fr/ark:/12148/cb30039353k";"Sermoni d'Ho egregio doctore divo Aurelio Augustino, padre della reghola heremitana, di più utilissime virtù conducenti alla gloria divvita eterna molto divoti, traducti di latino in lingua fiorentina";"1493";"Firenze";"per F. di Dino";"1493";"In-4° . (Pellechet, 1519.)";"Null";"Null"
"http://data.bnf.fr/ark:/12148/cb30040447z";"Opusculum in Pythagorae aureos versus";"1493";"Romae";"Null";"1493";"In-4° . (Hain, 8547.)";"Null";"Null"
"http://data.bnf.fr/ark:/12148/cb30052462j";"Quadratura, vel Dubia";"1493";"Venetiis";"Null";"1493";"In-fol. (Hain, *12521)";"Null";"Null"
"http://data.bnf.fr/ark:/12148/cb300631207";"Lectura Bartoli de Saxoferrato super prima et secunda parte Codicis, cum additionibus Alexandri de Imola";"1493";"Venetiis";"per B. de Tortis";"1493";"2 tomes en 1 vol. in-fol. (Pellechet, 1909.)";"Null";"Null"
"http://data.bnf.fr/ark:/12148/cb30083032c";"De Observatione in pestilentia (auctore A. Benedicto)";"1493";"Venetiis";"Null";"1493";"In-4° . (Pellechet, n 456.)";"Null";"Null"
"http://data.bnf.fr/ark:/12148/cb30083026f";"Collectiones medicinae (auctore Alexandro Benedicto)";"1493";"[Venezia]";"[Giovanni et Gregorio de Gregori]";"1493";"In-4";"Null";"Null"
"http://data.bnf.fr/ark:/12148/cb30089959b";"Meditationes sancti Bernardi";"1493";"Parisiis";"G. Mittelhus";"1493";"In-8° . (Pellechet, 2122.)";"Null";"Null"
"http://data.bnf.fr/ark:/12148/cb30091632r";"Sermones sancti Bernardini de Senis de evangelio eterno";"1493";"Basel";"Nicolaus Kessler";"1493";"Null";"Null";"Null"
"http://data.bnf.fr/ark:/12148/cb300927924";"Tibulus, Catullus et Propertius cum commento";"1493";"Venetiis";"Null";"1493";"In-fol.";"Null";"Null"
"http://data.bnf.fr/ark:/12148/cb301167097";"Le Livre de Jehan Bocasse de la louenge et vertu des nobles et cleres dames, translaté et imprimé novellement à Paris";"1493";"Paris";"Antoine Vérard";"1493";"[144] ff. signés";"Null";"http://gallica.bnf.fr/ark:/12148/btv1b8626778b"
"http://data.bnf.fr/ark:/12148/cb30125372v";"Domini Bonaventurae Perlustratio in arcana tertii Sententiarum";"1493";"(Friburgi";"per Kilianum Piscatorem";"1493";"In-fol. (Hain, *3541.)";"Null";"Null"
"http://data.bnf.fr/ark:/12148/cb30125912n";"L'Arbre des batailles, par Honoré Bonet";"1493";"Paris";"Antoine Vérard";"1493";"[155] ff. signés";"Null";"http://gallica.bnf.fr/ark:/12148/bpt6k1057724j"
"http://data.bnf.fr/ark:/12148/cb30125939p";"Fol. a ii : Ad Beatissimum patrem et dominum dominum Alexandrum VI divino numine pont. max. annis M CCCC LXXXXIII. Judicium Boneti de lati, hebrei medici phisici provensalis. - A la fin : Finis. Per me Bonetum de Latis Hebreum medicum phisicum provenzalem Rome, anno MCCCC LXXXXIII, die XII februarii. Laus et honor Deo per infinita secula seculorum. Amen";"1493";"Romae";"Null";"1493";"In-4° , 6 ff. non ch., sign. a., fig. sur bois";"Null";"Null"
"http://data.bnf.fr/ark:/12148/cb301364926";"Casus longi super quinque libros Decretalium, a domino Bernardo (Bottoni), earumdem precipuo glossatore, utiliter compilati";"1493";"Argentine";"Null";"1493";"In-fol. (Pellechet, 2197.)";"Null";"Null"
"http://data.bnf.fr/ark:/12148/cb30170144w";"Des deux amans";"1493";"Paris";"Antoine Vérard";"1493";"42 p.";"Null";"http://gallica.bnf.fr/ark:/12148/bpt6k708505"
"http://data.bnf.fr/ark:/12148/cb301711653";"Valerius Maximus cum commento Oliverii Arzignanensis... [et epistola Petri de Brutis.]";"1493";"Venezia";"Boneto Locatello pour Ottaviano Scoto";"1493";"In-2";"Null";"Null"
"http://data.bnf.fr/ark:/12148/cb301784183";"Gualterii Burlei super Artem veterem Porphyrii et Aristotelis expositio";"1493";"Venetiis";"impendio O. Scoti";"1493";"In-fol. (Hain, *4132.)";"Null";"Null"
"http://data.bnf.fr/ark:/12148/cb30180344n";"Mariale de excellentiis regine celi, auctore Bernardino de Busti";"1493";"Mediolani";"per Leonardum Pachel";"1493";"In-4° . (Hain-Copinger, 4168.)";"Null";"Null"
"http://data.bnf.fr/ark:/12148/cb301860490";"Epigrammata";"1493";"Venetiis";"Null";"1493";"In-fol. (Hain-Copinger, 10823.)";"Null";"Null"
"http://data.bnf.fr/ark:/12148/cb301932491";"Établissements des chevaliers hospitaliers de S. Jean de Jérusalem à Rhodes. Composé par Guillaume Caoursin, en 1489, et traduit en français par ordre du grand maître Pierre d'Aubusson, en 1493";"1493";"(Paris";"Null";"1493";"In-fol. (Copinger, 1438.)";"Null";"Null"
"http://data.bnf.fr/ark:/12148/cb301927464";"Epigrammata Cantalycii et aliquorum discipulorum ejus";"1493";"Venetiis";"Null";"1493";"In-4° . (Hain, *4350.)";"Null";"http://gallica.bnf.fr/ark:/12148/bpt6k132130s"
"http://data.bnf.fr/ark:/12148/cb302015966";"Oratio super praestanda solenni obedientia Alexandro papae VI, habitá Romae per Bernardinum Carvajal, die 19 junii 1493";"1493";"(Romae";"apud S. Plannck";"1493";"In-4° . (Hain, *4545.)";"Null";"Null"
"http://data.bnf.fr/ark:/12148/cb30206073c";"Orationes Johannis Lucidi Catanei";"1493";"Parmae";"per A. Ugoletum";"1493";"1 vol.";"Null";"http://gallica.bnf.fr/ark:/12148/bpt6k125596z"
"http://data.bnf.fr/ark:/12148/cb302086996";"I Frutti della lingua, di D. Cavalca";"1493";"Firenze";"per L. Morgiani e G. di Piero Tedesco da Maganza";"1493";"In-fol. (Pellechet, 3450.)";"Null";"Null"
"http://data.bnf.fr/ark:/12148/cb30211683b";"Cornelii Celsi de Medicina libri VIII";"1493";"Venetiis";"per J. Rubeum";"1493";"In-fol. (Pellechet, 3466.)";"Null";"Null"
"http://data.bnf.fr/ark:/12148/cb302120263";"Sonetti e canzone...";"1493";"Venetia";"Null";"1493";"In-fol. (Hain-Copinger, 12774.)";"Null";"Null"
"http://data.bnf.fr/ark:/12148/cb30243143t";"M. T. Ciceronis Rhetoricae veteris, sive de Inventione, et novae, sive ad Herennium libri, cum Marii Fabii Victorini commentario";"1493";"Venetiis";"per T. Z. P. et Petrum Johannem de Quarengiis";"1493";"In-fol. (Pellechet, 3657.)";"Null";"Null"
"http://data.bnf.fr/ark:/12148/cb30243362n";"Traité des Offices de Cicéron, traduit en français";"1493";"Lyon";"Null";"1493";"In-fol., car. goth. (Hain, 5236.)";"Null";"Null"
"http://data.bnf.fr/ark:/12148/cb30247752d";"Claudii Claudiani de raptu Proserpinae";"1493";"Romae";"impressit Eucharius Argenteus";"1493";"In-4° . (Pellechet, 3805.)";"Null";"Null"
"http://data.bnf.fr/ark:/12148/cb302476795";"Claudiani opera emendata per Thadaeum Ugoletum";"1493";"Parmae";"impressum per Angelum Ugoletum";"1493";"In-4° . (Pellechet, 3802.)";"Null";"Null"
"http://data.bnf.fr/ark:/12148/cb30253996t";"Ad Iliu. Princ. Joannem Bentivolum Secundum, de armorum ostentatione Antonii Urcei Codri silva";"1493";"Bononiae";"Null";"1493";"In-4° , 4 ff., car rom. (Hain-Copinger, 16099.)";"Null";"Null"
"http://data.bnf.fr/ark:/12148/cb302572151";"Pliniana defensio Pandulphi Collenucii, adversus Nicolai Leoniceni accusationem";"1493";"Ferrara";"André Belfort";"1493";"[52] ff.";"Null";"http://gallica.bnf.fr/ark:/12148/btv1b8605447w"
"http://data.bnf.fr/ark:/12148/cb302596059";"De Insulis inventis. Epistola Cristoferi Colom ad Raphaelez Sanxis missa, quam Aliander de Cosco ab hispano idiomate in latinum convertit, tertio malendas kaii 1493";"1493";"(S. l.,)";"Null";"1493";"In-4°";"Null";"Null"
"http://data.bnf.fr/ark:/12148/cb302596070";"Epistola Christofori Colom, de insulis supra Gangem nuper inventis, ad Gabrielem Sanchez missa, quam Leander de Cosco ab hispano idiomate in latinum convertit, tertio kalendas maii 1493";"1493";"Roma";"Eucharius Silber";"1493";"Null";"Null";"Null"
"http://data.bnf.fr/ark:/12148/cb30265926b";"Quadratura...";"1493";"Venetiis";"Null";"1493";"In-fol. (Hain, *12521.)";"Null";"Null"
"http://data.bnf.fr/ark:/12148/cb302890894";"Lart et science de réthorique pour faire rigmes et ballades";"1493";"Paris";"A. Vérard";"1493";"14 f.";"Null";"http://gallica.bnf.fr/ark:/12148/bpt6k110660b"
"http://data.bnf.fr/ark:/12148/cb30289090b";"L'Art et science de réthorique pour faire rigmes et ballades (par Henry de Croÿ). - A la fin : Cy finit l'art et réthorique de faire rimes et ballades, imprimé à Paris le dixième jour de may l'an mil quatre cens quatre vings et treize par Anthoine Vérard";"1493";"Paris";"Null";"1493";"In-fol., 14 ff., car. goth., miniature représentant le don de l'ouvrage au Roi de France, marque typ. d'Antoine Vérard au dernier feuillet";"Null";"http://gallica.bnf.fr/ark:/12148/btv1b8626781t"
"http://data.bnf.fr/ark:/12148/cb303020936";"Augustini Dati, Senensis, isagogicus libellus in eloquentie precepta, ad Andream, domini Christofori filium, feliciter incipit. - Fol. c. 2 : ... Impressusque Parisii per Guidonem Marchant, anno Domini millesimo CCCC. nonagesimo tercio, XVII kalendas septembris. - Fol. c 6 v̊  : Hunc libellum recensuit atque recognovit Guido Juvenalis, duoque precepta litura damnavit, que a Laurencio Valla fuisse damnata prius constat...";"1493";"Parisiis";"Null";"1493";"In-4° , 22 ff., car. goth., marque typographique de Guiot Marchant";"Null";"Null"
"http://data.bnf.fr/ark:/12148/cb303439823";"Dion. de regno";"1493";"Bononiae";"per Platonem de Benedictis";"1493";"In-4° . (Pellechet, 4260.)";"Null";"Null"
"http://data.bnf.fr/ark:/12148/cb303848132";"Guilelmi Durandi Rationale divinorum officiorum";"1493";"Strasbourg";"[imprimeur du Jordanus de Quedlinburg, H 9438 (= Georg Husner ?)]";"1493";"Null";"Null";"Null"
"http://data.bnf.fr/ark:/12148/cb30405396z";"Antidotarius anime";"1493";"Nuremberg";"Null";"1493";"In-16. (Hain-Copinger, *14163.)";"Null";"Null"
"http://data.bnf.fr/ark:/12148/cb304061076";"Les apologues et fables de Laurens valle";"1493";"[Paris";"pour Antoine Vérard";"1493";"[72] p.";"Null";"http://gallica.bnf.fr/ark:/12148/bpt6k111268d"
"http://data.bnf.fr/ark:/12148/cb30406211q";"La Vita dell'Esopo e le favole del medesimo, volgarizzate da Francisco del Tuppo";"1493";"Aquile";"per E. de Stella";"1493";"In-fol., fig. sur bois. (Pellechet, 229.)";"Null";"Null"
"http://data.bnf.fr/ark:/12148/cb304119031";"Margarita poetica, opus clarissimum feliciter incipit Albertus de Eyb,...";"1493";"Venezia";"Giovanni Rosso";"1493";"[176] ff. signés a-x8, [*]8, le 1er f. blanc";"Null";"Null"
"http://data.bnf.fr/ark:/12148/cb30411442j";"Grecismus Ebrardi, cum commento magistri Focaudi";"1493";"Angoulême";"Pierre Alain et André Cauvin";"1493";"140 ff. signés a-r8, s4";"Null";"Null"
"http://data.bnf.fr/ark:/12148/cb30434294c";"M. Ficini Liber de sole et lumine";"1493";"Florentiae";"A. Miscomini";"1493";"In-4° . (Pellechet, 4794.)";"Null";"Null"
"http://data.bnf.fr/ark:/12148/cb30434315h";"Pimander, seu de Potestate et sapientia Dei";"1493";"Venetiis";"Null";"1493";"In-4° . (Hain, 8461.)";"Null";"Null"
"http://data.bnf.fr/ark:/12148/cb304739717";"Robertus Gaguinus de Puritate conceptionis beate Marie Virginis";"1493";"[Paris]";"Félix Baligault";"1493";"Null";"Null";"Null"
"http://data.bnf.fr/ark:/12148/cb30501647s";"Johannis Gerson de Vita, aegritudine et morte animae spirituali lectiones sex";"1493";"Parisiis";"[Pierre Levet pour] Enguilbert de Marnef";"1493";"[76] ff. signés [a]8, b-i8, k4";"Null";"Null"
"http://data.bnf.fr/ark:/12148/cb305380521";"Sancti Gregorii papae Homeliae XL super Evangeliis";"1493";"Venezia";"Pellegrino Pasquali";"1493";"[110] ff. signés [*]2, aa-nn8, oo4, le dernier f. oo4 blanc";"Null";"Null"
"http://data.bnf.fr/ark:/12148/cb305486955";"Baptistae Guarini Funebris oratio in... reginam Eleanoram Aragoniam, inclyti ducis Herculis Estensis conjugem, habita quarto idus octobres. 1493. - Ejusdem epigramma";"1493";"[Ferrara";"André Belfort";"1493";"[6] ff.";"Null";"Null"
"http://data.bnf.fr/ark:/12148/cb30555341w";"Manipulus curatorum Guidonis de Monte Rocherio";"1493";"Rouen";"Jean Le Bourgeois pour Pierre Regnault à Caen";"1493";"150 ff. foliotés et signés [a]8, b-s8, t6";"Null";"Null"
"http://data.bnf.fr/ark:/12148/cb305553380";"Manipulus curatorum Guidonis de Monte Rocherio";"1493";"Strasbourg";"[Martin Flach]";"1493";"[112] ff. signés a-c8, d6, e8, f-g6, h-o8, p6, le dernier blanc";"Null";"Null"
"http://data.bnf.fr/ark:/12148/cb30557597j";"Le Roman de la rose [commencé par Guillaume de Lorris et achevé par Jean de Meung]... - A la fin : Cest fin du rommant de la rose // Ou lart damours est toute enclose";"1493";"Paris";"Jean Du Pré";"1493";"150 ff. signés a-s8, t6";"Null";"http://gallica.bnf.fr/ark:/12148/btv1b8605455f"
"http://data.bnf.fr/ark:/12148/cb36813037v";"Evangelien en Episteln in duytsche vanden ghehelen iare...";"1493";"Zwolle";"imp. de P. de Breda";"1493";"In-4 °";"Null";"Null"
"http://data.bnf.fr/ark:/12148/cb368130386";"(A la fin :) Hier voleyndet die Tafel... [Ici finit la table des épitres et Evangiles pour toute l'année et pour les fêtes des saints.]";"1493";"Deventer";"imp. de J. de Breda";"1493";"In-4 °";"Null";"Null"
"http://data.bnf.fr/ark:/12148/cb368142291";"Missale secundum morem sanctae romanae ecclesiae";"1493";"Venetiis";"sumplibus et jussu N. de Franckfordia arte itemque industria J. Herczog de Landoia";"1493";"In-8 °";"Null";"Null"
"http://data.bnf.fr/ark:/12148/cb368161564";"Incipit diurnale ad usum ecclesie Cathalaunensis";"1493";"Cathalauni";"per Anulphum Bocquillom";"1493";"In-16";"Null";"Null"
"http://data.bnf.fr/ark:/12148/cb36816098s";"Diurale horarû canonicarû juxta morẽ veri Breviarii impialis Bambergensis...";"1493";"Nurenberge";"Georgii Stuchs";"1493";"In-16. 12 feuillets prél.";"Null";"Null"
"http://data.bnf.fr/ark:/12148/cb36817311z";"[Missale Aeduense. E. Hugues Buffot.] - Speculum sacerdotum";"1493";"Paris";"Johannes Higman";"1493";"2 °, ill., musique";"Null";"Null"
"http://data.bnf.fr/ark:/12148/cb368173876";"(Missale Brixinense.)";"1493";"(Augustae Vindelicorum";"E. Ratdolt";"1493";"In-fol. Gothique";"Null";"Null"
"http://data.bnf.fr/ark:/12148/cb368179975";"Missale Turonense. - (Titre :) Missale secundum // usum Turonensem. - (Titre de départ sur le fol. 1 :) In nomine Domini nostri Jesu Christi. In//cipit Missale secundum usum et consuetu//dinem ecclesie metropolitane Turonensis. - (A la fin :)... Impressumque est hoc // egregium opus Rothomagi, juxta // insignem prioratum Sancti Laudi, // per M. Martinum Morin, impres//sorem ibidem commorantem, et fi//nitum anno Domini M.CCCC.nonage//simo tercio, die XVII mensis april//is post Pascha";"1493";"Rouen";"Null";"1493";"In-folio. Caractères gothiques, à deux colonnes";"Null";"http://gallica.bnf.fr/ark:/12148/bpt6k857658c"
"http://data.bnf.fr/ark:/12148/cb368175972";"Missale. - [Calendrier provenant probablement d'un Missel de Metz.]";"1493";"(S. l. n. d.)";"Null";"1493";"In-fol., 6 ff., car. goth.";"Null";"Null"
"http://data.bnf.fr/ark:/12148/cb36817984t";"Missale secundum usum Tullensem. - Fol. IX. XX. II : Anno incarnationis dominice millesimo quadringentesimo octuagesimo XII °. Aprillis III ° quam insigne sacri missalis opus more tullensi instar correctissimi exemplaris ordinatum. In laudem et gloriam sanctae et individue trinitatis lociusque celesti curie impressum Parisius per Magistrum Petrum Le Rouge. - Au verso du même fol : Tabula. - A la fin : Finis";"1493";"Parisiis";"P. Le Rouge";"1493";"In-fol., car. goth., 2 col. 204 ff. chiffrés et non chiffrés, signatures, figures";"Null";"http://gallica.bnf.fr/ark:/12148/bpt6k8580896"
"http://data.bnf.fr/ark:/12148/cb36818063m";"Missale Herbipolense";"1493";"Würzburg";"Georg Reyser";"1493";"2 °, ill., musique";"Null";"http://gallica.bnf.fr/ark:/12148/bpt6k3105715"
"http://data.bnf.fr/ark:/12148/cb36817584q";"Missale Moguntinum";"1493";"Mainz";"Peter Schöffer";"1493";"2 °, ill., musique";"Null";"Null"
"http://data.bnf.fr/ark:/12148/cb36819822g";"Breviarium Sancti Martini Turonensis. - (Titre en tête du propre du temps :) Hic incipit breviarium ad usum // insignis ecclesie beatissimi Martini // Turonensis. - (A la fin du propre du temps, sous la marque de Simon Pourcelet :) Ad laudem Dei omnipotentis ejusque inte // merate genitricis totiusque curie celestis, // hoc opus, ad usum insignis ecclesie patriar // chalis beatissimi Martini Turonensis, exara // tum elaboratumque est perpulchre ac artificio // se, Turonis, per Symonem Pourcelet, ejusdem // civitatis oriundum, in intersignio Pellicani // commorantem, anno gratie Domini millesimo // quadringentesimo nonagesimo tercio, die // vero decima mensis februarii. - (Titre en tête du commun :) Incipit commune secundum usum ecclesie beatis // simi Martini Turonensis";"1493";"Tours";"Simon Pourcelet";"1493";"In-8 °. Caractères gothiques, à deux colonnes. Exemplaire imprimé sur vélin";"Null";"Null"
"http://data.bnf.fr/ark:/12148/cb368198601";"Breviarium uticense. - (Titre sur le fol. a I :) In nomine Domini. Amen. Incipit // compendium Breviarii divini cultus, // secundum usum et laudabiles consuetu//dines sancte Uticensis ecclesie // ordinatum... (Fol. m 1 :) In nomine Domini Jesu Christi. Officium // dominicale et feriale, secundum usum Uti//censem, incipit... (Fol. A 2 :) Incipit legendarium tempora//le. (Fol. V 6 :) Incipit commune sanctorum proprie|tatem non habentium... (A la fin, fol. X 5 v °)... Presens Breviarium, secundum lauda//bilem usum sancte Uticensis ecclesie, // fine inclyto pollet, impressum Uce//cie per insignem artis impressorie // magistrum Johannem de Prato, an//no salutis millesimo quadrin//gentesimo nonagesimo tertio, // die vero secunda octobris";"1493";"Uzès";"Jean Du Pré";"1493";"In-8 °, car. gothiques, à 2 colonnes. Cahiers a-z, &, A-X, plus le cahier préliminaire ; il contient le calendrier. Imprimé sur vélin";"Null";"Null"
"http://data.bnf.fr/ark:/12148/cb368210514";"Diurnale Cisterciense";"1493";"[Milano";"Leonhard Pachel";"1493";"[360 +] ff.";"Null";"Null"
"http://data.bnf.fr/ark:/12148/cb368211920";"Missale Cluniacense";"1493";"Cluny";"Michael Wenssler";"1493";"[12 p.]-CCLXXV f.-[50 p.]";"Null";"http://gallica.bnf.fr/ark:/12148/bpt6k109460z"
"http://data.bnf.fr/ark:/12148/cb36823116c";"Speciale opus missarum";"1493";"[Argentinae";"J. Grüninger]";"1493";"In-fol., car. goth., fig.";"Null";"Null"
"http://data.bnf.fr/ark:/12148/cb36824777g";"[Horae ad usum Romanum.]";"1493";"Venezia";"Johann Emerich";"1493";"32 °, ill.";"Null";"Null"
"http://data.bnf.fr/ark:/12148/cb30597487s";"Mercurii Trismegisti Liber de potestate et sapientia Dei, per Marsilium Ficinum traductus";"1493";"Venetiis";"per Damianum de Mediolano";"1493";"In-4° . (Hain, *8461.)";"Null";"Null"
"http://data.bnf.fr/ark:/12148/cb30597817q";"Herodiani Historiarum libri octo, Angelo Politiano interprete";"1493";"Roma";"[imprimeur de l'Herodianus]";"1493";"Null";"Null";"Null"
"http://data.bnf.fr/ark:/12148/cb305978182";"Herodiani Historiarum libri octo, Angelo Politiano interprete";"1493";"Bononiae";"apud Bazalerium de Bazaleriis";"1493";"In-4° . (Hain, 8468.)";"Null";"Null"
"http://data.bnf.fr/ark:/12148/cb30597819d";"Herodiani Historiarum libri octo, Angelo Politiano interprete";"1493";"Bononiae";"apud Platonem de Benedictis";"1493";"In-fol., sign. a-i, car. rom. à longues lignes. (Hain, *8467.)";"Null";"Null"
"http://data.bnf.fr/ark:/12148/cb306041417";"Hieroclis In aureos versus Pythagorae opusculum, Johanne Aurispa interprete";"1493";"Romae";"per J. Besicken et S. Mayer";"1493";"In-4° . (Hain, 8547.)";"Null";"Null"
"http://data.bnf.fr/ark:/12148/cb306043575";"Aurea expositio hymnorum una cum textu";"1493";"Burgos";"Friedrich Biel";"1493";"Sign. a-g";"Null";"http://gallica.bnf.fr/ark:/12148/bpt6k314473q"
"http://data.bnf.fr/ark:/12148/cb30604356t";"Expositio hymnorum cum commento [per Hilarium Pictaviensem]";"1493";"Haguenau";"[Heinrich Gran]";"1493";"Ill.";"Null";"Null"
"http://data.bnf.fr/ark:/12148/cb30620044f";"De Immortalitate anime. - A la fin : Magistri Guillermi Houppellande libello de immortalitate anime... finis impositus est, quem... castigavit magister Ludovicus Bochin,... qui quoque Parisius exaratus est pro Anguilberto de Marnef, anno Domini 1493, die vero 17. mensis septembris";"1493";"Parisius";"Null";"1493";"Petit in-8° :, 25 ff. non ch., sign. a-c, car. goth., initiales peintes";"Null";"Null"
"http://data.bnf.fr/ark:/12148/cb30636649g";"Isidorus Ethimologiarum. Idem de Summo bono";"1493";"Venetiis";"per B. Locatellum, expensis O. Scoti";"1493";"2 parties en 1 vol. in-fol. (Hain, *9280.)";"Null";"Null"
"http://data.bnf.fr/ark:/12148/cb30637144m";"[Logoi]. Ed. Demetrios Chalcondylas";"1493";"Milano";"Ulrich Scinzenzeler et Sebastiano da Pontremoli";"1493";"Null";"Null";"Null"
"http://data.bnf.fr/ark:/12148/cb30636679d";"Isidorus de Summo bono";"1493";"(Paris";"Marnef";"1493";"In-8° . (Hain-Copinger, 9289.)";"Null";"Null"
"http://data.bnf.fr/ark:/12148/cb30639083q";"De Valore et utilitate missarum pro defunctis celebratarum, per sacre theologie professorem Jacobum, ordinis cartusiensis, edita. - Utrum perfecta Dei opera possunt impediri demonis malicia. [Auctore Johanne de Mechlinia.]";"1493";"Heidelberg";"H. Knoblochtzer";"1493";"In-4° . (Hain-Copinger, *9341 ; Proctor, 3141.)";"Null";"Null"
"http://data.bnf.fr/ark:/12148/cb30650115r";"Super libros de Anima Aristotelis...";"1493";"Venetiis";"Null";"1493";"In-fol. (Pellechet, 4942.)";"Null";"Null"
"http://data.bnf.fr/ark:/12148/cb306527198";"Vite de' santi padri, da S. Girolamo, Erradio, Leonzo, Giovanni di Gierusalemme, volgarizzate da Domenico Cavalca. Il Prato spirituale, volgarizzato di Giovanni Everato da Fr. Belcari";"1493";"Venetiis";"L. A. di Giunta";"1493";"In-fol. (Hain, 8625.)";"Null";"Null"
"http://data.bnf.fr/ark:/12148/cb30660859h";"Josepho Ebreo. Historia della guerra hebbono i Giudei co' Romani";"1493";"Firenze";"per Bartholomeo Presbitero";"1493";"In-fol. (Hain-Copinger, 9460.)";"Null";"Null"
"http://data.bnf.fr/ark:/12148/cb30679916w";"Fasciculo di medicina";"1493";"Venezia";"Giovanni et Gregorio de' Gregorii";"1493";"Ill.";"Null";"http://gallica.bnf.fr/ark:/12148/bpt6k9900000""http://data.bnf.fr/ark:/12148/cb30711867h";"Lactantii Firmiani de Divinis institutionibus libri septem ; de Ira Dei et Opificio hominis ; Phoenix, Dantes Phoenice (Inferno, XXIV, 107-112). Ovidius Phoenix (Metamorph., XV, 391-402) ; de Resurrectionis dominicae die. Errata, per fratrem Antonium Raudensem collecta. Hieronymus de Lactantio in libro de Viris illustribus. Cum Epithomon ejusdem";"1493";"Venetiis";"per V. Benalium";"1493";"In-fol. (Hain, *9816.)";"Null";"Null"
"http://data.bnf.fr/ark:/12148/cb307247853";"Le Chevalier délibéré [par Olivier de La Marche], comprenant la mort du duc de Bourgogne qui trespassa devant Nancy en Lorraine. - A la fin : Cy finist le livre intitulé le Chevallier délibéré, imprimé à Paris, par Jehan Lambert, l'an mil quatrecens quatre vingtz et treze";"1493";"Paris. - [ante VI] 1493";"Jean Lambert";"1493";"Null";"Null";"Null"
"http://data.bnf.fr/ark:/12148/cb307379758";"Petrus de Palude In quartum Sententiarum";"1493";"Venetiis";"impressum per B. Locatellum, mandato O. Scoti";"1493";"In-fol. (Hain-Copinger, * 12286.)";"Null";"Null"
"http://data.bnf.fr/ark:/12148/cb30738552r";"Resolutorium dubiorum circa celebrationem missarum occurrentium, auctore Joanne a Lapide";"1493";"Coloniae";"H. Quentell";"1493";"In-4° . (Hain-Copinger, *9906.)";"Null";"Null"
"http://data.bnf.fr/ark:/12148/cb307736906";"Introductiones in diversos Metaphysicorum Aristotelis libros J. Fabro Stapulensi autore, Jodoco Clichtoveo edente";"1493";"Parisiis";"(J. Higman)";"1493";"In-4° , 42 ff. (Pellechet, 4721.)";"Null";"Null"
"http://data.bnf.fr/ark:/12148/cb38497154x";"[Illustrations de Liber Chronicarum.]";"1493";"Nuremberg";"A. Koberger";"1493";"520 est. : gravures sur bois : n. et b.";"http://data.bnf.fr/ark:/12148/cb11975832b";"http://gallica.bnf.fr/ark:/12148/btv1b2200022x"
"http://data.bnf.fr/ark:/12148/cb384983583";"[Illustrations de Comoediae]";"1493";"Lyon";"Jean Trechsel";"1493";"162 est. : gravures sur bois : Noir et blanc";"Null";"http://gallica.bnf.fr/ark:/12148/btv1b2200023b"
"http://data.bnf.fr/ark:/12148/cb308194514";"Zachiariae Lilii,... Orbis breviarium,... [Cum epistolis Zachariae Lilii ad Matthaeum Bossum, Matthaei Bossi ad Zacharium Lilium, et Petri Chalcedonii ad M. Antonium Sabellicum.]";"1493";"Florentiae";"impressit Antonius Miscominus";"1493";"In-4° , sign. a-r, titre à encadrement, marque de l'imprimeur à la fin. (Hain-Copinger, 10101.)";"Null";"Null"
"http://data.bnf.fr/ark:/12148/cb308417284";"[M. A. Lucani Pharsalia, cum commentariis Joannis Sulpitii Verulani et Omniboni Vincentini. Studio J. Britannici Brixiani et J. Taberii]";"1493";"Venezia";"Simone Bevilacqua";"1493";"Null";"Null";"Null"
"http://data.bnf.fr/ark:/12148/cb30870224r";"Scribendi orandique modus, per Antonium Mancinellum. - A la fin : Impressum Venetiis, per Simonem Bevilaqua, 1493, sexto idus quintiles";"1493";"Venezia";"Simone Bevilacqua";"1493";"40 ff.";"Null";"http://gallica.bnf.fr/ark:/12148/bpt6k71683t"
"http://data.bnf.fr/ark:/12148/cb30873305g";"La Bible des poètes, métamorphoze [moralisée par Thomas de Walleys]";"1493";"Paris";"Null";"1493";"In-fol. (Hain-Copinger, 12165.)";"Null";"Null"
"http://data.bnf.fr/ark:/12148/cb30873306t";"La Bible des poètes, métamorphoze [moralisée par Thomas de Walleys]";"1493";"Paris";"Null";"1493";"In-fol.";"Null";"Null"
"http://data.bnf.fr/ark:/12148/cb30892924k";"Martialis, cum duobus commentis Domitii Calderini et Georgii Merulae";"1493";"Venetiis";"per B. de Zanis de Portesio";"1493";"In-fol. (Hain-Copinger, *10823.)";"Null";"Null"
"http://data.bnf.fr/ark:/12148/cb308931071";"S'ensuivent les Vigilles de la mort du feu roy Charles septiesme, à neuf pseaulmes et neuf leçons";"1493";"Paris";"Jean Du Pré";"1493";"Sign. a-p.";"Null";"http://gallica.bnf.fr/ark:/12148/bpt6k70361f"
"http://data.bnf.fr/ark:/12148/cb30905297w";"Hoc in volumine haec continentur : Francisci Maturantii de Componendis carminibus opusculum. Nicolai Perotti de generibus metrorum. Ejusdem de Horatii Flacci ac Severini Boetii metris. Omniboni Vincentini de arte metrica libellus. Servii Mauri Honorati centimetrum";"1493";"Venetiis";"per D. de Mediolano";"1493";"In-4° , 44 ff. n. ch., car. rom. (Hain. *10893.)";"Null";"Null"
"http://data.bnf.fr/ark:/12148/cb39306502n";"Incipit alphabetum divini amoris de elevatione mentis... magistri Johannis Gerson...";"1493";"Null";"Null";"1493";"Sig. A-D8, E4";"Null";"Null"
"http://data.bnf.fr/ark:/12148/cb39306604m";"De imitatione Cristi/ translate de latin en francoys";"1493";"Null";"Null";"1493";"CX-[4] f.";"Null";"Null"
"http://data.bnf.fr/ark:/12148/cb39310262f";"Consequentiae";"1493";"[Paris]";"Félix Baligault";"1493";"In-4 °";"Null";"Null"
"http://data.bnf.fr/ark:/12148/cb39316989v";"Opera bellissima delarte Militar del excellentissimo poeta miser Antonio Cornazano in terza rima.-A la fin: Finisse el libro del arte militar composto per... Antonio Cornazan stampato in Venexia per Maistro Cristophoro. .. A di otto novembrio... MCCCCLXXXXIII";"1493";"Venezia";"Christoforo de'Pensi. - pour Piero Benagli";"1493";"LX-[4] ff. ; in-fol.";"Null";"Null"
"http://data.bnf.fr/ark:/12148/cb393325071";"Les lunettes des Princes";"1493";"Paris";"Jehan Dupré";"1493";"In 4 °, goth.";"Null";"http://gallica.bnf.fr/ark:/12148/bpt6k856269k"
"http://data.bnf.fr/ark:/12148/cb309332929";"Les Lunettes des princes. Vingt-cinq ballades. Commémoration de la passion";"1493";"Nantes";"Étienne Larcher";"1493";"2 vol.";"Null";"http://gallica.bnf.fr/ark:/12148/bpt6k1111000"
"http://data.bnf.fr/ark:/12148/cb309397866";"Sermones de laudibus sanctorum... cum aliquibus tractatibus... preclarissimi sacre theologie doctoris illuminati magistri Francisci de Mayronis...";"1493";"Venetiis";"impressum per P. de Pasqualibus";"1493";"In-4° . (Hain*, 10531.)";"Null";"Null"
"http://data.bnf.fr/ark:/12148/cb30967913p";"Tractatus reprobationis sententie Pilati, auctore A. L. Montalto. - A la fin : Explicit tractatus reprobationis sententie Pilati. Impressum Parisius anno Domini 1493, die vero quarta mensis marcii";"1493";"Paris";"[J. Higman et W. Hopyl pou] E. et G. de Marnef";"1493";"sign. A-G, car. goth.";"Null";"Null"
"http://data.bnf.fr/ark:/12148/cb30971147j";"Tractatus de vera, reali atque mirabili existentia totius Christi in sanctissimo altaris sacramento [a Radulpho de Montfiquet]";"1493";"Paris";"[Pierre Levet pour] Enguilbert et Geoffroy de Marnef";"1493";"Marque des de Marnef au titre";"Null";"Null"
"http://data.bnf.fr/ark:/12148/cb30985179b";"Demetrii Chalcondylae et Manuelis Moschopuli Erotemata. Gregorius Corinthius de Dialectis";"1493";"(Mediolani";"Null";"1493";"In-fol. (Hain-Copinger, 6093.)";"Null";"Null"
"http://data.bnf.fr/ark:/12148/cb31005073x";"Catalogus sanctorum [a Petro de Natalibus editus]";"1493";"Vicentiae";"per H. de Sancto Ursio";"1493";"In-fol. (*Hain-Copinger, n  11676)";"Null";"Null"
"http://data.bnf.fr/ark:/12148/cb400894608";"Meditationes sancti Bernardi";"1493";"[Lyon";"imprimeur du Baldovinus Sabaudiensis (GW 3208)";"1493";"Null";"Null";"Null"
"http://data.bnf.fr/ark:/12148/cb400894561";"Meditationes sancti Bernardi";"1493";"Paris";"Georg Mittelhus";"1493";"Null";"Null";"Null"
"http://data.bnf.fr/ark:/12148/cb310172886";"Die vierundzwanzig golden Harfen, von Bruder Hans Nyder";"1493";"Strasbourg";"M. Scholt";"1493";"In-fol. (Hain, *11854.)";"Null";"Null"
"http://data.bnf.fr/ark:/12148/cb31016784z";"Sophysmata magistri Pauli Veneti. - Fol. 1, r° : titre. - Fol. 1, v° : tabula et registrum. - Fol. 2, r° : Accutissimi ingenii ac subtilissimi sophyste nec non et logici preclarissimi famosissimique doctoris... magistri Pauli Veneti,... sophysmata aurea ac summe perutilia feliciter incipiunt. - Fol. 54, r° : Impressum Venetiis per Bonetum Locatellum Bergomensem, jussu et expensis nobilis viri Octaviani Scoti civis modoetiensis anno domini 1493, XIII kalendas novembres";"1493";"Venetiis";"Null";"1493";"In-fol., 51 ff., marque typ.";"Null";"Null"
"http://data.bnf.fr/ark:/12148/cb310167828";"Quadratura magistri Pauli Veneti";"1493";"Venetiis";"per B. Locatellum";"1493";"In-fol. (Hain, 12521.)";"Null";"Null"
"http://data.bnf.fr/ark:/12148/cb40124865t";"Missale Lausannense";"1493";"Lausanne";"Jean Belot";"1493";"Null";"Null";"Null"
"http://data.bnf.fr/ark:/12148/cb31046937m";"La Bible des poëtes, Métamorphose [d'Ovide moralisée par Thomas Walleys et traduite par Colard Mansion]";"1493";"(Paris";"A. Vérard";"1493";"In-fol., pièces limin. et 184 ff. ch., fig. gravées sur bois. (Hain-Copinger, 12165.)";"Null";"http://gallica.bnf.fr/ark:/12148/btv1b8626777x"
"http://data.bnf.fr/ark:/12148/cb31046601s";"P. Ovidii Metamorphosis cum... Raphaelis Regii enarrationibus...";"1493";"(Venetiis";"impr. per Bernardinum Benalium";"1493";"In-fol. (Hain, *12170.)";"Null";"Null"
"http://data.bnf.fr/ark:/12148/cb310469697";"De remedio amoris";"1493";"Paris";"Félix Baligault";"1493";"[151] p.";"Null";"http://gallica.bnf.fr/ark:/12148/bpt6k71333f"
"http://data.bnf.fr/ark:/12148/cb310551559";"Super libros de Anima [Aristotelis]... Questiones de sensu agente et de sensibilibus communibus ac de intellectu. Item de substantia orbis Joannis de Gandavo, cum questionibus ejusdem";"1493";"Venetiis";"Null";"1493";"In-fol. (Pellechet, 4942";"Null";"Null"
"http://data.bnf.fr/ark:/12148/cb403430801";"Figures";"1493";"[S.l.n.d.]";"Null";"1493";"Null";"Null";"Null"
"http://data.bnf.fr/ark:/12148/cb31062014x";"Tibullus, cum commento Bernardini Veronensi, Catullus, cum commento Antonii Parthenii, et Propertius, cum commento Philippi Beroaldi";"1493";"Venetiis";"Null";"1493";"In-fol. (Hain-Copinger, 4764.)";"Null";"Null"
"http://data.bnf.fr/ark:/12148/cb310945043";"[Triumphi del Petrarcha, col commento di Bernardo Glicino, emendato per Gabriele Bruno. - Sonetti con canzoni di Francescho Petrarcha, con la interpretatione di Francescho Philelpho continuata da Girolamo Squarzafico, castigati per Hieronymo Centone.]";"1493";"Venetia";"Null";"1493";"2 parties en 1 vol. in-fol. (Hain-Copinger, 12774 ; Fiske, p. 81-82.)";"Null";"Null"
"http://data.bnf.fr/ark:/12148/cb40663166p";"Argentina";"1493";"[Nuremberg";"Anthonius Koberger]";"1493";"Vue perspective, gr. sur bois, avec texte sur 1 flle : 620 x 415";"Null";"Null"
"http://data.bnf.fr/ark:/12148/cb31107313j";"Dionis oratio, seu Liber de regno";"1493";"Bononie";"Null";"1493";"In-4° . (Pellechet, 4260.)";"Null";"Null"
"http://data.bnf.fr/ark:/12148/cb406946000";"Hierosolima 15e siècle";"1493";"[Nuremberg";"Anthonius Koberger]";"1493";"Null";"Null";"Null"
"http://data.bnf.fr/ark:/12148/cb31121561x";"Opus quadripartitum... Centum quinquaginta propositiones Almansoris...";"1493";"Venetiis";"Null";"1493";"In-fol. (Hain, *13544.)";"Null";"Null"
"http://data.bnf.fr/ark:/12148/cb31121028q";"Vita Esopi a Maximo Planude scripta. - Fol. A 2 n. s. : Francisco del Tuppo Neapolitano allo illustrissimo honorato de Aragonia Gaitano conte de Fundi, collaterale dello serenissimo re Don Ferando, re de Sicilia, prothonotario et logothetha benemerito felicitate. - Fol. A 3 : Proemio. - A la fin : Clarissimi fabulatoris Esopi vita feliciter finit. Impressum Venetiis per Manfredum de Montefarato de Sustrevo de Bonellis. MCCCC LXXXXIII. die VIII novembris, regnante domino Augustino Barbadico, inclita Venetarum principe";"1493";"Venetiis";"Null";"1493";"In-4° , sign. A-E, car. goth., fig. gravées sur bois";"Null";"Null"
"http://data.bnf.fr/ark:/12148/cb40775347t";"Liber cronicarum";"1493";"Nurembergae";"Anthonius Koberger impressit";"1493";"Null";"Null";"http://gallica.bnf.fr/ark:/12148/btv1b55007146t"
"http://data.bnf.fr/ark:/12148/cb31132776z";"Ant. Mancinelli Carmen de floribus. Carmen de figuris. De Poetica virtute. Vite carmen [à la fin :] Impressum Venetiis, M. CCCC. LXXXXIII, die decembris X. per Joannem de Cereto de Tridino, et la marque de l'imprimeur";"1493";"Venezia";"Giovanni Tacuino";"1493";"Null";"Null";"Null"
"http://data.bnf.fr/ark:/12148/cb31154174h";"Epigrammata sancti Prosperi,... de vitiis et virtutibus ex dictis Augustini";"1493";"Moguntiae";"Null";"1493";"In-4° . (Hain-Copinger, 13422.)";"Null";"Null"
"http://data.bnf.fr/ark:/12148/cb31153969w";"Tibullus, cum commento Bernardini Veronensis, Catullus, cum commento Antonii Parthenii, et Propertius, cum commento Philippi Beroaldi";"1493";"Venetiis";"Null";"1493";"In-fol. (Hain-Copinger, 4764.)";"Null";"Null"
"http://data.bnf.fr/ark:/12148/cb31157052n";"Liber Quadripartiti Ptholemei [a Platone Tiburtino latine versus]. Centiloquium ejusdem. Centiloquium Hermetis. Ejusdem de Stellis beibeniis. Centiloquium Bethem et de horis planetarum. Ejusdem de Significatione triplicitatum ortus. Centum quinquaginta propositiones Almansoris. Zahel de Interrogationibus. Ejusdem de Electionibus. Ejusdem de Temporum significationibus in judiciis. Messahallach de Receptionibus planetarum. Ejusdem de Interrogationibus. Epistola ejusdem, cum duodecim capitulis. Ejusdem de Revolutionibus annorum mundi. - À la fin : Venetiis, per Bonetum Locatellum, impensis nobilis viri Octaviani Scoti, civis Modoetiensis. M.CCCC.LXXXXIII, 13 kalendas januarias";"1493";"Venise";"Null";"1493";"In-fol., car. goth. (Hain, 13544.)";"Null";"Null"
"http://data.bnf.fr/ark:/12148/cb311658517";"M. F. Quintiliani Institutiones oratoriae";"1493";"Venetiis";"Null";"1493";"In-fol. Hain-Copinger, *13652.)";"Null";"Null"
"http://data.bnf.fr/ark:/12148/cb31215602m";"Spiegel der waren Rhetoric";"1493";"Freiburg im Breisgau";"Friedrich Riederer";"1493";"1 vol.";"Null";"Null"
"http://data.bnf.fr/ark:/12148/cb312654770";"Le doctrinal de sapience très utile";"1493";"Genève";"[s.n.]";"1493";"[87] p.";"Null";"http://gallica.bnf.fr/ark:/12148/bpt6k110627m"
"http://data.bnf.fr/ark:/12148/cb31280928c";"L'Ystoire de Eurialus et Lucresse, vrays amoureux";"1493";"[Paris";"pour Antoine Vérard";"1493";"184 p., ill.";"Null";"http://gallica.bnf.fr/ark:/12148/bpt6k70849z"
"http://data.bnf.fr/ark:/12148/cb31288676b";"[Sallustii Opera, cum commento Laurentii Vallensis, Pomponio Laeto edente.]";"1493";"Mediolani";"arte et ingenio M. Scinzenzeller";"1493";"In-fol. (Hain-Copinger, 14225.)";"Null";"Null"
"http://data.bnf.fr/ark:/12148/cb31287642s";"Liber meditationum ac orationum devotarum, qui anthidotarius anime dicitur [N. Saliceto auctore]";"1493";"Nuremberg";"Null";"1493";"Petit in-8° . (Hain, *14163.)";"Null";"Null"
"http://data.bnf.fr/ark:/12148/cb31294562m";"[Commentaria de exceptionibus, de praescriptionibus, de re judicata, de appellationibus, autore Felino Sandeo.]";"1493";"Papiae";"Null";"1493";"In-fol. (Hain, 14297.)";"Null";"Null"
"http://data.bnf.fr/ark:/12148/cb31306545t";"Savonarola De Omnibus mundi balneis";"1493";"Bononie";"Null";"1493";"In-fol. (Hain, *14494 ; B. M., VI, 840-841.)";"Null";"Null"
"http://data.bnf.fr/ark:/12148/cb31311478h";"[Liber chronicarum]";"1493";"Nurenberg";"Anton Koberger pour Sebald Schreyer et Sebastian Kammermeister";"1493";"Ill.";"Null";"Null"
"http://data.bnf.fr/ark:/12148/cb313114802";"Das Buch der Croniken und Geschichten";"1493";"Nuremberg";"Anton Koberger";"1493";"In-fol.";"Null";"Null"
"http://data.bnf.fr/ark:/12148/cb424673068";"[Défet] Epistolae ad familiares. Comm : Hubertinus clericus Crescentinas.";"1493";"Venezia";"Bernardino Benagli";"1493";"[4] f.: premier cahier a seul";"Null";"Null"
"http://data.bnf.fr/ark:/12148/cb424679852";"[Défet] Dives and Pauper";"1493";"London";"Richard Pynson";"1493";"2 fragments des ff. B4 et B5 seuls";"Null";"Null"
"http://data.bnf.fr/ark:/12148/cb42545172s";"Epistola Christofori Colom, de insulis supra Gangem nuper inventis, ad Gabrielem Sanchez missa, quam Leander de Cosco ab hispano idiomate in latinum convertit, tertio kalendas maii 1493";"1493";"[Roma";"Stephan Planck";"1493";"Null";"Null";"Null"
"http://data.bnf.fr/ark:/12148/cb42548532c";"Olivier de Castille et Artus d'Algarbe";"1493";"[Genève";"Louis Cruse";"1493";"Null";"Null";"Null"
"http://data.bnf.fr/ark:/12148/cb42550937g";"Le Martyrologe des fausses langues";"1493";"Paris";"Jean Lambert";"1493";"Null";"Null";"Null"
"http://data.bnf.fr/ark:/12148/cb42557630x";"Le recueil et istoires des repues franches";"1493";"[Paris";"Jean Trepperel";"1493";"[24] ff. signés a-c8";"Null";"Null"
"http://data.bnf.fr/ark:/12148/cb313670499";"Syllius Italicus cum conimentariis Petri Marsi";"1493";"(Venetiis";"per B. Locatellum, sumptibus O. Scoti Modoetiensis";"1493";"In-fol. (Hain, 14741.)";"Null";"Null"
"http://data.bnf.fr/ark:/12148/cb31382052d";"Caii Julii Solini Rerum memorabilium collectaneae";"1493";"Parmae";"impr. per A. Portiliam";"1493";"In-4° . (Hain-Copinger, 14878.)";"Null";"Null"
"http://data.bnf.fr/ark:/12148/cb31419505p";"Suetonius [de Vita Caesarum], cum commentario Philippi Beroaldi";"1493";"Bologna";"Benedetto Faelli";"1493";"Null";"Null";"Null"
"http://data.bnf.fr/ark:/12148/cb31422200n";"L'Orloge de sapience [par Henri Suso], nouvellement imprimée à Paris";"1493";"Paris";"pour Antoine Vérard";"1493";"2 ff. s. ch. n. sign., sign. A-V, car. goth., ill., marque";"Null";"http://gallica.bnf.fr/ark:/12148/btv1b8626779r"
"http://data.bnf.fr/ark:/12148/cb314310889";"Consolatorium theologicum [Johannis de Tambaco]";"1493";"Paris";"Georg Mittelhus";"1493";"signé A à O";"Null";"Null"
"http://data.bnf.fr/ark:/12148/cb31435026q";"[Expositio magistri Petri Tatereti super textu Logices Aristotelis. - Commentaria Petri Tatareti in libros philosophie naturalis et metaphysice Aristotelis.]";"1493";"Poitiers";"Null";"1493";"In-fol. (Hain, 15340)";"Null";"Null"
"http://data.bnf.fr/ark:/12148/cb31443402j";"[Terentii Comoediae sex";"1493";"Lyon";"J. Trechsel";"1493";"Sign. a-z, &, A-Q";"Null";"http://gallica.bnf.fr/ark:/12148/bpt6k70479s"
"http://data.bnf.fr/ark:/12148/cb314457334";"Q. Septimii Florentis Tertulliani Apologeticus adversus gentes";"1493";"Milano";"Ulrich Scinzenzeler";"1493";"Null";"Null";"Null"
"http://data.bnf.fr/ark:/12148/cb31461928j";"In presenti volumine, lector, subscripta reperies Opuscula... Aristotelis [in antiqua translatione], per divini Thome Aquinatis commentaria compendiose exposita : de Sensu et sensato, de Memoria et reminiscentia, de Somno et vigilia [, de Somniis, de Divinatione per somnum], de Motibus animalium, de Longitudine et brevitate vite, de Juventute et senectute, de Respiratione et inspiratione, de Morte et vita, de Bona fortuna, ultimo altissimi Proculi de Causis cum ejusdem S. Thome commentationibus. [Parva hec Aristotelis naturalia cum Sancti Thome Aquinatis expositione... emendata fuere per... Onofrium de Funtana.]";"1493";"Padue";"per H. de Durantis";"1493";"In-fol. (Hain-Copinger, *1719 ; Pellechet, 1216 ; Gesamtkatalog der Wiegendrucke, II, 2430.)";"Null";"Null"
"http://data.bnf.fr/ark:/12148/cb31468547d";"Propertius cum commento [Philippi Beroaldi], Tibullus [cum commento Bernardini Veronensis], Catullusque [cum commento Antonii Parthenii]";"1493";"Venetiis";"per S. Bevilaqua";"1493";"In-fol. (Hain-Copinger, 4764 ; Dibdin, op. cit., I, 301 ; Catalogue of books printed in the XVth century... V, 517-518.)";"Null";"Null"
"http://data.bnf.fr/ark:/12148/cb31474680r";"Deche [1a, 3a e 4a] di Tito Livio, vulgare historiate";"1493";"Venetia";"Z. Vercellese";"1493";"3 tomes en 1 vol. in-fol., car. rom., titre goth., encadr. et fig. gr. sur bois, initiales ornées. (Hain-Copinger, *10149 ; Brit. Mus., Books pr. XVth c., t. V, p. 417 ; Essling, I, n  33 ; Sander, II, n  3997.)";"Null";"Null"
"http://data.bnf.fr/ark:/12148/cb43317301g";"Caroli Verardi Caesenetis Cubicularii Pontifi-//cii in historiam Baeticam ad R. P. Raphaelem // Riarium S. Georgii Diaconum Cardinalem // [A la fin] Impressum Romae per Magistrum Eucha // rium Silber alias Franck Anno Domini // M.CCCC.XCIII Die vero VII Martii. //";"1493";"[S.l.]";"[s.n.]";"1493";"In-4°, 202 x 134 mm";"Null";"Null"
"http://data.bnf.fr/ark:/12148/cb31498606q";"Opus doctrine Scotice Patavii in thomistas discussum sententiis philosophi maxime conveniens, videlicet, Tractatus [A. Trombete] de futuris contingentibus..., [ejusdem] Quolibet metaphysicum... [et] Sententie in explanationem formalitatum... Q. formalitatum alterius aucto...";"1493";"Venetiis";"impensa H. de Paganinis";"1493";"In-fol. (Hain, 15645 ; Br. Mus., Books pr XVth c., t. V, p. 457 ; Van Praet, t. III, n  62.)";"Null";"Null"
"http://data.bnf.fr/ark:/12148/cb31520348m";"La Crónica de España [abreviada... por mossén Diego de Valera]";"1493";"Çaragoça";"a costa de P. Hurus";"1493";"In-fol. (Hain, 15770 ; Haebler, 659.)";"Null";"Null"
"http://data.bnf.fr/ark:/12148/cb43530479r";"Legenda aurea";"1493";"[Lyon";"Matthias Huss]";"1493";"Null";"Null";"Null"
"http://data.bnf.fr/ark:/12148/cb31553049g";"Vergilius cum commentariis quinque videlicet Servii, Landini, Ant. Mancinelli, Donati, Domitii Calderini";"1493";"Venetiis";"Null";"1493";"In-fol. (Copinger, 6072 ; Br. Mus., Books pr. XVth c., V, 432.)";"Null";"Null"
"http://data.bnf.fr/ark:/12148/cb315568033";"Marcellini Verardi,... Fernandus servatus. [Caroli Verardi praefatio.]";"1493";"(Romae";"E. Silber";"1493";"In-4° . (Hain, 15944 ; Br. Mus., Books pr. XVth c., t. IV, p. 114 ; Polain, n  3915.)";"Null";"Null"
"http://data.bnf.fr/ark:/12148/cb315568002";"Caroli Verardi Historia Baetica, seu de Granata expugnata. Marcellini Verardi Elegiae";"1493";"Roma";"Eucharius Silber";"1493";"[40] f. non signés [a-e]8, le premier blanc";"Null";"Null"
"http://data.bnf.fr/ark:/12148/cb315722821";"Rhetoricae veteris et novae libri...";"1493";"Venetiis";"Null";"1493";"In-fol. (Pellechet, 3657.)";"Null";"Null"
"http://data.bnf.fr/ark:/12148/cb31591373h";"Vergilius, cum commentariis quinque, videlicet Servii, Landini, Ant. Mancinelli, Donati, Domitii";"1493";"Venetiis";"per B. de Zanis de Portesio";"1493";"In-fol., marque de Octavius Scotus à la fin. (Copinger, 6072 et *79 ; Br. Mus., Books pr. XVth c., t. V, p. 432 ; Mambelli, 72 ; Goff, p. 623, V-189.)";"Null";"Null"
"http://data.bnf.fr/ark:/12148/cb315919588";"Bucolica, cum commento";"1493";"Null";"Null";"1493";"Sign. a-c8 d4 e8";"Null";"Null"
"http://data.bnf.fr/ark:/12148/cb315921914";"Liber Georgicorum Virgilii cum commento familiari.";"1493";"Null";"Null";"1493";"Sign. a-m8 n4";"Null";"Null"
"http://data.bnf.fr/ark:/12148/cb316069025";"Reverendissimi fratris Jacobi de Voragine,... Sanctorum ac festorum per totum annum liber incipit";"1493";"Venetiis";"per M. de Monteferato";"1493";"In-4° . (Copinger-Reichling, 6460 ; Brit. Mus., Books pr. XVth c., t. V, p. 503 ; Goff, J-131";"Null";"Null"
"http://data.bnf.fr/ark:/12148/cb316069323";"La vie des saints en francoys [par Jacques de Voragine. Trad. Jean de Vignay. Éd. Jean Battalier]";"1493";"Paris";"pour Antoine Vérard";"1493";"Null";"Null";"http://gallica.bnf.fr/ark:/12148/bpt6k9909876"
"http://data.bnf.fr/ark:/12148/cb31606906j";"Legendae sanctorum quas collegit in unum frater Jacobus de Voragine ...";"1493";"[Lyon]";"[imprimeur de Guido, Casus longi (C 1488)?]";"1493";"signé a-f⁽8, g⁽6, h-z⁽6⁽/⁽8, A-K⁽6⁽/⁽8";"Null";"Null"
"http://data.bnf.fr/ark:/12148/cb31656116p";"De Triplici candore Mariae ad reverendissimum D. Bertholdum Hennenbergensem archiepiscopum Maguntinum et principem sacrosancti Ro. Imperii electrorem";"1493";"[Speyer";"Konrad Hist";"1493";"[36] ff. : un cahier non signé de 6 ff, puis signé a-e6";"Null";"Null"
"http://data.bnf.fr/ark:/12148/cb316996812";"In presenti volumine lector subscripta reperies Opuscula... Aristotelis per... commentaria... exposita : de Sensu et Sensata, de Memoria et reminiscentia...";"1493";"Padue";"Null";"1493";"Null";"Null";"Null"
"http://data.bnf.fr/ark:/12148/cb31827853s";"Tractatus sacerdotalis de sacramentis, deque divinis officiis et eorum administrationibus";"1493";"Strasbourg";"Martin Flach";"1493";"[126] ff.";"Null";"Null"
"http://data.bnf.fr/ark:/12148/cb31831262v";"Boetius de Consolatione philosophie nec non de disciplina scholarium cum commento sancti Thome. 'A la fin, avant la table' : Finit Boetius de consolatu philosophico cum commento sancti Thome, impressus Lugduni per Johannem de Prato, anno Domini M.CCCC.XCIIJ die sexta martii";"1493";"Lugduni";"Null";"1493";"Null";"Null";"Null"
"http://data.bnf.fr/ark:/12148/cb318386948";"Stimulus // divini amoris devotissimus a sancto iohanne // bonaventure editus... et correctus pereximium... professorem magistrum Johannem Quentin...";"1493";"(à la fin)... Parisiis im // pressus Impensisque Georgii Mittelhus anno Dominice incarnationis Millesimo // CCCCXCIII. Mensis Aprilis. Dic IIII. In-8°, sign. A. Q8-R6, car. goth.";"Null";"1493";"Null";"Null";"Null"
"http://data.bnf.fr/ark:/12148/cb31849661r";"Casus longi Bernardi // super Decretales. - (A la fin :) Expliciunt Casus lon//gi cum notabilibus domini Bernardi super // quinque libros Decretalium, impressi Argen//tine, anno Domini M.CCCC.LXXXXIII, finiti in // vigilia sancti Bartholomei apostoli";"1493";"Strasbourg";"Null";"1493";"Null";"Null";"Null"
"http://data.bnf.fr/ark:/12148/cb31930656z";"Ordonnances royaulx. - (Fol. 2 :) Sequentes articuli ad reque//stam procuratoris generalis domini nostri // regis extracti sunt ab ordinationibus regiis // undecima die jullii anno millesimo CCCC nona//gesimo tercio, eodem domino nostro rege in sua // parlamenti curia sedente, lectis, publicatis // et registratis, ex ipsius domini et dicte sue curie // ordinatione apud seneschallum et judicem An//degavensem... // ... transmittendi. - Sur la dernière page, marque de Jean de La Tour";"1493";"Angers";"Null";"1493";"Null";"Null";"Null"
"http://data.bnf.fr/ark:/12148/cb31953241z";"Introductiones in diversos metaphysicorum Aristotelis libros J. Fabro Stabulensi autore, Jodoco Clichtoveo edente";"1493";"Parisiis, (J. Higman)";"Null";"1493";"Null";"Null";"Null"
"http://data.bnf.fr/ark:/12148/cb323482939";"[Triumphi del Petrarcha, col commento di Bernardo Glicino, emendato per Gabriele Bruno. - Sonetti con canzoni di Francesco Petrarcha, con le interpretatione di Francesco Petrarcha continuata da Girolamo Squarzafico castigati per Hieronymo Centone.]";"1493";"Venetia";"Null";"1493";"Null";"Null";"Null"
"http://data.bnf.fr/ark:/12148/cb32422554j";"[Silii Italici Punicorum libri XVII, cum Petri Marsi interpretatione et commentariis. Accedunt vita auctoris et Belli punici II. compendium.]";"1493";"Venetiis";"Null";"1493";"Null";"Null";"Null"
"http://data.bnf.fr/ark:/12148/cb324437793";"Martialis cum duobus commentariis...";"1493";"Venetiis, per Bartholameum de Zanis";"Null";"1493";"Null";"Null";"Null"
"http://data.bnf.fr/ark:/12148/cb32596841m";"Quadripartiti liber";"1493";"Venetis";"Null";"1493";"Null";"Null";"Null"
"http://data.bnf.fr/ark:/12148/cb32609376x";"Cronica Cronicarum ab Initio Mundi...";"1493";"Norumbergae";"Null";"1493";"Null";"Null";"http://gallica.bnf.fr/ark:/12148/btv1b8490060t"
"http://data.bnf.fr/ark:/12148/cb33179097s";"Solinus. De Mirabilibus mundi";"1493";"Venezia";"[Guilelmo Anima Mia]";"1493";"Null";"Null";"Null"
"http://data.bnf.fr/ark:/12148/cb33276901v";"Le Kalendrier des bergers";"1493";"Paris";"Guy Marchant";"1493";"[90] f. n. ch.";"Null";"http://gallica.bnf.fr/ark:/12148/bpt6k1110483"
"http://data.bnf.fr/ark:/12148/cb334264969";"Thomas a Kempis. Imitatio Christi";"1493";"Null";"Null";"1493";"[166] f. (sig. [A*]6, B-X8)";"Null";"Null"
"http://data.bnf.fr/ark:/12148/cb33443120x";"(Fol. 1 recto : Titre :) Le Jouuencel // - (Fol. 2 recto :) (a) U // com//man//ce//ment // Du monde apres // que Dieu eust crée // lomme... // - (A la fin :) Cy finist le Jouvencel Imprime a paris le XXVII jour // de mars mil quatre cens iiii. vingz et treze par antoi//ne verard libraire demourant a paris... //";"1493";"Paris";"Antoine Vérard";"1493";"98 ff. chiffrés";"Null";"http://gallica.bnf.fr/ark:/12148/btv1b86000617"
"http://data.bnf.fr/ark:/12148/cb33449022s";"De Laudibus Beatae Mariae Virginis libri XII";"1493";"Strasbourg";"Martin Flach";"1493";"Null";"Null";"Null"
"http://data.bnf.fr/ark:/12148/cb33488437h";"Le mirouer dor de lame pecheresse. (A la fin :) Cy fine le traictie nōme le mirouer dor de lame pecheresse trāslate en paris de latin en francoys et corrige au dict lieu ainsi quil appert au cōmencement diceluy";"1493";"[Paris]";"Antoine Caillaut";"1493";"[40] feuillets";"Null";"Null"
"http://data.bnf.fr/ark:/12148/cb335281488";"Maistre Pierre pathelin";"1493";"Paris";"Jean Trepperel";"1493";"[42] ff., sign. A.-f.";"Null";"http://gallica.bnf.fr/ark:/12148/bpt6k717148"
"http://data.bnf.fr/ark:/12148/cb33538341m";"Pierre de Provence";"1493";"Paris";"Jean Trepperel";"1493";"76 p.";"Null";"http://gallica.bnf.fr/ark:/12148/bpt6k202754b"
"http://data.bnf.fr/ark:/12148/cb337155401";"Arrêt (de Parlement) par lequel est déclaré le droit de péage sur les rivières de Loire et Vienne, au lieu de Montsoreau, à cause des vins passant par ledit péage";"1493";"(Orléans)";"(Hotot)";"1493";"8°";"Null";"Null"
"http://data.bnf.fr/ark:/12148/cb33715536s";"Arrêt (de Parlement) touchant le droit de péage et commandise du sel, qui se paiera par les marchands conduisant sel par les limites de la péagerie de Tours, soit par terre ou par eau";"1493";"(Orléans)";"(Hotot)";"1493";"8°";"Null";"Null"
"http://data.bnf.fr/ark:/12148/cb33715539t";"Arrest (du parlement) par lequel est declaré le droict de peage sur les rivieres de Loire et Vienne, au lieu de Montsoreau, à cause des vins passans par ledict peage, lesquels payeront par maniere de provision, et ce jusques autrement en soit ordonné";"1493";"(S. l.)";"Null";"1493";"In-8°, 4 p.";"Null";"Null"
"http://data.bnf.fr/ark:/12148/cb33715535f";"Arrest (du parlement) touchant le droict de peage et commandise du sel qui se payera... par les marchans passans et conduisans sel par les destroicts... et limittes de la peagerie de Tours, soit par terre ou par eaue";"1493";"(S. l. n. d.)";"Null";"1493";"In-8°, 3 p.";"Null";"Null"
"http://data.bnf.fr/ark:/12148/cb33764862z";"Casus papales, episcopales et abbatiales, omnibus et praesertim sacerdotibus, religiosis et clericis perutiles ...";"1493";"[Paris]";"Laurent Phillipe";"1493";"In-8°. Pièce";"Null";"http://gallica.bnf.fr/ark:/12148/btv1b7300229s"
"http://data.bnf.fr/ark:/12148/cb33785089f";"Statuta sinodalia diocesis matisconensis...";"1493";"Mâcon";"Null";"1493";"32 f.";"Null";"Null"
"http://data.bnf.fr/ark:/12148/cb33806312f";"Cōfraternitas dolorū // beatis sime virginis marie Autore domino // Philippo archiduce austrie... nouissime erecta. (au r° du 11e ft) Sequitur officium // de dolorib' seu cōpas // sione btīssime V́ginis // marie...";"1493";"[Anvers]";"[Govaert Bac]";"1493";"Pièce, car. got. avec sign., sans pagination, 35-36 lignes";"Null";"Null"
"http://data.bnf.fr/ark:/12148/cb338103304";"Ordonnances royaulx. - Fol. 2 : Sequentes articuli ad requestam procuratoris generalis domini nostri regis extracti sunt ab ordinationibus regiis undecima die jullii anno millesims CCCC nonagesimo tercio, eodem domino nostro rege in sua Parlamenti curia sedente lectis, publicatis et registratis, ex ipsius domini et dicte sue curie ordinatione apud seneschallum et judicem andegavensem... transmittendi. - A la fin : Actum in Parlamento sedecima die novembris, anno millesimo CCCC nonagesimo tercio";"1493";"(Angers";"Null";"1493";"In-8°, car. goth., 8 ff., marque typ. de Jean de la Tour au verso du dernier feuillet";"Null";"Null"
"http://data.bnf.fr/ark:/12148/cb33810329x";"Ordonnances royaulx. - Fol. 2 : Sequentes articuli ad requestam procuratoris generalis domini nostri regis extracti sunt ab ordinationibus regiis, undecima die jullii anno millesimo CCCC nonagesimo tercio, eodem domino nostro rege in sua Parlamenti curia sedente, lectis, publicatis et registratis, ex ipsius domini et dicte sue curie ordinatione apud seneschalos, ballivos, judices totius regni... transmittendi. - A la fin : Actum in Parlamento sedecima die novembris anno Domini millesimo CCCC nonagesimo tercio";"1493";"(Angers";"Null";"1493";"In-8°, car. goth., 8 ff., marque typ. de Jean de la Tour au verso du dernier feuillet";"Null";"Null"
"http://data.bnf.fr/ark:/12148/cb338103277";"(Édit du Roi portant exemption en faveur des habitants de Tours de toutes tailles, aides, subsides et impositions, équivalant aux aides et autres charges quelconques.)";"1493";"(S. l. n. d.)";"Null";"1493";"In-4°, 4 p.";"Null";"Null"
"http://data.bnf.fr/ark:/12148/cb33810331g";"Ordonnance (du Roi) portant que les debentur des officiers du Parlement seront registrés en la Chambre des comptes de Paris";"1493";"(S. l. n. d.)";"Null";"1493";"In-4°, 7 p.";"Null";"Null"
"http://data.bnf.fr/ark:/12148/cb356436903";"Tractatus de sphera";"1493";"[Parisiis]";"Georgius Mittelhus";"1493";"[14] f., sign. A⁶, B⁸";"Null";"Null"
"http://data.bnf.fr/ark:/12148/cb35951101h";"Prima [-tertia] pars Postilla fratris Nicolai de Lyra...";"1493";"Null";"Null";"1493";"4 parties";"Null";"Null"
"http://data.bnf.fr/ark:/12148/cb359510137";"Le traicté de la paix faicte entre le Treschrestien Roy de France/ et le roy dangleterre";"1493";"Null";"Null";"Null";"6 ff. signés a6";"http://data.bnf.fr/ark:/12148/cb119418186";"http://gallica.bnf.fr/ark:/12148/bpt6k1050555"
"http://data.bnf.fr/ark:/12148/cb35951014k";"Ou [sic] nom & a la louenge de Dieu le pere/ le fils & le Saint Esprit... Bonne paix/ union...";"1493";"Null";"Null";"Null";"12 ff. signés a-b6";"Null";"Null"
"http://data.bnf.fr/ark:/12148/cb36043967h";"Liber Quadripartiti Ptholemei [a Platone Tiburtino latine versus]...";"1493";"Venise";"[s.n.]";"1493";"152 f.";"Null";"Null"
"http://data.bnf.fr/ark:/12148/cb363939196";"Les rues et les eglises de la ville de paris avec la despense qui se fait par chascun jour";"1493";"Null";"Null";"1493";"11-[1 bl.] f.";"Null";"Null"
