id;title;date;place;publisher;firstyear;description;subject;gallica
"http://data.bnf.fr/ark:/12148/cb30007490z";"Compendium theologicae veritatis, per Albertum Magnum";"1492";"Venezia";"Simone Bevilacqua";"1492";"Null";"Null";"Null"
"http://data.bnf.fr/ark:/12148/cb30007691v";"Quaestiones Alberti de Saxonia in libros de Caelo et mundo Aristotelis, emendatae per Hieronymum Surianum";"1492";"Venetiis";"arte B. de Locatellis, impensa O. Scoti";"1492";"In-fol. (Pellechet, 387.)";"Null";"Null"
"http://data.bnf.fr/ark:/12148/cb300074783";"Albertus der Grosz, von der Anhangung Gottes, zu deutsch";"1492";"(S. l.,)";"Null";"1492";"In-8° . (Pellechet, 272.)";"Null";"Null"
"http://data.bnf.fr/ark:/12148/cb300067133";"Les paraboles maistre Alain en françois";"1492";"Paris";"Antoine Vérard";"1492";"[100] ff.";"Null";"http://gallica.bnf.fr/ark:/12148/bpt6k1106411"
"http://data.bnf.fr/ark:/12148/cb30006709v";"Alanus de Maximis theologie, seu Regule celestis juris vel Maxime theologie magistri Alani Porretani";"1492";"[Basel";"Jacob Wolff";"1492";"Null";"Null";"Null"
"http://data.bnf.fr/ark:/12148/cb300099094";"Doctrinale, cum commento Ludovici de Guaschis";"1492";"Venetiis";"per S. Papiensem alias Bevilaqua";"1492";"In-4°";"Null";"Null"
"http://data.bnf.fr/ark:/12148/cb30015727r";"Divi Ambrosii Opera omnia [Ed. Joh. de Lapide.]";"1492";"Basileae";"J. de Amerbach";"1492";"3 vol. in-fol. (Pellechet, 579.)";"Null";"Null"
"http://data.bnf.fr/ark:/12148/cb30020845z";"Summa angelica de casibus conscientiae, compilata per fratrem Angelum de Clavasio, cum praefatione Hieronymi Tornieli";"1492";"Venetiis";"per G. de Arrivabenis";"1492";"In-8°";"Null";"Null"
"http://data.bnf.fr/ark:/12148/cb30019902x";"Scriptum Antonii Andreae super Arte veteri Aristotelis et Divisionibus Boetii, emendatum per Joannem Mariam Mapellum";"1492";"Venetiis";"per O. Scotum";"1492";"In-fol. (Pellechet, 632.)";"Null";"Null"
"http://data.bnf.fr/ark:/12148/cb30021330s";"Aniani Compotus cum commento";"1492";"Lyon";"Johannes Fabri [pour Matthias Huss]";"1492";"Null";"Null";"Null"
"http://data.bnf.fr/ark:/12148/cb300257049";"Santis Ardoyni liber de venenis, a Dominico de Canali in lucem editus";"1492";"Venetiis";"impressum impensis Joannis Dominici de Nigro, opera Bernardini Ricii";"1492";"In-fol. (Pellechet, 1108.)";"http://data.bnf.fr/ark:/12148/cb12651597b";"Null"
"http://data.bnf.fr/ark:/12148/cb30027722q";"Politicorum libri VIII, ex versione Leonardi Aretini, cum commentariis D. Thomae Aquinatis et conclusionibus Fr. Ludovici Valentiae";"1492";"Romae";"per E. Silber, alias Franck";"1492";"In-fol. (Hain-Copinger, 1768, Pellechet, 1259.)";"Null";"Null"
"http://data.bnf.fr/ark:/12148/cb30045581m";"Silvae morales... in XII libellos divisae...";"1492";"Lugduni";"Null";"1492";"In-4° . (Hain, *15191.)";"Null";"Null"
"http://data.bnf.fr/ark:/12148/cb30045885t";"Sebastiani Baduarii, equitis patritii et senatoris Veneti, illustrissime Venetorum Reipublicae oratoris, ad Alexandrum VI, Pontificem Max., in prestanda obedientia. (Die 17 decembris 1492.)";"1492";"[Roma";"Andreas Fritag";"1492";"Null";"Null";"Null"
"http://data.bnf.fr/ark:/12148/cb30045884g";"Sebastiani Baduarii, equitis patritii et senatoris Veneti, illustrissime Venetorum Reipublicae oratoris, ad Alexandrum VI, Pontificem Max., in prestanda obedientia. (Die 17 decembris 1492.)";"1492";"[Roma";"Stephan Planck";"1492";"Null";"Null";"Null"
"http://data.bnf.fr/ark:/12148/cb300489478";"Summa quae vocatur Catholicon edita a fratre Johanne de Janua (Balbi)";"1492";"(Argentinae)";"Null";"1492";"In-fol. (Pellechet, 1697.)";"Null";"Null"
"http://data.bnf.fr/ark:/12148/cb30062208d";"De Proprietatibus rerum fratris Bartholomaei Anglici, de Ordine Fratrum minorum";"1492";"Nürnberg";"Anton Koberger";"1492";"Null";"Null";"Null"
"http://data.bnf.fr/ark:/12148/cb30062214b";"Le Propriétaire en françoys, par Barthélemy de Glanville. Traduction de Jean Corbichon, revue par Pierre Ferget";"1492";"Lyon";"Matthias Huss";"1492";"Null";"Null";"Null"
"http://data.bnf.fr/ark:/12148/cb30089976x";"Divi Bernardi abbatis ad sororem Modus bene vivendi in christianam religionem";"1492";"Venetiis";"B. Benalius";"1492";"In-8° . (Pellechet, 2139.)";"Null";"Null"
"http://data.bnf.fr/ark:/12148/cb30089948p";"Floretus S. Bernardi";"1492";"(Coloniae, H. Quentell.)";"Null";"1492";"In-4° . (Pellechet, 2168.)";"Null";"Null"
"http://data.bnf.fr/ark:/12148/cb30090019n";"Sermones S. Bernardi super Cantica canticorum";"1492";"Pavia";"Nicolò Girardengo";"1492";"Null";"Null";"Null"
"http://data.bnf.fr/ark:/12148/cb30116734f";"Decamerone, over cento novelle del Boccaccio";"1492";"Venetia";"impr. per Giovanni et Gregorio de' Gregorii";"1492";"In-fol., fig. (Pellechet, 2442.)";"Null";"Null"
"http://data.bnf.fr/ark:/12148/cb30118400s";"Boetii de disciplina scholarium cum commento";"1492";"Daventriae";"per Jacobum de Breda";"1492";"In-4° . (Pellechet, 2561.)";"Null";"Null"
"http://data.bnf.fr/ark:/12148/cb301254546";"Fol. a 1 : Incominciano le devote meditatione sopra la passione del Nostro Signore Jesu Christo, cavate et fundate originalmente sopra sancto Bonaventura, cardinale del ordine minore, sopra Nicolao de Lira... - A la fin : Finisse le devote meditatione del Nostro Signore impresse in Venetia per Matheo de Parma... del M CCCC L XXXX II a dì X de marzo. Finis";"1492";"Venetiis";"Null";"1492";"In-4° , car. rom., sign. a-e, 39 l., fig. sur bois";"Null";"Null"
"http://data.bnf.fr/ark:/12148/cb30134940v";"Chronica Bossiana";"1492";"Mediolani";"per A. Zarotum";"1492";"In-fol. (Hain-Copinger, *3667.)";"Null";"Null"
"http://data.bnf.fr/ark:/12148/cb301646770";"Historia de origine urbis Venetiarum...";"1492";"Venetiis";"Null";"1492";"In-fol. (Hain, *9638.)";"Null";"Null"
"http://data.bnf.fr/ark:/12148/cb301705022";"Trionfi";"1492";"(S. l.,)";"Null";"1492";"In-fol.";"Null";"Null"
"http://data.bnf.fr/ark:/12148/cb30170119p";"L'Aquila volante, composta per Leonardo Aretino";"1492";"Neapoli";"Ayolfus de Canthono";"1492";"In-fol. (Pellechet, 1125.)";"Null";"Null"
"http://data.bnf.fr/ark:/12148/cb301701577";"Le Historie fiorentine (da Leonardo Aretino, tradocte in lingua thoscana da Donato Acciaiuoli)";"1492";"Firenze";"Bartholomeo P. Fiorentino";"1492";"In-fol. (Pellechet, 1116.)";"Null";"Null"
"http://data.bnf.fr/ark:/12148/cb30195628n";"Sermones quadragesimales fratris Michaelis F. de Mediolano (Carcani) de decem preceptis";"1492";"Venetiis";"per J. et G. de Gregoriis";"1492";"In-4° . (Hain-Copinger, *4504)";"Null";"Null"
"http://data.bnf.fr/ark:/12148/cb302067274";"Catonis Disticha de moribus, latine et germanice";"1492";"Augsburg";"H. Bämler";"1492";"In-4° . (Hain*, 4745.)";"Null";"Null"
"http://data.bnf.fr/ark:/12148/cb30206713f";"Le Cathon en françois";"1492";"Lyon";"[Jean de Vingle]";"1492";"In-4";"Null";"Null"
"http://data.bnf.fr/ark:/12148/cb30206074q";"Jo. Lucidi Catanei, ad Alexandrum VI, Pont. Max., oratio habita die quinta novembris 1492";"1492";"Romae";"E. Silber";"1492";"In-4° , 7 ff. (Hain-Copinger, *4683.)";"Null";"Null"
"http://data.bnf.fr/ark:/12148/cb302093659";"Anterotica, seu de Amoris generibus, auctore Petro Haedo, id est Cavretto";"1492";"Tarvisii";"per G. de Flandria";"1492";"In-4° . (Hain, *8343.)";"Null";"Null"
"http://data.bnf.fr/ark:/12148/cb302109054";"L'Acerba di Cecco d'Ascoli";"1492";"Venetiis";"per T. de Piasis";"1492";"In-4° . (Pellechet, 3463.)";"Null";"Null"
"http://data.bnf.fr/ark:/12148/cb30237996c";"Leonelli Chieregati oratio habita Rome in funere Innocentii pape VIII";"1492";"(Romae";"E. Silber";"1492";"In-4° . (Pellechet, 3551 A.)";"Null";"Null"
"http://data.bnf.fr/ark:/12148/cb30237997q";"Leonelli Chieregati oratio habita Rome in funere Innocentii pape VIII";"1492";"(Romae";"S. Plannck.)";"1492";"In-4° . (Pellechet, 3552.)";"Null";"Null"
"http://data.bnf.fr/ark:/12148/cb30237714n";"Hieronymi Clarii casus breves super Institutiones";"1492";"Paris";"Michel Tholoze";"1492";"Null";"Null";"Null"
"http://data.bnf.fr/ark:/12148/cb30244325p";"M. Tullii Ciceronis Paradoxa, cum novis commentariis Friderici de Kitscher";"1492";"Lipsiae";"Null";"1492";"In-4° . (Pellechet, 3772.)";"Null";"Null"
"http://data.bnf.fr/ark:/12148/cb30266253j";"La Bella Mano, da Giusto de' Conti";"1492";"Venetia";"per T. di Piasi";"1492";"In-4° . (Hain. 5545.)";"Null";"Null"
"http://data.bnf.fr/ark:/12148/cb30343986g";"Oratio de Ilii captivitate, interprete Francisco Philelpho";"1492";"Cremonae";"Bernardus de Misintis";"1492";"In-4° . (Pellechet, 4262.)";"Null";"Null"
"http://data.bnf.fr/ark:/12148/cb30377636p";"Quaestiones Johannis Duns Scoti super Universalibus Porphyrii et super libris praedicamentorum et Perihermeneias Aristotelis. Accedunt Andreas Antonius, Quaestiones super sex principiis Gilberti Porretani ; Johannes Anglicus, Expositiones super quaestionibus Joh. Scoti de Universalibus";"1492";"Venetiis";"Null";"1492";"In-fol. (Pellechet, 4474.)";"Null";"Null"
"http://data.bnf.fr/ark:/12148/cb303776251";"Scotus pauperum super quatuor libris sententiarum [par Guillelmum de Gorris]";"1492";"[Speyer";"Peter Drach";"1492";"206 ff. signés a-c8, d-e6, f-h8, i-l6, m-n8, o-p6, q-r8, s-t6, v-x8, y-z6, aa-cc8, dd-ee6, ff8, le dernier f. blanc";"Null";"Null"
"http://data.bnf.fr/ark:/12148/cb30406054f";"Aesopus moralisatus, cum bono commento, quod incipit : Grecia, disciplinarum mater";"1492";"(S. l.)";"Null";"1492";"In-4° . (Pellechet, 215.)";"Null";"Null"
"http://data.bnf.fr/ark:/12148/cb30427308r";"Fenestella, de Romanorum magistratibus";"1492";"[Firenze";"Bartolomeo de' Libri";"1492";"Null";"Null";"Null"
"http://data.bnf.fr/ark:/12148/cb304343234";"Opera omnia";"1492";"Florentiae";"Null";"1492";"In-fol. (Hain, 13121.)";"Null";"Null"
"http://data.bnf.fr/ark:/12148/cb30435567j";"Epistolae Joannis Marii Philelphi. Ludovicus Mondellus edidit";"1492";"Venezia";"Giovanni Tacuino";"1492";"Null";"Null";"Null"
"http://data.bnf.fr/ark:/12148/cb30435553v";"Orationes Francisci Philelphi, cum quibusdam aliis opusculis [traductione Aristotelis rethoricae ; Plutarchi apophthegmatum ad Trajanum ; Plutarchi apophthegmatum laconicorum ; Introductorio Galeni ad medicinam ex editione et translatione Georgii Vallae]";"1492";"Venetiis";"per P. de Pinzis";"1492";"In-fol. (Hain, 12924.)";"Null";"Null"
"http://data.bnf.fr/ark:/12148/cb30449465r";"Supplementum chronicarum Jacobi Philippi Bergomensis";"1492";"Venetiis";"per B. Rizum de Novaria";"1492";"In-fol. (Pellechet, 2068.)";"Null";"Null"
"http://data.bnf.fr/ark:/12148/cb304735389";"Theorica musicae, auctore F. Gafurio";"1492";"Mediolani";"per Philippum Mantegatium";"1492";"In-fol. (Pellechet, 4948.)";"Null";"Null"
"http://data.bnf.fr/ark:/12148/cb30501542s";"J. Gerson. Traité des dix commandements de la Loi. Traité pour connaître quel est le péché mortel ou véniel. Examen de conscience. Comment se doit faire confession. A B C des simples gens. Science de bien mourir";"1492";"Paris";"Jean Trepperel";"1492";"[50] ff. signés a-e8, f10, le 1er et le dernier sans doute blancs";"Null";"Null"
"http://data.bnf.fr/ark:/12148/cb30538094z";"Pastoralis sancti Gregorii pape";"1492";"Venezia";"Girolamo de' Paganini";"1492";"[56] ff. signés A-G8, le dernier f. G8 blanc";"Null";"Null"
"http://data.bnf.fr/ark:/12148/cb305381393";"Nova compilatio Decretalium Gregorii IX [cum glossa Bernardi Bottoni]";"1492";"Lyon";"Jean Du Pré";"1492";"[308] ff. signés a-z-8,τ8, c[renversé]8, R8, A-M8, [N]4";"Null";"Null"
"http://data.bnf.fr/ark:/12148/cb305380076";"Sancti Gregorii Magni Dialogorum libri quattuor";"1492";"Venezia";"Girolamo de' Paganini";"1492";"[80] ff. signés A4, a-i8, k4, le dernier f. k4 blanc";"Null";"Null"
"http://data.bnf.fr/ark:/12148/cb30557694s";"La Cirurgie de maistre Guillaume de Salicet [traduite du latin par Nicole Prevost]";"1492";"Lyon";"Matthias Huss";"1492";"[132] ff. signés a-p8, q-r6";"Null";"http://gallica.bnf.fr/ark:/12148/btv1b8624595j"
"http://data.bnf.fr/ark:/12148/cb305622800";"Postillae... T. III";"1492";"Argentinae";"Null";"1492";"4 vol. in-fol. (Hain, 3169.)";"Null";"Null"
"http://data.bnf.fr/ark:/12148/cb368120813";"Breviarium Parisiense";"1492";"Paris";"Georg Wolf";"1492";"6 parties, 8 °, ill.";"Null";"Null"
"http://data.bnf.fr/ark:/12148/cb36814228p";"Missale Romanum";"1492";"Brescia";"Angelo et Jacopo de'Britannici";"1492";"2 °, ill., musique";"Null";"Null"
"http://data.bnf.fr/ark:/12148/cb36817481d";"Missale Frisingense. - (Titre de départ au haut du fol. I :) Incipit ordo missalis secundum bre//viarium chori ecclesie Frisingensis. - (Titre final, fol. CCLXXIIII :) Liber missalis impressus per ma//gistrum Erhardum Ratdolt de // Augusta, anno Domini M. CCCC. XCII, kalendis vero aprilis XVI";"1492";"[Augsbourg]";"Null";"1492";"In-folio, 275 feuillets, plus la partie liminaire. Caractères gothiques. A deux colonnes";"Null";"Null"
"http://data.bnf.fr/ark:/12148/cb36817016v";"(À la fin :) Ces presentes heures a lusage de Rou//en furent achevées le. xi. iour de mars. // Lan Mil. CCCC, quattre. XX. et. XII. Pour Pierre regnault... de Caen...";"1492";"Caen";"pour Pierre Regnault";"1492";"8 °. Imp. sur Vélin";"Null";"Null"
"http://data.bnf.fr/ark:/12148/cb36819254f";"Breviarium Parisiense";"1492";"Paris";"Jean Du Pré";"1492";"7 parties, 2 °, ill.";"Null";"Null"
"http://data.bnf.fr/ark:/12148/cb368196389";"Breviarium Rothomagense. Pars hiemalis. (à la fin :) Explicit tempus hyemale ; secundum usum Rothomageñ ecclesie impressum Ro//thomagi per Johannem // burgeñ... 1492";"1492";"Rouen";"Jean Le Bourgeois";"1492";"In-8 °";"Null";"Null"
"http://data.bnf.fr/ark:/12148/cb368205789";"Ordinarius Leodiensis";"1492";"Köln";"Ludwig von Renchen, die Iohannis crisostomi";"1492";"4 °, ill.";"Null";"Null"
"http://data.bnf.fr/ark:/12148/cb368247764";"[Horae ad usum Romanum.]";"1492";"Napoli";"Matthias Moravus";"1492";"16 °, ill.";"Null";"Null"
"http://data.bnf.fr/ark:/12148/cb30601066k";"Liber georgicorum Hesiodi";"1492";"Deventer";"Jacobus de Breda";"1492";"33 p.";"Null";"http://gallica.bnf.fr/ark:/12148/bpt6k71758w"
"http://data.bnf.fr/ark:/12148/cb30600582z";"Exercitium dominice passionis secundum articulos distinctum, et expositiones varie dominice orationis necnon salutationis angelice breves et utiles valde, cum quibusdam orationibus devotis et pulcherrimis. - A la fin : Finit collectum venerabilis et devoti patris domini Theoderici de Herxen, anno ab incarnatione Domini 1492, secunda maii";"1492";"(Deventer";"R. Paffroet,)";"1492";"In-8° , car. goth. (Hain, 8533 ; Campbell, 1652.)";"Null";"Null"
"http://data.bnf.fr/ark:/12148/cb30616429w";"Horatius, cum commentariis Ant. Mancinelli, Acronis, Porphyrionis, Christophori Landini";"1492";"Venetiis";"impr. a Ph. Pincio Mantuano";"1492";"In-fol. (Hain-Copinger, 8888.)";"Null";"Null"
"http://data.bnf.fr/ark:/12148/cb30635360x";"Malleus maleficarum, per Henricum Institoris et Jacobum Sprengerum";"1492";"(Spirae";"P. Drach";"1492";"In-4° , (Hain, *9240.)";"Null";"Null"
"http://data.bnf.fr/ark:/12148/cb306504178";"Joannis de Verdena Sermones dominicales de tempore, cum expositionibus Evangeliorum, et de sanctis, Dormi secure nuncupati";"1492";"Lugduni";"per M. Huss";"1492";"In-8° . (Hain-Copinger, *15963.)";"Null";"Null"
"http://data.bnf.fr/ark:/12148/cb30660850d";"Josephus, De la bataille judaïque";"1492";"Paris";"[Jean Maurand] pour Antoine Vérard";"1492";"CCLIX f.";"Null";"http://gallica.bnf.fr/ark:/12148/bpt6k1112883"
"http://data.bnf.fr/ark:/12148/cb30662171x";"Guidonis Juvenalis,... In latine lingue elegantias tam a Laurentio Valla quam a Gelio memorie proditas interpretatio dilucida, thematis creberrime adhibitis. - A la fin, avant la table : Fuerunt autem transcripti in continentibus edibus atque confinio collegii belvacensis, opere et auspiciis Felicis Balligault,... et die XXVIII octobris 1492";"1492";"[Paris]";"Félix Baligault";"1492";"Sign. a-s";"Null";"Null""http://data.bnf.fr/ark:/12148/cb30732322t";"Formulario de epistole vulgare missive et responsive et altri fiori de ornati parlamenti... composto per Christophoro Landini, citadino di Fiorenze, dignissimo commentatore di Danti. - A la fin : Finisce el Formulario de epistole missive et responsive et altri fiori de ornati parlamenti. Impresso in Roma a di. XXII. d'octobre nel anno LXXXXII, sedente Alexandro VI., Pon. Max., anno ejus primo. A. F. [Fritag.]";"1492";"Romae";"Null";"1492";"In-4° , sign. A-F, car. rom., à longues lignes, 35 lignes à la page";"Null";"Null"
"http://data.bnf.fr/ark:/12148/cb30732321g";"Formulario di lettere et di orationi volgari... composto per Christofano Landini";"1492";"Firenze";"A. Mischomini";"1492";"In-4° . (Hain-Copinge, 9862.)";"Null";"Null"
"http://data.bnf.fr/ark:/12148/cb30755381g";"Les Proverbes communs [recueillis par J. de La Véprie]. - A la fin : Cy finissent les Proverbes communs, qui sont en nombre environ sept cens quatre vingts et deux";"1492";"[Paris]";"[Antoine Caillaut]";"1492";"17 ff. (sign. a-c), car. goth.";"Null";"Null"
"http://data.bnf.fr/ark:/12148/cb30792969c";"Nicolai Leoniceni de Plinii et aliorum in medicina erroribus";"1492";"Ferrarie";"per L. de Valentia et A. de Castronovo";"1492";"In-4° . (Hain-Copinger, 10021.)";"Null";"Null"
"http://data.bnf.fr/ark:/12148/cb308169090";"Pronosticatione in vulgare [di J. Lichtenberger] ... insino al anno MCCCCCLXVIJ";"1492";"Modena";"Pierre Maufer";"1492";"Sign. a-f.";"Null";"Null"
"http://data.bnf.fr/ark:/12148/cb308169048";"Pronosticatio latina [Joannis Lichtenbergeri], anno LXXXVIII ad magnam conjunctionem Saturni et Jovis quae fuit anno LXXXIIII ac eclipsim solis anni sequentis... conjecta...";"1492";"Moguntiae";"Null";"1492";"In-4° . (Hain, *10082.)";"Null";"Null"
"http://data.bnf.fr/ark:/12148/cb30841727s";"Lucanus, cum commento [Omniboni Leoniceni. Studio J. Britannici Brixiani et J. Taberii]";"1492";"Venezia";"Bartolomeo Zani pour Ottaviano Scoto";"1492";"Null";"Null";"Null"
"http://data.bnf.fr/ark:/12148/cb308553940";"[In Somnium Scipionis. Saturnaliorum libri.] - Incipit : Somnium Scipionis, ex Ciceronis libro de Republica excerptum. - A la fin : Macrobii Aurelii Theodosii,... Saturnaliorum libri impressi Venetiis, opera et impensa Nicolai Jenson, MCCCCLXXII";"1492";"Venetiis";"Null";"1492";"In-fol. LXXXIX ff. ch., fig. (Hain, 10429.)";"Null";"Null"
"http://data.bnf.fr/ark:/12148/cb308623051";"Jasonis de Mayno Oratio habita apud Alexandrum VI pro Mediolanensium principe, idibus decembris 1492";"1492";"(Romae)";"Null";"1492";"In-4° . (Hain, *10976.)";"Null";"Null"
"http://data.bnf.fr/ark:/12148/cb30862303b";"Jasonis de Mayno. Oratio habita apud Alexandrum VI pro Mediolanensium principe, idibus decembris 1492";"1492";"(Romae.)";"Null";"1492";"In-4° . (Hain, *10975.)";"Null";"Null"
"http://data.bnf.fr/ark:/12148/cb30870221q";"Elegantiae de lingua latina...";"1492";"Venezia";"Filippo Pinzi";"1492";"Null";"Null";"Null"
"http://data.bnf.fr/ark:/12148/cb30873903f";"Carmina [Baptistae Mantuani] de beata Virgine Maria, que Parthenice dicuntur";"1492";"Deventer";"in platea episcopi [= Richardus Pafraet]";"1492";"Null";"Null";"Null"
"http://data.bnf.fr/ark:/12148/cb308747917";"Scriptum in Arte veteri Aristotelis et in Divisionibus Boetii...";"1492";"Venetiis";"Null";"1492";"In-fol. (Pellechet, 632.)";"Null";"Null"
"http://data.bnf.fr/ark:/12148/cb30893101z";"Mattines en francoys";"1492";"[Lyon";"imprimeur du Champion des dames, H 7311 (= Jean Du Pré ?)";"1492";"252 p.";"Null";"http://gallica.bnf.fr/ark:/12148/bpt6k70637d"
"http://data.bnf.fr/ark:/12148/cb30893100m";"Les très notables et exécrables louenges dignes de mémoire faictes à l'onneur de la glorieuse Vierge Marie [par Martial d'Auvergne]";"1492";"Paris";"Pierre Le Rouge";"1492";"Sign. a-q";"Null";"http://gallica.bnf.fr/ark:/12148/bpt6k70638r"
"http://data.bnf.fr/ark:/12148/cb39309953c";"[Paraphrases in physicos libros Aristotelis. Dialogus in physicam introductorius [latine]. Ed. Jadocus Clichtoveus]";"1492";"Parisiis";"Johannes Higman";"1492";"In-4 °";"Null";"Null"
"http://data.bnf.fr/ark:/12148/cb39310000b";"Expositio super artem veterem Porphyrii et Aristotelis";"1492";"Venetiis";"Andrea Paltasichi";"1492";"In-fol.";"Null";"Null"
"http://data.bnf.fr/ark:/12148/cb393137182";"Secreta mulierum et virorum ab Alberto Magno composita";"1492";"[Paris";"Antoine Caillaut";"1492";"In-4 °";"Null";"http://gallica.bnf.fr/ark:/12148/btv1b86220652"
"http://data.bnf.fr/ark:/12148/cb39328689q";"Ant. Mancinelli Spica voluminum IIII. Versilogus";"1492";"Venetiis";"[s. n.]";"1492";"In-4 °";"Null";"Null"
"http://data.bnf.fr/ark:/12148/cb39360815m";"Supplementum chronicarum ab ipso mundi exordio usque ad annum 1490, editum à Jacobo - Philippo Bergomate [Jacques Philippe Foresti]";"1492";"Venetiis";"Bernardinus Ricius de Novaria";"1492";"In-fol.";"Null";"Null"
"http://data.bnf.fr/ark:/12148/cb39378839r";"Portuguese navigation : its historical development";"1492";"[S. l. ?]";"Null";"1492";"Null";"Null";"Null"
"http://data.bnf.fr/ark:/12148/cb39382924r";"The Art of Western Africa in the age of exploration";"1492";"[S. l. ?]";"Null";"1492";"Null";"Null";"Null"
"http://data.bnf.fr/ark:/12148/cb39386130f";"The Realms of pride and awe";"1492";"[S. l. ?]";"Null";"1492";"Null";"Null";"Null"
"http://data.bnf.fr/ark:/12148/cb39425585h";"China in the age of Columbus";"1492";"[S. l. ?]";"Null";"1492";"Null";"Null";"Null"
"http://data.bnf.fr/ark:/12148/cb39436157m";"The Tainos, principal inhabitants of Columbus Indies";"1492";"[S. l. ?]";"Null";"1492";"Null";"Null";"Null"
"http://data.bnf.fr/ark:/12148/cb394517533";"Encounters with India : land of gold, spices, and matters spiritual";"1492";"[S. l. ?]";"Null";"1492";"Null";"Null";"Null"
"http://data.bnf.fr/ark:/12148/cb39452462g";"Maps and the rationalization of geographic space";"1492";"[S. l. ?]";"Null";"1492";"Null";"Null";"Null"
"http://data.bnf.fr/ark:/12148/cb30942223f";"C'est le mistère de la résurrection de nostre seigneur Jésucrist...";"1492";"Paris";"Anthoine Vérard";"1492";"Sign. A-S [ca 267 p.]";"Null";"http://gallica.bnf.fr/ark:/12148/bpt6k1106322"
"http://data.bnf.fr/ark:/12148/cb310160454";"Prima [-quarta] pars Nicolai de Lyra tractans super toto corpore Bibliae";"1492";"Argentorati";"(J. Preuss)";"1492";"4 vol. in-fol., bordures peintes, lettrines enluminées ou rubriquées. (Pellechet, 2348.)";"Null";"Null"
"http://data.bnf.fr/ark:/12148/cb310160919";"Nicolai de Lyra Repertorium super Bibliam";"1492";"Memmingen";"per Albertum Kunne de Duderstat";"1492";"In-fol. (Hain-Copinger, *10397.)";"Null";"Null"
"http://data.bnf.fr/ark:/12148/cb31016092n";"Nicolai de Lyra Repertorium super Bibliam";"1492";"(S. l.";"Null";"1492";"In-fol. (Copinger, 3716.)";"Null";"Null"
"http://data.bnf.fr/ark:/12148/cb31023953q";"Nonius Marcellus. Festus Pompeius. Varro";"1492";"Venetiis";"impr. per Nicolaum de Ferrariis de Pralormis";"1492";"In-fol. (Hain-Copinger, *11906.)";"Null";"Null"
"http://data.bnf.fr/ark:/12148/cb310462230";"[Publii Ovidii Nasonis Opera, edente Bono Accursio pisano.]";"1492";"(Venetiis";"impr. L. de Saviliano.)";"1492";"2 tomes en 1 vol. in-fol. (Hain-Copinger, 12146.)";"Null";"Null"
"http://data.bnf.fr/ark:/12148/cb31069041h";"Invectiva Pauli de Middelburgo, in superstitiosum quendam astrologum...";"1492";"(Anvers";"G. Leeu";"1492";"In-4° . (Hain-Copinger, *11147 ; Campbell, 1365 ; Proctor, 9400.)";"Null";"Null"
"http://data.bnf.fr/ark:/12148/cb310836476";"Grammatica Nicolai Perotti seu Nicolai Perotti Rudimenta grammatices, cum epistola J. Calphurnii";"1492";"Lugduni";"per J. Fabri apud M. Husz";"1492";"In-4° , marque de M. Hutz. (Copinger, 4686.)";"Null";"Null"
"http://data.bnf.fr/ark:/12148/cb31083624j";"Nicolai Perotti Cornucopiae, sive Commentariorum linguae latinae libri a Lodovico Odaxio editi";"1492";"Venetiis";"per Bernardinum de Coris de Cremona";"1492";"In-fol. (Hain, *12700.)";"Null";"Null"
"http://data.bnf.fr/ark:/12148/cb31088597p";"Auli Flacci Persii Satyrae";"1492";"Impressum Wienne";"(a J. Winterburg)";"1492";"In-4° . (Hain, 12718 ; Morgan, 38.)";"Null";"Null"
"http://data.bnf.fr/ark:/12148/cb40613121p";"Das ist der Rom-Weg von meylen zu meylen mit puncten verzeychnet von eyner stat zu der andern durch deutzsche lantt";"1492";"Nurenberg";"Erhard Etzlaub";"1492";"1 flle : 290 x 415";"Null";"Null"
"http://data.bnf.fr/ark:/12148/cb310943512";"Francisci Pet. Epistole familiares";"1492";"Venetiis";"Null";"1492";"In-4° . (Hain-Copinger, 12811 ; Fiske, p. 34.)";"Null";"Null"
"http://data.bnf.fr/ark:/12148/cb31094422r";"Francisci Petrarcae de Remediis utriusque fortunae";"1492";"Cremonae";"Null";"1492";"In-fol. (Hain-Copinger, *12793 ; Fiske, p. 13.)";"Null";"Null"
"http://data.bnf.fr/ark:/12148/cb406736904";"(Partie du globe de Martin Behaim montrant l'Océan Indien vers Taprobana (Ceylan), l'entrée de la mer Rouge et Madagascar.)";"1492";"[S.l.]";"[s.n.]";"1492";"1 flle : 36 x 25 cm";"Null";"http://gallica.bnf.fr/ark:/12148/btv1b8459367f"
"http://data.bnf.fr/ark:/12148/cb31109158f";"Logica magistri Petri Mantuani. Apollinaris Offredi,... De primo et ultimo instanti in defensionem communis opinionis adversus Petrum Mantuanum";"1492";"(Venetiis,)";"Null";"1492";"In-4° . (Hain, 12855.)";"Null";"Null"
"http://data.bnf.fr/ark:/12148/cb40699491s";"Mappemonde tirée de la carte dite de Chr. Colomb";"1492";"[S.l.]";"[s.n.]";"1492";"1 flle : 29 x 24 cm";"Null";"http://gallica.bnf.fr/ark:/12148/btv1b8459180m"
"http://data.bnf.fr/ark:/12148/cb406994924";"Planisphère anonyme dit de Christophe Colomb attenant à un long portulan, probablement du début de l'année 1492. Reprod. photogr. en noir, 0,210 de diamètre";"1492";"[S.l.]";"[s.n.]";"1492";"Null";"Null";"Null"
"http://data.bnf.fr/ark:/12148/cb40751608c";"Planisphère anonyme dit de Christophe Colomb attenant à un long portulan, probablement du début de l'année 1492";"1492";"[S.l.]";"[s.n.]";"1492";"Null";"Null";"Null"
"http://data.bnf.fr/ark:/12148/cb31119231w";"Ludovici Bigi Pictorii. Tumultuariorum carminum libri VII";"1492";"Mutinae";"impr. per D. Rocociolum";"1492";"In-4° . (Hain-Copinger, 3200.)";"Null";"Null"
"http://data.bnf.fr/ark:/12148/cb40781910c";"Malleus maleficarum";"1492";"Nuremberg";"per Antonium Koberger";"1492";"Null";"Null";"Null"
"http://data.bnf.fr/ark:/12148/cb31124248m";"[Plotini Opera a Marcilio Ficino latine reddita. Cum vita auctoris a Porphyrio composita.]";"1492";"Florentiae";"Null";"1492";"In-fol.";"Null";"Null"
"http://data.bnf.fr/ark:/12148/cb311268927";"Historia fiorentina, italice, Jacobo Poggio interprete...";"1492";"Firenze";"Null";"1492";"In-fol. (Hain-Copinger, 13173.)";"Null";"Null"
"http://data.bnf.fr/ark:/12148/cb31130975p";"Angeli Politiani Praelectio in priora Aristotelis Analytica, titulus Lamia";"1492";"Florentiae";"A. Miscominus";"1492";"Sign. a-b.";"Null";"http://gallica.bnf.fr/ark:/12148/bpt6k5837280n"
"http://data.bnf.fr/ark:/12148/cb311309959";"Angeli Politiani Silva, cui titulus Ambra. - À la fin : Impressum Bononiae per Platonem de Benedictis, impressorem accuratissimum, civemque Bononiensem, M.CCCCLXXXXII, die XXVIII junii";"1492";"Bononiae";"Null";"1492";"In-4° , 14 ff. non ch., car. rom., sign. ae-oe. (Hain 13229.)";"Null";"Null"
"http://data.bnf.fr/ark:/12148/cb31130998b";"Angeli Politiani Silva, cui titulus Manto. - À la fin : D. Angeli Politiani opusculum elegantissimum impressum est Bononiae per egregium virum Platonem de Benedictis,... anno Domini M.CCCC.LXXXXII. die nono junii";"1492";"Bononiae";"Null";"1492";"In-4° , sign. A-B, car. rom. (Hain 13229.)";"Null";"Null"
"http://data.bnf.fr/ark:/12148/cb31131003k";"Angeli Politiani [Silva cui titulus Rusticus]. - À la fin : Impressum Bononie per Platonem de Benedictis impressorem accuratissimum. MCCCCLXXXXII, XV junii";"1492";"Bononiae";"Null";"1492";"In-4° , 12 ff. non ch., car. rom., sign. A-b. (Hain 13229.)";"Null";"Null"
"http://data.bnf.fr/ark:/12148/cb311371875";"Jacobi comitis Purliliarum de Liberorum educatione [cum J. B. Uranii carmine Franciscique Nigri epistola.]";"1492";"Tarvisii";"per G. de Flandria";"1492";"In-4° . (Hain, 13608.)";"Null";"Null"
"http://data.bnf.fr/ark:/12148/cb31137191d";"Jacobi comitis Purliliarum de Reipublicae venetae administratione cum B. Uranii epistolis Joannisque Baptistae Uranii carmine";"1492";"Tarvisii";"per G. de Flandria";"1492";"In-4° . (Hain, 13604.)";"Null";"Null"
"http://data.bnf.fr/ark:/12148/cb311375727";"Opera omnia";"1492";"Florentiae";"Null";"1492";"In-fol. (Hain, 13121.)";"Null";"Null"
"http://data.bnf.fr/ark:/12148/cb31175547c";"Andreas de Ysernia. Super feudis";"1492";"Naples [i. e. Milano]";"Null";"1492";"In-fol. (Hain, 16249.)";"Null";"Null"
"http://data.bnf.fr/ark:/12148/cb31237880v";"Ein Cronica von Anfang der Welt biss uff die Jar Christi MCCCCXXXXII, genannt Fasciculus temporum, ein Burdlin der Zeyt";"1492";"(Strasbourg";"Null";"1492";"In-fol., 14 ff. n. ch. pour le titre, la table et la préface, 126 ff. ch., fig. (Hain-Copinger, *6340.)";"Null";"Null"
"http://data.bnf.fr/ark:/12148/cb31268948h";"Qui comenza el prologo nel arte de cognoscere la natura d'cavael e quelli reger e governar e le loro infirmitade cognoscere e liberare laqual vulgarmente se chiama arte de maraschalchi... questa opere compose miser Jordano Ruffo,... - Au recto du feuillet h ij : Questo he el prólogo de la dicta opera translatata [sic] de latino in vulgare per frate Gabrielo Bruno,...";"1492";"In Venetia";"P. Bergamascho";"1492";"In-4°. (Hain-Copinger, 14034.)";"http://data.bnf.fr/ark:/12148/cb119329264";"Null"
"http://data.bnf.fr/ark:/12148/cb421682777";"Quaestiones Johannis Duns Scoti super Universalibus Porphyrii et super libris praedicamentorum et Perihermeneias Aristotelis. Accedunt Andreas Antonius, Quaestiones super sex principiis Gilberti Porretani ; Johannes Anglicus, Expositiones super quaestionibus Joh. Scoti de Universalibus";"1492";"Venetiis";"Giovanni et Gregorio de' Gregori";"1492";"In-fol. (Pellechet, 4474.)";"Null";"Null"
"http://data.bnf.fr/ark:/12148/cb31306503w";"Tractato del sacramento et de mysterii della messa et Regola utile composta da Frate Hieronymo da Ferrara";"1492";"[Firenze";"Antonio Miscomini";"1492";"Null";"Null";"Null"
"http://data.bnf.fr/ark:/12148/cb31306506x";"Tractato dello amore di Jesu Christo, composto da Frate Hieronymo da Ferrara,...";"1492";"Firenze";"A. Mischomini";"1492";"In-4° , marque typ. à la fin. (Hain-Cop.-Reichl., 14349.)";"Null";"Null"
"http://data.bnf.fr/ark:/12148/cb313065225";"Tractato o vero Sermone della oratione composto da Frate Hieronymo da Ferrara";"1492";"Firenze";"A. Mischomini";"1492";"In-4° , grav. sur bois. (Hain, 14405 ; Kristeller, 382e.)";"Null";"Null"
"http://data.bnf.fr/ark:/12148/cb313065078";"Tractato dello amore di Jesu Christo, composto da Frate Hieronymo da Ferrara,...";"1492";"Firenze";"A. Mischomini";"1492";"In-4° , grav. sur bois, marque typ. à la fin. (Hain-Cop., 14350 ; B. M., VI, 641 ; Kristeller, 374f.)";"Null";"Null"
"http://data.bnf.fr/ark:/12148/cb313515716";"Senece Omnia opera";"1492";"Venetiis";"impr. per B. de Coris";"1492";"In-fol. (Hain-Copinger, *14594.)";"Null";"Null"
"http://data.bnf.fr/ark:/12148/cb42467344t";"[Défet] The Canterbury Tales";"1492";"[London]";"Richard Pynson";"1492";"1 défet: fragment inférieur du f. t4 seul";"Null";"Null"
"http://data.bnf.fr/ark:/12148/cb31352054g";"Opera omnia";"1492";"Venetiis";"Null";"1492";"In-fol.";"Null";"Null"
"http://data.bnf.fr/ark:/12148/cb31351881b";"Tragedie Senece, cum commento [Gellii Bernardini Marmitae]";"1492";"Venise";"L. de Soardis";"1492";"In-fol. (Hain-Copinger, 14666 ; Polain, 3486.)";"Null";"Null"
"http://data.bnf.fr/ark:/12148/cb425525266";"Complainte de l'âme damnée (« Hélas, hélas et plus que hélas »)";"1492";"[Paris]";"Jean Trepperel";"1492";"Null";"Null";"Null"
"http://data.bnf.fr/ark:/12148/cb31367048z";"Syllius Italicus cum conimentariis Petri Marsi";"1492";"(Venetiis";"per B. Locatellum, sumptibus O. Scoti Modoetiensis";"1492";"In-fol. (Hain, 14740.)";"Null";"Null"
"http://data.bnf.fr/ark:/12148/cb31371256w";"[Bonifacii Simonettae de Christianae fidei et romanorum pontificum persecutionibus.]";"1492";"Mediolani";"A. Zarotus";"1492";"In-fol. (Hain-Copinger, 14750.)";"Null";"Null"
"http://data.bnf.fr/ark:/12148/cb31380255h";"Senensium oboedientia publica [ad Alexandrum VI]";"1492";"[Roma";"Andreas Fritag";"1492";"[2] ff. non signés";"Null";"Null"
"http://data.bnf.fr/ark:/12148/cb31395708s";"Malleus maleficarum [Jacobi Sprenger et Henrici Institoris]";"1492";"(Spirae";"P. Drach";"1492";"In-4° . (Hain, *9240, Voullième, p. 290.)";"Null";"Null"
"http://data.bnf.fr/ark:/12148/cb31433785p";"C'est le livre de l'art de faulconnerie et des chiens de chasse";"1492";"Paris";"A. Vérard";"1492";"42 f. n. ch.";"Null";"http://gallica.bnf.fr/ark:/12148/bpt6k111120p"
"http://data.bnf.fr/ark:/12148/cb314398873";"[Ordo judiciarius domini Panormitani, N. Tedeschi.]";"1492";"Venetiis";"D. de Bertochis";"1492";"In-fol. (Hain-Copinger, *12367.)";"Null";"Null"
"http://data.bnf.fr/ark:/12148/cb43064246z";"Mazurka pour piano par J. Jemain. Op. 13";"1492";"Lyon";"E. Clot fils";"1492";"In-fol.";"http://data.bnf.fr/ark:/12148/cb11975999w";"Null"
"http://data.bnf.fr/ark:/12148/cb31461937h";"[In octo Politicorum Aristotelis libros expositio divi Thome Aquinatis (quam absolvit Petrus de Alvernia), cum textu translationis Leonardi Aretini. Emendavit conclusionesque adjecit F. Ludovicus de Valentia. Additae sunt epistolae Augustini Piccolhominei et M. Nimirei Arbensis.]";"1492";"Rome";"per E. Silber alias Franck";"1492";"In-fol. (Hain-Copinger, 1768 ; Pellechet, 1259 ; Gesamtkatalog der Wiegendrucke, II, 2448.)";"Null";"Null"
"http://data.bnf.fr/ark:/12148/cb31461874f";"Sancti Thome de Aquino Scripta ad Hanibaldum episcopum super quattuor libros Sententiarum";"1492";"Basileae";"N. Kessler";"1492";"In-fol. (Copinger, II, 579 ; Pellechet, 1062 ; Polain, 3737.)";"Null";"Null"
"http://data.bnf.fr/ark:/12148/cb31462116k";"Confessionale, seu Libellus optimus beati Thome de Aquino, de Modo confitendi et de puritate conscientie";"1492";"[Paris";"Antoine Caillaut";"1492";"20 ff. signés A8, B-C6";"Null";"Null"
"http://data.bnf.fr/ark:/12148/cb314621335";"In hoc parvo libello continentur tres tractatuli : primus est sancti Thome Aquinatis de Mirabili quidditate et efficacia venerabilis sacramenti Eucharistie ; secundus est magistri Nycolai de Lira de Idoneo ministrante et suscipiente idem sacramentum ; tercius est alicujus docti collectoris de Expositione Dominice orationis...";"1492";"[Köln";"Heinrich Quentell";"1492";"Null";"Null";"Null"
"http://data.bnf.fr/ark:/12148/cb31462149j";"[Boetius. De Consolatione philosophie, necnon de Disciplina scholarium, cum commento sancti Thome.]";"1492";"Lugduni";"per J. de Prato";"1492";"In-4° . (Pellechet, 2531 ; Gesamtkatalog der Wiegendrucke, IV, 4554.)";"Null";"Null"
"http://data.bnf.fr/ark:/12148/cb314621188";"Confessionale beati Thome de Aquino";"1492";"[Paris";"Antoine Caillaut";"1492";"Null";"Null";"Null"
"http://data.bnf.fr/ark:/12148/cb314619334";"Commentaria sancti Thome super libros Physicorum [Aristotelis, ordinata per fratrem Theophilum Cremonensem ; addita est antiqua textus translatio]";"1492";"In Venetiarum urbe";"per J. et G. de Gregoriis fratres";"1492";"In-fol., fig. (Hain-Copinger, *1528 ; Pellechet, 1081.)";"Null";"Null"
"http://data.bnf.fr/ark:/12148/cb314691733";"Gaietanus Super libros [Aristotelis] de Auima [sic]. Ejusdem Questiones de sensu agente, et de sensibilibus communibus, ac de intellectu. Item de Substantia orbis Joannis de Gandavo, cum Questionibus ejusdem. [Ediderunt Secundus Contarenus et Paulus Panormita.]";"1492";"Venetiis";"impensa O. Scoti, per B. Locatellum";"1492";"In-fol. (Hain-Copinger, 15504 ; Pellechet, 4942 ; Sander, II, 2991.)";"Null";"Null"
"http://data.bnf.fr/ark:/12148/cb31479126s";"Foenix Magistri Petri memoriae Ravennatis. - Au fol. sign. aii : Artificiosa memoria... domini Petri Ravennatis, jura canonica ordinarie de sero legentis in celeberrimo gymnasio Patavino, in hoc libello continetur. - À la fin : Bernardinus de Choris, de Cremona, impressor delectus, impressit Venetias [sic] die X. januarii. M.CCCCXCI";"1492";"Venetiis";"Null";"1492";"In-4° , 16 ff. sign. a-d, car. rom., marque typogr. à la fin";"Null";"Null"
"http://data.bnf.fr/ark:/12148/cb31482896d";"Speculum finalis retributionis [cum editoris prologo]";"1492";"Lyon";"Null";"1492";"In-4° . (Hain, 13767 ; Cat. of books printed in the XVth century, now in the British Museum, t. VIII, p. 293-294";"Null";"Null"
"http://data.bnf.fr/ark:/12148/cb315197491";"[Politicorum libri VIII, ex versione Leonardi Aretini, cum commentariis D. Thomae Aquinatis et conclusionibus...]";"1492";"Romae";"Null";"1492";"In-fol. (Hain, 1768 ; Pellechet, 1259.)";"Null";"Null"
"http://data.bnf.fr/ark:/12148/cb31545380q";"Nonius Marcellus. Festus Pompeius. Varro [ : de Lingua latina libri tres, de Analogia libri duo]";"1492";"Venetiis";"per Nicolaum de Ferrariis de Pralormis";"1492";"In-fol. (Hain, *11906 ; Br. Mus., Books pr. XVth c., vol. V, p. 507.)";"Null";"Null"
"http://data.bnf.fr/ark:/12148/cb31553019j";"Mafei Vegii,... Inter inferiora corpora, puta Aurum et Terram, et superiora, presertim Solem, elegantissima simul et jocundissima disputatio";"1492";"Divione";"(apud P. Metlinger,)";"1492";"In-4° . (Reichling, Appendices ad Hainii-Copingeri Repertorium... fasc. II, 775.)";"Null";"Null"
"http://data.bnf.fr/ark:/12148/cb31553032r";"In natalem diem dive Virginis Marie elegia... [Gregorii Tipherni hymnus in Virginem Dei matrem.]";"1492";"Daventrie";"per J. de Breda";"1492";"In-4° . (Hain-Copinger, 14061 ; Campbell, 1488 ; Polain, III, 3409.)";"Null";"Null"
"http://data.bnf.fr/ark:/12148/cb315530453";"[Opera edidit Christophorus Landinus cum commentariis Servii et Donati.]";"1492";"Lugduni";"Null";"1492";"In-fol. (Copinger, 6064.)";"Null";"Null"
"http://data.bnf.fr/ark:/12148/cb315530484";"[Opera cum Servii Mauri Honorati, Aelii Donati, Christophori Landini atque Domitii Calderini commentariis.]";"1492";"Nurnberge";"Null";"1492";"In-fol. (Copinger, 6070 ; Br. Mus., Books pr. XVth c., II, 436.)";"Null";"Null"
"http://data.bnf.fr/ark:/12148/cb31572049n";"Opera omnia. [Pars tertia. Edidit Johannes de Lapide.]";"1492";"Basileae";"Null";"1492";"In-fol. (Hain, 893 ; Pellechet, 579.)";"Null";"Null"
"http://data.bnf.fr/ark:/12148/cb31572290n";"Opera...";"1492";"Venetiis";"Null";"1492";"In-fol. (Pellechet, 2490.)";"Null";"Null"
"http://data.bnf.fr/ark:/12148/cb31587739p";"Sermones sancti Vincentii,... de sanctis";"1492";"Nurenberge";"(per A. Koberger)";"1492";"In-fol. à 2 col., car. goth. (Hain-Copinger, 7008 ; Br. Mus., Cat. of books pr. XVth c., t. II, p. 435 ; Polain, t. IV, n  3955 (III)";"Null";"Null"
"http://data.bnf.fr/ark:/12148/cb31591371t";"[Publii Virgilii Maronis Opera, cum Servii Mauri Honorati, Christophori Landini, Aelii Donati et Domitii Calderini commentariis.]";"1492";"Nurnberge";"impensis A. Koberger";"1492";"In-fol. (Copinger, 6070 et *77 ; Br. Mus., Books pr. XVth c., t. II, p. 436 ; Polain, 3963 ; Mambelli, 68 ; Goff, p. 623, V-188";"Null";"Null"
"http://data.bnf.fr/ark:/12148/cb31591370g";"[Publii Virgilii Maronis Opera, cum Servii Mauri Honorati, Christophori Landini, Aelii Donati et Domitii Calderini commentariis.]";"1492";"(Lugduni,)";"impressum characteribus venetis, impensis F. de Gerardenghis de Papia, labore et industria A. Lambillionis";"1492";"In-fol., marque de A. Lambillion à la fin. (Copinger, 6064 et *71 ; Mambelli, 69 ; Goff, p. 623, V-185.)";"Null";"Null"
"http://data.bnf.fr/ark:/12148/cb31592190s";"Liber Georgicorum Virgilii cum commento familiari Hermanni Torrentini";"1492";"Paris";"Antoine Caillaut";"1492";"Null";"Null";"Null"
"http://data.bnf.fr/ark:/12148/cb31591957x";"Bucolica P. Virgilii Maronis cum commento familiarissimo [Hermanni Torrentini]";"1492";"Daventrię";"per Jacobum de Breda";"1492";"In-4° . (Copinger, 6125 et *130 ; Campbell, 1737 ; Polain, 3967 ; Mambelli, 669.)";"Null";"Null"
"http://data.bnf.fr/ark:/12148/cb31606913t";"Lombardica historia que a plerisque Aurea legenda sanctorum appellatur [quam collegit in unum frater Jacobus natione Januensis]";"1492";"Argentine";"Null";"1492";"In-fol. (Copinger-Reichling, 6458 ; Polain, 2203 ; Goff, J-129.)";"Null";"Null"
"http://data.bnf.fr/ark:/12148/cb316560768";"Disceptatio oratorum duorum regum Romani scilicet et Franci super raptu illustrissime ducisse britannice";"1492";"Lübeck";"Steffen Arndes";"1492";"signé A-B6";"Null";"Null"
"http://data.bnf.fr/ark:/12148/cc574120";"Expositio in Epistolam Pauli ad Romanos";"1492";"Null";"Null";"Null";"138 ff. foliotés 1-139 à 2 col., précédés et suivis de 4 gardes de papier du XVIe s., le f. 125 manque sans lacune";"Null";"http://gallica.bnf.fr/ark:/12148/btv1b8446786z"
"http://data.bnf.fr/ark:/12148/cc8704r";"Elija ben Moïse Del Medigo. Recueil de traités de philosphie hébraïque.";"1492";"Null";"Null";"Null";"177 f.";"Null";"http://gallica.bnf.fr/ark:/12148/btv1b10720026q"
"http://data.bnf.fr/ark:/12148/cb31716292d";"Liber pastoralis [et opuscula]";"1492";"Null";"Null";"1492";"[120] f., sign. a-n8, o-p6, q4";"Null";"Null"
"http://data.bnf.fr/ark:/12148/cb31722301s";"Summa angelica";"1492";"Venetiis, per G. de Arrivabenis";"Null";"1492";"Null";"Null";"Null"
"http://data.bnf.fr/ark:/12148/cb317238691";"Sent Ancelmus Vraege zo Marien van der passie vns lieuen heren Jhesu Cristi [Question adressée par St Anselme à Marie au sujet de la passion de N. S. Jésus-Christ.]";"1492";"Köln";"[Johannes Koelhoff der Ältere]";"1492";"pièce, ill.";"Null";"Null"
"http://data.bnf.fr/ark:/12148/cb31732215d";"Gaerde der Suntheit";"1492";"Lübeck";"Steffen Arndes";"1492";"[418] ff. signés, ill.";"Null";"Null"
"http://data.bnf.fr/ark:/12148/cb31838664b";"'f°a 1 r°' : L'Aguillon d'amour divine. // 'marque de l'imprimeur. f°a 1 v°: figure sur bois : f°a 2 r°' : Le prologue. // Cy commence le prologue de l'aguillon d'amour // divine fait par le docteur séraphique sainct Bona // venture et translaté de latin en francois par de // bonne mémoire maistre Jehan Gerson à l'instru // ction de sa seur... 'Fol. 93 r°' : Cy finist l'aguillon d'amour divine // Imprimé à Paris par Anthoine Cayllaut. //";"1492";"Paris";"Antoine Caillaut";"1492";"96 ff., signés a-m8";"Null";"Null"
"http://data.bnf.fr/ark:/12148/cb31918508b";"Anterotica, seu de Amoris generibus, auctore Petro Haedo, id est Cavretto";"1492";"Tarvisii, per G. de Flandria";"Null";"1492";"Null";"Null";"Null"
"http://data.bnf.fr/ark:/12148/cb32101548f";"Commentaria... super libro Physicorum";"1492";"In Venetiarum Urbe";"Null";"1492";"Null";"Null";"Null"
"http://data.bnf.fr/ark:/12148/cb32398540k";"[In octo Politicorum Aristotelis libros expositio.]";"1492";"Rome";"Null";"1492";"Null";"Null";"Null"
"http://data.bnf.fr/ark:/12148/cb324225536";"[Silii Italici Punicorum libri XVII, cum Petri Marsi interpretatione et commentariis. Accedunt vita auctoris et Belli punici II. compendium.]";"1492";"Venetiis";"Null";"1492";"Null";"Null";"Null"
"http://data.bnf.fr/ark:/12148/cb32529377h";"[In octo Politicorum Aristotelis libros expositio. Emendavit... F. Ludovicus de Valentia.]";"1492";"Rome";"Null";"1492";"Null";"Null";"Null"
"http://data.bnf.fr/ark:/12148/cb32560919n";"Johannis Stoefflerini et Jacobi Pflauni. Almanach nova...";"1492";"Ulm";"Null";"1492";"Null";"Null";"Null"
"http://data.bnf.fr/ark:/12148/cb32564695w";"Petit guide des familles";"1492";"Paris-Clermont-Ferrand, Édition sociale française";"Null";"1492";"Null";"Null";"Null"
"http://data.bnf.fr/ark:/12148/cb32600174h";"Libro cesariano extracto de Salustio, Lucano et Suetonio";"1492";"Venezia";"Alvise di Santa Lucia";"1492";"[22] ff.";"Null";"Null"
"http://data.bnf.fr/ark:/12148/cb332469702";"Lart de bien mourir";"1492";"Paris";"Pierre Le Rouge (I), Gillet Couteau et Jean Ménard (II-IV) pour Antoine Vérard";"1492";"4 parties";"Null";"http://gallica.bnf.fr/ark:/12148/bpt6k1106233"
"http://data.bnf.fr/ark:/12148/cb333166280";"Liber qui Compotus inscribitur, una cum figuris et manibus necessariis, tam in suis locis quam in fine libri positis, incipit feliciter";"1492";"Lyon";"Matthias Huss";"1492";"Cahiers a-e";"Null";"Null"
"http://data.bnf.fr/ark:/12148/cb33346277q";"Dialogus inter clericum et militem super dignitate papali et regia : [suivi de:] [Compendium de vita Antichristi:] De Nativitate et moribus Antichristi";"1492";"Köln";"Heinrich Quentell";"1492";"In-4°, ill. Pièce";"Null";"Null"
"http://data.bnf.fr/ark:/12148/cb33426492x";"Thomas a Kempis. Imitatio Christi";"1492";"Null";"Null";"1492";"[96] f. (sig. a-m8)";"Null";"Null"
"http://data.bnf.fr/ark:/12148/cb334264938";"Thomas a Kempis. Imitatio Christi";"1492";"Null";"Null";"1492";"[96] f. (a-m8)";"Null";"Null"
"http://data.bnf.fr/ark:/12148/cb334683594";"La Manière denter et planter en jardins";"1492";"[Paris";"Jean Maurand";"1492";"[4] f. signés A4";"Null";"http://gallica.bnf.fr/ark:/12148/bpt6k111264w"
"http://data.bnf.fr/ark:/12148/cb334889623";"Comment. : Moïse ben Maimon]";"1492";"Napolis";"Josué Salomon Soncino pour Abraham Talmîd Sefardî et Joseph ibn Peso";"1492";"2°, ill.";"Null";"Null"
"http://data.bnf.fr/ark:/12148/cb33550671v";"La trescelebrable, digne de memoire et victorieuse prinse de la cite de Granade";"1492";"[Troyes ?";"Guillaume Le Rouge";"1492";"8 f. non chiffrés";"http://data.bnf.fr/ark:/12148/cb11976232x";"http://gallica.bnf.fr/ark:/12148/bpt6k1511313m"
"http://data.bnf.fr/ark:/12148/cb33591318n";"Les sept sages de Romme";"1492";"Genève";"[Louis Garbin]";"1492";"61 ff. non chiffrés, sign. aij-kiij";"Null";"http://gallica.bnf.fr/ark:/12148/bpt6k111266n"
"http://data.bnf.fr/ark:/12148/cb336008528";"Senensium oboedientia publica";"1492";"[Roma";"Null";"1492";"Pièce";"Null";"Null"
"http://data.bnf.fr/ark:/12148/cb33603563t";"Silvae morales cum interpraetatione Ascensii In. XII. libellos divisae";"1492";"Lugduni";"J. Trechsel";"1492";"CCXXIX p.";"Null";"http://gallica.bnf.fr/ark:/12148/bpt6k54777526"
"http://data.bnf.fr/ark:/12148/cb33613102q";"Statuta Venetorum";"1492";"(Venise,)";"Null";"1492";"In-fol.";"Null";"Null"
"http://data.bnf.fr/ark:/12148/cb336392276";"Les ventes d'amours";"1492";"[Lyon";"Jean Du Pré ?";"1492";"In-4°";"Null";"http://gallica.bnf.fr/ark:/12148/bpt6k6329757g"
"http://data.bnf.fr/ark:/12148/cb33751488m";"Transaction contenant la suppression et abolissement du peage des Forges qui c'est levé sur la... Loire audict port des Forges. (Du 8 juin 1492.)";"1492";"(S. l. n. d.)";"Null";"1492";"In-8°, 4 p.";"Null";"Null"
"http://data.bnf.fr/ark:/12148/cb33751407s";"Transaction contenant la suppression au péage des Forges, qui s'est levé sur la Loire, audit port des Forges";"1492";"(Orléans)";"(Hotot)";"1492";"8°";"Null";"Null"
"http://data.bnf.fr/ark:/12148/cb338028701";"Statuta provincialia et sy//nodalia ecclesie Coloniēsis //";"1492";"Coloniae";"J. Koelhoff de Lubyck";"1492";"In-fol.";"Null";"Null"
"http://data.bnf.fr/ark:/12148/cb33802866s";"Statuta provincialia et synodalia ecclesiae Coloniensis";"1492";"Coloniae";"Null";"1492";"Fol.";"Null";"Null"
"http://data.bnf.fr/ark:/12148/cb338103215";"Édit de création de la charge et office de conseiller secrétaire du Roy, greffier patrimonial, fiscal et criminel au département de Dauphiné... et arrest d'enregistrement dudit édit portant... mise en possession de ladite charge de la personne de maistre Jean Ventolet... pourveu d'icelle par ledit édit";"1492";"(S. l. n. d.)";"Null";"1492";"In-4°, 16 p.";"Null";"Null"
"http://data.bnf.fr/ark:/12148/cb33810323v";"Ordonnance portant que toutes lettres de don, aliénations du domaine, aydes, gabelles et greniers à sel, rémissions, octrois à vie ou à perpétuité, excepté les dons au-dessous de 100 livres, seront adressées à la Chambre des comptes, trésoriers et généraux des finances";"1492";"(S. l. n. d.)";"Null";"1492";"In-4°, 6 p.";"Null";"Null"
"http://data.bnf.fr/ark:/12148/cb34022537j";"Epistole et carmina, quibus elegantissime in medium datur repudiatio filie regis Romanorum Maximiliani per regem Francorum Carolum facta, et superductio filie ducis Britonum, prefati Romanorum regis sponse";"1492";"[Köln";"Ludwig von Renchen";"1492";"sign. a6, b4";"Null";"Null"
"http://data.bnf.fr/ark:/12148/cb359510822";"Biblia";"1492";"Null";"Null";"Null";"[552] f.";"Null";"Null"
"http://data.bnf.fr/ark:/12148/cb359511694";"[Sans titre]";"1492";"Null";"Null";"1492";"[434] f.";"Null";"Null"
"http://data.bnf.fr/ark:/12148/cb359511005";"Prima [-quarta] pars venerabilis fratris Nicolai de lyra";"1492";"Null";"Null";"Null";"4 parties";"Null";"Null"
