id;title;date;place;publisher;firstyear;description;subject;gallica
"http://data.bnf.fr/ark:/12148/cb40701174r";"Globe de Nicolas d'Oresme dessiné en 1377, à la suite de son traité de la sphère";"1377";"[S.l.]";"[s.n.]";"1377";"1 flle : en noir ; 72 x 52 cm";"Null";"Null""http://data.bnf.fr/ark:/12148/cb44421589b";"Päk un hoa sañ čʹorok pulčo čʹikčʹi simčʹe yočōl";"1377";"[čʹoñču]";"[hūñ dōk sa]";"1377";"1 vol.";"Null";"Null"
"http://data.bnf.fr/ark:/12148/cc78021m";"백운화상초록불조직지심체요절. 白雲和尙抄錄佛祖直指心體要節";"1377";"Null";"Null";"Null";"39 feuillets";"Null";"http://gallica.bnf.fr/ark:/12148/btv1b10527116j"
"http://data.bnf.fr/ark:/12148/cc83787";"Seper hahinwk";"1377";"Null";"Null";"Null";"142 f.";"Null";"http://gallica.bnf.fr/ark:/12148/btv1b10720323h"
"http://data.bnf.fr/ark:/12148/cb33745867h";"Arrêt de la chambre des comptes portant que les receveurs des baillies de France compteront deux fois l'an";"1377";"(S. l. n. d.)";"Null";"1377";"4°";"Null";"Null"
