id;title;date;place;publisher;firstyear;description;subject;gallica
"http://data.bnf.fr/ark:/12148/cb42160095p";"Romans du monde";"201";"Paris";"Omnibus";"Null";"Null";"Null";"Null"
"http://data.bnf.fr/ark:/12148/cb42421488f";"Didi le chat";"201";"[Saint-Pierre-de-Cormeilles]";"Éd. Belize";"Null";"1 vol. (non paginé [22] p.)";"Null";"Null"
"http://data.bnf.fr/ark:/12148/cb425284707";"La ballade de Jenny";"201";"[Turquant]";"l'Àpart buissonnière";"Null";"Null";"Null";"Null"
"http://data.bnf.fr/ark:/12148/cb42585514j";"Surviving after Hiroshima";"201";"[Europe]. - [France]";"Naxos rights international. - [distrib. Abeille musique]";"Null";"1 disque compact (1 h 11 min) : DDD";"Null";"Null"
"http://data.bnf.fr/ark:/12148/cb42595141j";"Spread the fire";"201";"Eislingen (Allemagne). - [France]";"Metal blade records. - [distrib. Sony music entertainment]";"Null";"1 disque compact (35 min 52 s)";"Null";"Null"
"http://data.bnf.fr/ark:/12148/cb42617525d";"Fabriqué à la main";"201";"[France]";"Pic note folk. - [distrib. Dansez p'tits souliers]";"Null";"1 disque compact (1 h 06 min 40 s)";"Null";"Null"
"http://data.bnf.fr/ark:/12148/cb42693009g";"Les quatre élus";"201";"Nice";"Éd. Bénévent";"Null";"1 vol. (179 p.)";"Null";"Null""http://data.bnf.fr/ark:/12148/cb43542282s";"L'apparition du Nord selon Gérard Mercator";"201";"Sillery";"Septentrion";"Null";"1 vol. (190 p.)";"http://data.bnf.fr/ark:/12148/cb123228482";"Null"
"http://data.bnf.fr/ark:/12148/cb43666614z";"Svod pamâtnikov arhitektury i monumentalʹnogo iskusstva Rossii Čast' 1";"201";"Moskva";"Indrik";"Null";"1 vol. ( 876 p.)";"http://data.bnf.fr/ark:/12148/cb133183211";"Null"
"http://data.bnf.fr/ark:/12148/cb44295120b";"Mini pop-up en fresque";"201";"Paris";"Éditions Quatre fleuves";"Null";"Null";"Null";"Null"
"http://data.bnf.fr/ark:/12148/cb443418809";"Dans la tête de : chroniques";"201";"Lausanne. - Paris";"l'Âge d'homme";"Null";"Null";"Null";"Null"
"http://data.bnf.fr/ark:/12148/cb45182916b";"Groupies";"201";"Nancy";"la Parenthèse";"Null";"Null";"Null";"Null"
