id;title;date;place;publisher;firstyear;description;subject;gallica
"http://data.bnf.fr/ark:/12148/cb30007509j";"Alberti Magni Mineralium libri V, a Nicoleto de Pigaciis revisi";"1476";"(Patavii,)";"per P. Maufer";"1476";"In-fol. (Pellechet, 336.)";"Null";"Null"
"http://data.bnf.fr/ark:/12148/cb300077109";"De Arte loquendi et tacendi";"1476";"[Strasbourg";"imprimeur du Henricus Ariminiensis, H 1649 (= Georg Reyser ou Heinrich Eggestein ?)";"1476";"Null";"Null";"Null"
"http://data.bnf.fr/ark:/12148/cb300076670";"Alberti de Padua. Expositio evangeliorum dominicalium et festivalium";"1476";"Venetiis";"per A. de Rotwil et A. de Corona";"1476";"In-fol. (Pellechet, 386.)";"Null";"Null"
"http://data.bnf.fr/ark:/12148/cb30007488d";"Compendium theologicae veritatis, per Albertum Magnum";"1476";"Venezia";"Christoph Arnold";"1476";"Null";"Null";"Null"
"http://data.bnf.fr/ark:/12148/cb30015764z";"Sancti Ambrosii Expositio in Evangelium S. Lucae";"1476";"Augustae";"per Anthonium Sorg";"1476";"In-fol. (Pellechet, 584.)";"Null";"Null"
"http://data.bnf.fr/ark:/12148/cb300195333";"Tractatus magistri Johannis Andree super arboribus consanguinitatis, affinitatis necnon spiritualis cognationis";"1476";"Nürnberg";"Friedrich Creussner";"1476";"Null";"Null";"Null"
"http://data.bnf.fr/ark:/12148/cb30019568r";"Joannis Andreae quaestiones mercuriales super regulis juris";"1476";"Romae";"per G. Lauer";"1476";"In-fol. (Pellechet, 653.)";"Null";"Null"
"http://data.bnf.fr/ark:/12148/cb300195511";"Novella Joannis Andreae super sexto Decretalium";"1476";"Romae";"per Georgium Lauer";"1476";"In-fol. (Pellechet, 665.)";"Null";"Null"
"http://data.bnf.fr/ark:/12148/cb30019534f";"Tractatus magistri Johannis Andree super arboribus consanguinitatis, affinitatis necnon spiritualis cognationis";"1476";"Nürnberg";"Friedrich Creussner";"1476";"Null";"Null";"Null"
"http://data.bnf.fr/ark:/12148/cb30023135f";"Tractatus notabilis de excommunicationibus, suspensionibus interdictis, irregularitatibus et penis, fratris Antonini. Ejusdem tractatus de sponsalibus et matrimonio extractus de Summa theologica";"1476";"Rome";"Null";"1476";"In-fol. (Pellechet, 897.)";"Null";"Null"
"http://data.bnf.fr/ark:/12148/cb300230773";"S. Antonini, archiepiscopi Florentini, confessionale, aliter dictum Defecerunt, seu summula confessionis, seu tractatus de instructione simplicium confessorum";"1476";"Venetiis";"impensa Johannis de Colonia et J. Manthen";"1476";"In-4° . (Pellechet, 842.)";"Null";"Null"
"http://data.bnf.fr/ark:/12148/cb30023117h";"Decisio conciliaris super dubio producto de indulgentiis, edita per Antoninum, archiepiscopum Florentinum";"1476";"(Daventriae";"R. Paffroed";"1476";"In-fol. (Pellechet, 876.)";"Null";"Null"
"http://data.bnf.fr/ark:/12148/cb30027448k";"Ethica Aristotelis ad Nicomachum";"1476";"Lovanii";"per C. Braem";"1476";"In-fol. (Pellechet, 1236.)";"Null";"Null"
"http://data.bnf.fr/ark:/12148/cb30027364j";"De Animalibus libri, latine, interprete Theodoro Gaza";"1476";"Venetiis";"J. de Colonia et J. Manthen";"1476";"In-fol., imprimé sur vélin. (Hain, *1699.)";"Null";"Null"
"http://data.bnf.fr/ark:/12148/cb30027341w";"Analytica posteriora, latine";"1476";"Lovanii";"per Conradum Braem";"1476";"In-fol. (Pellechet, 1183.)";"Null";"Null"
"http://data.bnf.fr/ark:/12148/cb30033508v";"Astesani Summa de casibus conscientiae";"1476";"[Basel";"Michael Wenssler et Bernhard Richel";"1476";"2 vol.";"Null";"Null"
"http://data.bnf.fr/ark:/12148/cb30033934h";"Libro de li magnifichi facti e felicie opere de Enea";"1476";"Vicencia";"Null";"1476";"In-4°";"Null";"Null"
"http://data.bnf.fr/ark:/12148/cb30040194n";"Compendium litteralis sensus totius Bibliae... editum a fratre Petro Aureoli";"1476";"(Argentinae";"apud G. Husrer";"1476";"In-fol. (Pellechet, 1613.)";"Null";"Null"
"http://data.bnf.fr/ark:/12148/cb30041989h";"Expositio Gentilis de Fulginatis super primam Fen quarti Canonis Avicennae";"1476";"Patavii";"per N. Petri de Harlem";"1476";"In-fol. (Hain, 7565.)";"Null";"Null"
"http://data.bnf.fr/ark:/12148/cb300419525";"Canonis libri V Avicennae, translati a magistro Gerardo Cremonensi ex arabico in latinum. Ejusdem libellus de Viribus cordis, translatus ab Arnaldo de Villanova. Curantibus Petro Roccabonellae et Mutio Prosdochymo";"1476";"Patavii";"per J. Herbort";"1476";"In-fol. (Pellechet, 1660.)";"Null";"Null"
"http://data.bnf.fr/ark:/12148/cb30063200w";"Bartholomaei de Sancto Concordio summa de casibus conscientiae";"1476";"Parisiis";"M. Crantz, M. Friburger et U. Gering";"1476";"In-fol. (Pellechet, 1890.)";"Null";"http://gallica.bnf.fr/ark:/12148/btv1b8602961z"
"http://data.bnf.fr/ark:/12148/cb30063131w";"Lecture Bartoli de Saxoferrato super tribus libris Codicis, cum additionibus Angeli de Ubaldis";"1476";"Mantuae";"impr. per P. de Puzbach";"1476";"In-fol. (Pellechet, 1915.)";"Null";"Null"
"http://data.bnf.fr/ark:/12148/cb300899220";"Epistolae S. Bernardi cum aliis ejusdem tractatibus";"1476";"(Argentinae";"H. Eggesteyn";"1476";"In-fol. (Pellechet, 2104.)";"Null";"Null"
"http://data.bnf.fr/ark:/12148/cb30089846q";"Opuscula varia S. Bernardi";"1476";"(Coloniae";"A. Therhoernen";"1476";"In-fol. (Pellechet, 2155.)";"Null";"Null"
"http://data.bnf.fr/ark:/12148/cb300899580";"Meditationes sancti Bernardi";"1476";"(Augustae";"A. Sorg";"1476";"In-8° . (Pellechet, 2112.)";"Null";"Null"
"http://data.bnf.fr/ark:/12148/cb30089990g";"Tractatus S. Bernardi de Planctu beatae Mariae";"1476";"(Coloniae";"U. Zell";"1476";"In-4° . (Pellechet, 2151.)";"Null";"Null"
"http://data.bnf.fr/ark:/12148/cb30090029z";"Homiliae S. Bernardi super evangelio : Missus est angelus Gabriel";"1476";"(Coloniae";"G. Gops";"1476";"In-4° . (Pellechet, 2100.)";"Null";"Null"
"http://data.bnf.fr/ark:/12148/cb30092860s";"Historiae naturalis libri XXXVII";"1476";"Parmae";"Null";"1476";"Gr. in-fol.";"Null";"Null"
"http://data.bnf.fr/ark:/12148/cb30102549r";"Commentarius Menghi Blanchelli super logicam Pauli Veneti";"1476";"Tarvisii";"Null";"1476";"In-fol. (Hain-Copinger, *3227.)";"Null";"Null"
"http://data.bnf.fr/ark:/12148/cb30116689f";"Jehan Bocace. De la Ruyne des nobles hommes et femmes";"1476";"Bruges";"Colard Mansion";"1476";"Null";"Null";"http://gallica.bnf.fr/ark:/12148/bpt6k1075152q"
"http://data.bnf.fr/ark:/12148/cb30116732r";"Il Decamerone di Giovanni Boccaccio";"1476";"Bologna";"Baldassare Azzoguidi";"1476";"222 feuillets";"Null";"http://gallica.bnf.fr/ark:/12148/bpt6k134794s"
"http://data.bnf.fr/ark:/12148/cb30118276g";"Boetii de consolatione philosophiae, cum commento sancti Thome";"1476";"Norimbergae";"Antonius Koberger";"1476";"In-fol. (Pellechet, 2513.)";"Null";"Null"
"http://data.bnf.fr/ark:/12148/cb30125290h";"Tractatus utilis de Confessione, compositus a domino Bonaventura";"1476";"(Parisiis";"per P. Caesarem et J. Stoll";"1476";"In-4° . (Hain-Copinger, 3507.)";"Null";"Null"
"http://data.bnf.fr/ark:/12148/cb30126502g";"Liber sextus Decretalium. - (Q)uia preposterus est ordo... Incipit liber sextus decretalium Bonifacii pape octavi... - A la fin : Sextus liber decretalium haud modica diligentia correctus. Parisius impressus per Martinum, Udalricum et Michaelem finit feliciter. Anno M CCCC LXXV, die X aprilis";"1476";"Moguntiae";"per P. Schoiffer";"1476";"In-fol. (Hain-Copinger, *3593.)";"Null";"Null"
"http://data.bnf.fr/ark:/12148/cb30126503t";"Liber sextus Decretalium. - (Q)uia preposterus est ordo... Incipit liber sextus decretalium Bonifacii pape octavi... - A la fin : Sextus liber decretalium haud modica diligentia correctus. Parisius impressus per Martinum, Udalricum et Michaelem finit feliciter. Anno M CCCC LXXV, die X aprilis";"1476";"Basileae";"per M. Wenszler";"1476";"In-fol. (Hain-Copinger, *3594.)";"Null";"Null"
"http://data.bnf.fr/ark:/12148/cb30126509w";"Liber sextus Decretalium una cum novellis et declaratione Joannis Andreae de arboribus consanguinitatis et affinitatis per Alexandrum Nevum emendatus";"1476";"Venetiis";"per N. Jenson";"1476";"In-fol. (Hain-Copinger, *3592.)";"Null";"Null"
"http://data.bnf.fr/ark:/12148/cb30170156w";"Historia fiorentina di Leonardo Aretino tradotta in vulgare per Donato Acciaiuoli";"1476";"Vinegia";"J. de Rossi";"1476";"In-fol. (Pellechet, 1115.)";"Null";"Null"
"http://data.bnf.fr/ark:/12148/cb30176398t";"Ici commence la Controversie de noblesse, plaidoyée entre Publius Cornelius Scipion d'une part, et Cayus Flaminus, de autre part, laquelle a esté faicte et composée par un notable docteur en loix et grant orateur nommé Surse (Buonaccorso), de Pistoye";"1476";"[Bruges";"Colard Mansion";"1476";"Null";"Null";"http://gallica.bnf.fr/ark:/12148/bpt6k10752040"
"http://data.bnf.fr/ark:/12148/cb30178407f";"Burlaeus. Expositio in octo volumina Aristotelis de Physico auditu, ex recensione Hieronymi Turriani, Veronensis";"1476";"Paduae";"Null";"1476";"In-fol. (Hain-Copinger, *4136.)";"Null";"Null"
"http://data.bnf.fr/ark:/12148/cb30189908m";"Joannis Antonii Campani funebris oratio pro Baptista Sphortia, Urbini comitissa, ac principe illustrissima";"1476";"Callii";"Null";"1476";"In-4° , 21 ff. (Hain-Copinger, 4292.)";"Null";"Null"
"http://data.bnf.fr/ark:/12148/cb301899078";"Jo. Antonii Campani funebris oratio pro Baptista Sphortia, principe clarissima";"1476";"Callii";"Null";"1476";"In-4° , 8 ff. (Hain, * 4291.)";"Null";"Null"
"http://data.bnf.fr/ark:/12148/cb301950029";"Quadragesimale del venerabile magistro Roberto, facto a complacentia e devotione de la sacra maiestà del re Ferando";"1476";"(Neapoli,)";"Null";"1476";"In-fol. (Hain, 4445.)";"Null";"Null"
"http://data.bnf.fr/ark:/12148/cb301949972";"Roberti Caraccioli de Licio opus quadragesimale quod de penitentia dictum est, cum tribus sermonibus de annunciatione virginis Mariae, de predestinato numero damnatorum et de cathenis (cum sex aliis sermonibus)";"1476";"Venetiis";"impensis Johannis de Colonia ac socii ejus Johannis Manthen de Gherretzem";"1476";"In-4° . (Hain-Copinger, 4433.)";"Null";"Null"
"http://data.bnf.fr/ark:/12148/cb301956306";"Sermonarium triplicatum per adventum et per duas quadragesimas, editum per Michaelem de Carchano";"1476";"Venetiis";"per Franciscum de Franckfordia socios";"1476";"In-4° . (Hain-Copinger, *4508.)";"Null";"Null"
"http://data.bnf.fr/ark:/12148/cb302066611";"Catonis Disticha de moribus ad filium, cum amplissimo commento et remissorio supra thematibus evangeliorum et epistolarum";"1476";"[Ulm";"Johann Zainer";"1476";"Null";"Null";"Null"
"http://data.bnf.fr/ark:/12148/cb30210900d";"L'Acerba di Cecco d'Ascoli";"1476";"Venezia";"per Philipo de Piero";"1476";"In-4° . (Pellechet, 3457.)";"Null";"Null"
"http://data.bnf.fr/ark:/12148/cb30213989q";"Solacium ludi schaccorum, auctore Jacobo de Cessolis";"1476";"[Toulouse]";"M H D B [= Heinrich Turner";"1476";"Null";"Null";"Null"
"http://data.bnf.fr/ark:/12148/cb30242966f";"M. T. Ciceronis Epistolae ad familiares";"1476";"[Venezia]";"[Tommaso de' Blavi]";"1476";"In-2";"Null";"Null"
"http://data.bnf.fr/ark:/12148/cb30242967s";"M. T. Ciceronis Epistolae ad familiares";"1476";"Mediolani";"per A. Zarotum";"1476";"In-fol. (Pellechet, 3600.)";"Null";"Null"
"http://data.bnf.fr/ark:/12148/cb302429653";"M. T. Ciceronis Epistolae ad familiares";"1476";"Lovanii";"per J. Veldener";"1476";"In-fol. (Pellechet, 3586.)";"Null";"Null"
"http://data.bnf.fr/ark:/12148/cb30243226h";"M. Tullii Ciceronis de Officiis libri, de Senectute et de Amicitia dialogi, Paradoxa";"1476";"Mediolani";"impressit A. Zarotus";"1476";"In-fol. (Pellechet, 3734.)";"Null";"Null"
"http://data.bnf.fr/ark:/12148/cb30244344z";"M. Tullii Ciceronis de Partitionibus oratoriis liber";"1476";"[Napoli";"Matthias Moravus";"1476";"Null";"Null";"Null"
"http://data.bnf.fr/ark:/12148/cb30244448m";"Marci Tullii Ciceronis Rhetoricorum novorum et veterum libri. Edidit Omnibonus Leonicenus";"1476";"Venetiis";"Thomas de Blavis";"1476";"In-fol. (Pellechet, 3651.)";"Null";"Null"
"http://data.bnf.fr/ark:/12148/cb30249175w";"Clementis papae V Constitutiones ; decretales extravagantes, una cum apparatu Johannis Andreae";"1476";"Venetiis";"N. Jenson";"1476";"In-fol. (Pellechet, 2735. Hain, *5412)";"Null";"Null"
"http://data.bnf.fr/ark:/12148/cb302491678";"Clementis papae V. Constitutiones, cum apparatu Johannis Andreae. Accedunt bullae Clementis V Exivi de Paradiso et Johannis XXII Constitutio execrabilis";"1476";"Basileae";"M. Wensler";"1476";"In-fol. (Pellechet, 3842. Hain, *5419)";"Null";"Null"
"http://data.bnf.fr/ark:/12148/cb30249174j";"Clementis papae V Constitutiones, cum commento Johannis Andreae. Accedit Clementis V Exivi de paradiso";"1476";"Moguntiae";"P. Schoeffer";"1476";"In-fol. (Pellechet, 2736.)";"Null";"Null"
"http://data.bnf.fr/ark:/12148/cb30249168m";"Clementis papae V. Constitutiones, cum apparatu Johannis Andreae. Accedunt bullae Clementis V Exivi de Paradiso et Johannis XXII Constitutio execrabilis";"1476";"Basileae";"M. Wenssler";"1476";"In-fol. (Pellechet, 3843.)";"Null";"Null"
"http://data.bnf.fr/ark:/12148/cb30264490t";"Speculum beate Marie virginis, compilatum ab humili fratre Bonaventura";"1476";"Augustae Vindelicorum";"per A. Sorg";"1476";"In-fol. (Hain-Copinger, *3566.)";"Null";"Null"
"http://data.bnf.fr/ark:/12148/cb302645458";"Responsorium curiosorum, compilatum per fratrem Conradum Halberstadiensem, Ordinis Predicatorum";"1476";"Lubecae";"Null";"1476";"In-fol. (Hain, 8347.)";"Null";"Null"
"http://data.bnf.fr/ark:/12148/cb30302108d";"Augustini Dati isagogicus libellus in eloquentiae praecepta ad Andream Christophori filium";"1476";"Mediolani";"per Ph. de Lavagnia";"1476";"In-4° . (Hain, 5991.)";"Null";"Null"
"http://data.bnf.fr/ark:/12148/cb30321745f";"Έρωτήματα";"1476";"Milano";"Diogini Paravicino";"1476";"Null";"Null";"Null"
"http://data.bnf.fr/ark:/12148/cb30343739d";"Diodori Siculi Bibliotheca, seu Historiarum priscarum libri VI, e graeco in latinum traducti per Fr. Poggium. Accedit Cornelii Taciti de situ, moribus et populis Germaniae libellus";"1476";"Venetiis";"per Andream Jacobi Katharensem";"1476";"In-fol. (Pellechet, 4267.)";"Null";"Null"
"http://data.bnf.fr/ark:/12148/cb30343852w";"Diomedes, Ars grammatica. Phocas, de nomine et verbo. Epitoma Prisciani. Caper, de latinitate. Agraetius, de orthographia. Donatus, de barbarismo et octo partibus orationis. Servius et Sergius, in Donatum";"1476";"[Venezia]";"Nicolas Jenson";"1476";"Null";"Null";"Null"
"http://data.bnf.fr/ark:/12148/cb303471805";"Dominici de Sancto Geminiano Lectura prima super sexto libro Decretalium";"1476";"Venetiis";"per Jacobum de Rubeis";"1476";"In-fol. (Pellechet, 4400.)";"Null";"Null"
"http://data.bnf.fr/ark:/12148/cb30347634c";"Donati grammatici in P. Terentii Afri Comoedias examinata interpretatio...";"1476";"Mediolani";"A. Zarotus impress";"1476";"In-fol. (Pellechet, 4431.)";"Null";"Null"
"http://data.bnf.fr/ark:/12148/cb30384821p";"Guilelmi Durandi Rationale divinorum officiorum";"1476";"[Speyer";"Peter Drach";"1476";"Null";"Null";"Null"
"http://data.bnf.fr/ark:/12148/cb30384824q";"Guilelmi Durandi Rationale divinorum officiorum";"1476";"[Basel";"Michæl Wenssler";"1476";"Null";"Null";"Null"
"http://data.bnf.fr/ark:/12148/cb30406042f";"Vita et fabulae Esopi per Rimicium latinae factae";"1476";"Mediolani";"apud A. Zarotum";"1476";"In-4° . (Pellechet, 206.)";"Null";"Null"
"http://data.bnf.fr/ark:/12148/cb304105568";"Liber historiae ecclesiasticae Eusebii Caesariensis, quam beatus Ruffinus,... de graeco in latinum transtulit. [Edidit J. P. de Lignamine.]";"1476";"Romae";"J. P. de Lignamine";"1476";"In-fol. (Pellechet, 4637 A.)";"Null";"Null"
"http://data.bnf.fr/ark:/12148/cb30410555x";"Liber historiae ecclesiasticae Eusebii Caesariensis, quam beatus Ruffinus,... de graeco in latinum transtulit. [Edidit J. P. de Lignamine.]";"1476";"Romae";"J. P. de Lignamine";"1476";"In-fol. (Pellechet, 4637.)";"Null";"Null"
"http://data.bnf.fr/ark:/12148/cb304254401";"De Divina praedestinatione, tractatus fratris Feliciani,...";"1476";"[Augsburg";"Anton Sorg au monastère SS. Ulrich et Afra ( ?)";"1476";"Null";"Null";"Null"
"http://data.bnf.fr/ark:/12148/cb304355577";"Satirae Francisci Philelphi";"1476";"Milano";"Christoph Valdarfer";"1476";"Null";"Null";"Null"
"http://data.bnf.fr/ark:/12148/cb304444092";"Lucii Annaei Flori Epitome rerum romanarum";"1476";"[Roma";"apud Sanctum Marcum (= Vitus Puecher)";"1476";"Null";"Null";"Null"
"http://data.bnf.fr/ark:/12148/cb30444411m";"Lucii Annaei Flori Epitome rerum romanarum, a Philippo Beroaldo editum";"1476";"[Parma]";"Stephanus Corallus";"1476";"Null";"Null";"Null"
"http://data.bnf.fr/ark:/12148/cb305160613";"Scala coeli [auctore Johanne Gobio, juniore]";"1476";"Lübeck";"[Lucas Brandis]";"1476";"241, [3] ff. non signés [a]10, [b-c]8, [d]10, [e]8, [f]10, [g-h]8, [j]10, [k]8, [l]10, [m-n]8, [o]10, [p]8, [q]10, [r-s]8, [t]10, [u]8, [x]6, [y]10, [z]8, [A-D]10/8, [E]8, les deux derniers ff. blancs";"Null";"Null"
"http://data.bnf.fr/ark:/12148/cb30535867j";"Decretum Gratiani, cum apparatu Bartholomaei Brixiensis";"1476";"Basel";"Bernhard Richel";"1476";"[413] ff. non signés [a]8, [b-d]10, [e]8, [f-g]10, [h-i]6, [k-l]8, [m]6, [n-o]10, [p-q]8, [r-s]6, [t]8, [v]10, [x]8, [y]6+1, [z]10, [A]10, [B-C]8, [D-E]10, [F]8, [G]8+1, [H]10, [I]10+1-1, [K]10, [L-M]10, [N]8, [O]6, [P]8, [Q]6, [R-X]10, [Y]8, [Z]6, [aa-bb]8, le dernier blanc";"Null";"Null"
"http://data.bnf.fr/ark:/12148/cb30535868w";"Decretum Gratiani, cum apparatu Bartholomaei Brixiensis";"1476";"Roma";"Georg Lauer";"1476";"[478] ff. non signés [a-b]10, [c]8, [d]6, [e-f]10, [g-h]8, [i-l]10, [m]12, [n-r]10, [s]8, [t-v]10, [x]8, [y-z]10, [A-B]10, [c]8, [D]4, [E-I]10, [K]4, [L]10, [M]14, [N]12, [O]10, [P]6, [Q]8, [R]10, [S]8, [T-X]10, [Y]8, [Z]10, [aa]8, [bb-ee]10, le 1er f. blanc";"Null";"Null"
"http://data.bnf.fr/ark:/12148/cb30538027t";"Hie facht an das Buch das der heylig Vater und Bapst sanctus Gregorius selbs gemacht hat von den Heyligen... und haisset das Buch in Latein Liber dyalogorum... [Das Buch der Pein der Seelen, zu Latein genannt Visio Tundali, zu teutsch die Gesicht Tundali. Ars moriendi, das ist die Kunst des Sterbens. Ein Ausszug genomen von dem Tractatt zu Latein genant Troctatus (sic) quatuor novissimorum (a Gerardo de Vliederhoven)]";"1476";"[Augsburg";"Johann Bämler]";"1476";"[194] ff. non signés [a]-[r]10, [s]-[v]8, le dernier f. [v]8 blanc";"Null";"Null"
"http://data.bnf.fr/ark:/12148/cb305553171";"Manipulus curatorum Guidonis de Monte Rocherio. - Jacobus de Fusignano. De Arte praedicandi. - Ars moriendi « Cum de praesentis exilii… ». - Canones poenitentiales";"1476";"Köln";"Bartholomaeus von Unckel";"1476";"[136] ff. non signés [a-m10, n-o8]";"Null";"Null"
"http://data.bnf.fr/ark:/12148/cb30555315b";"Liber qui Manipulus curatorum appellatur, in quo pernecessaria officia eorum quibus animarum cura commissa est breviter pertractantur, feliciter incipit. - A la fin : Doctissimi viri domini Guidonis de Monte Rocherii liber Manipulus curatorum vulgariter dictus finit feliciter. Impressus Parisius in vico sancti Jacobi sub signo Follis viridis. Anno Domini millesimo quadringentesimo septuagesimo sexto, mensis maii die vero vicesimo quinto. Deo gratias";"1476";"Paris";"atelier du Soufflet vert";"1476";"[160] ff. non signés [a-q10], le dernier blanc";"Null";"Null"
"http://data.bnf.fr/ark:/12148/cb305575083";"[V]itam bonam et exitum beatum ego frater Guuillerinus... - Au ff. signé A2 : Dominica prima in adventum Domini...";"1476";"[Speyer";"Peter Drach";"1476";"[170] ff. signés A-F8, G-H6, A-N8, O6, le dernier blanc";"Null";"Null"
"http://data.bnf.fr/ark:/12148/cb30557501p";"Fol. 1 v° : Vitam bonam. et et exitum beatum. Ego frater Gvuillermus, sacre theologie professor minimus Parisius... Epistolarum et evangeliorum de tempore et sanctis liber incipit";"1476";"[Speyer";"Peter Drach";"1476";"[60] ff. signés A-F8, G-H6";"Null";"Null"
"http://data.bnf.fr/ark:/12148/cb30557693f";"Summa conservationis et curationis. Chirurgia [Guilielmi de Saliceto]";"1476";"Piacenza";"[Giovanni Pietro de’ Ferrati]";"1476";"[232] ff. signés a-f10, g8, h-n10, :a-:d10, :e8, :f6, :g8, :h-:i10, :k8, :l6, :m8";"Null";"Null"
"http://data.bnf.fr/ark:/12148/cb36813022t";"(F ° 1 ° r °) Al nome sia del no//stro Signõr Iesu Christo. Inco//mĩciano lepistole & lectione // & evangelii : i quali si leghono // in tutto Lanno alla messa se//condo luso de la sancta chie//sa Romana...";"1476";"Venesia";"N. Ienson";"1476";"Null";"Null";"Null"
"http://data.bnf.fr/ark:/12148/cb36814199x";"Missale Romanum";"1476";"Milano";"Antonio Zarotto [pour Marco Roma]";"1476";"2 °";"Null";"Null"
"http://data.bnf.fr/ark:/12148/cb368151039";"[Psalterium.] - [Hymni.]";"1476";"Napoli";"Heinrich Alding et Peregrinus Bermentlo";"1476";"4 °";"Null";"Null"
"http://data.bnf.fr/ark:/12148/cb368160216";"Directorium Constantiense";"1476";"[Konstanz]";"[imprimeur du Remigius, GW 6281 (= Heinrich Jan ?)]";"1476";"In-fol.";"Null";"Null"
"http://data.bnf.fr/ark:/12148/cb368212223";"Missale Romanum";"1476";"Roma";"Ulrich Han";"1476";"2 °, 292 ff.";"Null";"Null"
"http://data.bnf.fr/ark:/12148/cb306164187";"Quinti Horatii Flacci Venusini Opera";"1476";"Mediolani";"impensis Philippi de Lavagnia";"1476";"In-fol. (Hain-Copinger, 8870.)";"Null";"Null"
"http://data.bnf.fr/ark:/12148/cb30625728b";"Sermones dominicales super evangelia et epistolas per totum annum, auctore Hugone de Prato Florido";"1476";"(S. l.,)";"Null";"1476";"In-fol. (Hain, *9005.)";"Null";"Null"
"http://data.bnf.fr/ark:/12148/cb30636652c";"Liber ethimologiarum Isidori";"1476";"[Köln";"Konrad Winters";"1476";"[126] ff. en 14 cahiers non signés";"Null";"Null"
"http://data.bnf.fr/ark:/12148/cb306390695";"Opusculum presens quod appellatum est Quotlibetum statuum humanorum venerabilis magistri Jacobi Carthusiensis... hanc continet tabulam";"1476";"Null";"Null";"1476";"In-fol. (Hain-Copinger, *9335.)";"Null";"Null"
"http://data.bnf.fr/ark:/12148/cb30650049s";"Summa confessorum, auctore fratre Johanne Friburgensi, lectore ordinis Fratrum predicatorum";"1476";"(Augustae Vindelicorum";"G. Zainer,)";"1476";"In-fol. (Hain, *7365.)";"Null";"Null"
"http://data.bnf.fr/ark:/12148/cb306527167";"Vite de' santi padri, da S. Girolamo, Erradio, Leonzo, Giovanni di Gierusalemme, volgarizzate da Domenico Cavalca. Il Prato spirituale, volgarizzato di Giovanni Everato da Fr. Belcari";"1476";"Venetiis";"A. di Bartolómeo da Bologna";"1476";"In-fol. (Hain, 8617.)";"Null";"Null"
"http://data.bnf.fr/ark:/12148/cb30652567k";"Epistolae et tractatus S. Hieronymi. Theodorus Laelius edidit. Libellus S. Augustini contra quinque hereses. Epistolae Damasi, Epiphanii, Theophili, S. Augustini ad S. Hieronymum. Sermo Petri Pauli Vergerii in laudem S. Hieronymi. Opuscula Rufini circa Origenem. Homiliarum Origenis translatio. Epistola S. Augustini ad S. Cyrillum de laudibus S. Hieronymi. Epistola S. Cyrilli ad S. Augustinum de miraculis S. Hieronymi. Epistola Eusebii de vita et transitu S. Hieronymi";"1476";"Venezia";"Antonio Miscomini";"1476";"2 parties";"Null";"Null"
"http://data.bnf.fr/ark:/12148/cb30652679v";"Opera";"1476";"Rostochii";"Null";"1476";"In-fol. (Hain, *9812.)";"Null";"Null"
"http://data.bnf.fr/ark:/12148/cb306703580";"Dn. Justiniani Institutiones, cum apparatu";"1476";"Venezia";"Jacques Le Rouge";"1476";"Null";"Null";"Null"
"http://data.bnf.fr/ark:/12148/cb306704886";"Digestum vetus [Justiniani], cum glossa";"1476";"Perusiae";"H. Clayn";"1476";"In-fol. (Hain, *9545.)";"Null";"Null"
"http://data.bnf.fr/ark:/12148/cb30670756d";"Juvenalis et Persii Saturae";"1476";"(Mediolani,)";"P. Lavanius";"1476";"In-fol. (Hain, 9682)";"Null";"Null"
"http://data.bnf.fr/ark:/12148/cb306700794";"Justini In Trogi Pompeii Historias epitome";"1476";"Milano";"Christoph Valdarfer";"1476";"Null";"Null";"Null"
"http://data.bnf.fr/ark:/12148/cb30670357n";"Dn. Justiniani Institutiones, cum apparatu";"1476";"Moguntiae";"P. Schoiffer";"1476";"In-fol. (Hain-Copinger, *9498.)";"Null";"Null"
"http://data.bnf.fr/ark:/12148/cb30691611t";"Chronica von Jacobus von Koenigshoven, von allen Kaysern und Künigen die seÿder Christi Gepurd geregiert haben, mit der Reformacion so der aller durchleuchtigist Herr Sigmund, römischer Keyser, in dem nächsten Concilien zu Basel die heilig cristenlich Kirchen in beständige Ordnung zu bringen fürgenomen hett ; der künigklichen Reformation so der aller durchleichtigist Herr Fridrich, römischer Keyser, zu Nürmberg auffgericht und zu halten geboten hat ; und von allen Bäbsteb, die von Sannt Peter, dem ersten Pabst, biss auff dise Czeit gewesen seind nuczlich ze wissen und zu hören";"1476";"Augsburg";"Johann Bämler";"1476";"4 parties en 1 vol., fig. sur bois";"Null";"Null""http://data.bnf.fr/ark:/12148/cb30711864g";"Lactantii Firmiani Opera. De Divinis institutionibus adversus gentes libri septem : de Ira Dei liber unus : de Opificio hominis liber ; de Resurrectionis dominicae die. Errata per fratrem Antonium Raudensem collecta et exarata. Hieronymus de Lactantio ex libro de Viris-illustribus";"1476";"Rostochii";"per fratres communis vitae";"1476";"In-fol. (Hain, *9812)";"Null";"Null"
"http://data.bnf.fr/ark:/12148/cb307788454";"Sophologium";"1476";"[Strasbourg";"imprimeur du Henricus Ariminensis, H 1649 (= Georg Reyser ?)";"1476";"Null";"Null";"Null"
"http://data.bnf.fr/ark:/12148/cb30792988n";"Oratio Omniboni Leoniceni de laudibus eloquentiae... Praefatio ejusdem in M. Tullii Oratorem ad Q. fratrem. Commentarium ejusdem in eundem Oratorem";"1476";"Vicentiae";"(L. de Basilea)";"1476";"In-fol. (Hain-Copinger, *10030.)";"Null";"Null"
"http://data.bnf.fr/ark:/12148/cb38498447q";"[Illustrations de Kalendarium]";"1476";"Venise";"S.n. ";"1476";"14 est. : gravures sur bois : Noir et blanc";"http://data.bnf.fr/ark:/12148/cb11932512b";"http://gallica.bnf.fr/ark:/12148/btv1b21001577"
"http://data.bnf.fr/ark:/12148/cb388965027";"[Kalendario]";"1476";"Venetiis";"Bernardus Pictor, Petrus Loslein, Erbardus Ratdolt";"1476";"[30] f.";"http://data.bnf.fr/ark:/12148/cb11976232x";"http://gallica.bnf.fr/ark:/12148/bpt6k105749h"
"http://data.bnf.fr/ark:/12148/cb30862301n";"De Jure emphiteotico quaestiones emendatae per Ambrosium Jasonem de Maino,...";"1476";"(Papiae,)";"Carchenus";"1476";"In-fol. (Hain, 10958.)";"Null";"Null"
"http://data.bnf.fr/ark:/12148/cb308794176";"Mammotrectus super Bibliam, auctore Johanne Marchesino";"1476";"(Coloniae.)";"Null";"1476";"In-fol. (Hain, 10556.)";"Null";"Null"
"http://data.bnf.fr/ark:/12148/cb30879418j";"Incipit vocabularius in Mamotrectum secundum ordinem alphabeti... Prologus autoris in Mamotrectum... - la fin : Expliciunt expositiones et correctiones vocabulorum libri qui appellatur Mamotrectum... Impresse Venetiis, per Franciscum de Hailbrun et Nicholaum de Franckfordia socios...";"1476";"Venetiis";"Null";"1476";"In-4° , 228 ff. non ch., car. goth.";"Null";"Null"
"http://data.bnf.fr/ark:/12148/cb30879412g";"Mammotrectus super Bibliam";"1476";"Null";"Null";"1476";"In-fol.";"Null";"Null"
"http://data.bnf.fr/ark:/12148/cb30897313g";"Chronica summorum pontificum imperatorumque Gervasii Ricobaldi, a J. P. de Lignamine edita et continuata, cum additamentis";"1476";"Romae";"per magistrum Schurener de Bopardia";"1476";"In-4° , 76 ff. non ch., car. rom. (Hain, 10858.)";"Null";"Null"
"http://data.bnf.fr/ark:/12148/cb39363287j";"Chroniques de France [appelées chroniques de Saint-Denis depuis les Troyens jusques à la mort de Charles VII.]";"1476";"[Paris]";"[Pasquier Bonhomme]";"1476";"3 vol. pet. in-fol";"Null";"Null"
"http://data.bnf.fr/ark:/12148/cb39361082s";"Justini historici Clarissimi in Trogi Pompeii historias exordium";"1476";"Mediolani";"C. Valdorfer";"1476";"In-fol., non f.";"Null";"Null"
"http://data.bnf.fr/ark:/12148/cb393723466";"Repertorium Petri Brixiensis episcopi, prima pars. Seu Lexicon juris tàm civilis";"1476";"Null";"Null";"1476";"In-fol. goth.";"Null";"Null"
"http://data.bnf.fr/ark:/12148/cb30926687b";"Caroli Menniken. Epistolares formulae";"1476";"Lovanii";"per J. Veldener";"1476";"In-fol. (Hain, 10662 ; Campbell, 1201.)";"Null";"Null"
"http://data.bnf.fr/ark:/12148/cb30926688p";"Caroli Menniken. Epistolares formulae";"1476";"Lovanii";"per C. de Westvalia";"1476";"In-4° . (Hain, 10663 ; Campbell, 1202.)";"Null";"Null"
"http://data.bnf.fr/ark:/12148/cb309397804";"Scriptum super primum Sententiarum [F. de Mayronis auctore]";"1476";"Trivisie";"per M. Manzolo";"1476";"In-fol. (Hain-Copinger* 10534.)";"Null";"Null"
"http://data.bnf.fr/ark:/12148/cb30968844x";"Repertorium utriusque juris Petri de Monte, episcopi Brixiensis";"1476";"Nurembergae";"apud A. Frisnerum et J. Sensenschmid";"1476";"3 parties en 2 vol. in-fol. (Hain. *11588.)";"Null";"Null"
"http://data.bnf.fr/ark:/12148/cb309852350";"Vite de' santi padri... volgarizzata da Domenico Cavalca...";"1476";"Venetiis";"Null";"1476";"In-fol. (Hain, 8617.)";"Null";"Null"
"http://data.bnf.fr/ark:/12148/cb31012172b";"Sextus liber Decretalium... una cum novellis et declaratione Joannis Andreae de arboribus consanguinitatis et affinitatis...";"1476";"Venetiis";"Null";"1476";"In-fol. (Hain-Copinger, *3592.)";"Null";"Null"
"http://data.bnf.fr/ark:/12148/cb31015460w";"Tractatus de judaeorum et christianorum communione et conversatiōne";"1476";"Null";"Null";"1476";"In-fol.";"Null";"Null"
"http://data.bnf.fr/ark:/12148/cb31016790w";"Sumule naturalium magistri Pauli Veneti,... Physicorum liber...";"1476";"Mediolani";"per C. Valdarfer";"1476";"In-fol. (Hain, *12516.)";"Null";"Null"
"http://data.bnf.fr/ark:/12148/cb31016777p";"Expositio librorum naturalium Aristotelis";"1476";"Venetiis";"impensis J. de Colonia et J. Manthen de Gherretzem";"1476";"In-fol. (Hain, 12515.)";"Null";"Null"
"http://data.bnf.fr/ark:/12148/cb31023949g";"Nonii Marcelli... Compendiosa doctrina ad filium de proprietate sermonum";"1476";"Venetiis";"impendio N. Jenson";"1476";"In-fol. (Hain-Copinger, 11901.)";"Null";"Null"
"http://data.bnf.fr/ark:/12148/cb31030314n";"Dyalogus doctoris venerabilis magistri Guilhelmi Okam tres tractatus continet quorum primus qui est de hereticis habet septem libros. - Fol. 14 r° : Tabula aurea pro primo tractatu dyalogi venerabilis Guillermi Okam compendiose et breviter ipsum dyalogum comprehendens finit feliciter. - A la fin du 1er vol. : Explicit liber septimus prime partis dyalogorum de creditoribus, fautoribus et receptoribus hereticorum. Impressus Parisius anno Domini 1476 die 5 Jullii feliciter. - Vol. 2, fol. 1 r° : Trac[ta]tus secundus hujus operis, sive secunda pars principalis, est de docmatibus pape Johannis 22... - Fol 21 r° : Incipit secundus tractatus principalis dyalogorum venerabilis magistri Guillermi Okam de docmatibus Johannis vicesimi secundi. - Fol. 49 r° : Incipit compendium errorum Johannis pape XXII, editum et compilatum a fratre Guillermo Okam de ordine fratrum minorum. - Fol. 67 r° : Compendii errorum Johannis vicesimi secundi finis. - Fol. 69 : Discipulus : Salomonis utcunque sequendo vestigia p...";"1476";"Paris";"[imprimeur de Guillelmus de Ockham, Dialogorum libri septem (H 11937)]";"1476";"3 parties : 294 ff. non signés [a-b8, c-g10, h-p8/10, q-t8, v-z10/8, A-C8, D10, E-F8, G10, H-I8, K12], le premier, le seizième et le dernier blancs ; 68 ff. non signés [aa-dd10, ee8, ff-gg10], trois ff. blancs ; 164 ff. non signés [AA-FF10, GG-II8, KK-NN10, OO-SS8], le premier et le dernier ff. blancs";"Null";"Null"
"http://data.bnf.fr/ark:/12148/cb310721670";"Johannis Pithsani archiepiscopi canthuariensis Liber de oculo morali";"1476";"(Augsburg)";"Null";"1476";"In-fol. (Hain, *9427.)";"Null";"Null"
"http://data.bnf.fr/ark:/12148/cb31083643t";"Nicolai Perotti Erudimenta grammatices, emendata a F. Rholandello";"1476";"Tarvisii";"impr. Gerardus de Flandria";"1476";"In-fol. (Hain-Copinger, 12652.)";"Null";"Null"
"http://data.bnf.fr/ark:/12148/cb310836445";"Nicolai Perotti Rudimenta grammatices";"1476";"Venetiis";"per M. M. de Comitibus et G. Alexandrinum";"1476";"In-fol. (Hain-Copinger, 12653.)";"Null";"Null"
"http://data.bnf.fr/ark:/12148/cb310836387";"Nicolai Perotti Rudimenta grammatices";"1476";"Romae";"per A. Pannartz";"1476";"(Hain, 12650.)";"Null";"Null"
"http://data.bnf.fr/ark:/12148/cb31088588q";"Juvenalis et Persii Satyrae, quam diligentissime castigatae";"1476";"Mediolani";"impr. Phil. Lavanius";"1476";"In-fol. (Hain, 9682 ; Morgan, 13.)";"Null";"Null"
"http://data.bnf.fr/ark:/12148/cb31094480x";"Il Libro degli uomini famosi, compilato per Francisco Petrarca";"1476";"Verona";"Null";"1476";"In-fol. (Hain-Copinger, 12808.)";"Null";"Null"
"http://data.bnf.fr/ark:/12148/cb310944144";"Francisci Petrarche Septem psalmi penitentiales";"1476";"[Napoli]";"Sixtus Riessinger";"1476";"22 ff. non signés [a8, b6, c8]";"Null";"Null"
"http://data.bnf.fr/ark:/12148/cb31095521x";"Conciliator differentiarum philosophorum et precipue medicorum clarissimi viri Petri de Abano,...";"1476";"Venetiis";"Null";"1476";"In-fol. (Pellechet, 2.)";"Null";"Null"
"http://data.bnf.fr/ark:/12148/cb311072467";"Epistole familiares Enee Silvii in cardinalitu edite";"1476";"Parisiis";"Null";"1476";"In-fol. (Pellechet, 103.)";"Null";"Null"
"http://data.bnf.fr/ark:/12148/cb311072091";"Enee Silvii de Duobus amantibus Eurialo et Lucrecia opusculum. - Epistola Enee Silvii, sive Pii pape secundi, de amoris remedio";"1476";"Strasbourg";"[Heinrich Knoblochtzer]";"1476";"Null";"Null";"Null"
"http://data.bnf.fr/ark:/12148/cb311236908";"[Epistolae Cai Plinii Caecilii Secundi, cura Juniani Maii Parthenopaei.]";"1476";"Neapoli";"Null";"1476";"In-fol. (Hain-Copinger, 13111.)";"Null";"Null"
"http://data.bnf.fr/ark:/12148/cb311235633";"Historia naturale di C. Plinio Secondo, tradocta di lingua latina in fiorentina per Christophoro Landino,...";"1476";"Venetiis";"N. Janson";"1476";"In-fol. (Hain, 13105.)";"Null";"Null"
"http://data.bnf.fr/ark:/12148/cb311234854";"[Caii Plinii Secundi Historia naturalis ex emendatione Philippi Beroaldi.]";"1476";"Parmae";"Null";"1476";"(Hain-Copinger, 13091.)";"Null";"Null"
"http://data.bnf.fr/ark:/12148/cb31126891w";"Historia fiorentina, italice, Jacobo Poggio interprete...";"1476";"Vinegia";"Null";"1476";"In-fol. (Hain-Copinger, 13172.)";"Null";"Null"
"http://data.bnf.fr/ark:/12148/cb311302701";"Sicconis Polentonii Vita sancti Antonii de Padua";"1476";"Patavii";"B. Valdezochus";"1476";"In-4° . (Hain-Copinger, 13222.)";"Null";"Null"
"http://data.bnf.fr/ark:/12148/cb31152609z";"[Prisciani Caesariensis Opera.]";"1476";"(Venetiis,)";"Null";"1476";"In-fol. (Hain-Copinger, 13358.)";"Null";"Null"
"http://data.bnf.fr/ark:/12148/cb31152608m";"[Prisciani Caesariensis Opera.]";"1476";"(Venetiis,)";"Null";"1476";"In-fol. (Hain-Copinger. *11357.)";"Null";"Null"
"http://data.bnf.fr/ark:/12148/cb31165849p";"M. F. Quintiliani Institutiones oratoriae";"1476";"Mediolani";"Null";"1476";"In-fol. (Hain-Copinger, 13648.)";"Null";"Null"
"http://data.bnf.fr/ark:/12148/cb311875112";"[Calendario]";"1476";"Venezia";"Bernhard Maler, Peter Löslein et Erhard Ratdolt";"1476";"[32] ff. non signés [a8, b-c10, d4]";"Null";"Null"
"http://data.bnf.fr/ark:/12148/cb31187510q";"Kalendarium [Johannis de Monte Regio]";"1476";"Venezia";"Bernhard Maler, Erhard Ratdolt et Peter Löslein";"1476";"Null";"Null";"Null"
"http://data.bnf.fr/ark:/12148/cb31214786h";"Cronica summorum pontificum imperatorumque Gervasii Ricobaldi, a J. P. de Lignamine edita et continuata, cum additamentis";"1476";"Romae";"per magistrum Schurener de Bopardia";"1476";"In-4° , 76 ff. non ch., car. rom. (Hain, 10858.)";"Null";"Null"
"http://data.bnf.fr/ark:/12148/cb31237914b";"Tractatulus de vinea spirituali";"1476";"(Coloniae";"A. Therhoernen";"1476";"In-4°";"Null";"Null"
"http://data.bnf.fr/ark:/12148/cb312378518";"Fasciculus temporum [auctore W. Rolevinck]";"1476";"(Coloniae,)";"impr. per C. de Hoemborch";"1476";"In-fol., 74 ff. ch., sans sign. ni récl., fig., marque de l'imprimeur à la fin. (Voullième, 1028.)";"Null";"Null"
"http://data.bnf.fr/ark:/12148/cb31237850x";"Fasciculus temporum [auctore W. Rolevinck]";"1476";"Lovanii";"impr. per J. Veldener";"1476";"In-fol., 72 ff. non ch., sans sign. ni récl., car. goth., fig. coloriées, marque de l'imprimeur à la fin. (Polain, Belg. 3367.)";"Null";"Null"
"http://data.bnf.fr/ark:/12148/cb31288667c";"[Sallustii Opera.]";"1476";"Mediolani";"impensa Philippi Lavanii";"1476";"In-4° . (Hain-Copinger, 14204.)";"Null";"Null"
"http://data.bnf.fr/ark:/12148/cb31356817f";"[Servii Mauri Honorati,... Libellus de ultimis syllabis et Centimetrum.]";"1476";"Cagli";"Roberto da Fano et Bernardino da Bergamo";"1476";"[24] ff. non signés [a-c]8";"Null";"Null"
"http://data.bnf.fr/ark:/12148/cb31427711w";"Historiarum priscarum [libri VI, e graeco in latinum per Fr. Poggium translati]";"1476";"Venetiis";"Null";"1476";"In-fol ; (Hain-Copinger, *6189 ; Pellechet, 4267 ; Polain, 1288.)";"Null";"Null"
"http://data.bnf.fr/ark:/12148/cb31434986t";"Additiones ad Bartolum super tribus libris Codicis, per... Alexandrum de Ymola";"1476";"Mantue";"Null";"1476";"In-fol. à 2 col., sign. a-c. (Hain, 15328.)";"Null";"Null"
"http://data.bnf.fr/ark:/12148/cb31439885d";"[Ordo judiciarius domini Panormitani, N. Tedeschi.]";"1476";"Parisius";"Null";"1476";"In-fol.";"Null";"Null"
"http://data.bnf.fr/ark:/12148/cb314398900";"[Processus judiciarius Johannis de Urbach.]";"1476";"(Bâle";"J. Schilling";"1476";"In-fol.";"Null";"Null"
"http://data.bnf.fr/ark:/12148/cb31443160w";"In disem Buch ist beschriben das aller nützlichest Recht, beschriben von dem... Doctor Jacob von Theram. Und ist genant von ettlichen das Buch der Tröstung aller Sünder ; von etlichen wirt es genant Belial...";"1476";"[Augsburg";"Johann Bämler";"1476";"Null";"Null";"Null"
"http://data.bnf.fr/ark:/12148/cb31443394r";"[Terentii Comoediae sex, cum Aelii Donati interpretatione et expositione Johannis Calphurnii in Heautontimorumenon.] - (Sign. a 2, r° :) Terentii vita : Publius Terentius Afer Carthagine natus servivit Romae... - (Sign. a 2, v° :) Initium tragoediae et comoediae a rebus divinis... - (Au bas du fol. sign. aiii, v° :) Comoedia est fabula diversa... - (Sign. a v, r° :) Poeta cum primum animum ad scribendum appulit. Comoedia Andria, cum palliata sit fabula... - (Plus bas :) Chremes Atticus, pater Pasibulae... - (Sign. a v, v° :) Publii Terentii Afri, poetae comici, Andriae argumentum [Sulpicii Apollinaris]. - (Sign. [a VI,] r° :) Aelii Donati, grammatici clarissimi, In sex P. Terentii Afri comoedias examinata interpretatio... Andriae prologus. - (Sign. li, v° :) Jo. Calphurnii Brixiensis, viri clar., In P. Sexti [sic] Terentii Heautontimorumenon examinata interpretatio. - (Sign. [& 8,] r° :) Calphurnius Brix. Marco Aurelio, viro praeclarissimo, S. - (Plus bas, à la fin :) P. Sexti [...";"1476";"Venetiis";"Null";"1476";"In-fol. sign. a-z et &, car. rom. (Brunet, V, col. 708 ; Lawton, 25.)";"Null";"Null"
"http://data.bnf.fr/ark:/12148/cb31443391q";"[Terentii Comoediae sex : Andria, Eunuchus, Heautontymorumenon (et Heautontimorumenon), Adelphoe, Ecyra (et Hecyra), Phormio.] - (Sign. aii, r° :) Terentii vita. - (Sign. aii, v° :) Initium tragedie et comedie a rebus divinis est inchoatum... - (Sign. aiii, v°, 15e ligne en partant du bas :) Comedia est fabula diversa... - (Sign. aiiii, v°, 15e l. en partant du bas :) Poeta cum primum animum ad scribendum appulit. Comedie [sic] Andria, cum palliata sit fabula [videlicet Donati praefatio in Andriam]... - (Sign. a [V,] r° :) Chremes, Atticus, pater Pasibule... [i. e. Andriae argumentum, auctore Aelio Donato.] - (Sign. a [V,] v° :) Publii Terentii Afri, poetae comici, Andriae argumentum [auctore Sulpicio Apollinari]. - Prologus. - (Sign. eii, v° :) Publii Terentii Afri, poete̡ comici, Heautontymorumenon incipit feliciter. (Au-dessous :) Jo. Calphurnii Brixiensis, viri clar., In P. Sexti [sic] Terentii Heautontimorumenon examinata interpretatio [i. e. Praefatio et argumentum]. - (À la f...";"1476";"(S. l.)";"Null";"1476";"In-fol., sign. a-o, car. rom. d'U. Gering. (Brunet, V, col. 706, n  XX ; Lawton, 39.)";"Null";"Null"
"http://data.bnf.fr/ark:/12148/cb314436817";"(Sign. a 1, r° :) Donati grammatici In P. Terentii Afri Comoedias examinata interpretatio. Publius Terentius Afer, Carthagine natus... - (Sign. a 2, r° :) Initium tragoediae et comoediae... - (Sign. a 5, r° :) Prologus incipit. Poeta cum primum animum ad scribendum appulit. Comoedia Andria, cum palliata sit fabula... - (Sign. a 5, v° :) Argumentum incipit. Chremes Atticus, pater Passibulae et Philomenae...";"1476";"Medioliani";"impressit A. Zarotus";"1476";"In-fol. (Hain, *6385 ; Pellechet, 4431 ; Lawton, cat. des comm., n  1., IV.)";"Null";"Null"
"http://data.bnf.fr/ark:/12148/cb314433775";"[Terentii Comoediae sex.] - (Fol. [1,] v° :) Terentii vita excerpta de dictis D. F. Petrarce̡ : De Terentii vita in antiquis libris multa reperiuntur... - (Fol. [3,] r° :) Terentii Aphri, poete̡ comici, liber in sex divisus comoedias, quarum prima Andria, secunda Eunuchus, tertia Heautontumerumenon, quarta Adelphe, quinta Phormio, sexta et ultima Hechira nuncupatur. - Terentii epithaphium [sic]. - Andrie̡, prime̡, comoedie̡, argumentum [auctore Sulpicio Apollinari] incipit : Sororem falso creditam meretricule̡... - Prohemium. - (A la fin :) Ex Eusebio de Temporibus : P. Terentius Carthaginensis, comoediarum scriptor...";"1476";"(Venetiis";"J. de Colonia et J. Manthen.)";"1476";"In-fol., sign. a-f, ff, g-m, car. rom. (Reichling, II, p. 103, n  760 ; Polain, 3661 ; Brunet, V, col. 705-706, n  XVIII des éditions s. d. ; Lawton, 21";"Null";"Null"
"http://data.bnf.fr/ark:/12148/cb31443390c";"[Terentii Comoediae sex : Andria, Eunuchus, Heautontymorumenon (et Heautontimorumenon), Adelphoe, Ecyra (et Hecyra), Phormio]";"1476";"[S. l.]";"[s.n.]";"1476";"In-fol., sign. a-l, car. rom. d'U. Gering. (Brunet, V, col. 706, n  XIX.)";"Null";"http://gallica.bnf.fr/ark:/12148/bpt6k204435n"
"http://data.bnf.fr/ark:/12148/cb31450693q";"Propositiones universales Aristotelis et aliorum philosophorum";"1476";"[Treviso]";"[Michele Manzolo]";"1476";"80 ff. [a-k8]";"Null";"Null"
"http://data.bnf.fr/ark:/12148/cb314621304";"Tractatus sancti Thome de Aquino,... de Corpore Cristi. - Dicta de sacramento magistri Nicolai de Lira... - Intellectus super Oracione dominica";"1476";"(Coloniae";"A. Therhoernen.)";"1476";"In-4° . (Hain, *1373 ; Pellechet, 982 ; Vouillième, 1163.)";"Null";"Null"
"http://data.bnf.fr/ark:/12148/cb31461955f";"Beati Thome de Aquino Glosa continua super quatuor evangelistas...";"1476";"(Basileae";"M. Wenssler.)";"1476";"In-fol. (Hain, *1332 ; Pellechet, 936.)";"Null";"Null"
"http://data.bnf.fr/ark:/12148/cb31461839x";"Liber primus [-quartus] de Veritate catholice fidei contra errores gentilium, editus a venerabili fratre Thoma de Aquino,...";"1476";"Venetiis";"per F. (Renner) de Hailbrun et N. de Franckfordia";"1476";"In-4° . (Hain, *1386 ; Pellechet, 987 ; Cat. of books printed in the XVth century, now in the British Museum, V, p. 193.)";"Null";"Null"
"http://data.bnf.fr/ark:/12148/cb31462014m";"Summa edita a sancto Thoma de Aquino, de Articulis fidei et Ecclesie sacramentis";"1476";"(Romae";"B. Guldinbeck";"1476";"In-4° . (Hain, *1432 ; Pellechet, 1031.)";"Null";"Null"
"http://data.bnf.fr/ark:/12148/cb314618911";"[Quaestiones de Veritate sancti Thome Aquinatis, a Joanne Francisco Veneto emendate.]";"1476";"Rome";"A. Pannartz";"1476";"In-fol. (Hain, *1420 ; Pellechet, 1019.)";"Null";"Null"
"http://data.bnf.fr/ark:/12148/cb314619005";"Questiones de quodlibet sancti Thome de Aquino,...";"1476";"Venetiis";"impensis J. de Colonia sociique ejus J. Manthen";"1476";"In-4° . (Hain-Copinger, *1404 ; Pellechet, 1008 ; Polain, 3719.)";"Null";"Null"
"http://data.bnf.fr/ark:/12148/cb31462137j";"Avicii Torquati Severini Boecii,... Textus de Philosophie consolacione, cum edicione commentaria beati Thome de Aquino,...";"1476";"Norimbergae";"A. Koberger";"1476";"In-fol. (Hain-Copinger, *3370 ; Pellechet, 2513 ; Gesamtkatalog der Wiegendrucke, IV, 4526 ; Polain, 725.)";"Null";"Null"
"http://data.bnf.fr/ark:/12148/cb31469177g";"Gaietani de Tienis,... In quattuor Aristotilis Metheororum libros expositio...";"1476";"Patavii";"per P. Maufer";"1476";"In-fol. (Hain, 15506 ; Pellechet, 4943.)";"Null";"Null"
"http://data.bnf.fr/ark:/12148/cb31469180c";"Gaietani de Thyenis,... Recolecte super octo libros Physicorum Aristotilis...";"1476";"[Treviso]";"[Johannes de Hassia]";"1476";"[96] ff.";"Null";"Null"
"http://data.bnf.fr/ark:/12148/cb314717286";"[Johannis Tinctoris] Terminorum musicae diffinitorium";"1476";"(Tarvisii";"apud G. de Flandria";"1476";"In-4° . (Hain, 15527.)";"Null";"Null"
"http://data.bnf.fr/ark:/12148/cb31474676h";"[Le Deche (1a, 3a e 4a) di Tito Livio.]";"1476";"Rome";"V. Puecher";"1476";"3 vol. in-fol. à 2 col. (Hain-Reichling, 10144 ; Brit. Mus., Books pr. XVth c., t. IV, p. 65.)";"Null";"Null"
"http://data.bnf.fr/ark:/12148/cb31481308p";"[Reverendissimi cardinalis tituli Sancti Sixti, domini Johannis de Turrecremata, Expositio brevis et utilis super toto Psalterio.]";"1476";"Moguntie";"per P. Schoyffer";"1476";"In-fol. (Hain-Copinger, 15699 ; Polain, 3860.)";"Null";"Null"
"http://data.bnf.fr/ark:/12148/cb31481291s";"[Tractatus de efficacia aque benedicte, per... Johannem de Turrecremata,... compilatus...]";"1476";"(Augustae Vindelicorum";"A. Sorg";"1476";"In-fol. (Hain-Copinger, *15738 ; Br. Mus., Books pr. XVth c., t. II, p. 344.)";"Null";"Null"
"http://data.bnf.fr/ark:/12148/cb314814900";"In octo volumina divi Arist. de Physico auditu expositio...";"1476";"Paduae";"Null";"1476";"In-fol. (Hain-Copinger, *4136 ; Pellechet, 3077.)";"Null";"Null"
"http://data.bnf.fr/ark:/12148/cb31481303z";"[Reverendissimi cardinalis Sancti Sixti (domini Johannis de Turrecremata) Expositio brevis et utilis super toto Psalterio.]";"1476";"Rome";"per L. Gallum";"1476";"In-4° . (Hain, *15700 ; Br. Mus., Books pr. XVth c., t. IV, p. 74.)";"Null";"Null"
"http://data.bnf.fr/ark:/12148/cb31509066g";"Hubertini Clerici Crescentinatis In Epistolas Ciceronis commentum...";"1476";"(S. l.";"Null";"1476";"In-fol. (Hain, 5461.)";"Null";"Null"
"http://data.bnf.fr/ark:/12148/cb31512891d";"[Processus judiciarius Johannis de Urbach.]";"1476";"(Basileae";"J. Schilling";"1476";"In-fol.";"Null";"Null"
"http://data.bnf.fr/ark:/12148/cb31519748p";"Ad reverendissimum in Christo patrem et dominum... archiepiscopum Salernitanum, B. Gerp. de Valentia. De Situ paradisi et die passionis Christi, menseve creationis mundi";"1476";"[Roma";"Wolf Han";"1476";"[8] ff. non signés [a]8";"Null";"Null"
"http://data.bnf.fr/ark:/12148/cb31520436w";"Valerii Maximi Dictorum et factorum memorabilium rubricae primi libri [-IX libri]";"1476";"Bononiae";"(per U. de Rugeriis) ad petitionem S. de Libris";"1476";"In-fol. (Hain, 15779 ; Br. Mus., Books pr. XVth c., t. VI, p. 812.)";"Null";"Null"
"http://data.bnf.fr/ark:/12148/cb315224471";"Laurentii Vallensis,... Opus elegantiarum linguae latinae. Laurentii Vallensis de Pronomine sui... liber";"1476";"Venetiis";"per J. Rubeum";"1476";"Petit in-fol. (Van Praet, t. IV, n  22 ; Hain, *15806 ; Br. Mus., Books pr. XVth c., t. V, p. 216.)";"Null";"Null"
"http://data.bnf.fr/ark:/12148/cb31559322q";"Petri Pau. Vergerii ad Ubertinum Carariensem de Ingenuis moribus opus incipit. [Accedunt : e Magno Basilio, Leonardi Aretini traductio ; e Xenophonte, Leonardi Aretini traductio de Tirannide.]";"1476";"(Romae";"G. Lauer";"1476";"In-4° . (Hain, *15987 ; Proctor, 3422 ; Polain, 3916 ; Br. Mus., Books pr. XVth c., t. IV, p. 40.)";"Null";"Null"
"http://data.bnf.fr/ark:/12148/cb43810661b";"Breviloquium fratris Bonaventure ...";"1476";"[Augsburg";"Anton Sorg";"1476";"Null";"Null";"Null"
"http://data.bnf.fr/ark:/12148/cb315876680";"[Speculum morale Vincentii Belvacencis.]";"1476";"Argentinae";"J. Mentelin";"1476";"In-fol. à 2 col., car. semi-goth.";"Null";"Null"
"http://data.bnf.fr/ark:/12148/cb31587669b";"[Speculum morale Vincentii Belvacencis.]";"1476";"(Argentinae";"J. Mentelin.)";"1476";"In-fol. à 2 col. (Copinger, III, 6252 ; Br. Mus., Cat. of books pr. XVth c., t. I, p. 58 ; Polain, t. IV, n  3946.)";"Null";"Null"
"http://data.bnf.fr/ark:/12148/cb31587670j";"[Speculum morale Vincentii Belvacencis.]";"1476";"(Argentinae";"J. Mentelin.)";"1476";"In-fol. à 2 col.";"Null";"Null"
"http://data.bnf.fr/ark:/12148/cb31591350v";"[P. Virgilii Maronis Opera.]";"1476";"Venetiis";"per N. Jenson";"1476";"In-fol. (Copinger, 6020 et 26 ; Mambelli, 27.)";"Null";"Null"
"http://data.bnf.fr/ark:/12148/cb31591356x";"[Omnia... quae Virgilius composuit, una cum Servii Honorati commentariis.]";"1476";"Venetiis";"per A. Bartolamei";"1476";"In-fol.";"Null";"Null"
"http://data.bnf.fr/ark:/12148/cb315913516";"[Publii Virgilii Maronis Opera]";"1476";"Vicentiae";"J. de Vienna";"1476";"512 p.";"Null";"http://gallica.bnf.fr/ark:/12148/bpt6k70524s"
"http://data.bnf.fr/ark:/12148/cb31592322v";"[Publii Virgilii Maronis Aeneis.]";"1476";"Lovanii";"J. de Paderborne";"1476";"In-fol., effigie de l'imprimeur à la fin. (Copinger 6154 et 158 ; Campbell, 1728 ; Mambelli, 28.)";"Null";"Null"
"http://data.bnf.fr/ark:/12148/cb31592680v";"P. Maronis Virgilii Liber Eneidos...";"1476";"Vicencia";"per H. Levilapide";"1476";"In-4° . (Copinger, 6162 et 165 ; Br. Mus., Books pr. XVth c., t. VI, p. 1036 ; Mambelli, 1476 ; Goff, p. 624, V-201.)";"Null";"Null"
"http://data.bnf.fr/ark:/12148/cb31606874r";"[Legendae sanctorum per anni circuitum venientium, quas compilavit frater Jacobus de Voragine.] - Au f. [325 :] Iste legende que hic sequuntur non habentur in Hystoria lombardica, sed addite sunt ex aliis legendis et libris...";"1476";"(Coloniae,)";"per C. (Winters) de Hoemborch";"1476";"In-fol. (Copinger, 6410 ; Voullième, Der Buchdruck Kölns, 617 ; Polain, 2185 ; Goff, J-86.)";"Null";"Null"
"http://data.bnf.fr/ark:/12148/cb31673655n";"Petri Pau. Vergerii ad Ubertinum Carariensem de Ingenuis moribus opus incipit. [ - E Magno Basilio, Leonardi Aretini traductio. E Xenophonte, Leonardi Aretini traductio de Tirannide.]";"1476";"(Romae";"G. Lauer";"1476";"In-4° . (Hain, *15987 ; Proctor, 3422 ; Pellechet-Polain, 11464 ; Polain, 3916 ; Br. Mus., Books pr. XVth c., IV, p. 40 a ; Goff, V-132, p. 621 ; Indice gen. degli incunaboli... d'Italia, 10155.)";"Null";"Null"
"http://data.bnf.fr/ark:/12148/cc8460j";"Ṭwr (ʾwraḥ ḥayyim)";"1476";"Null";"Null";"Null";"Null";"Null";"http://gallica.bnf.fr/ark:/12148/btv1b10720430z"
"http://data.bnf.fr/ark:/12148/cc74073k";"Adversus Georgium Trapezuntium, calumniatorem Platonis, defensionum opus";"1476";"Null";"Null";"Null";"A+423 ff. précédés de deux gardes de papier";"Null";"http://gallica.bnf.fr/ark:/12148/btv1b8454693d"
"http://data.bnf.fr/ark:/12148/cc96719";"Trionfi";"1476";"Null";"Null";"Null";"248 ff. + 2 ff. blancs non foliotés, précédés et suivis d'un feuilet de garde de parchemin";"Null";"http://gallica.bnf.fr/ark:/12148/btv1b105325942"
"http://data.bnf.fr/ark:/12148/cc86522";"Averroès. Commentaire sur l'Isagoge de Porphyre et sur l'Organon d'Aristote.";"1476";"Null";"Null";"Null";"116 f.";"Null";"http://gallica.bnf.fr/ark:/12148/btv1b107200938"
"http://data.bnf.fr/ark:/12148/cb31951755j";"(F 1a :) Incipiunt constitutiones clementis papae // V. cum apparatu domini Ioannis Andree... (à la fin, avant le registre :) Anno domini M. CCCC. IXXVI. IIIJ. Idus Septembris... // ... pn̄s Clemētinarū opus p̄cla // rū, Petrus Schoyffer de gernshem suis cō // signādo scutis des fanāte felicitir finicuit";"1476";"[S. l. n. d. ?] in-fol.";"Null";"1476";"Null";"Null";"Null"
"http://data.bnf.fr/ark:/12148/cb319517546";"(Fol. 1a) Incipiunt constitutiones // clementis papae V. unacum ap // paratu domini Ioannis Andree... (A la fin) Anno salutis nostre. IXXVI. post. M. et CCCC // vj nonas may. ingenis et industria. Mihahelis // Wenkler... in // ... vrbe Basiliensi...";"1476";"[S. l. n. d. ?] In-fol. ";"Null";"1476";"Null";"Null";"Null"
"http://data.bnf.fr/ark:/12148/cb31951753v";"(Fol. a 2 recto) Incipiunt constitutiones clemen // tis papae quinti una cum  appa // ratu domini ioannis andree. (A la fin)... Idustria Nicolai Jenson galhei Venetiis im // pressuz... p... Alexādrū Neuū... em̄datū. M. CCCCLXXVI";"1476";"[S. l. n. d. ?] In-fol. Hain * 5417";"Null";"1476";"Null";"Null";"Null"
"http://data.bnf.fr/ark:/12148/cb31963964r";"Responsorium curiosorum";"1476";"Lubek";"Null";"1476";"Null";"Null";"Null"
"http://data.bnf.fr/ark:/12148/cb32285522j";"[Questiones de Veritate.]";"1476";"Rome";"Null";"1476";"Null";"Null";"Null"
"http://data.bnf.fr/ark:/12148/cb33239227h";"Historia de Altobello e di Re Troiano suo fratelo";"1476";"Venezia";"['nel Beretin Convento'] pour Antonio Pasqualino";"1476";"186 feuillets";"Null";"http://gallica.bnf.fr/ark:/12148/bpt6k134630w"
"http://data.bnf.fr/ark:/12148/cb334402465";"Le Jardin de dévotion, sy commence un petit traittie extrait des // cantiques, intitulé le jardin de dévotion // auquel l'ame dévote quiert son amoureux ihesu // crist. Lequel contient en soy. 18. chappitres... (à la fin) Primum opus impressum per Colardum // mansion. Brugis...";"1476";"[Bruges";"Colard Mansion";"1476";"Null";"Null";"http://gallica.bnf.fr/ark:/12148/bpt6k10752025"
"http://data.bnf.fr/ark:/12148/cb336129349";"Statuta Ferrariae";"1476";"[Ferrara]";"Severino da Ferrara";"1476";"Null";"Null";"Null"
"http://data.bnf.fr/ark:/12148/cb336106569";"(f.1a) Speculum aurem animae peccatricis feliciter incipit. (à la fin) Per optimi tractatus... a quodam // caturiense editus ! finis optatus";"1476";"[Paris]";"[imprimeur de Guillelmus de Ockham, 'Dialogorum libri septem' (H 11937)]";"1476";"In-4̊";"Null";"Null"
"http://data.bnf.fr/ark:/12148/cb33610697w";"Spiegel der menschlichen [...]";"1476";"[S. l. ?]";"Null";"1476";"Null";"Null";"Null"
"http://data.bnf.fr/ark:/12148/cb33621280h";"(Tabulae ad elevationem poli, cum introductione germanica)";"1476";"[Köln";"Nicolaus Goetz";"1476";"54 ff.";"Null";"Null"
"http://data.bnf.fr/ark:/12148/cb337647275";"Casus summarii Decretalium, Sexti et Clementinarum... (A la fin :) Finitus & completus est liber iste // Casus summarios librorum Decre//talium Sexti et Clementinarum // una cum nuclio sive medulla glo//sularum oīm eorundem librorum // in se continens. Per venerabilem // et egregium virum dominū et ma//gistrum michaelem de dalen in iu//re canonico licenciatū expertissimū // inqz venerabili curia Colonien̄ cau//sarum aduocatum peritissimum. la//boriose compendiose et nuclialiter // compilatus. Per me petrum in // altis de olpe. Colonie impressus // Sub anno a. Nativitate domini. // Millesimo quadringētesimo septu // agesimo sexto. Die quidem mercu//rij decima oclava mēsis decembris";"1476";"Coloniae";"Null";"1476";"Null";"Null";"Null"
"http://data.bnf.fr/ark:/12148/cb35255494x";"Amtliche Sammlung der Acten aus der Zeit der Helvetischen Republik (1798-1803) 3";"1476";"Bern";"Bundesarchiv";"1476";"Null";"Null";"Null"
"http://data.bnf.fr/ark:/12148/cb35951147t";"[Sans titre]";"1476";"Null";"Null";"1476";"[470] f.";"Null";"http://gallica.bnf.fr/ark:/12148/bpt6k315830q"
"http://data.bnf.fr/ark:/12148/cb35951201s";"[Sans titre]";"1476";"Null";"Null";"Null";"[120] f.";"Null";"Null"
"http://data.bnf.fr/ark:/12148/cb359511485";"[Sans titre]";"1476";"Null";"Null";"Null";"[456] f.";"Null";"Null"
"http://data.bnf.fr/ark:/12148/cb359511454";"[Sans titre]";"1476";"Null";"Null";"Null";"[454] f.";"Null";"Null"
"http://data.bnf.fr/ark:/12148/cb35951146g";"[Sans titre]";"1476";"Null";"Null";"1476";"[437] f.";"Null";"Null"
