id;title;date;place;publisher;firstyear;description;subject;gallica
"http://data.bnf.fr/ark:/12148/cb300077062";"De Arte loquendi et tacendi";"1489";"Memmingen";"Albrecht Kunne";"1489";"Null";"Null";"Null"
"http://data.bnf.fr/ark:/12148/cb30007645p";"Alberti Magni de Virtutibus, seu Paradisus animae";"1489";"Antverpie";"per G. Leeu";"1489";"In-4° . (Pellechet, 310.)";"Null";"Null"
"http://data.bnf.fr/ark:/12148/cb30007494b";"Compendium theologicae veritatis, per Albertum Magnum";"1489";"[Lyon]";"Guillaume Balsarin";"1489";"Null";"Null";"Null"
"http://data.bnf.fr/ark:/12148/cb30007707d";"De Arte loquendi et tacendi";"1489";"Köln";"[Heinrich Quentell]";"1489";"Null";"Null";"Null"
"http://data.bnf.fr/ark:/12148/cb30009875n";"Alexandri de Hales Summa universae theologiae";"1489";"Papie";"per J. A. de Birretis et F. Gyrardenghum";"1489";"3 vol. in-4° . (Pellechet, 432.)";"Null";"Null"
"http://data.bnf.fr/ark:/12148/cb30019556r";"Liber Sextus Decretalium";"1489";"Venetiis";"Null";"1489";"In-fol. (Hain, *3614.)";"Null";"Null"
"http://data.bnf.fr/ark:/12148/cb300195302";"Tractatus magistri Johannis Andree super arboribus consanguinitatis, affinitatis necnon spiritualis cognationis";"1489";"Bononiae";"per Platonem de Benedictis";"1489";"In-fol. (Pellechet, 647.)";"Null";"Null"
"http://data.bnf.fr/ark:/12148/cb30019544r";"Novellae Joannis Andreae super V libros Decretalium";"1489";"Venetiis";"per Joannem de Forlicio et Gregorium fratres";"1489";"In-fol. (Pellechet, 657.)";"Null";"Null"
"http://data.bnf.fr/ark:/12148/cb30019531d";"Tractatus magistri Johannis Andree super arboribus consanguinitatis, affinitatis necnon spiritualis cognationis";"1489";"(S. l.)";"Null";"1489";"In-fol. (Pellechet, 643.)";"Null";"Null"
"http://data.bnf.fr/ark:/12148/cb30027773m";"Aristotelis Problemata, cum vita Aristotelis";"1489";"[Köln";"Heinrich Quentell";"1489";"Null";"Null";"Null"
"http://data.bnf.fr/ark:/12148/cb30027758q";"Politica et Oeconomica Aristotelis, a Leonardo Aretino in latinum traducta";"1489";"Parisiis";"opera G. Wolf";"1489";"In-4° . (Pellechet, 1262.)";"Null";"Null"
"http://data.bnf.fr/ark:/12148/cb300277639";"Le livre de politiques d'Aristote";"1489";"Paris";"[Antoine Caillaut et Guy Marchant pour] Antoine Vérard";"1489";"[248] ff. en 2 part. en 2 vol. (CCVIII, CXI, XXI f.)";"Null";"http://gallica.bnf.fr/ark:/12148/bpt6k111071g"
"http://data.bnf.fr/ark:/12148/cb300391818";"Divi Aurelii Augustini Psalmorum explanatio";"1489";"Basileae";"per J. de Amerbach";"1489";"3 parties en 1 vol. in-fol. (Pellechet, 1485.)";"Null";"Null"
"http://data.bnf.fr/ark:/12148/cb30038846f";"Divi Aurelii Augustini de Civitate Dei, cum commento Thomae Walleis et Nicolai Triveth";"1489";"Venetiis";"impensis O. Scoti";"1489";"In-fol. (Pellechet, 1560.)";"Null";"Null"
"http://data.bnf.fr/ark:/12148/cb30039392g";"Soliloquii di sancto Agostino, et e dieci gradi per li quali lhuomo che gli ha viene a perfectione";"1489";"(S. l.,)";"Null";"1489";"In-4° . (Pellechet, 1522.)";"Null";"Null"
"http://data.bnf.fr/ark:/12148/cb30039122r";"Manuale divi Augustini, seu de Salute sive aspiratione animae ad Deum. Psalterium beati Augustini. Septem Psalmi ad laudem gloriose Virginis Mariae. De Virtute Psalmorum";"1489";"(Alosti seu Lovanii";"T. Martens.)";"1489";"In-4° . (Pellechet, 1532.)";"Null";"Null"
"http://data.bnf.fr/ark:/12148/cb30039779c";"Noctes Atticae Auli Gellii";"1489";"Venezia";"Bernardino de' Cori et Simone da Lovere";"1489";"[132] ff.";"Null";"Null"
"http://data.bnf.fr/ark:/12148/cb30048945k";"Summa quae vocatur Catholicon edita a fratre Johanne de Janua (Balbi)";"1489";"Venetiis";"H. Liechtenstein";"1489";"In-fol. (Pellechet, 1709.)";"Null";"Null"
"http://data.bnf.fr/ark:/12148/cb300489447";"Summa quae vocatur Catholicon edita a fratre Johanne de Janua (Balbi)";"1489";"Lugduni";"J. de Prato";"1489";"In-fol. (Pellechet, 1708.)";"Null";"Null"
"http://data.bnf.fr/ark:/12148/cb30053369x";"Hermolai Barbari, Zac. f. legati Veneti, ad Federicum imperatorem et Maximilianum, regem Romanorum, principes invictissimos. Fol. 6 : Acta III nonas augusti ad Brugas, sive Gesoriacum, 1486";"1489";"[Venezia";"Antonio de Strada";"1489";"Null";"Null";"Null"
"http://data.bnf.fr/ark:/12148/cb30063848j";"Magni Basilii ad nepotes suos pulchrum de legendis libris secularibus opusculum, Leonardo Aretino interprete";"1489";"Mainz";"[Peter Schöffer";"1489";"Null";"Null";"Null"
"http://data.bnf.fr/ark:/12148/cb30089963k";"Meditationes sancti Bernardi";"1489";"[Paris";"Antoine Caillaut";"1489";"Null";"Null";"Null"
"http://data.bnf.fr/ark:/12148/cb30091628h";"Quadragesimale beati Bernardini de christiana religione";"1489";"[Basel";"Johannes Amerbach";"1489";"Null";"Null";"Null"
"http://data.bnf.fr/ark:/12148/cb300927804";"Annotationes in Commentarios Servii in Virgilium";"1489";"Florentiae";"A. Mischominus";"1489";"In-4° . (Pellechet, 2208.)";"Null";"Null"
"http://data.bnf.fr/ark:/12148/cb30094139h";"Dictionarius, seu Repertorium morale, F. Petri Berchorii";"1489";"Norimbergae";"A. Koberger";"1489";"3 vol. in-fol. (Pellechet, 2060.)";"Null";"Null"
"http://data.bnf.fr/ark:/12148/cb30095983f";"Horologium devotionis circa vitam Christi (auctore Bertholdo, Ordinis Praedicatorum). Orationes, sive Collecte illius preclarissime virginis beate Brigide, quas dicebat ante ymaginem Jhesu crucifixi. Oratio pulcra de sancta Veronica";"1489";"Augustae";"A. Sorg";"1489";"In-8° . (Pellechet, 2250.)";"Null";"Null"
"http://data.bnf.fr/ark:/12148/cb30123790d";"Forma arboris consanguinitatis secundum jus canonicum et civile, per Gofre. Hosti., Joh. de Deo, Jo. Andree Caldarinum de Bononia. Edidit cum additionibus et commentariis Ludovicus Bologninus";"1489";"Bononiae";"per Platonem de Benedictis";"1489";"In-fol. (Pellechet, 647.)";"Null";"Null"
"http://data.bnf.fr/ark:/12148/cb30125247c";"Sancti Bonaventure tractatus et libri quam plurimi";"1489";"Argentine";"per M. Flach";"1489";"In-fol. (Hain-Copinger, *3465.)";"Null";"Null"
"http://data.bnf.fr/ark:/12148/cb30125328c";"Tractatus brevis domini Bonaventure de modo se preparandi ad celebrandum missam";"1489";"[Paris]";"Pierre Levet";"1489";"Null";"Null";"Null"
"http://data.bnf.fr/ark:/12148/cb30126520d";"Liber sextus Decretalium Bonifacii Papae VIII, cum novellis et declaratione Joannis Andreae de arboribus consanguinitatis et affinitatis";"1489";"Venetiis";"per Joannem de Forlivio";"1489";"In-fol. (Hain, *3614.)";"Null";"Null"
"http://data.bnf.fr/ark:/12148/cb30125453v";"Le Devote meditatione sopra la passione del Nostro Signore, cavate et fundate originalmente sopra sancto Bonaventura, cardinale del Ordine minore, sopra Nicolao de Lira, etiamdio sopra altri doctori et predicatori approbati";"1489";"Venetia";"per Matheo di Codecha";"1489";"In-4° . (Copinger, 1187.)";"Null";"Null"
"http://data.bnf.fr/ark:/12148/cb30125967x";"Logice brevis... expositio...";"1489";"Venetiis";"Null";"1489";"In-fol.";"Null";"Null"
"http://data.bnf.fr/ark:/12148/cb301253945";"Soliloquium S. Bonaventurae de quatuor exercitiis, seu Dialogus hominis et animae. - Fol. a 2 : In soliloquium seu anime et hominis interioris dyalogum Boneventure incipit feliciter prologus... - A la fin : Tractatus sancti Bonaventure, doctoris seraphici, cardinalis et episcopi Albanensis, de quatuor exerciciis per modum dyalogi de corpore et anima traditus, in quo anima interrogat et homo interior respondet finit feliciter";"1489";"Parisiis";"per G. Marchant";"1489";"In-4° . (Hain, *3487.)";"Null";"Null"
"http://data.bnf.fr/ark:/12148/cb30160147q";"Le saint voiage et pelerinage de la cité saincte de Hiérusalem";"1489";"[Lyon]";"[Gaspar Ortuin]";"1489";"[Ca 185] f.";"Null";"http://gallica.bnf.fr/ark:/12148/bpt6k1112760"
"http://data.bnf.fr/ark:/12148/cb301614631";"Opusculum vitae et passionis Christi ejusque genetricis Mariae, ex revelationibus B. Brigittae. - Oratio ad B. Brigittam. - Vita B. Brigittae et epistola Jacobi Canter";"1489";"Antwerpiae";"apud G. Leeu";"1489";"In-16. (Campbell, 380.)";"Null";"Null"
"http://data.bnf.fr/ark:/12148/cb30171166f";"Petri Bruti victoria contra Judaeos";"1489";"Vicentiae";"Null";"1489";"In-fol. (Hain-Copinger, *4027.)";"Null";"Null"
"http://data.bnf.fr/ark:/12148/cb301704661";"Psalterium beati Brunonis, episcopi Herbipolensis";"1489";"[Würzburg";"Georg Reyser";"1489";"Null";"Null";"Null"
"http://data.bnf.fr/ark:/12148/cb301780258";"Questiones Joannis Buridani super X libros Aristotelis ad Nicomachum, curante Egidio Delfo";"1489";"Parisiis";"W. Hopyl";"1489";"In-fol. (Hain-Copinger, *4106.)";"Null";"Null"
"http://data.bnf.fr/ark:/12148/cb301950149";"Roberti Caraccioli de Licio sermones de laudibus sanctorum";"1489";"Venetiis";"per Georgium Arrivabenum";"1489";"In-4° . (Hain-Copinger, *4477.)";"Null";"Null"
"http://data.bnf.fr/ark:/12148/cb30213990x";"Libellus de ludo scachorum auctore Jacobo de Cessoles";"1489";"(Tolosae";"H. Mayer";"1489";"In-4° . (Pellechet, 3503.)";"Null";"Null"
"http://data.bnf.fr/ark:/12148/cb30225702z";"Les fais maistre Alain Chartier, notaire et secretaire du Roy Charles VIe";"1489";"Paris";"Pierre Le Caron";"1489";"2 parties en 1 vol.";"Null";"http://gallica.bnf.fr/ark:/12148/bpt6k70118r"
"http://data.bnf.fr/ark:/12148/cb302426747";"M. Tullii Ciceronis de Amicicia";"1489";"Daventriae";"R. Paffraet";"1489";"In-4° . (Pellechet, 3677.)";"Null";"Null"
"http://data.bnf.fr/ark:/12148/cb30249180g";"Clementis papae V Constitutiones ; decretales extravagantes, una cum apparatu Johannis Andreae";"1489";"Venetiis";"J. et G. de Gregoriis";"1489";"In-fol. (Pellechet, 2755.)";"Null";"Null"
"http://data.bnf.fr/ark:/12148/cb30292524f";"Opuscula varia Nicolai de Cusa. I. De docta ignorantia libri tres. Apologia doctae ignorantiae. De conjecturis libri duo. De filiatione Dei. Dyalogus de Genesi. Ydiote libri quattuor. II. De Visione Dei. De pace fidei. Reparatio kalendarii. De mathematicis complementis. Cribratio alchoranis libri tres. De venatione sapientiae. De ludo globi libri duo. Compendium. Trialogus de possest. Contra Bohemos. De mathematica perfectione. De berillo. De dato patris luminum. De quaerendo Deum. Dyalogus de apice theoriae";"1489";"[Strasbourg";"Martin Flach";"1489";"2 parties";"Null";"Null"
"http://data.bnf.fr/ark:/12148/cb30344811j";"Introductorium in astronomiam Albumasaris Abalachi";"1489";"Augsburg";"Erhard Ratdolt";"1489";"[ca 350] p.";"http://data.bnf.fr/ark:/12148/cb11976232x";"http://gallica.bnf.fr/ark:/12148/bpt6k596104"
"http://data.bnf.fr/ark:/12148/cb303448137";"Albumasar de magnis conjunctionibus, annorum revolutionibus ac eorum profectionibus, octo continens tractatus";"1489";"Augsburg";"Erhard Ratdolt";"1489";"[ca 350] p.";"Null";"http://gallica.bnf.fr/ark:/12148/bpt6k59611g"
"http://data.bnf.fr/ark:/12148/cb303471836";"Dominici de S. Geminiano Lectura secunda super sexto libro Decretalium";"1489";"Papiae";"per Joannem Antonium de Birretis et Franciscum de Gyrardenghis";"1489";"In-fol. (Pellechet, 4396.)";"Null";"Null"
"http://data.bnf.fr/ark:/12148/cb30406051d";"Aesopus moralisatus, cum bono commento, quod incipit : Grecia, disciplinarum mater";"1489";"(S. l.)";"Null";"1489";"In-4° . (Pellechet, 212.)";"Null";"Null"
"http://data.bnf.fr/ark:/12148/cb304060595";"Aesopi fabulae";"1489";"[Paris";"Antoine Caillaut";"1489";"[Ca 90] p.";"Null";"http://gallica.bnf.fr/ark:/12148/bpt6k701100"
"http://data.bnf.fr/ark:/12148/cb304114416";"Libri Ebrardi Greciste [cum glosa Johannis Vincencii Metulini]";"1489";"[Strasbourg";"Johannes Prüss";"1489";"[198] ff., le dernier blanc";"Null";"Null"
"http://data.bnf.fr/ark:/12148/cb30425441c";"De Divina praedestinatione, tractatus fratris Feliciani,...";"1489";"[Speyer";"Johann et Konrad Hist";"1489";"Null";"Null";"Null"
"http://data.bnf.fr/ark:/12148/cb30434300g";"M. Ficinus. De Triplici vita";"1489";"Florentiae";"A. Miscomini";"1489";"In-4° . (Pellechet, 4799.)";"Null";"Null"
"http://data.bnf.fr/ark:/12148/cb30435523x";"Epistolae Francisci Philelphi";"1489";"Venezia";"Bernardino de' Cori";"1489";"Null";"Null";"Null"
"http://data.bnf.fr/ark:/12148/cb30473969p";"Adversus Vincentium de Castro Novo... de conceptu et mundicia Marie Virginis decertatio";"1489";"Parisiis";"[Pierre Levet ou Antoine Caillaut]";"1489";"[46 ff] signés a-b8, a-c8, d6";"Null";"http://gallica.bnf.fr/ark:/12148/bpt6k712424"
"http://data.bnf.fr/ark:/12148/cb30475769m";"Turisani Commentarium in Parvam artem Galeni";"1489";"Bononie";"per V. Rugerium";"1489";"In-fol., car. goth. (Hain* 15683.)";"Null";"Null"
"http://data.bnf.fr/ark:/12148/cb304817199";"Cornutus magistri Joannis de Garlandria [sic] cum commento";"1489";"Haguenau";"Heinrich Gran";"1489";"Null";"Null";"Null"
"http://data.bnf.fr/ark:/12148/cb304817226";"Penitentiarius magistri Johannis de Galandia";"1489";"[Paris]";"Antoine Caillaut";"1489";"Null";"Null";"Null"
"http://data.bnf.fr/ark:/12148/cb30498769r";"Cordiale de quattuor novissimis.  Exempla [version B] [a Gerardo de Vliederhoven]";"1489";"Deventer";"in platea episcopi [= Richardus Pafraet]";"1489";"72 ff. signés a-m6";"Null";"Null"
"http://data.bnf.fr/ark:/12148/cb30501434w";"Opera Johannis Gerson...";"1489";"Basileae";"N. Kessler";"1489";"L'Inventarium et 4 parties en 2 vol. in-fol. (Pellechet, 5127.)";"Null";"Null"
"http://data.bnf.fr/ark:/12148/cb30501433j";"Opera Johannis Gerson...";"1489";"[Nürnberg";"Georg Stuchs]";"1489";"3 parties (4 avec l''Inventarium'), ill.";"Null";"Null"
"http://data.bnf.fr/ark:/12148/cb305062812";"Auctoritates Aristotelis, Senecae, Boetii...";"1489";"Daventriae";"Null";"1489";"In-4° . (Pellechet, 1451.)";"Null";"Null"
"http://data.bnf.fr/ark:/12148/cb30516066t";"De Spiritu Guidonis [auctore Johanne Gobio, senior]";"1489";"[Leipzig";"Konrad Kachelofen";"1489";"[14] ff. signés a8, b6";"Null";"Null"
"http://data.bnf.fr/ark:/12148/cb30548696h";"Baptista Guarinus de Modo et ordine docendi ac discendi";"1489";"Heidelberg";"Heinrich Knoblochtzer";"1489";"[12] ff.";"Null";"Null"
"http://data.bnf.fr/ark:/12148/cb30555339b";"Manipulus curatorum Guidonis de Monte Rocherio";"1489";"Paris";"Philippe Pigouchet";"1489";"126 ff. foliotés et signés a-p8, q6";"Null";"Null"
"http://data.bnf.fr/ark:/12148/cb30555337n";"Manipulus curatorum Guidonis de Monte Rocherio";"1489";"Strasbourg";"Martin Flach";"1489";"[112] ff. signés a-c8, d6, e8, f-g6, h-o8, p6, le dernier f. blanc";"Null";"Null"
"http://data.bnf.fr/ark:/12148/cb36812079j";"Textus sequentiarum cum commento (à la fin) Finis hujus operis. Anno // domini. M.CCCC.XXXIX";"1489";"[Haguenau]";"[Heinrich Gran]";"1489";"Null";"Null";"Null"
"http://data.bnf.fr/ark:/12148/cb36813036h";"In der ere gods ynd Marien... [En l'honneur de Dieu et de Marie sa chère mère...]";"1489";"(Coloniae ?)";"Null";"1489";"In-fol., car. goth. 2 col.";"Null";"Null"
"http://data.bnf.fr/ark:/12148/cb368141977";"[Missale Romanum]";"1489";"[Roma";"Eucharius Silber";"1489";"290 ff.";"Null";"Null"
"http://data.bnf.fr/ark:/12148/cb36815113m";"Psalterium cum hymnis. (A la fin) Hymnorum opus... finit feliciter // Anno dūi. M.CCCC.LXXXIX";"1489";"[S. l.";"Null";"1489";"In-4 ° car. goth.";"Null";"Null"
"http://data.bnf.fr/ark:/12148/cb36816437p";"[Horae ad usum Andegavensem]";"1489";"Poitiers";"Jean Bouyer et Pierre Bellescullée";"1489";"1 vol., (non paginé [64 p.])";"Null";"http://gallica.bnf.fr/ark:/12148/bpt6k1106110"
"http://data.bnf.fr/ark:/12148/cb36817409p";"Missale Cathalaunense";"1489";"Paris";"Jean Du Pré, in vigilia sanctorum symonis et iude";"1489";"2 °, 208 ff.";"Null";"Null"
"http://data.bnf.fr/ark:/12148/cb36818842v";"Breviarium Capuanum. Ed. sur la demande de Jordanus de Gaietanis, archevêque de Capoue";"1489";"Capua";"Christian Preller";"1489";"3 parties, 4 °";"Null";"http://gallica.bnf.fr/ark:/12148/bpt6k131828c"
"http://data.bnf.fr/ark:/12148/cb368186905";"Breviarium Aeduense. Ed. Hugues Buffot";"1489";"Paris";"Pierre Le Rouge pour Guillaume Seigneret à Lyon (?)";"1489";"4 parties, ill.";"Null";"Null"
"http://data.bnf.fr/ark:/12148/cb36818919m";"Breviarium Ebredunense. -(Fol. a II, après le calendrier :) In nomine Domini. Amen. // Incipit breviarium secundum consuetudi // nem ecclesie Ebredunensis. - (A la fin, fol. CCLVII, lettre de Jean, archevêque d'Embrun, annonçant que l'impression de ce livre a été achevée :) Cum caracteribus industrii viri magistri Jacotini de Rubeis gallici, Lingonensis diocesis, ac ejus et in arte imprimendi peritorum et expertorum ab eo assumptorum artificum opera, in civitate nostra Ebredunensi, in magno numero... de mense marcii anni a nativitate Domini millesimi quadringentesimi octuagesimi noni";"1489";"Embrun";"Null";"1489";"In-8 °. Caractères gothiques. Imprimé sur vélin";"Null";"Null"
"http://data.bnf.fr/ark:/12148/cb36819793q";"Breviarium Argentinense";"1489";"[Strasbourg]";"Johannes Grüninger";"1489";"4 parties, 8 °, ill.";"Null";"Null"
"http://data.bnf.fr/ark:/12148/cb368197942";"Breviarium argentinense";"1489";"Argentinae";"J. Grüninger";"1489";"In-8 °, car. goth. (Pellechet, 2852)";"Null";"Null"
"http://data.bnf.fr/ark:/12148/cb30604368t";"Libri Sancti Hilarii de Trinitate contra Arianos, contra Constantium hereticum, contra Auxentium et de synodis fidei catholicae contra Arianos. - Liber Aurelii Augustini de Trinitate [Georgio Crivellio edente]";"1489";"Milano";"Leonhard Pachel";"1489";"2 parties en 1 vol., car. goth.";"Null";"Null"
"http://data.bnf.fr/ark:/12148/cb30604536r";"Physiologus Theobaldi [seu Hildeberti] episcopi de naturis duodecim animalium";"1489";"(Coloniae";"H. Quentell";"1489";"In-4° , 20 ff., car. goth. (Hain, *15467.)";"Null";"Null"
"http://data.bnf.fr/ark:/12148/cb30611961j";"Ropertus Holkot. Super librum Sapientie...";"1489";"Parisiis";"U. Gering et B. Rembolt";"1489";"In-4° . (Hain, 8759.)";"Null";"Null"
"http://data.bnf.fr/ark:/12148/cb30611962w";"Ropertus Holgot [sic]. Super libros Sapientie";"1489";"Reutlingen";"apud J. Otmar";"1489";"In-fol. (Hain, *8760.)";"Null";"Null"
"http://data.bnf.fr/ark:/12148/cb30626377p";"Compendium theologicae veritatis, auctore Hugone de Argentina. Edidit Thomas Dorniberg";"1489";"(Argentorati";"per M. Schott";"1489";"In-fol. (Pellechet, 275.)";"Null";"Null"
"http://data.bnf.fr/ark:/12148/cb30649389t";"Directorium humane vite, alias Parabole antiquorum sapientum";"1489";"Null";"Null";"1489";"[82] f.";"Null";"Null"
"http://data.bnf.fr/ark:/12148/cb30648897k";"Copulata omnium tractatuum Petri Hispani, etiam sincathegreumatum et parvorum logicalium, cum textu secundum doctrinam Thomae Aquinatis";"1489";"[Köln";"Heinrich Quentell]";"1489";"Null";"Null";"Null"
"http://data.bnf.fr/ark:/12148/cb306500562";"Das Buch genannt Summa confessorum Johannis Friburgensis, von Latein in Teutsch gemacht durch Berthold, Prediger Ordens";"1489";"Augustae Vindelicorum";"H. Schönsperger";"1489";"In-fol. (Hain-Copinger, *7374.)";"Null";"Null"
"http://data.bnf.fr/ark:/12148/cb30652570g";"Epistolae et tractatus S. Hieronymi. Theodorus Laelius edidit. Libellus S. Augustini contra quinque hereses. Epistolae Damasi, Epiphanii, Theophili, S. Augustini ad S. Hieronymum. Sermo Petri Pauli Vergerii in laudem S. Hieronymi. Opuscula Rufini circa Origenem. Homiliarum Origenis translatio. Epistola S. Augustini ad S. Cyrillum de laudibus S. Hieronymi. Epistola S. Cyrilli ad S. Augustinum de miraculis S. Hieronymi. Epistola Eusebii de vita et transitu S. Hieronymi";"1489";"Basileae";"N. Kessler";"1489";"2 tomes en 1 vol. in-fol. (Hain, *8559.)";"Null";"Null"
"http://data.bnf.fr/ark:/12148/cb306555319";"Concordantie Biblie et canonum totiusque juris civilis, auctore Johanne, abbate Nivicellensi";"1489";"Basileae";"Null";"1489";"In-fol. (Hain-Copinger, *9417.)";"Null";"Null"
"http://data.bnf.fr/ark:/12148/cb30677572s";"Alphabetum divini amoris de elevatione mentis in Deum";"1489";"Memmingen";"Albrecht Kunne";"1489";"sign. a-c";"Null";"Null""http://data.bnf.fr/ark:/12148/cb307379727";"Sermones Thesauri novi de sanctis. [Petro de Palude auctore.]";"1489";"Argentinae";"M. Flach";"1489";"In-fol";"Null";"Null"
"http://data.bnf.fr/ark:/12148/cb307452276";"Περὶ ὸνόματος καὶ ρ̀ήματος βίβλιον τρίτον";"1489";"[Vicenza";"Leonhard Achates";"1489";"Null";"Null";"Null"
"http://data.bnf.fr/ark:/12148/cb30745226v";"... Compendium octo orationis partium et aliorum quorumdam necessariorum, editum a Constantino Lascari... [Bonus Accursius Pisanus edidit, cum interpretatione Johannis (Crastoni), monachi placentini]";"1489";"Vicenza";"Leonhard Achates";"1489";"Null";"Null";"Null"
"http://data.bnf.fr/ark:/12148/cb38495322c";"[Illustration de Summa astrologiae indicialis...]";"1489";"Venetiis";"Opera J. L. Santritter, impensis Fr. Bolani ";"1489";"1 est. : noir et blanc";"http://data.bnf.fr/ark:/12148/cb11982754v";"http://gallica.bnf.fr/ark:/12148/btv1b2600076f"
"http://data.bnf.fr/ark:/12148/cb38496506x";"[Illustrations de De magnis coniunctionibus] : annorum revolutionibus, ac eorum profectionibus, octo continens tractatus";"1489";"Augustae Vindelicorum";"E. Ratdolt";"1489";"30 est. : noir et blanc";"http://data.bnf.fr/ark:/12148/cb119358377";"http://gallica.bnf.fr/ark:/12148/btv1b26002089"
"http://data.bnf.fr/ark:/12148/cb38498357r";"[Illustrations de Le Grant testament Villon et le petit]";"1489";"Paris";"Pierre Levet";"1489";"11 est. : gravures sur bois : Noir et blanc";"Null";"http://gallica.bnf.fr/ark:/12148/btv1b22000255"
"http://data.bnf.fr/ark:/12148/cb38793323r";"Biblia : cum concordantiis : et terminorum hebraicorum interpretationibus";"1489";"Null";"Null";"1489";"[450] f.";"Null";"Null"
"http://data.bnf.fr/ark:/12148/cb308721228";"Marci Manilii,... Astronomicon, edente P. Stephano Dulcinio";"1489";"Mediolani";"per Antonium Zarotum Parmensem";"1489";"In-fol. (Hain, 10705.)";"Null";"Null"
"http://data.bnf.fr/ark:/12148/cb308738829";"F. Baptiste Mantuani,... Contra poetas impudice loquentes carmen";"1489";"Bononiae";"[s.n.]";"1489";"129 p.";"Null";"http://gallica.bnf.fr/ark:/12148/bpt6k72798c"
"http://data.bnf.fr/ark:/12148/cb30873913r";"[Baptistae Mantuani Parthenice secunda Catharinaria.]";"1489";"Bononiae";"Null";"1489";"In-4° . (Pellechet, 1772.)";"Null";"Null"
"http://data.bnf.fr/ark:/12148/cb30873893z";"Fratris Baptistae Mantuani,... ad... Lodovicum Gonzalem... in Robertum Severinatem panegyricum carmen [et varia alia carmina]";"1489";"Bononiae";"Null";"1489";"In-4° . (Pellechet, 1784.)";"Null";"Null"
"http://data.bnf.fr/ark:/12148/cb308794234";"Incipit vocabularius in Mamotrectum secundum ordinem alphabeti... Prologus autoris in Mamotrectum... - la fin : Expliciunt expositiones et correctiones vocabulorum libri qui appellatur Mamotrectum... Impresse Venetiis, per Franciscum de Hailbrun et Nicholaum de Franckfordia socios...";"1489";"Argentinae";"Null";"1489";"In-fol. (Hain, *10568.)";"Null";"Null"
"http://data.bnf.fr/ark:/12148/cb30897319j";"Margarita Decreti, seu Tabula martiniana Decreti, edita per venerabilem virum fratrem Martinum";"1489";"Argentine";"Null";"1489";"In-fol. (Hain-Copinger, *10845.)";"Null";"Null"
"http://data.bnf.fr/ark:/12148/cb30903432c";"Pacifici Maximi, poetae asculani, Hecatelegii liber primus";"1489";"Florentiae";"A. Mischominum";"1489";"98 ff. n. ch.";"Null";"http://gallica.bnf.fr/ark:/12148/bpt6k70216b"
"http://data.bnf.fr/ark:/12148/cb393054473";"Dyalogus doctissimi viri Guillermi episcopi Parisiensis de septem sacramentis";"1489";"Paris";"Georg Mittelhus";"1489";"Null";"Null";"Null"
"http://data.bnf.fr/ark:/12148/cb39304876j";"Dialogus de septem sacramentis";"1489";"Paris";"Jean Bonhomme";"1489";"Null";"Null";"Null"
"http://data.bnf.fr/ark:/12148/cb393048756";"Dialogus Bone Aventure";"1489";"Paris";"G. Marchant";"1489";"Null";"Null";"Null"
"http://data.bnf.fr/ark:/12148/cb393099583";"[Opera latina]";"1489";"Venezia";"Bernardino Stagnino";"1489";"2 vol. in-fol.";"Null";"Null"
"http://data.bnf.fr/ark:/12148/cb39311238t";"Marsilius Ficinus florentinus. De Triplici vita";"1489";"[S. l. ?]";"in Agro Coregio";"1489";"In-8 °";"Null";"Null"
"http://data.bnf.fr/ark:/12148/cb39338679m";"Sphaera mundi";"1489";"[Paris]";"Wolfgang Hopyl";"1489";"4 °, ill.";"Null";"http://gallica.bnf.fr/ark:/12148/bpt6k10430199"
"http://data.bnf.fr/ark:/12148/cb30912136w";"Les Expositions des Évangilles en françoys. - Fol. 2, sign. A2 : Incipiunt sermones Mauricii, parisiensis episcopi, in dominicis diebus et in solemnitatibus sanctorum. - À la fin : Cy finist les Expositions des Évangilles en françois, imprimées à Chablis, par Guillaume Le Rouge, imprimeur, l'an mil CCCC quatre vingz et neuf, le XVIII jour d'octobre";"1489";"Chablis";"Null";"1489";"In-fol., car. goth., à 2 col., sign. A-H, fig. sur bois, marque de Le Rouge à la fin";"Null";"http://gallica.bnf.fr/ark:/12148/btv1b7300030r"
"http://data.bnf.fr/ark:/12148/cb309266969";"Epistole Caroli Viruli";"1489";"[Lyon";"Engelhard Schultis]";"1489";"[102] ff., car. goth.";"Null";"Null"
"http://data.bnf.fr/ark:/12148/cb309397835";"Francisci Maronis ordinis, Minorum, Scriptum primi Sententiarum, qui alias, conflatus intitulatur";"1489";"Basilee";"per F. Kesler";"1489";"In-fol. (Hain*, 10535.)";"Null";"Null"
"http://data.bnf.fr/ark:/12148/cb309570568";"Incipiunt Aphorismi... Raby Moyses secundum doctrinam Galieni... - A la fin : Bononie impressum, impensa Benedicti Hectoris... opera vero Platonis... anno gratie M.CCCC.LXXXVIIII, quarto calendas junii";"1489";"Bologne";"Null";"1489";"In-4°, sign. A-R";"Null";"Null"
"http://data.bnf.fr/ark:/12148/cb30971145v";"L'Exposicion de l'oraison dominicale Pater noster [composée par R. de Montfiquet]";"1489";"Paris";"impr. de P. Levet";"1489";"In-4° . (Copinger, 4360.)";"Null";"Null"
"http://data.bnf.fr/ark:/12148/cb309864751";"Invectiva coetus foeminei contra mares, edita per magistrum Johannem [Motis],... Remedium contra coucubinas et conjuges... a Petro de Corbolio,... compilatum";"1489";"[Paris";"Antoine Caillaut";"1489";"12 ff. signés a-b6";"Null";"Null"
"http://data.bnf.fr/ark:/12148/cb31007476j";"Tractatus magistri Hervei doctoris perspicacissimi de secundis intentionibus. Incipit tractatus magistri Hervei doctoris perspicacissimi ordinis predicatorum de secundis intentionibus. - A la fin : Perspicacissimi doctoris Hervei Natalis, ordinis predicatorum, de secundis intentionibus tractatus finit feliciter... Impressus Parisii, per Georgium Mitelhus [sic] citra Parvum Pontem ad intersignum Argentee clavis commorante, anno salutis M.CCCC.LXXXIX, die pe nultima mensis Julii";"1489";"Paris";"G. Mitelhus";"1489";"In-4° , sign. A-G, A-N., car. goth.";"Null";"Null"
"http://data.bnf.fr/ark:/12148/cb31016035t";"Le Devote meditatione sopra la passione del Nostro Signore, cavate et fundate originalmente sopra sancto Bonaventura,... sopra Nicolao de Lira... sopra altri doctori et predicatori approbati";"1489";"Venetia";"per Matheo di Codecha";"1489";"In-4° . (Copinger, 1187.)";"Null";"Null"
"http://data.bnf.fr/ark:/12148/cb402021117";"Sermones Discipuli de tempore et de sanctis, cum Promptuario exemplorum et Promptuario de miraculis b. Mariae Virginis";"1489";"Strasbourg";"[Martin Flach]";"1489";"440 ff. signés a-i8, k-l6, m-z-8, A-E8, F6, G-I8, K-L10, M-S8, T10, V-Z-8, aa-ii8";"Null";"Null"
"http://data.bnf.fr/ark:/12148/cb31038873g";"Logicae summula una cum textu Petri Hispani. - Au commencement : Excellentissimi... magistri Nicolai de Orbellis,... secundum doctrinam doctoris subtilis Scoti logice brevis, sed admodum utilis super textu magistri Petri Hispani expositio incipit. - A la fin : In hoc volumine habes summulam Nicolai de Orbellis una cum textu Petri Hispani. Deinde Passus Francisci Mayronis, et Tria principia Antonii Andree, et Formalitates Boneti et Scoti, necnon Fallacias Sancti Thomae ac tractatum de ente et essentia. Et impressum Venetiis per Bernardinum de Choris de Cremona et Simonem de Luere, die 7° mensis novembris 1489";"1489";"(Venetiis";"Null";"1489";"In-fol. (Hain, 12051.)";"Null";"Null"
"http://data.bnf.fr/ark:/12148/cb31046426k";"[Publii Ovidii Nasonis Fastorum libri, cum commentario Antonii Constantii.]";"1489";"(Romae";"per E. Silber, alias Franck";"1489";"In-fol. (Hain, *12244.)";"Null";"Null"
"http://data.bnf.fr/ark:/12148/cb31046222n";"[Publii Ovidii Nasonis Opera, edente Bono Accursio pisano.]";"1489";"([Venetiis]";"impr. M. Capcasa.)";"1489";"2 tomes reliés en 1 vol. in-fol. (Hain-Copinger, *12143.)";"Null";"Null"
"http://data.bnf.fr/ark:/12148/cb310836236";"Nicolai Perotti Cornucopiae, sive Commentariorum linguae latinae libri a Lodovico Odaxio editi";"1489";"Venetiis";"per mag. Paganinum de Paganinis";"1489";"In-fol. (Hain, *12697.)";"Null";"Null"
"http://data.bnf.fr/ark:/12148/cb31094467q";"Franciscus Petrarcha de Secreto conflictu curarum suarum";"1489";"Antverpiae";"Null";"1489";"In-4° (Hain-Copinger, *12801.)";"Null";"Null"
"http://data.bnf.fr/ark:/12148/cb40674697s";"Portulans";"1489";"[S.l.]";"[s.n.]";"1489";"Null";"Null";"Null"
"http://data.bnf.fr/ark:/12148/cb311073006";"Incipit Tractatus de remedio amoris. Eneas Sylvius Hyppolito, mediolanensi, S... Sign. o3vo : Ex Voyenna, pridie kalend. januarii, anno Domini millesimo CCCC. octua. ii., Pii ponteficis maximi ad Carolum Cypriacum tractatus de amore incipit feliciter. - Fol. 6ro : Explicit tractatus Pii pape secundi de amore. Liber alloquitur studiosum lectorem. Chartarum numero noli estimare libellum. Nil melius docto novimus esse viro";"1489";"[Lyon";"Engelhard Schultis]";"1489";"[6] feuillets signés o6, car. goth.";"Null";"Null"
"http://data.bnf.fr/ark:/12148/cb31107226m";"Historia di due amanti composta de papa Pio secundo";"1489";"Firenze";"Francesco di Dino";"1489";"Null";"Null";"Null"
"http://data.bnf.fr/ark:/12148/cb406925456";"Portuland (Reprod. photogr.)";"1489";"[S.l.]";"[s.n.]";"1489";"Null";"Null";"Null"
"http://data.bnf.fr/ark:/12148/cb406925487";"Portulans (reprod. phot.)";"1489";"[S.l.]";"[s.n.]";"1489";"Null";"Null";"Null"
"http://data.bnf.fr/ark:/12148/cb31113235t";"Le petit messagier d'amours";"1489";"[Lyon";"imprimeur du Champion des dames, H 7311 (= Jean Du Pré ?)";"1489";"[16] ff., signés a-b8, car. goth., 25 ll.";"Null";"http://gallica.bnf.fr/ark:/12148/bpt6k6356361w"
"http://data.bnf.fr/ark:/12148/cb407430785";"Portulans";"1489";"[S.l.]";"[s.n.]";"1489";"Null";"Null";"Null"
"http://data.bnf.fr/ark:/12148/cb31121656m";"Auctoritates Arestotilis [sic], Senece...";"1489";"Daventriae";"Null";"1489";"In-4° . (Pellechet, 1451.)";"Null";"Null"
"http://data.bnf.fr/ark:/12148/cb31121292c";"Francisci de Platea Tractatus restitutionum usurarum et excommunicationum. - Petro Drach Jacobus Wympfelingus salutem. - Casus papales, episcopales et abbatiales";"1489";"Spirae";"Null";"1489";"In-fol. (Hain, *13041.)";"Null";"Null"
"http://data.bnf.fr/ark:/12148/cb311309792";"[Angeli Politiani Miscellaneorum centuria prima...] - À la fin : Impressit ex archetypo Antonius Miscominus... Florentiae, anno salutis M CCCC LXXXIX, decimo tertio kalendas octobris";"1489";"Florentiae";"Null";"1489";"In-fol., sign. a-p., car. rom. (Hain-Copinger *13221.)";"Null";"Null"
"http://data.bnf.fr/ark:/12148/cb311348683";"Consilia Ludovici Pontani";"1489";"Mediolani";"Null";"1489";"In-fol. (Hain-Copinger, 13276.)";"Null";"Null"
"http://data.bnf.fr/ark:/12148/cb31137579n";"Auctoritates Aristotelis, Senece, Boecii...";"1489";"Daventriae";"Null";"1489";"In-4° . (Pellechet, 1451.)";"Null";"Null"
"http://data.bnf.fr/ark:/12148/cb31158776t";"[Il Driadeo, di Luigi Pulci.]";"1489";"Firenze";"Null";"1489";"(Hain, 13581.)";"Null";"Null"
"http://data.bnf.fr/ark:/12148/cb31187515f";"Kalendarium magistri Joannis de Monteregio";"1489";"Augustae Vindelicorum";"E. Ratdolt";"1489";"In-4° . (Hain-Copinger 13780.)";"Null";"Null"
"http://data.bnf.fr/ark:/12148/cb312113840";"Richardus de S. Victore. Benjamin minor";"1489";"Paris";"Null";"1489";"In-4° . (Hain-Copinger, *13911.)";"Null";"Null"
"http://data.bnf.fr/ark:/12148/cb31211346f";"Scriptum super quarto Sententiarum editum a P. Ricardo de Mediavilla,... per F. Franciscum Gregorii,... emendatum";"1489";"Venise";"Denis de Bologne";"1489";"In-fol. (Hain-Copinger, *10986.)";"Null";"Null"
"http://data.bnf.fr/ark:/12148/cb416372355";"Augusti Dati Senensis... Isagogicus libellus...";"1489";"Parisiis";"Philippe Pigouchet";"1489";"Null";"Null";"Null"
"http://data.bnf.fr/ark:/12148/cb31339150n";"Mensa philosophica";"1489";"Heidelbergae";"Null";"1489";"In-4° , (Hain *11080.)";"Null";"Null"
"http://data.bnf.fr/ark:/12148/cb313516735";"Auctoritates Arestotilis [sic], Senece, Boetii, Platonis, Apulei Affricani, Porphirii et Gilberti Porritani";"1489";"Daventriae";"Null";"1489";"In-4° . (Pellechet, 1451.)";"Null";"Null"
"http://data.bnf.fr/ark:/12148/cb42555132r";"Le blason de faulses amours";"1489";"Paris";"Pierre  Levet";"1489";"sign. a-b8";"Null";"Null"
"http://data.bnf.fr/ark:/12148/cb313739011";"Excellentissimi viri... Nicolai de Orbellis,... Logice brevis... expositio...";"1489";"(Venetiis";"Null";"1489";"In-fol. (Hain, 12051.)";"Null";"Null"
"http://data.bnf.fr/ark:/12148/cb31394625v";"[Altro Marte ; de la vita e gesti de lo... capitano Nicolo Picinino.]";"1489";"(Vicenza";"Null";"1489";"In-fol. (Hain, 14960.)";"Null";"Null"
"http://data.bnf.fr/ark:/12148/cb313957648";"Desiderii Spreti de Amplitudine, de vastatione et de instauratione urbis Ravennae";"1489";"Venetiis";"M. Capcasa";"1489";"In-4° . (Hain-Copinger, 14963 ; Reichling, I. 194.)";"Null";"Null"
"http://data.bnf.fr/ark:/12148/cb314337819";"Antibalbica, seu Antaccelina, Guillermi Tardivi aniciensis in Balbum imo Accelinum defensio";"1489";"[Paris";"Guy Marchant";"1489";"Null";"Null";"http://gallica.bnf.fr/ark:/12148/bpt6k991409x"
"http://data.bnf.fr/ark:/12148/cb31461736m";"Prima pars Summe theologie, edita a sancto Thoma de Aquino,...";"1489";"Venetiis";"per A. de Strata";"1489";"In-fol. (Hain-Copinger, *1445 ; Pellechet, 1039 ; Polain, 3746.)";"Null";"Null"
"http://data.bnf.fr/ark:/12148/cb31462185d";"Quaternarius beati Thome de Aquino...";"1489";"[Paris";"Philippe Pigouchet";"1489";"Null";"Null";"Null"
"http://data.bnf.fr/ark:/12148/cb31461931f";"Preclarissima commentaria divi Thome Aquinatis,... [cum antiqua textus translatione] in libros Perihermenias Aristotelis. [Adjectum est supplementum commentariorum Gratiadei Esculani,... in librum secundum.] - Preclarissima Commentaria divi Thome Aquinatis,... [cum antiqua textus translatione] in libros Posteriorum Aristotelis. - Preclarum opusculum Fallaciarum divi Thome Aquinatis,...";"1489";"Venetiis";"per Guilielmum Tridinensem";"1489";"In-fol. (Copinger, II, 570 ; Pellechet, 1077 ; Reichling, I, p. 95.)";"Null";"Null"
"http://data.bnf.fr/ark:/12148/cb314813498";"[Summa... domini Jo. de Turrecremata,... contra Ecclesie et primatus apostoli Petri adversarios intitulata...]";"1489";"Rome";"per E. Silber alias Franck";"1489";"In-fol. (Hain-Copinger, *15730 ; Br. Mus., Books pr. XVth c., t. IV, p. 109 ; Polain, 3874.)";"Null";"Null"
"http://data.bnf.fr/ark:/12148/cb31500590j";"Liber qui Rosella casuum appellatur, editus per... fratrem Baptistam Troamalam [sic],...";"1489";"Papie";"per J. A. de Birretis et F. de Gyrardenghis";"1489";"In-4° . (Hain, *14182 ; G. W., 3324 ; Br. Mus., Books pr. XVth c., t. VII, p. 1004.)";"Null";"Null"
"http://data.bnf.fr/ark:/12148/cb315203478";"[La Crónica de España, por Diego de Valera.]";"1489";"Tholosa";"impr. por H. Enel";"1489";"In-fol. signé A⁻8, a-X⁻8, Y⁻1⁻0. (Hain, 15768.)";"Null";"Null"
"http://data.bnf.fr/ark:/12148/cb315205098";"[Les Neuf livres de Valère le Grant, translatez du latin en françois par très-révérend maistre Simon de Hesdin,... et achevez par Nicolas de Gonesse,...]";"1489";"Lyon";"M. Husz";"1489";"2 tomes en 1 vol. in-fol. (Hain-Copinger, 5933 ; Br. Mus., Books pr. XVth c., t. VIII, p. 263.)";"Null";"Null"
"http://data.bnf.fr/ark:/12148/cb315205276";"Valerius Maximus. Die Geschichte der Römen. [Übersetzt von H. von Müglein.]";"1489";"Augspurg";"A. Sorg";"1489";"In-fol. (Hain, *4104.)";"Null";"Null"
"http://data.bnf.fr/ark:/12148/cb315529560";"The Book of fayttes of armes and of Chyvalrye";"1489";"[Westminster]";"William Caxton";"1489";"Null";"Null";"Null"
"http://data.bnf.fr/ark:/12148/cb31584912g";"Le Grant Testament Villon et le Petit. Son Codicille. Le Jargon et ses Balades";"1489";"(Paris";"impr. de P. Levet";"1489";"In-4° , sign. a-c⁽8, d-f⁽6, g-h⁽8, car. goth., fig., marque typogr. au titre";"Null";"Null"
"http://data.bnf.fr/ark:/12148/cb315849114";"Le grant testament Villon et le petit";"1489";"Paris";"[impr. de P. Levet]";"1489";"Sign. a-hiii";"Null";"http://gallica.bnf.fr/ark:/12148/bpt6k1073214r"
"http://data.bnf.fr/ark:/12148/cb31591365w";"[Publii Virgilii Maronis Opus, a Paulo Andelocensi exactissime emendatum.]";"1489";"Parisius";"U. Gering";"1489";"In-4° . (Copinger, 6032 et *38 ; Mambelli, 62.)";"Null";"Null"
"http://data.bnf.fr/ark:/12148/cb316074052";"Guillermi Vorrillong,... Opus super quattuor libros Sententiarum feliciter incipit";"1489";"In urbe Lugdunensis";"Null";"1489";"In-fol. (Proctor, 8548 ; Copinger, 6559 ; Polain, 4033 ; Goff, V-372.)";"Null";"Null"
"http://data.bnf.fr/ark:/12148/cb31606931r";"La Vie des sainctz en françoys. - Au ft 1 : Cy commence la Légende dorée [de Jacques de Voragine] en françoys [par Jean du Vignay. Éd. Jean Battalier]. - À la fin : Cy finist la table de la légende des saintz";"1489";"[Lyon";"Jean Du Pré";"1489";"2 ff. n. ch., 312 ff. ch. et 2 ff. n. ch.";"Null";"http://gallica.bnf.fr/ark:/12148/btv1b86042919"
"http://data.bnf.fr/ark:/12148/cb31607016m";"Hier beghinen dye Sermonen op de evangelien doer dat ghehele jaer van den sonnendaghe... overgheset in duytser spraken, mit die verclaringe ende bedudinghe des... meysters Jacobi de Voragine,...";"1489";"Zwolle";"bij P. Van Os";"1489";"In-fol. (Campbell, 1772 ; Copinger, 6556 ; Polain, 2234.)";"Null";"Null"
"http://data.bnf.fr/ark:/12148/cb44352811x";"Vocabularius rerum";"1489";"Impressum Argentorati. Per Johannem Prüss anno domini 1489. In vigilia Epiphanie domini.";"Null";"1489";"LIII-[1] f.";"Null";"Null"
"http://data.bnf.fr/ark:/12148/cb31617170w";"Communiloquium, sive Summa collationum Johannis Gallensis";"1489";"Argentine";"Null";"1489";"In-fol. (Hain-Copinger, *7444 ; Br. Mus., Books pr. XVth c., t. I, p. 138 ; Polain, 2282.)";"Null";"Null"
"http://data.bnf.fr/ark:/12148/cb316212509";"Legenda et miracula sancti Goaris [ libelli editi a Wandalberto diacono]";"1489";"Mainz";"[Peter Schöffer] pour Johann Gisen de Nasteden";"1489";"Null";"Null";"Null"
"http://data.bnf.fr/ark:/12148/cb31656125n";"Directorium statuum, seu verius Tribulatio seculi";"1489";"[Strasbourg]";"[Peter Attendorn]";"1489";"ill.";"Null";"Null"
"http://data.bnf.fr/ark:/12148/cc91519f";"Super secundo libro Sententiarum";"1489";"Null";"Null";"Null";"289 ff.";"Null";"http://gallica.bnf.fr/ark:/12148/btv1b8454016j"
"http://data.bnf.fr/ark:/12148/cc8400h";"Šeʾelwt wtšwbwt";"1489";"Null";"Null";"Null";"414 f.";"Null";"http://gallica.bnf.fr/ark:/12148/btv1b10720344s"
"http://data.bnf.fr/ark:/12148/cc843096";"Flavius Josèphe. Livre des Anciennetéz des Juifz, selon la sentence de Josephe. [Antiquités judaïques]";"1489";"Null";"Null";"Null";"341 feuillets,";"Null";"Null"
"http://data.bnf.fr/ark:/12148/cb31730199h";"Aristotelis Problemata, cum vita Aristotelis";"1489";"[Köln";"Heinrich Quentell";"1489";"Null";"Null";"Null"
"http://data.bnf.fr/ark:/12148/cb324572447";"[ @ ] - (Fol. 1ro, col. 1 :) @ - (Fol. [152]ro, col. 2 :) @ - (Fol. [154]ro, col. 1 :) @ [5 lignes] @ - Fol. [297]vo : @ [4 lignes]";"1489";"(Lisbonne, Elîʿèzèr Toledano";"Null";"1489";"Null";"Null";"Null"
"http://data.bnf.fr/ark:/12148/cb325380978";"Angeli Politiani, miscellaneorum centuriae Primae";"1489";"Florentiae, Antonius Miscominus";"Null";"1489";"Null";"Null";"Null"
"http://data.bnf.fr/ark:/12148/cb33353630n";"Den duytschen doctrinael";"1489";"Delft";"[Christian Snellaert,]";"1489";"176 ff. n. ch.";"Null";"Null"
"http://data.bnf.fr/ark:/12148/cb33426488p";"Thomas a Kempis. Imitatio Christi";"1489";"Null";"Null";"1489";"[168] f. (sig. [A]B-X8";"Null";"Null"
"http://data.bnf.fr/ark:/12148/cb33426487b";"Thomas a Kempis. Imitatio Christi";"1489";"Null";"Null";"1489";"[4]-LXVI [i.e. LXXII] f. (sig. a4, b-h8, i12)";"Null";"http://gallica.bnf.fr/ark:/12148/bpt6k8501216"
"http://data.bnf.fr/ark:/12148/cb334264891";"Thomas a Kempis. Imitatio Christi";"1489";"Null";"Null";"1489";"[112] f. (sig. a-o8)";"Null";"Null"
"http://data.bnf.fr/ark:/12148/cb33631875s";"Les faiz du tresvaillant et renomme chevalier Tristan";"1489";"Rouen";"Jean Le Bourgeois pour lui-même et pour Antoine Vérard à Paris";"1489";"2 parties, 2°";"Null";"http://gallica.bnf.fr/ark:/12148/btv1b8600175m"
"http://data.bnf.fr/ark:/12148/cb33684755n";"Les Instructions et ordonnances des tabellionnaiges et seaulx des contractz royaulx d'Angiers, Saumur et Baugé, et des cours subalternes, conformes aux anciennes ordonnances. Item les instructions et ordonnances des greffes du pays d'Anjou. - Au verso du titre, la marque de Jean de La Tour. - (Sur la dernière page :) Les Instructions et ordonnances, des greffes des cours ordinaires et extraordinaires d'Anjou";"1489";"Angers";"Null";"1489";"Petit in-8° de 12 feuillets. Caractères gothiques";"Null";"Null"
"http://data.bnf.fr/ark:/12148/cb33715530q";"(Arrêt du parlement concernant les parcheminiers, en faveur du recteur de l'Université.)";"1489";"(S. l. n. d.)";"Null";"1489";"4°";"Null";"Null"
"http://data.bnf.fr/ark:/12148/cb33769283g";"Formularium procuratorum. - (A la fin, avant le Registre :) Formularium procuratorum impensa et opera Eucha//rii Silber, alias Franck, Rome impressum sub anno Domi//ni M.CCCC. LXXXIX, decimo septimo kalendas junii finit fe//liciter";"1489";"Rome";"Null";"1489";"In-4°, 111 feuillets, plus un cahier préliminaire. Caractères gothiques";"Null";"Null"
"http://data.bnf.fr/ark:/12148/cb33849831n";"Confirmation des privilèges de l'Université de Paris, et limitation du nombre des officiers d'icelle par Charles VIII";"1489";"(S. l. n. d.)";"Null";"1489";"In-8°. pag.";"Null";"Null"
"http://data.bnf.fr/ark:/12148/cb35330266p";"Dokumente zur Deutschlandpolitik 4. - 4. 4";"1489";"Frankfurt am Main. - 2 vol.";"A. Metzner";"1489";"Null";"Null";"Null"
"http://data.bnf.fr/ark:/12148/cb35951099s";"[Sans titre]";"1489";"Null";"Null";"1489";"4 parties";"Null";"Null"
"http://data.bnf.fr/ark:/12148/cb359510795";"[Sans titre]";"1489";"Null";"Null";"1489";"[582] f.";"Null";"Null"
"http://data.bnf.fr/ark:/12148/cb36045179s";"Novellae Joannis Andrea super V libros Decretalium";"1489";"Venetiis";"per J. de Forlivio et Gregorium fratres";"1489";"Non paginé";"Null";"Null"
"http://data.bnf.fr/ark:/12148/cb36044044m";"Le grant testament Villon et le petit";"1489";"Paris";"[s.n.]";"1489";"Sign a ii-hiiii";"Null";"Null"
