id;title;date;place;publisher;firstyear;description;subject;gallica
"http://data.bnf.fr/ark:/12148/cb33809960p";"Ordonnance portant que l'estat du trésor sera remis chaque mois au Roy ; et confirmation de celle du 3 janvier 1316 concernant le Trésor";"1319";"(S. l. n. d.)";"Null";"1319";"In-4°, 2 p.";"Null";"Null"
"http://data.bnf.fr/ark:/12148/cb338099611";"Ordonnance portant que toutes graces de dons et autres seront rapportées au Roy, que toutes les recettes du royaume seront portées au Trésor, et qu'il n'en sera fait aucune délivrance sans l'ordre du souverain establi par dessus les trésoriers";"1319";"(S. l. n. d.)";"Null";"1319";"In-4°, 10 p.";"Null";"Null"
"http://data.bnf.fr/ark:/12148/cb338099584";"Mandement au bailly de Rouen de venir compter incessamment des deniers qu'il a reçus provenans des dons du domaine";"1319";"(S. l. n. d.)";"Null";"1319";"In-4°, 2 p.";"Null";"Null"
"http://data.bnf.fr/ark:/12148/cb33809959g";"Fundatio cantoriae in Sancta Capella parisiensi";"1319";"(S. l. n. d.)";"Null";"1319";"In-fol., 7 p.";"Null";"Null"
"http://data.bnf.fr/ark:/12148/cb33849698c";"Extrait du 1er article des ordonnances faites par le roi Philippe le Bel touchant la gabelle, aides et impositions";"1319";"(S. l. n. d.)";"Null";"1319";"8°";"Null";"http://gallica.bnf.fr/ark:/12148/bpt6k97470884"