id;title;date;place;publisher;firstyear;description;subject;gallica
"http://data.bnf.fr/ark:/12148/cb37221710k";"Building technology in the 19th Century : early uses of iron in Malta";"20";"[S. l.]";"D. Drago";"Null";"59 p.";"http://data.bnf.fr/ark:/12148/cb11975999w";"Null""http://data.bnf.fr/ark:/12148/cb41375460r";"Quand tétine arrive : conte musical";"20";"Paris";"Nouvel Angle";"Null";"1 vol. (non paginé [42] p.) - 1 disque compact : ill. en coul., couv. ill. en coul. ; 22 x 22 cm ; DDD";"Null";"Null"
"http://data.bnf.fr/ark:/12148/cb42361577q";"Histoire sans fin : Ateliers Perrault Frères";"20";"Saint-Laurent de la Plaine";"Ateliers Perrault Frères";"Null";"1 vol. (62 p.) - 1 DVD vidéo monoface simple couche : ill. en coul., couv. ill. en coul. ; 22 x 26 cm ; coul. (PAL), son.";"http://data.bnf.fr/ark:/12148/cb11975664d";"Null"
"http://data.bnf.fr/ark:/12148/cb42372788c";"Ma voie : mémoires";"20";"Paris";"les Arènes";"Null";"1 vol. (491 p.-[16] f. de pl.) - 1 disque compact : ill. en noir et en coul., couv. ill. ; 24 cm";"Null";"Null"
"http://data.bnf.fr/ark:/12148/cb42419944x";"Au coeur de la vie sauvage numéro 23 : à la découverte du monde animal";"20";"Paris. - [Paris]";"National geographic France. - Polygram collections. - Nouvelles messageries de la presse parisienne [distrib.]";"Null";"1 fasc. (14 p.) - 1 DVD vidéo monoface simple couche zone 2 (52 min) : ill. en coul., couv. ill. en coul. ; 30 cm ; 4/3, coul. (PAL), son. (Dolby)";"http://data.bnf.fr/ark:/12148/cb11930908q";"Null"
"http://data.bnf.fr/ark:/12148/cb42438557b";"Is this what you were born for ? : stratégies d'appropriation et collage audio-visuel dans les films d'Abigail Child";"20";"Genève";"MētisPresses";"Null";"1 vol. (157 p.) - 1 DVD vidéo monoface simple couche toute zone (59 min) : 19 cm ; 4/3, n. et b. et coul. (PAL), son.";"http://data.bnf.fr/ark:/12148/cb11931199w";"Null"
"http://data.bnf.fr/ark:/12148/cb42637149q";"Anibal Troilo : tangos, valses y milongas";"20";"Curitiba (Paraná, Brésil)";"Revivendo músicas comércio de discos";"Null";"1 disque compact";"Null";"Null"
"http://data.bnf.fr/ark:/12148/cb42644670d";"Europas Prärien und Cañons : Western zwischen Sibirien und Atlantik";"20";"München";"Ed. Text + Kritik";"Null";"1 vol. (166 p.) - 1 DVD vidéo monoface simple couche toutes zones (2 h 12 min) : ill. ; 21 cm ; n. et b. et coul. (PAL), son.";"http://data.bnf.fr/ark:/12148/cb11931301w";"Null"
"http://data.bnf.fr/ark:/12148/cb427133372";"Stone soup";"20";"Paris";"Retz";"Null";"2 vol. (25, 29 p.) - 13 f. de pl. - 1 disque optique numérique (DVD-ROM) : ill. en coul., couv. ill. en coul. ; 29, 30 cm ; ill. en coul. ; 21 x 30 cm ; coul. (PAL), son. ; 12 cm";"Null";"Null"
"http://data.bnf.fr/ark:/12148/cb435902663";"The shooting";"20";"Neuilly-sur-Seine. - [S.l.]";"Gesep. - Cobra. - Promévente [diff.]";"Null";"1 vol. (13 p.) - 1 DVD vidéo monoface double couche zone 2 (1 h 18 min) : ill. en noir et en coul., couv. ill. en coul. ; 29 cm ; 16/9, coul. (PAL), son., (Dolby)";"Null";"Null"
"http://data.bnf.fr/ark:/12148/cb439101854";"Lo hadi : comptines et berceuses basques";"20";"Paris";"Didier jeunesse";"Null";"1 vol. (33 p.) - 1 disque compact (52 min) : ill. en coul. ; 27 x 27 cm";"Null";"Null"
