id;title;date;place;publisher;firstyear;description;subject;gallica
"http://data.bnf.fr/ark:/12148/cb37078471b";"Biographie universelle ancienne et moderne Tome vingt-neuvième : ou histoire, par ordre alphabétique, de la vie publique et privée de tous les hommes qui se sont fait remarquer par leurs écrits, leurs actions, leurs talents, leurs vertus ou leurs crimes";"186";"Paris. - Leipzig";"Madame C. Desplaces. - F. A. Brockhaus";"Null";"674 p.";"http://data.bnf.fr/ark:/12148/cb119342229";"Null"
"http://data.bnf.fr/ark:/12148/cb37078556q";"Biographie universelle ancienne et moderne Tome quarante-troisième : ou histoire, par ordre alphabétique, de la vie publique et privée de tous les hommes qui se sont fait remarquer par leurs écrits, leurs actions, leurs talents, leurs vertus ou leurs crimes";"186";"Paris. - Leipzig";"Madame C. Desplaces. - F. A. Brockhaus";"Null";"700 p.";"http://data.bnf.fr/ark:/12148/cb119342229";"Null"
"http://data.bnf.fr/ark:/12148/cb37078535r";"Biographie universelle ancienne et moderne Tome trente-cinquième : ou histoire, par ordre alphabétique, de la vie publique et privée de tous les hommes qui se sont fait remarquer par leurs écrits, leurs actions, leurs talents, leurs vertus ou leurs crimes";"186";"Paris. - Leipzig";"Madame C. Desplaces. - F. A. Brockhaus";"Null";"676 p.";"http://data.bnf.fr/ark:/12148/cb11964543q";"Null"
"http://data.bnf.fr/ark:/12148/cb37078486c";"Biographie universelle ancienne et moderne Tome trente-deuxième : ou histoire, par ordre alphabétique, de la vie publique et privée de tous les hommes qui se sont fait remarquer par leurs écrits, leurs actions, leurs talents, leurs vertus ou leurs crimes";"186";"Paris. - Leipzig";"Madame C. Desplaces. - F. A. Brockhaus";"Null";"688 p.";"http://data.bnf.fr/ark:/12148/cb11964543q";"Null"
"http://data.bnf.fr/ark:/12148/cb37078469s";"Biographie universelle ancienne et moderne Tome vingt-septième : ou histoire, par ordre alphabétique, de la vie publique et privée de tous les hommes qui se sont fait remarquer par leurs écrits, leurs actions, leurs talents, leurs vertus ou leurs crimes";"186";"Paris. - Leipzig";"Madame C. Desplaces. - F. A. Brockhaus";"Null";"670 p.";"http://data.bnf.fr/ark:/12148/cb11964543q";"Null"
"http://data.bnf.fr/ark:/12148/cb37078537f";"Biographie universelle ancienne et moderne Tome trente-sixième : ou histoire, par ordre alphabétique, de la vie publique et privée de tous les hommes qui se sont fait remarquer par leurs écrits, leurs actions, leurs talents, leurs vertus ou leurs crimes";"186";"Paris. - Leipzig";"Madame C. Desplaces. - F. A. Brockhaus";"Null";"708 p.";"http://data.bnf.fr/ark:/12148/cb119342229";"Null"
"http://data.bnf.fr/ark:/12148/cb37078558d";"Biographie universelle ancienne et moderne Tome quarante-quatrième : ou histoire, par ordre alphabétique, de la vie publique et privée de tous les hommes qui se sont fait remarquer par leurs écrits, leurs actions, leurs talents, leurs vertus ou leurs crimes";"186";"Paris. - Leipzig";"Madame C. Desplaces. - F. A. Brockhaus";"Null";"750 p.";"http://data.bnf.fr/ark:/12148/cb119342229";"Null"
"http://data.bnf.fr/ark:/12148/cb37078489d";"Biographie universelle ancienne et moderne Tome trente-troisième : ou histoire, par ordre alphabétique, de la vie publique et privée de tous les hommes qui se sont fait remarquer par leurs écrits, leurs actions, leurs talents, leurs vertus ou leurs crimes";"186";"Paris. - Leipzig";"Madame C. Desplaces. - F. A. Brockhaus";"Null";"686 p.";"http://data.bnf.fr/ark:/12148/cb119342229";"Null"
"http://data.bnf.fr/ark:/12148/cb37078560z";"Biographie universelle ancienne et moderne Tome quarante-cinq. : ou histoire, par ordre alphabétique, de la vie publique et privée de tous les hommes qui se sont fait remarquer par leurs écrits, leurs actions, leurs talents, leurs vertus ou leurs crimes";"186";"Paris. - Leipzig";"Madame C. Desplaces. - F. A. Brockhaus";"Null";"VIII-664 p.";"http://data.bnf.fr/ark:/12148/cb11964543q";"Null"
"http://data.bnf.fr/ark:/12148/cb37078549f";"Biographie universelle ancienne et moderne Tome quarante et unième : ou histoire, par ordre alphabétique, de la vie publique et privée de tous les hommes qui se sont fait remarquer par leurs écrits, leurs actions, leurs talents, leurs vertus ou leurs crimes";"186";"Paris. - Leipzig";"Madame C. Desplaces. - F. A. Brockhaus";"Null";"716 p.";"http://data.bnf.fr/ark:/12148/cb11964543q";"Null"
"http://data.bnf.fr/ark:/12148/cb370785332";"Biographie universelle ancienne et moderne Tome trente-quatrième : ou histoire, par ordre alphabétique, de la vie publique et privée de tous les hommes qui se sont fait remarquer par leurs écrits, leurs actions, leurs talents, leurs vertus ou leurs crimes";"186";"Paris. - Leipzig";"Madame C. Desplaces. - F. A. Brockhaus";"Null";"684 p.";"http://data.bnf.fr/ark:/12148/cb119342229";"Null"
"http://data.bnf.fr/ark:/12148/cb370785541";"Biographie universelle ancienne et moderne Tome quarante-deuxième : ou histoire, par ordre alphabétique, de la vie publique et privée de tous les hommes qui se sont fait remarquer par leurs écrits, leurs actions, leurs talents, leurs vertus ou leurs crimes";"186";"Paris. - Leipzig";"Madame C. Desplaces. - F. A. Brockhaus";"Null";"708 p.";"http://data.bnf.fr/ark:/12148/cb119342229";"Null"
"http://data.bnf.fr/ark:/12148/cb370784700";"Biographie universelle ancienne et moderne Tome vingt-huitième : ou histoire, par ordre alphabétique, de la vie publique et privée de tous les hommes qui se sont fait remarquer par leurs écrits, leurs actions, leurs talents, leurs vertus ou leurs crimes";"186";"Paris. - Leipzig";"Madame C. Desplaces. - F. A. Brockhaus";"Null";"664 p.";"http://data.bnf.fr/ark:/12148/cb11964543q";"Null"
"http://data.bnf.fr/ark:/12148/cb37078540b";"Biographie universelle ancienne et moderne Tome trente-septième : ou histoire, par ordre alphabétique, de la vie publique et privée de tous les hommes qui se sont fait remarquer par leurs écrits, leurs actions, leurs talents, leurs vertus ou leurs crimes";"186";"Paris. - Leipzig";"Madame C. Desplaces. - F. A. Brockhaus";"Null";"698 p.";"http://data.bnf.fr/ark:/12148/cb11964543q";"Null"
"http://data.bnf.fr/ark:/12148/cb37078483b";"Biographie universelle ancienne et moderne Tome trente et unième : ou histoire, par ordre alphabétique, de la vie publique et privée de tous les hommes qui se sont fait remarquer par leurs écrits, leurs actions, leurs talents, leurs vertus ou leurs crimes";"186";"Paris. - Leipzig";"Madame C. Desplaces. - F. A. Brockhaus";"Null";"642 p.";"http://data.bnf.fr/ark:/12148/cb119342229";"Null"
"http://data.bnf.fr/ark:/12148/cb370785421";"Biographie universelle ancienne et moderne Tome trente-huitième : ou histoire, par ordre alphabétique, de la vie publique et privée de tous les hommes qui se sont fait remarquer par leurs écrits, leurs actions, leurs talents, leurs vertus ou leurs crimes";"186";"Paris. - Leipzig";"Madame C. Desplaces. - F. A. Brockhaus";"Null";"694 p.";"http://data.bnf.fr/ark:/12148/cb119342229";"Null"
"http://data.bnf.fr/ark:/12148/cb37078544q";"Biographie universelle ancienne et moderne Tome trente-neuvième : ou histoire, par ordre alphabétique, de la vie publique et privée de tous les hommes qui se sont fait remarquer par leurs écrits, leurs actions, leurs talents, leurs vertus ou leurs crimes";"186";"Paris. - Leipzig";"Madame C. Desplaces. - F. A. Brockhaus";"Null";"732 p.";"http://data.bnf.fr/ark:/12148/cb119342229";"Null"
"http://data.bnf.fr/ark:/12148/cb37078547r";"Biographie universelle ancienne et moderne Tome quarantième : ou histoire, par ordre alphabétique, de la vie publique et privée de tous les hommes qui se sont fait remarquer par leurs écrits, leurs actions, leurs talents, leurs vertus ou leurs crimes";"186";"Paris. - Leipzig";"Madame C. Desplaces. - F. A. Brockhaus";"Null";"688 p.";"http://data.bnf.fr/ark:/12148/cb11964543q";"Null"
"http://data.bnf.fr/ark:/12148/cb370784809";"Biographie universelle ancienne et moderne Tome trentième : ou histoire, par ordre alphabétique, de la vie publique et privée de tous les hommes qui se sont fait remarquer par leurs écrits, leurs actions, leurs talents, leurs vertus ou leurs crimes";"186";"Paris. - Leipzig";"Madame C. Desplaces. - F. A. Brockhaus";"Null";"664 p.";"http://data.bnf.fr/ark:/12148/cb11964543q";"Null"
"http://data.bnf.fr/ark:/12148/cb37335887s";"Oeuvres complètes";"186";"Paris";"M. Levy";"Null";"vol.";"Null";"Null"
"http://data.bnf.fr/ark:/12148/cb375224277";"L'imprimerie à Toulouse aux XVe, XVIe et XVIIe siècles Première partie";"186";"[S.l.]";"[s.n.]";"Null";"P. 58-124-[8] f. de pl.";"http://data.bnf.fr/ark:/12148/cb119314762";"Null""http://data.bnf.fr/ark:/12148/cb38643730x";"Chemins de fer du Nord. Carte illustrée de Paris à Boulogne";"186";"[Paris]";"[Chemins de fer du Nord]";"Null";"1 carte dépliant et photogr. pos.";"http://data.bnf.fr/ark:/12148/cb119311736";"Null"
"http://data.bnf.fr/ark:/12148/cb38643720m";"Chemins de fer du Nord. Ligne de Paris à Boulogne. Album de vues photographiques : [photographies]";"186";"[Paris]";"[Chemins de fer du Nord]";"Null";"1 album obl. de 50 photogr. pos.";"http://data.bnf.fr/ark:/12148/cb119311736";"Null"
"http://data.bnf.fr/ark:/12148/cb38771575n";"Le testament de César Girodot, comédie en 3 actes, en prose";"186";"Paris";"J. Barbé";"Null";"IV-110 p.";"Null";"Null"
"http://data.bnf.fr/ark:/12148/cb387715760";"Le testament de César Girodot, comédie en 3 actes, en prose";"186";"Paris";"J. Barbé";"Null";"IV-110 p.";"Null";"Null"
"http://data.bnf.fr/ark:/12148/cb38918816r";"Lettres sur les révolutions du globe";"186";"Paris";"J. Hetzel";"Null";"XVI-503 p.";"http://data.bnf.fr/ark:/12148/cb119395915";"http://gallica.bnf.fr/ark:/12148/bpt6k203835m"
"http://data.bnf.fr/ark:/12148/cb397489947";"Impromptu facile : à quatre mains pour le piano";"186";"Mayence. - Bruxelles. - Londres";"les fils de B. Schott. - Schott frères. - Schott et cie. ";"Null";"11 p. : couv. orn.  ; 34 cm";"http://data.bnf.fr/ark:/12148/cb14622000n";"Null"
"http://data.bnf.fr/ark:/12148/cb39757873z";"Guillaume Tell : opéra en quatre actes";"186";"Paris";"G. Brandus et S. Dufour";"Null";"1 partition (399 p.) : 28 cm";"http://data.bnf.fr/ark:/12148/cb12490452b";"Null"
"http://data.bnf.fr/ark:/12148/cb397598785";"Saul and the witch of Endor : a paraphrase on the 28th chapter of Samuel from verse 8 to verse 20";"186";"London";"Novello";"Null";"1 partition (p. 743-751) : 39 cm";"http://data.bnf.fr/ark:/12148/cb11975998j";"Null"
"http://data.bnf.fr/ark:/12148/cb397628462";"Cours de contrepoint et de fugue";"186";"Paris";"Heugel";"Null";"204 p. : 36 cm";"http://data.bnf.fr/ark:/12148/cb119570415";"Null"
"http://data.bnf.fr/ark:/12148/cb39769809j";"Le Carnaval à Paris";"186";"Paris";"A. de Vresse";"Null";"N. ch.";"Null";"Null"
"http://data.bnf.fr/ark:/12148/cb397698086";"Bals masqués";"186";"Paris";"Libr. nouvelle";"Null";"N. ch.";"Null";"Null"
"http://data.bnf.fr/ark:/12148/cb39769807v";"Au bal de l'Opéra";"186";"Paris";"Martinet";"Null";"N. ch.";"Null";"Null"
"http://data.bnf.fr/ark:/12148/cb39773756j";"Traité élémentaire pratique d'architecture ou Etude des cinq ordres";"186";"Paris";"Garnier frères";"Null";"[70] f. de pl.";"Null";"Null"
"http://data.bnf.fr/ark:/12148/cb39774468z";"Premiers voyages en zigzag ou Excursions d'un pensionnat en vacances dans les cantons suisses et sur le revers italien des Alpes";"186";"Paris";"Garnier frères";"Null";"VII-377 p.";"Null";"Null"
"http://data.bnf.fr/ark:/12148/cb39801645v";"Lettre de Pierre Alexandre-François Chevillard à Monsieur le Directeur [du Conservatoire], Cologne, le 16 novembre (186.?)";"186";"Null";"Null";"Null";"Null";"Null";"Null"
"http://data.bnf.fr/ark:/12148/cb39828951q";"Lettre de Ambroise Thomas à Monsieur Sauvage, 18 janvier 186.";"186";"Null";"Null";"Null";"Null";"Null";"Null"
"http://data.bnf.fr/ark:/12148/cb402033905";"Octave : portraits";"186";"Paris";"Null";"Null";"5 dessins : aquarelle et crayon ; formats divers";"Null";"http://gallica.bnf.fr/ark:/12148/btv1b64011751"
"http://data.bnf.fr/ark:/12148/cb32003617r";"1e Edition. Les nouveaux Balayeurs des rues, chanson lilloise, par Ch. Decottignies";"186";"Lille, imp. de Béhague";"Null";"Null";"Null";"Null";"Null"
"http://data.bnf.fr/ark:/12148/cb32003613c";"Ch. Decottignies. Médor dins l'carrette à quiens, scènes lamentables hurlées par lui-même en patois de Lille...";"186";"Lille, imp. de Béhague";"Null";"Null";"Null";"Null";"Null"
"http://data.bnf.fr/ark:/12148/cb320602531";"Société d'agriculture de la Gironde. Compte-rendu annuel de ses travaux,...";"186";"Bordeaux";"Null";"Null";"Null";"Null";"Null"
"http://data.bnf.fr/ark:/12148/cb32360650m";"L'Hirondelle morte, mélodie, paroles de E. Lecart...";"186";"Toulon, imp. de Vve E. Aurel";"Null";"Null";"Null";"Null";"Null"
"http://data.bnf.fr/ark:/12148/cb32515456n";"A MM. les électeurs de la neuvième circonscription...";"186";"[Paris ?]";"Null";"Null";"Null";"Null";"Null"
"http://data.bnf.fr/ark:/12148/cb32660997m";"Oeuvres de Catulle, Tibulle et Properce/traduction de la collection Panckoucke par MM. Héguin de Guerle, A. Valatour et J. Genouille. - Nouv. éd. très soigneusement rev. par M. A. Valatour,...";"186";"Paris : Garnier frères";"Null";"Null";"Null";"Null";"Null"
"http://data.bnf.fr/ark:/12148/cb33260957t";"The Book of Psalms, translated out of the original Hebrew, and with the former translations diligently compared and revised";"186";"New York";"American Bible Society";"Null";"In-8°, 212 p.";"Null";"Null"
"http://data.bnf.fr/ark:/12148/cb33267005s";"Oeuvres de Mmes de Fontaines et de Tencin";"186";"Paris";"Garnier frères";"Null";"In-8°";"Null";"Null"
"http://data.bnf.fr/ark:/12148/cb333849383";"Exposition universelle de Paris en 1867. Jury belge. Documents et rapports...";"186";"[S. l. n. d. ?] ";"Null";"Null";"Null";"Null";"Null"
"http://data.bnf.fr/ark:/12148/cb336122393";"Statistica del regno d'Italia. Biblioteche...";"186";"Firenze. - Roma";"tip. Tofani [puis]. - tip. de G. Bertero";"Null";"4°";"Null";"Null"
"http://data.bnf.fr/ark:/12148/cb35286481f";"Salon pour rire";"186";"Paris";"Maison S. Heymann";"Null";"[24]p.";"Null";"Null"
"http://data.bnf.fr/ark:/12148/cb35554210s";"Presse-Derriey : [catalogue]";"186";"Paris";"Charles Derriey";"Null";"16 p.";"http://data.bnf.fr/ark:/12148/cb11931427v";"Null"
