id;title;date;place;publisher;firstyear;description;subject;gallica
"http://data.bnf.fr/ark:/12148/cb40675245p";"Portulans";"1320";"[S.l.]";"[s.n.]";"1320";"Null";"Null";"Null"
"http://data.bnf.fr/ark:/12148/cb406852180";"Mapa regnorum Syrie et Egypti";"1320";"[Venetiis]";"[s.n.]";"1320";"1 flle : ms en coul. ; 38 x 31 cm";"Null";"http://gallica.bnf.fr/ark:/12148/btv1b55005186s"
"http://data.bnf.fr/ark:/12148/cb40694599m";"[Plans de Jérusalem et d'Antioche]";"1320";"[Venetiis]";"[s.n.]";"1320";"1 flle : ms en noir et bistre ; 53 x 26 cm";"Null";"http://gallica.bnf.fr/ark:/12148/btv1b550051983"
"http://data.bnf.fr/ark:/12148/cb406994490";"Mapa mundi. vi";"1320";"[Venetiis]";"[s.n.]";"1320";"1 flle : ms en coul. ; 34 x 34 cm";"Null";"http://gallica.bnf.fr/ark:/12148/btv1b55004989t"
"http://data.bnf.fr/ark:/12148/cb40714577t";"Ptholomayda sive Achon";"1320";"[Venetiis]";"[s.n.]";"1320";"1 flle : ms en noir et bistre ; 20 x 14 cm";"Null";"http://gallica.bnf.fr/ark:/12148/btv1b55004608x"
"http://data.bnf.fr/ark:/12148/cb407501407";"Portulans";"1320";"[S.l.]";"[s.n.]";"1320";"Null";"Null";"Null"
"http://data.bnf.fr/ark:/12148/cb407635063";"Portulans";"1320";"[S.l.]";"[s.n.]";"1320";"Null";"Null";"Null""http://data.bnf.fr/ark:/12148/cb42533565x";"[Atlas de la Méditerranée et des côtes atlantiques de l'Europe]";"1320";"Null";"Null";"Null";"atlas de 8 pl. : ms. col. sur vélin ; 14,3 x 29,2 cm";"Null";"http://gallica.bnf.fr/ark:/12148/btv1b550070918"
"http://data.bnf.fr/ark:/12148/cb33764894k";"Bulle... accordée au Roy Philippe V dit le Long sur l'establissement d'une cure personnelle pour les serviteurs et domestiques de la saincte Chapelle. Personam tuam...";"1320";"[S. l. n. d.]";"Null";"1320";"Null";"Null";"Null"
"http://data.bnf.fr/ark:/12148/cb338099642";"Ordonnance portant que les baillis et séneschaux compteront des profits et émolumens des eaux et étangs, et qu'il y aura des maistres de maçonnerie et de charpenterie establis par la Chambre (des comptes), en la vicomté de Paris, Champagne, Normandie et Languedoc";"1320";"(S. l. n. d.)";"Null";"1320";"In-4°, 1 p.";"Null";"Null"
"http://data.bnf.fr/ark:/12148/cb33809963q";"Ordonnance pour les receveurs en chacune baillie";"1320";"(S. l. n. d.)";"Null";"1320";"In-4°, 4 p.";"Null";"Null"
"http://data.bnf.fr/ark:/12148/cb33809962c";"Ordonnance concernant la Chambre des comptes";"1320";"(S. l. n. d.)";"Null";"1320";"In-4°, 6 p.";"Null";"Null"
"http://data.bnf.fr/ark:/12148/cb33809965d";"Ordonnance touchant le service qui doit estre rendu au Roy par les officiers de la Chambre des comptes";"1320";"(S. l. n. d.)";"Null";"1320";"In-4°, 2 p.";"Null";"Null"
