id;title;date;place;publisher;firstyear;description;subject;gallica
"http://data.bnf.fr/ark:/12148/cb30004502d";"Aegidius Romanus. Regiment dels princeps...";"1480";"Barcelona";"N. Spindeler";"1480";"In-fol. Car. goth.";"Null";"Null"
"http://data.bnf.fr/ark:/12148/cb300075353";"Secreta mulierum ac virorum, ab Alberto Magno composita";"1480";"(Argentorati";"apud H. Knoblochzer.)";"1480";"In-4° . Car. goth. 48 ff. (Pellechet, 370.)";"Null";"Null"
"http://data.bnf.fr/ark:/12148/cb300088413";"Le livre pour la santé du corps garder et de chacun membre, pour soi garder et conserver en santé";"1480";"[Lyon";"Martin Huss";"1480";"[75] f.";"Null";"http://gallica.bnf.fr/ark:/12148/bpt6k111269s"
"http://data.bnf.fr/ark:/12148/cb300094359";"Alexandri Anglici Destructorium vitiorum";"1480";"Köln";"Heinrich Quentell";"1480";"Ill.";"Null";"Null"
"http://data.bnf.fr/ark:/12148/cb30012811x";"Leben und Fabeln";"1480";"(Argentinae";"Null";"1480";"In-fol. (Pellechet, 223.)";"Null";"Null"
"http://data.bnf.fr/ark:/12148/cb30015778n";"Divi Ambrosii de Officiis libri tres. Senecae de quatuor virtutibus libellus";"1480";"(Lovanii";"J. de Westphalia.)";"1480";"In-4° . (Pellechet, 592.)";"Null";"Null"
"http://data.bnf.fr/ark:/12148/cb30019901k";"Scriptum Antonii Andreae super Arte veteri sive Logica Aristotelis";"1480";"Venetiis";"per O. Scotum";"1480";"In-fol. (Pellechet, 631.)";"Null";"Null"
"http://data.bnf.fr/ark:/12148/cb30023078f";"S. Antonini, archiepiscopi Florentini, confessionale, aliter dictum Defecerunt, seu summula confessionis, seu tractatus de instructione simplicium confessorum";"1480";"Venetiis";"impensa Johannis de Colonia et J. Manthen";"1480";"In-4° . (Pellechet, 843.)";"Null";"Null"
"http://data.bnf.fr/ark:/12148/cb30023093b";"S. Antonini confessionale, et S. Joannis Chrysostomi sermo de poenitentia";"1480";"(Esslingae,)";"C. Fyner";"1480";"In-4° . (Pellechet, 835.)";"Null";"Null"
"http://data.bnf.fr/ark:/12148/cb30023094p";"S. Antonini confessionale, et S. Joannis Chrysostomi sermo de poenitentia";"1480";"(Lovanie";"apud Johannem de Westphalia.)";"1480";"In-fol. (Pellechet, 833.)";"Null";"Null"
"http://data.bnf.fr/ark:/12148/cb30027451g";"Ethicorum ad Nicomachum libri X, Joanne Argyrophilo interprete";"1480";"Firenze";"Nicolò di Lorenzo";"1480";"Null";"Null";"Null"
"http://data.bnf.fr/ark:/12148/cb30033510d";"Astesani Summa de casibus conscientiae, a Bartholomeo Bellato et fratre Gometio edita";"1480";"Venezia";"Leonhard Wild pour Nicolaus de Franckfordia";"1480";"In-2";"Null";"Null"
"http://data.bnf.fr/ark:/12148/cb30036199m";"Epistola Rhodiorum suavis et elegans, ad serenissimum principem Fredericum, Romanorum imperatorem, de Rhodie urbis per immanissimos Turcos obsidione (auctore Petro d'Aubusson)";"1480";"(Coloniae";"A. Ter Hoernen";"1480";"In-4° . (Hain-Copinger, 13907.)";"Null";"Null"
"http://data.bnf.fr/ark:/12148/cb300390632";"Transito di sancto Hieronimo...";"1480";"Trevisio";"Null";"1480";"In-4° , car. rom.";"Null";"Null"
"http://data.bnf.fr/ark:/12148/cb30039121d";"Manuale divi Augustini, seu de Salute sive aspiratione animae ad Deum. Psalterium beati Augustini. Septem Psalmi ad laudem gloriose Virginis Mariae. De Virtute Psalmorum";"1480";"(Coloniae";"B. de Unckel";"1480";"In-4° . (Pellechet, 1530.)";"Null";"Null"
"http://data.bnf.fr/ark:/12148/cb30039194m";"Opus quaestionum in Heptateuchum divi Aurelii Augustini, cum praefatione Jodoci Badii";"1480";"Lugduni";"opera et impensis J. Trechsel";"1480";"In-fol. (Pellechet, 1480.)";"Null";"Null"
"http://data.bnf.fr/ark:/12148/cb30039308r";"Divi Aurelii Augustini de Sancta virginitate";"1480";"[Köln";"imprimeur d'Augustinus, De Virginitate, GW 2931 (= Nicolaus Goetz ?)";"1480";"Null";"Null";"Null"
"http://data.bnf.fr/ark:/12148/cb300391202";"Aurelii Augustini Logica";"1480";"Florentiae";"apud Sanctum Jacobum de Ripoli";"1480";"In-4° . (Pellechet, 1593.)";"Null";"Null"
"http://data.bnf.fr/ark:/12148/cb30041902m";"Fabeln";"1480";"(Argentinae";"Null";"1480";"In-fol. (Pellechet, 223.)";"Null";"Null"
"http://data.bnf.fr/ark:/12148/cb30062200n";"De Proprietatibus rerum fratris Bartholomaei Anglici, de Ordine Fratrum minorum";"1480";"[Lyon]";"Nicolaus Philippi et Marcus Reinhart";"1480";"In-fol. (Pellechet, 1867.)";"Null";"Null"
"http://data.bnf.fr/ark:/12148/cb30089991t";"Tractatus S. Bernardi de Planctu beatae Mariae";"1480";"(S. l.)";"Null";"1480";"In-4° . (Pellechet, 2149.)";"Null";"Null"
"http://data.bnf.fr/ark:/12148/cb30116864n";"Johannis Bochacii ad Flametam, Panphili amatricem, libellus materno sermone aeditus";"1480";"[Napoli";"Francesco del Tuppo]";"1480";"Null";"Null";"Null"
"http://data.bnf.fr/ark:/12148/cb301182901";"Boetii de consolatione philosophiae, cum commento sancti Thome";"1480";"[Genève";"Jean Croquet";"1480";"Null";"Null";"Null"
"http://data.bnf.fr/ark:/12148/cb30116938c";"Nimfale fiesolano, composto per Giovanni Boccaccio";"1480";"[Firenze ?";"Bartolomeo de’ Libri ?";"1480";"Null";"Null";"Null"
"http://data.bnf.fr/ark:/12148/cb30123779w";"De Preparatione evangelica opus per Georgium Trapezuntum e graeco in latinum versum";"1480";"Tarvisii";"Null";"1480";"In-fol. (Hain-Copinger *6702.)";"Null";"Null"
"http://data.bnf.fr/ark:/12148/cb301254217";"Les méditacions du glorieux saint Bonaventure sur le Salve regina";"1480";"[Paris]";"[M. Le Noir]";"1480";"[14 p.]";"Null";"http://gallica.bnf.fr/ark:/12148/bpt6k110646x"
"http://data.bnf.fr/ark:/12148/cb301364988";"Casus longi super quinque libros Decretalium, a domino Bernardo (Bottoni), earumdem precipuo glossatore, utiliter compilati";"1480";"[Basel";"Michael Wenssler";"1480";"Null";"Null";"Null"
"http://data.bnf.fr/ark:/12148/cb301763902";"Vita et fabulae, graece et latine";"1480";"Mediolani";"Null";"1480";"In-4° . (Hain, *265.)";"Null";"Null"
"http://data.bnf.fr/ark:/12148/cb301763875";"Lexicon graeco-latinum...";"1480";"[Milano]";"Buono Accorsi";"1480";"In-8";"Null";"Null"
"http://data.bnf.fr/ark:/12148/cb301763964";"Elegantiarum compendium";"1480";"Rome";"Null";"1480";"In-4° . (Hain, 64.)";"Null";"Null"
"http://data.bnf.fr/ark:/12148/cb30178416d";"Scriptum excellentissimi doctoris magistri Galteri Burlei super libro Posteriorum Aristotelis...";"1480";"(Coloniae,";"Null";"1480";"In-fol. (Hain-Copinger, 4134.)";"Null";"Null"
"http://data.bnf.fr/ark:/12148/cb301931848";"Regimen contra pestilentiam, auctore Canuto, episcopo Arusiensi";"1480";"[Paris";"Ulrich Gering";"1480";"8 ff. signés a8";"Null";"Null"
"http://data.bnf.fr/ark:/12148/cb30194993p";"Roberti Caraccioli De licio opus quadragesimale quod de penitentia dictum est";"1480";"(Basileae";"C. Ruppel.)";"1480";"In-fol. (Hain, *4419.)";"Null";"Null"
"http://data.bnf.fr/ark:/12148/cb30195003n";"Quadragesimale di Frate Ruberto (Caraccioli)";"1480";"Firenze";"per Nicolo della Magna";"1480";"In-4° . (Hain, *4448.)";"Null";"Null"
"http://data.bnf.fr/ark:/12148/cb30208715m";"Trattato contra il peccato della lingua, ovvero il Pungilingua, di D. Cavalca";"1480";"(Florentiae";"N. della Magna";"1480";"In-4° . (Pellechet, 3444.)";"Null";"Null"
"http://data.bnf.fr/ark:/12148/cb30213391m";"Caesaris Commentarii de bello Gallico et de bello civili. Auli Hirtii libri de bello Alexandrino, de bello Africo et de bello Hispaniensi. Index commentariorum a Raimundo Marliano inventum. Edente Hieronymo Bononio";"1480";"Tarvisii";"Null";"1480";"In-fol. (Pellechet, 3144.)";"Null";"Null"
"http://data.bnf.fr/ark:/12148/cb302160816";"Bartholomaei de Chaimis Interrogatorium, sive Confessionale";"1480";"(S. l.)";"Null";"1480";"In-4° . (Pellechet, 1863.)";"Null";"Null"
"http://data.bnf.fr/ark:/12148/cb30242973q";"M. T. Ciceronis Epistolae ad familiares, cum Hubertini clerici Crescentinatis commento";"1480";"Venetiis";"Null";"1480";"In-fol. (Pellechet, 3609.)";"Null";"Null"
"http://data.bnf.fr/ark:/12148/cb30242972c";"M. T. Ciceronis Epistolae ad familiares";"1480";"Venetiis";"per Philippum Petri";"1480";"In-fol. (Pellechet, 3605.)";"Null";"Null"
"http://data.bnf.fr/ark:/12148/cb302431116";"M. T. Ciceronis de Finibus bonorum et malorum libri V";"1480";"Venezia";"Filippo di Pietro";"1480";"Null";"Null";"Null"
"http://data.bnf.fr/ark:/12148/cb30244595d";"Marci Tullii Ciceronis Tusculanarum quaestionum libri V";"1480";"Venetiis";"per Philippum quondam Petri";"1480";"In-fol. (Pellechet, 3779.)";"Null";"Null"
"http://data.bnf.fr/ark:/12148/cb30243230r";"M. Tullii Ciceronis de Officiis libri, Paradoxa, de Amicitia et de Senectute dialogi, Somnium Scipionis, de Essentia mundi liber. Accedunt XII Sapientum versus";"1480";"Venetiis";"per Philippum quondam Petri";"1480";"In-fol. (Pellechet, 3738.)";"Null";"Null"
"http://data.bnf.fr/ark:/12148/cb302434518";"M. T. Ciceronis Orationes";"1480";"Venetiis";"impressae per N. de Girardengis";"1480";"In-fol. (Pellechet, 3691.)";"Null";"Null"
"http://data.bnf.fr/ark:/12148/cb302860224";"Opus ruralium commodorum, auctore Petro de Crescentiis";"1480";"Lovanii";"Null";"1480";"In-fol. (Hain-Copinger, 5827.)";"Null";"Null"
"http://data.bnf.fr/ark:/12148/cb30286376w";"Johannis Crastoni Lexicon graeco-latinum, a Bono Accursio editum";"1480";"(Mediolani";"Null";"1480";"In-fol. (Hain-Copinger, *5812.)";"Null";"Null"
"http://data.bnf.fr/ark:/12148/cb303244518";"De Origine urbis Romae libri undecim [Lapo Birago interprete]";"1480";"Tarvisii";"Null";"1480";"In-fol. (Pellechet, 4300 A-B. Hain-Copinger, *6239.)";"Null";"Null"
"http://data.bnf.fr/ark:/12148/cb30324390w";"Speculum amatorum mundi, auctore Dionysio Carthusiano";"1480";"[Lyon";"Martin Huss";"1480";"Car. goth. sans signatures ni foliotation";"Null";"Null"
"http://data.bnf.fr/ark:/12148/cb30324392k";"Speculum aureum animae peccatricis, auctore Dionysio Carthusiano";"1480";"Paris";"Ulrich Gering et Guillaume Maynial";"1480";"Null";"Null";"Null"
"http://data.bnf.fr/ark:/12148/cb303438208";"Incomincia el libro de la vita de' philosophi et delle loro elegantissime sententie, extracto da D. Lahertio et da altri antiquissimi auctori";"1480";"Venetiis";"per Bernardinum Celerium de Luere";"1480";"In-4° . (Pellechet, 4280.)";"Null";"Null"
"http://data.bnf.fr/ark:/12148/cb30377629d";"Liber Johannis Duns Scoti modorum significandi";"1480";"Sancti Albani";"Null";"1480";"In-4° , car. goth. (Pellechet, 269.)";"Null";"Null"
"http://data.bnf.fr/ark:/12148/cb303848074";"Guilelmi Durandi Rationale divinorum officiorum";"1480";"Vicenza";"Hermann Liechtenstein";"1480";"Null";"Null";"Null"
"http://data.bnf.fr/ark:/12148/cb30384806s";"Guilelmi Durandi Rationale divinorum officiorum";"1480";"Nürnberg";"Anton Koberger";"1480";"Null";"Null";"Null"
"http://data.bnf.fr/ark:/12148/cb304053870";"Andreae de Escobar Modus confitendi";"1480";"[Köln";"Arnold Therhoernen";"1480";"Null";"Null";"Null"
"http://data.bnf.fr/ark:/12148/cb30405914f";"Vita Aesopi latina per Rynucium facta. @ . Eaedem latine. Edidit Bonus Accursius";"1480";"(Mediolani";"Null";"1480";"3 part. en 1 vol. in-4° . (Pellechet, 185.)";"Null";"Null"
"http://data.bnf.fr/ark:/12148/cb304060444";"Vita et fabulae Esopi per Rimicium latinae factae";"1480";"Mediolani";"per G. de Cantono";"1480";"[ca 110] p.";"http://data.bnf.fr/ark:/12148/cb11976232x";"http://gallica.bnf.fr/ark:/12148/bpt6k70103q"
"http://data.bnf.fr/ark:/12148/cb30406043s";"Vita et fabulae Esopi per Rimicium latinae factae";"1480";"Mediolani";"ad impensas P. Lavagniae";"1480";"In-8° . (Pellechet, 207.)";"Null";"Null"
"http://data.bnf.fr/ark:/12148/cb30406057g";"Aesopus moralisatus, cum bono commento, quod incipit : Grecia, disciplinarum mater";"1480";"[Köln";"Johann Guldenschaff";"1480";"Null";"Null";"Null"
"http://data.bnf.fr/ark:/12148/cb304105370";"[Eusebii Caesariensis de Praeparatione evangelica e graeco in latinum a Georgio Trapezuntio traducta. Hieronymus Bononius curavit.]";"1480";"Tarvisii";"M. Manzolo";"1480";"In-fol. (Pellechet, 4644.)";"Null";"Null"
"http://data.bnf.fr/ark:/12148/cb30411902p";"Margarita poetica... per... Albertus de Eyb,...";"1480";"[Roma";"Stephan Planck]";"1480";"[256] ff. non signés [a]12, [b-x]8, [y-z]6, [A-I]8, le f. [b]1 blanc";"Null";"Null"
"http://data.bnf.fr/ark:/12148/cb30434902t";"Stephani Flisci,... Variationes sententiarum, seu Synonyma, latine et belgice";"1480";"Zwollis";"per P. Os de Breda";"1480";"In-4° . (Pellechet, 4827.)";"Null";"Null"
"http://data.bnf.fr/ark:/12148/cb304349004";"Stephani Flisci Variationes sententiarum, seu Synonyma, latine et germanice";"1480";"[Strasbourg]";"[Heinrich Knoblochtzer]";"1480";"In-4";"Null";"Null"
"http://data.bnf.fr/ark:/12148/cb30435543j";"Fabulae Francisci Philelphi";"1480";"[Pavia";"Antonio Carcano]";"1480";"[48] p. en trois cahiers non signés [a-c]8";"Null";"http://gallica.bnf.fr/ark:/12148/bpt6k703425"
"http://data.bnf.fr/ark:/12148/cb30459416r";"Quodlibetum R. P. M. Francisci de veritate fraternitatis rosarii seu psalterii B. Mariae Virginis";"1480";"Coloniae";"Null";"1480";"In-4° . (Pellechet, 4919.)";"Null";"Null"
"http://data.bnf.fr/ark:/12148/cb304594142";"Determinatio de tempore adventus Antichristi, auctore P. M. Francisci";"1480";"(Coloniae";"Null";"1480";"In-4° . (Pellechet, 4916.)";"Null";"Null"
"http://data.bnf.fr/ark:/12148/cb30473537z";"Theorica musicae, auctore F. Gafurio";"1480";"Napoli";"Francesco di Dino";"1480";"[116] feuillets";"Null";"Null"
"http://data.bnf.fr/ark:/12148/cb304787518";"Lectura super titulo de actionibus institutionum. [Auctore Angelo de Gambiglionibus aretino.]";"1480";"Toulouse";"[Johann Parix]";"1480";"Null";"Null";"Null"
"http://data.bnf.fr/ark:/12148/cb30498774b";"Cordiale de quattuor novissimis [a Gerardo de Vliederhoven]";"1480";"[Köln]";"Bartholomaeus von Unckel";"1480";"68 ff. signés a-f8, g-h6, i8, le premier et le dernier blancs";"Null";"Null"
"http://data.bnf.fr/ark:/12148/cb30501451g";"Conclusiones Johannis Gerson de diversis materiis moralibus, sive de regulis mandatorum. Opusculum tripartitum de praeceptis Decalogi, de confessione, de arte moriendi";"1480";"[Köln";"Bartholomaeus von Unkel";"1480";"[72] ff. signé a-j8";"Null";"Null"
"http://data.bnf.fr/ark:/12148/cb30501646f";"Johannis Gerson de Vita, aegritudine et morte animae spirituali lectiones sex";"1480";"Gouda";"Gerard Leeu";"1480";"[132] ff. signés a-p8, qr-6, le premier et le dernier ff. blancs";"Null";"Null"
"http://data.bnf.fr/ark:/12148/cb30516062f";"Scala coeli [auctore Johanne Gobio, juniore]";"1480";"Ulm";"Johannes Zainer";"1480";"[168] non signés [a-x]8";"Null";"Null"
"http://data.bnf.fr/ark:/12148/cb30538077c";"S. Gregorii Magni Moralia in Job";"1480";"Venezia";"Reynaldus de Novimagio";"1480";"[348] ff. signés a-b8, c10, d8, δ10, e-h10, i8, k10, l-q8, ρ10, r-v10, u10, x-z10, τ8, c (renversé)10, R10, A8, B10, C8, D-G10, H8, I6, les ff. b8, c1 et I6 blancs";"Null";"Null"
"http://data.bnf.fr/ark:/12148/cb305380928";"Libri pastoralis beati Gregorii papae ...";"1480";"[Zwolle";"imprimeur du Vocabularius ex quo (C 6324) (Johannes de Vollenhoe ?)]";"1480";"[120] ff. signés a-p8, le dernier blanc";"Null";"Null"
"http://data.bnf.fr/ark:/12148/cb30548862r";"Ars diphthongandi Guarini Veronensis. Item compendiosus dialogus de arte punctandi [auctore Johanne de Lapide]. Item tractatus utilis de accentu. Item breviloquus vocabularius [auctore J. Reuchlin]";"1480";"Basileae";"(J. de Amerbach)";"1480";"In-fol. (Copinger, 6286.)";"Null";"Null"
"http://data.bnf.fr/ark:/12148/cb305553009";"Historia destructionis Troiae, per Guidonem de Columna";"1480";"(Lovanii";"J. de Westphalia.)";"1480";"In-4° , (Pellechet, 3868.)";"Null";"Null"
"http://data.bnf.fr/ark:/12148/cb30555304p";"Historia destructionis Troiae, per Guidonem de Columna";"1480";"[Genève]";"[Jean Croquet]";"1480";"Null";"Null";"Null"
"http://data.bnf.fr/ark:/12148/cb30555327b";"Manipulus curatorum Guidonis de Monte Rocherio";"1480";"[Lyon,]";"Nicolaus Philippi et Marcus Reinhart";"1480";"[138] ff. non signés [a-p8, q10, r8], le premier et les deux derniers blancs";"Null";"Null"
"http://data.bnf.fr/ark:/12148/cb30555318c";"Manipulus curatorum Guidonis de Monte Rocherio. - Jacobus de Fusignano. De Arte praedicandi. – Ars moriendi « Cum de praesentis exilii… ». – Canones poenitentiales.";"1480";"Köln";"[Johann Guldenschaff";"1480";"[122] ff. signés a-o8, p6, q4";"Null";"Null"
"http://data.bnf.fr/ark:/12148/cb30555319q";"Manipulus curatorum Guidonis de Monte Rocherio. - Jacobus de Fusignano. De Arte praedicandi. – Ars moriendi « Cum de praesentis exilii… ». – Canones poenitentiales";"1480";"Köln";"Heinrich Quentell";"1480";"[136] ff. signés a-m10, n-o8";"Null";"Null"
"http://data.bnf.fr/ark:/12148/cb30557492j";"Fol. 2 r° : [V]itam bonam et exitum beatum. Ego frater Gwillermus, sacre theologie professor minimus Parisius...  - A la fin : Explicit Postilla super evangelia dominicalia et super evangelia de sanctis... Impressum delf anno domini .m.cccc.lxxx. xxvi. dies septembris";"1480";"Delft";"[Jacob Jacobszoon Van der Meer]";"1480";"[208] ff. signés A8, a-r8, τ8, ſ8, s-v8, u-y8, le premier et le dernier blancs";"Null";"Null"
"http://data.bnf.fr/ark:/12148/cb30557509f";"Fol. a2 r° : Vitam bonam et exitum beatum. Ego frater Guilhermus, sacre theologie professor minimus Parisius... - A la fin : Postilla super Epistolis et Evangeliis... collecta feliciter explicit Gebennis per... Johannem Croquet...";"1480";"Genève";"Jean Croquet";"1480";"[166] ff. signés a-v8, x6, le premier et le dernier blancs";"Null";"Null"
"http://data.bnf.fr/ark:/12148/cb36813025v";"(Commt.) : Hier beghinnen alle de Epistelen eñ Ewan//gelien mitten sermonẽ...";"1480";"Hasselt";"Null";"1480";"In-8 °";"Null";"Null"
"http://data.bnf.fr/ark:/12148/cb368170145";"[Heures de Rouen. Edition commençant par ces deux premières lignes du calendrier : Pocula Janus habet // Jannier (sic) ha XXXI jours. Le calendrier est essentiellement rouennais, et contient au 1er octobre cette mention : Dedicatio ecclesie Rothomagensis.]";"1480";"[Paris ou Rouen";"imprimeur du Breviarium Rothomagense (GW 5437)";"1480";"80 feuillets. Caractères gothiques. Sans aucune gravure";"Null";"Null"
"http://data.bnf.fr/ark:/12148/cb305981516";"Sermones Discipuli de tempore et de sanctis, cum Promptuario exemplorum et Promptuario de miraculis b. Mariae Virginis";"1480";"Nürnberg";"Aanton Koberger";"1480";"Null";"Null";"Null"
"http://data.bnf.fr/ark:/12148/cb305981698";"Sermones Discipuli super Epistolas dominicales elegantissimi per tocius anni circulum, collecti ex sermonibus Wilhelmi Lugdunensis et ex dictis sancti Thomae et dictis Johannis Nider et aliorum doctorum...";"1480";"(Coloniae";"(H. Quentell.)";"1480";"In-fol. (Voulliéme, 562.)";"Null";"Null"
"http://data.bnf.fr/ark:/12148/cb306171655";"Horatii Epistolae";"1480";"Cadomi";"Jacobum Durandas et Egidium Quijoue";"1480";"[80] p.";"Null";"http://gallica.bnf.fr/ark:/12148/bpt6k70251v"
"http://data.bnf.fr/ark:/12148/cb30626380k";"Compendium theologicae veritatis";"1480";"Ulm";"Johann Zainer";"1480";"Null";"Null";"Null"
"http://data.bnf.fr/ark:/12148/cb30635268d";"Liber Lotharii de vilitate conditionis humanae. - De Proprietatibus Romanorum";"1480";"Paris";"[Pasquier Bonhomme]";"1480";"Null";"Null";"Null"
"http://data.bnf.fr/ark:/12148/cb30636631d";"La Cronica de sancto Isidoro Menore, con alchune additione cavate del texto et historie de la Bibia e del libro de Paulo Orosio e de le passione de li sancti";"1480";"Cividal de Friuli";"Null";"1480";"In-4° . (Hain-Copinger, *9308.)";"Null";"Null"
"http://data.bnf.fr/ark:/12148/cb30636690x";"Soliloquia. - Au fol. 1 : Incipit prologus in libro Soliloquiorum Ysidori, episcopi palatinensis urbis. - A la fin : Explicit liber Soliloquiorum beati Ysidori episcopi. Deo gratias, amen";"1480";"(Albi";"Null";"1480";"In-fol., 26 ff., 2 col., rubriques, initiales peintes";"Null";"Null"
"http://data.bnf.fr/ark:/12148/cb30650054c";"Das Buch genannt Summa confessorum Johannis Friburgensis, von Latein in Teutsch gemacht durch Berthold, Prediger Ordens";"1480";"Augustae Vindelicorum";"A. Sorg";"1480";"In-fol. (Hain-Copinger, *7369.)";"Null";"Null"
"http://data.bnf.fr/ark:/12148/cb306504147";"Joannis de Verdena Sermones dominicales de tempore, cum expositionibus Evangeliorum, Dormi secure nuncupati";"1480";"Coloniae";"per C. Winters de Homborch";"1480";"In-fol. (Voulliéme, 697.)";"Null";"Null"
"http://data.bnf.fr/ark:/12148/cb30652726j";"Van den leven der heiliger vaderen bi sinte Jheronimus";"1480";"Gouda";"G. Leeu";"1480";"In-fol. (Campbell, 937.)";"Null";"Null"
"http://data.bnf.fr/ark:/12148/cb30652568x";"Epistolae et tractatus S. Hieronymi. Theodorus Laelius edidit. Libellus S. Augustini contra quinque hereses. Epistolae Damasi, Epiphanii, Theophili, S. Augustini ad S. Hieronymum. Sermo Petri Pauli Vergerii in laudem S. Hieronymi. Opuscula Rufini circa Origenem. Homiliarum Origenis translatio. Epistola S. Augustini ad S. Cyrillum de laudibus S. Hieronymi. Epistola S. Cyrilli ad S. Augustinum de miraculis S. Hieronymi. Epistola Eusebii de vita et transitu S. Hieronymi";"1480";"Parmae";"A. Portilia";"1480";"2 vol. in-fol. (Hain, *8557.)";"Null";"Null"
"http://data.bnf.fr/ark:/12148/cb30655583j";"Joannis de Sacro Bosco Sphaera mundi. Gerardi Cremonensis Theoretica planetarum. Tractatus de motu octavae sphaerae. G. Purbachii Theoricis novis planetarum";"1480";"Bologna";"Domenico Fusco";"1480";"Null";"Null";"Null"
"http://data.bnf.fr/ark:/12148/cb30660752t";"Flavii Josephi de Bello judaico libri VII et de Antiquitate Judaeorum lib. II in latinum versi [a Rufino Aquileiensi]";"1480";"Veronae";"P. Maufer";"1480";"In-fol. (Hain, 9452.)";"Null";"Null"
"http://data.bnf.fr/ark:/12148/cb306703658";"Dn. Justiniani Institutiones, cum apparatu. - Fol. a1 : blanc. - Fol. a2 : In nominea Domini nostri Jesu Christi. Imperator Cesarb Flaviusc Justinianusd... Institutionum incipite prohemium... - A la fin : Registrum Institutionum justa glosa...";"1480";"[Pinerolo";"Jacques Le Rouge";"1480";"Signé a10, b-g8, gg8, h12, i-k6";"Null";"Null"
"http://data.bnf.fr/ark:/12148/cb306707494";"Junii Juvenalis Satirae, cum commentario Domitii Calderini et ejusdem defensione adversus Brotheum";"1480";"Vicentiae";"per Henricum Liberarium";"1480";"In-fol. (Hain-Copinger, *9690.)";"Null";"Null"
"http://data.bnf.fr/ark:/12148/cb30670968z";"Tutta l'opera di Juvenale, tradotta da Georgio Summaripa";"1480";"Tarvisii";"per M. Manzolinum";"1480";"In-fol. (Hain-Copinger, 9720.)";"Null";"Null"
"http://data.bnf.fr/ark:/12148/cb306916125";"Chronica von Jacobus von Koenigshoven, von allen Kaysern und Künigen die seÿder Christi Gepurdt geregiert haben";"1480";"Augspurg";"getruckt von A. Sorg";"1480";"In-fol., fig. sur bois. (Hain, *9793.)";"Null";"Null"
"http://data.bnf.fr/ark:/12148/cb30733477m";"Fol. a 6, v° : Cy après s'ensuyt et commance le premier chappitre de ce présent tractié intitulé : le Grant Alenfrant... - A la fin : Explicit magnus Alanfrancus, Deo gratias, amen";"1480";"(Vienne en Dauphiné";"Null";"1480";"In-fol. 258 ff. non ch., sign. A-Z, 9, áa, car. goth., à longues lignes, rubrique. (Copinger, 3483.)";"Null";"Null"
"http://data.bnf.fr/ark:/12148/cb30745223t";"... Compendium octo orationis partium et aliorum quorumdam necessariorum, editum a Constantino Lascari... [Bonus Accursius Pisanus edidit, cum interpretatione Johannis (Crastoni), monachi placentini]";"1480";"Milano";"[Buono Accorsi";"1480";"Null";"Null";"Null"
"http://data.bnf.fr/ark:/12148/cb30844628k";"Ludolphi cartusiensis Vita Jesu Christi";"1480";"Null";"Null";"1480";"Sig. a4, A-P";"Null";"Null"
"http://data.bnf.fr/ark:/12148/cb308575465";"Juniani Maii Parthenopeii... de Priscorum proprietate verborum. - A la fin : Impressere Mathias Moravus, impressor solertissimus, et venerabilis monachus Blasius... MCCCCLXXV";"1480";"Tarvisii";"B. Confalonerius Brixiensis";"1480";"In-fol., lettres peintes. (Hain, 10541.)";"Null";"Null"
"http://data.bnf.fr/ark:/12148/cb30870681p";"Tractato de le più maravegliose cosse e più notabile, che si trovano in le parte del mondo dal strenuissimo cavaler speron d'oro Johanne da Mandavilla";"1480";"Mediolani";"P. de Coruino";"1480";"In-4° . (Hain-Copinger, 10652.)";"Null";"Null"
"http://data.bnf.fr/ark:/12148/cb30892918n";"Marci Valerii Martialis Epigrammatum libri XV";"1480";"(Lovanii";"apud J. de Westphalia";"1480";"In-4° . (Hain-Copinger, 10807.)";"Null";"Null"
"http://data.bnf.fr/ark:/12148/cb393031097";"Epistola ad Rabbi Isaac contra Judaeorum errores. Trad. Alphonsus Bonihominis";"1480";"[Roma]";"[imprimeur de la Bulle de Sixte IV (H 14811)]";"1480";"[20] ff. ; in-4 °";"Null";"Null"
"http://data.bnf.fr/ark:/12148/cb39304827b";"[Petri de Aquila...Quaestiones super libros Sententiarum]";"1480";"[Speyer]";"Peter Drach";"1480";"Null";"Null";"Null"
"http://data.bnf.fr/ark:/12148/cb393054411";"Guidonis de Monte Rocherii Liber, manipulus curatorum vulgariter dictus";"1480";"Parisiis";"per Udalricum Gering et G. Maynial";"1480";"Null";"Null";"Null"
"http://data.bnf.fr/ark:/12148/cb309075229";"Sermones aurei de sanctis, fratris Leonardi de Utino, sacre theologie doctoris, ordinis Predicatorum";"1480";"Vincentie";"per S. Koblinger de Vienna";"1480";"(Hain-Copinger, *16136.)";"Null";"Null"
"http://data.bnf.fr/ark:/12148/cb39310283d";"[Tractatus Summularum]";"1480";"(S. l. n. d.)";"Null";"1480";"In-4 °";"Null";"http://gallica.bnf.fr/ark:/12148/btv1b8623282k"
"http://data.bnf.fr/ark:/12148/cb393113232";"De liberis educandis. Trad. Guarinus Veronensis";"1480";"[Italie du Nord, circa 1480]";"Null";"1480";"In 4 °";"Null";"http://gallica.bnf.fr/ark:/12148/btv1b8623253v"
"http://data.bnf.fr/ark:/12148/cb39326068m";"Nicolai Perotti Rudimenta grammatices";"1480";"Venetiis";"arte Petri Piasii Cremonensis, Bertholomei Blavii Alexandrini & Andreae Toresani de Asola";"1480";"In-4 °";"Null";"Null"
"http://data.bnf.fr/ark:/12148/cb39361400q";"Dionysii Halicarnassei Originum sive Antiquitatum romanarum Libri X";"1480";"Tarvisii";"per Bernardinum Cel. de Luere B. ";"1480";"2 vol. in-fol.";"Null";"Null"
"http://data.bnf.fr/ark:/12148/cb309260254";"Menghi Faventini viri clarissimi in Pauli Veneti logicam commentum, cum questionibus quibusdam...";"1480";"Impressum Venetis";"per Antonium de Strata de Cremona et Marcum Catanellum Bergomensem socios";"1480";"In-4° . (Copinger, 1064.)";"Null";"Null"
"http://data.bnf.fr/ark:/12148/cb30980060f";"Libri VI de chirurgia...";"1480";"Venetiis";"Null";"1480";"In-fol.";"Null";"Null"
"http://data.bnf.fr/ark:/12148/cb31002957f";"Ad beatissimum papam Sixtum et reges ac senatus christianos de futuris Christianorum triumphis in Saracenos, epistola magistri Joannis Viterbiensis...";"1480";"Genuae";"Null";"1480";"In-8° . (Hain, 1126.)";"Null";"Null"
"http://data.bnf.fr/ark:/12148/cb310160783";"Tabula in postillas Nicolai de Lyra super libros Veteris ac Novi Testamenti, per Petrum Mollenbecke";"1480";"Coloniae";"Null";"1480";"In-fol. (Hain-Copinger, *11541. Voullième, 824.)";"Null";"Null"
"http://data.bnf.fr/ark:/12148/cb310160574";"Postillae Nicolai de Lyra super Psalterium, cum Pauli burgensis additionibus et Matthaei Doringk replicis";"1480";"(Mantuae";"apud P. Johannis de Putzbach";"1480";"In-fol., initiales rubriquées, table et notes mss. (Hain, 10376.)";"Null";"Null"
"http://data.bnf.fr/ark:/12148/cb31016134r";"Dialogus creaturarum, moralisatus, jucundus, fabulis plenus";"1480";"Goudae";"G. Leeu";"1480";"206 p.";"Null";"http://gallica.bnf.fr/ark:/12148/bpt6k70532d"
"http://data.bnf.fr/ark:/12148/cb31016073c";"Postillae Nicolai de Lyra super Actus Apostolorum, Epistolas canonicales et Apocalypsin";"1480";"Mantuae";"per P. Johannis de Putzbach";"1480";"In-fol., initiales rubriquées et notes mss. (Hain-Copinger, 10395.)";"Null";"Null"
"http://data.bnf.fr/ark:/12148/cb31017283g";"Johannis Nider Sermones totius anni de tempore et de sanctis cum quadragesimali";"1480";"Coloniae";"C. de Homborch";"1480";"In-fol. (Hain-Copinger, *11804 ; Voullième, 861.)";"Null";"Null"
"http://data.bnf.fr/ark:/12148/cb31017257x";"Manuale confessorum Johannis Nyder";"1480";"(Coloniae.)";"Null";"1480";"In-4° . (Voullième, 854.)";"Null";"Null"
"http://data.bnf.fr/ark:/12148/cb31017230w";"Johannis Nyder Formicarius";"1480";"(Coloniae";"Johannes Guldenschaiff";"1480";"In-fol. (Hain-Copinger, *11830 ; Voullième, 849.)";"Null";"Null"
"http://data.bnf.fr/ark:/12148/cb310172468";"Tractatus de morali lepra Johannis Nyder";"1480";"(Coloniae";"B. de Unckel.)";"1480";"In-4° . (Hain-Copinger, *11815 ; Voullième, 868.)";"Null";"Null"
"http://data.bnf.fr/ark:/12148/cb31018689w";"[Francisci Nigri Grammatica.]";"1480";"Venetiis";"Null";"1480";"In-4° . (Hain-Copinger, *11858.)";"Null";"Null"
"http://data.bnf.fr/ark:/12148/cb31023952c";"Nonii Marcelli... Compendiosa doctrina... de proprietate sermonum";"1480";"Parmae";"Null";"1480";"In-fol. (Hain-Copinger, 11903.)";"Null";"Null"
"http://data.bnf.fr/ark:/12148/cb31040669z";"Pauli Orosii. Historiarum adversus paganos libri VII";"1480";"Vicentiae";"Null";"1480";"In-fol. (Hain, *12099.)";"Null";"Null"
"http://data.bnf.fr/ark:/12148/cb310406705";"Pauli Orosii. Historiarum adversus paganos libri VII";"1480";"(Venetiis.)";"Null";"1480";"In-fol. (Hain-Copinger, *12100.)";"Null";"Null"
"http://data.bnf.fr/ark:/12148/cb310462261";"[Publii Ovidii Nasonis Opera.]";"1480";"(Bononiae";"impr. B. de Azzoguidis";"1480";"2 vol. in-fol. (Hain-Copinger, 12142.)";"Null";"Null"
"http://data.bnf.fr/ark:/12148/cb31046225p";"[Publii Ovidii Nasonis Opera, edentibus Bono Accursio pisano et B. Celsano.]";"1480";"(Vicentiae";"impr. H. Lichtenstein";"1480";"2 tomes en 1 vol. in-fol. (Hain-Copinger, *12141.)";"Null";"Null"
"http://data.bnf.fr/ark:/12148/cb40278085d";"Face du portail et du clocher de la Ste Chapelle de Paris [projet non exécuté] : [dessin]";"1480";"Null";"Null";"1480";"1 dess. : plume et encre de Chine sur parchemin ; 131 x 34,6 cm";"http://data.bnf.fr/ark:/12148/cb11952100n";"Null"
"http://data.bnf.fr/ark:/12148/cb40281835k";"Portraits de Charles VII de France et de Ladislas V de Hongrie : [dessin]";"1480";"Null";"Null";"1480";"1 dess. : gouache sur vélin avec rehauts de dorure ; 219 x 153 mm";"Null";"Null"
"http://data.bnf.fr/ark:/12148/cb310465992";"[Publii Ovidii Nasonis Metamorphoses, edente Domitio Calderino.]";"1480";"(Parmae";"(impr. opera et impensa A. Portiliae";"1480";"In-fol. (Hain, *12160.)";"Null";"Null"
"http://data.bnf.fr/ark:/12148/cb31046600f";"[Publii Ovidii Nasonis Metamorphoses.]";"1480";"(Pinerolii";"impr. J. de Rubeis";"1480";"In-fol. (Hain-Reichling, 12161.)";"Null";"Null"
"http://data.bnf.fr/ark:/12148/cb31064405j";"Summa vocor... Orlandini Rudulphini bononiensis... in Summa artis notariae praefatio. - Fol. 101 r° : Summae domini Orlandini Passagerii de Bononia... in arte notariae, opus utilimum... impressum... per magistrum Gabrielem, q. P. Tarvisinum Tusculani assurgentis lacus Benaci... Kalendis Februarii M.CCCC.LXXX...";"1480";"(Tusculani";"Null";"1480";"In-fol. (Hain-Copinger, 12084.)";"Null";"Null"
"http://data.bnf.fr/ark:/12148/cb31072169p";"Prospectiva communis Johannis archiepiscopi cantuariensis";"1480";"Mediolani";"Null";"1480";"In-fol., notes mss. (Hain, *9425.)";"Null";"Null"
"http://data.bnf.fr/ark:/12148/cb31083648j";"Nicolai Perotti Rudimenta grammatices";"1480";"Neapoli";"per Franciscum Florentinum";"1480";"In-4° . (Hain, 12664.)";"Null";"Null"
"http://data.bnf.fr/ark:/12148/cb406138599";"Geographia";"1480";"Firenze";"Nicolo Todescho";"1480";"1 atlas : 126 ff., cartes ; in-fol.";"Null";"http://gallica.bnf.fr/ark:/12148/btv1b55007623j"
"http://data.bnf.fr/ark:/12148/cb31107299t";"Epistola Ene Silvii sive, Pii pape secundi, de amoris remedio";"1480";"[Köln";"Konrad Winters";"1480";"Null";"Null";"Null"
"http://data.bnf.fr/ark:/12148/cb311072436";"Epistolarium secularium Enee Silvii Picholominei liber";"1480";"[Köln";"Arnold Therhoernen";"1480";"Null";"Null";"Null"
"http://data.bnf.fr/ark:/12148/cb31108952b";"Concordantie conclusionum per Petrum de Bergomo in quibus sanctus Thomas de Aquino videtur sibimet contradicere";"1480";"Colonie";"Null";"1480";"In-fol. (Pellechet, 2077.)";"Null";"Null"
"http://data.bnf.fr/ark:/12148/cb311214411";"Platyne de Honesta voluptate et valitudine...";"1480";"(Friuli.)";"Null";"1480";"In-4° , (Hain, *13052)";"Null";"Null"
"http://data.bnf.fr/ark:/12148/cb31121027c";"Vita Aesopilatina per Rynucium facta. @ . Eaedem latine. Edidit Bonus Accursius";"1480";"(Mediolani";"Null";"1480";"3 part. en 1 vol. in-4° . (Pellechet, 185.)";"Null";"Null"
"http://data.bnf.fr/ark:/12148/cb31123487t";"[Caii Plinii Secundi Historiae naturalis libri XXXVII, ex emendatione P. Beroaldi.]";"1480";"Parmae";"Null";"1480";"In-fol. (Hain-Copinger, 13093.)";"Null";"Null"
"http://data.bnf.fr/ark:/12148/cb31126881k";"Epistola Poggi de morte Hieronimi ad Leonardum Aretinum. - Fol. 4 : Incipit historia de Sigismunda unica Tancredi et Guiscardo adolescente quem unice adamavit, ab Aretino exquisitissimo oratore e greco in latinum traducta...";"1480";"[Rostock";"Frères de la Vie Commune";"1480";"[8] ff.";"Null";"Null"
"http://data.bnf.fr/ark:/12148/cb311268462";"Poggii florentini... Facetiarum liber...";"1480";"[Lyon";"Nicolaus Philippi et Marcus Reinhart";"1480";"Null";"Null";"Null"
"http://data.bnf.fr/ark:/12148/cb409175051";"[Cartons moulés d'un jeu de cartes au portrait de Lyon] : [estampe]";"1480";"Lyon";"Jean de Dale";"1480";"9 planches : gravure sur bois ; formats divers";"Null";"http://gallica.bnf.fr/ark:/12148/btv1b10524950h"
"http://data.bnf.fr/ark:/12148/cb31157347w";"Ars memorativa J. Publicii incipit feliciter";"1480";"(Coloniae";"Null";"1480";"In-8° . (Voullième, 992.)";"Null";"Null"
"http://data.bnf.fr/ark:/12148/cb31165820z";"M. F. Quintiliani Declamationes";"1480";"(Lovanii";"Null";"1480";"In-4° . (Campbell, 1467.)";"Null";"Null"
"http://data.bnf.fr/ark:/12148/cb31175511c";"[Aurea biblia, seu Repertorium aureum Bibliorum, auctore Antonio Rampegollis.]";"1480";"(S. l.";"Null";"1480";"In-fol. (Hain-Copinger, *13677.)";"Null";"Null"
"http://data.bnf.fr/ark:/12148/cb312378816";"Fasciculus temporum, inhoudende die cronijcken van anden tijden";"1480";"Utrecht";"J. Veldener";"1480";"In-fol., 8 ff. n. ch., 338 ff. ch., sans sign. ni récl., car. goth., fig., bordures, lettrines, armoiries, marque de J. Veldener au verso du 1er feuillet et à la fin. (Polain, Begl., 3379.)";"Null";"Null"
"http://data.bnf.fr/ark:/12148/cb31237857b";"Fasciculus temporum [auctore W. Rolevinck]";"1480";"Venetiis";"Null";"1480";"In-fol., 8 ff. non ch., 68 ff. ch., car. goth., fig., lettrines. (Polain, Belg. 3371.)";"Null";"Null"
"http://data.bnf.fr/ark:/12148/cb312378560";"Fasciculus temporum [auctore W. Rolevinck]";"1480";"Coloniae";"per H. Quentel";"1480";"In-fol., 72 ff. non ch., sign. a-i, fig. (Voullième, 1031.)";"Null";"Null"
"http://data.bnf.fr/ark:/12148/cb31237895w";"Libellus de venerabili sacramento et valore missarum. [Auctore Wernero Rolevinck.]";"1480";"(Parisiis";"U. Gering";"1480";"In-4° , sign. a-d, car. rom. (Copinger, 5202.)";"Null";"Null"
"http://data.bnf.fr/ark:/12148/cb41685541g";"Contra gentiles [Libri I-IV]";"1480";"Venise";"Jenson";"1480";"Null";"Null";"Null"
"http://data.bnf.fr/ark:/12148/cb31367573j";"Liber Pandectarum medicine, omnia medicine simplicia continens, quem ex omnibus antiquorum libris aggregavit eximius artium et medicine doctor Mattheus Silvaticus, ad serenissimum Sicilie regem Robertum";"1480";"Venetiis";"Null";"1480";"In-fol.";"Null";"Null"
"http://data.bnf.fr/ark:/12148/cb31396677k";"[Statii Sylvarum libri V.]";"1480";"Florentiae";"apud Sanctum Jacobum de Ripoli";"1480";"In-fol. (Hain, 14982.)";"Null";"Null"
"http://data.bnf.fr/ark:/12148/cb31411781d";"Strabonis Geographiae libri XVII";"1480";"(S. l.,)";"per Joannem (Rubeum) Vercellensem";"1480";"In-fol. (Hain-Copinger, *15089.)";"Null";"Null"
"http://data.bnf.fr/ark:/12148/cb314195030";"[Suetonii Tranquilli Vitae XII Caesarum.]";"1480";"(S. l.,)";"Null";"1480";"In-fol. (Hain-Copinger, *15119.)";"Null";"Null"
"http://data.bnf.fr/ark:/12148/cb31422194j";"[Horologium aeternae sapientiae. Centum meditationes passionis domini nostri Jesu Christi. Horae de aeterna sapientia.]";"1480";"(Coloniae";"C. W. de Homborch";"1480";"In-4° . (Copinger, 3167 ; Voulhème, 1111 ; Polain, 3640.)";"Null";"Null"
"http://data.bnf.fr/ark:/12148/cb31451084b";"Είδύλλια";"1480";"[Milano";"Buono Accorsi";"1480";"Null";"Null";"Null"
"http://data.bnf.fr/ark:/12148/cb31461757k";"Summa theologica. [Secundus liber Secunde partis beati Thome de Aquino.]";"1480";"Venetiis";"impendio J. Colonie et J. Manthen";"1480";"In-fol. (Hain-Copinger, *1464 ; Pellechet, 1054 ; Polain, 3755.)";"Null";"Null"
"http://data.bnf.fr/ark:/12148/cb31462050g";"Tractatus sancti Thome de Aquino de Regimine principum";"1480";"[Köln";"Arnold Therhoernen";"1480";"Null";"Null";"Null"
"http://data.bnf.fr/ark:/12148/cb314618404";"Liber primus [-quartus] de Veritate catolice fidei contra errores gentilium, editus a venerabili fratre Thoma de Aquino. [Petrus Cantianus emendavit castigavitque.]";"1480";"Venetiis";"N. Jenson";"1480";"In-fol. (Hain-Copinger, *1389 ; Pellechet, 989 ; Polain 3764.)";"Null";"Null"
"http://data.bnf.fr/ark:/12148/cb31474517q";"[Titi Livii Historiae romanae decades I, III-IV, recognitae a Petro Justino Philelfo, cum Johannis Andreae Epistola et L. Flori Epitome decadum XIV.]";"1480";"Mediolani";"impressit A. Zarothus, impensis J. Legnani";"1480";"In-fol. (Hain-Copinger, 10133 ; Br. Mus., Books pr. XVrh c., t. VI, p. 716.)";"Null";"Null"
"http://data.bnf.fr/ark:/12148/cb31481336x";"Tractatus notabilis de potestate pape et concilii generalis, editus a... Johanne de Turrecremata";"1480";"Coloniae";"per H. Quentel";"1480";"In-4° . (Hain-Copinger, *15729 ; Voullième, 690 ; Br. Mus., Books pr. XVth c., t. I, p. 262.)";"Null";"Null"
"http://data.bnf.fr/ark:/12148/cb31482367f";"[Joannis Tortellii,... Commentariorum grammaticorum de orthographia dictionum e graecis tractarum opus...]";"1480";"Vicentiae";"per H. Lichtenstein";"1480";"In-fol. (Hain, *15567 ; Polain, 3793 ; Br. Mus., Books pr. XVth c., t. VII, p. 1037.)";"Null";"Null"
"http://data.bnf.fr/ark:/12148/cb31509067t";"Hubertini Clerici Crescentinatis In Epistolas Ciceronis commentum...";"1480";"Tarvisii";"Null";"1480";"In-fol. (Hain, 5463.)";"Null";"Null"
"http://data.bnf.fr/ark:/12148/cb31511310z";"Fraternitas cleri per doctorem Ulricum edita, qui vulgo Ulmer in Ulma vocatur...";"1480";"Null";"Null";"1480";"In-fol.";"Null";"Null"
"http://data.bnf.fr/ark:/12148/cb31520438k";"Valerii Maximi Dictorum et factorum memorabilium rubricae primi libri [-IX libri]";"1480";"Venetiis";"(, N. Girardengus)";"1480";"In-fol. (Hain, 15782 ; Br. Mus., Books pr. XVth c., t. V, p. 272.)";"Null";"Null"
"http://data.bnf.fr/ark:/12148/cb31522450x";"Laurentii Vallensis,... Opus elegantiarum linguae latinae. Laurentii Vallensis... de Reciprocatione sui et suus";"1480";"Venezia";"[imprimeur du Valla de 1480]";"1480";"[190] ff., le dernier blanc";"Null";"Null"
"http://data.bnf.fr/ark:/12148/cb31522477z";"Laurentii Vallensis,... Elegantiae ad breve quoddam ac perutile redactae compendium";"1480";"Romę";"in domo quondam U. Galli barbati";"1480";"In-4° . (Hain-Reichling, 64 ; Gesamtkatalog der Wiegendrucke, 172.)";"Null";"Null"
"http://data.bnf.fr/ark:/12148/cb31522449q";"Laurencii Vallę,... de Romani sermonis elegantia liber primus [-sextus]";"1480";"(Romae";"S. Plannck,)";"1480";"In-4° . (Hain-Reichling, 15811.)";"Null";"Null"
"http://data.bnf.fr/ark:/12148/cb315453785";"M. T. Varronis de Lingua latina [libri tres. De Analogia libri duo. Pomponius Laetus et Franciscus Rholandellus ediderunt]";"1480";"Parmae";"Null";"1480";"In-fol. (Hain, *11903 ; Dibdin, vol. III, n  588 ; Br. Mus., Books pr. XVth c., t. VII, p. 942";"Null";"Null"
"http://data.bnf.fr/ark:/12148/cb43716845x";"[Les Dix Commandements, les Cinq Sens, les Sept Péchés capitaux] : [estampe]";"1480";"[Bavière]";"Null";"1480";"1 est. : gravure sur bois, col. ; 228 x 170 mm";"http://data.bnf.fr/ark:/12148/cb119750324";"http://gallica.bnf.fr/ark:/12148/btv1b10505653f"
"http://data.bnf.fr/ark:/12148/cb31606978d";"Aurea legenda [van Jacobus de Voragine], dat beduut in duetsche die Gulden legende of dat Passionael... [somerstuc ende winterstuc.]";"1480";"Goude";"G. Leeu";"1480";"2 vol. in-fol. (Campbell, 1756 ; Copinger, 6509 ; Polain, 2217 [somerstuc] ; Br. Mus., Books pr. XVth c., t. IX, p. 33 [somerstuc] ; Goff, J-140.)";"Null";"Null"
"http://data.bnf.fr/ark:/12148/cb316068842";"Incipit liber preclarissimi religiosi fratris Jacobi de Voragine,... de vitis sanctorum";"1480";"Venetiis";"per A. de Strata de Cremona et M. Catanellum";"1480";"In-fol. (Copinger, 6421 ; Brit. Mus., Books pr. XVth c., t. V, p. 292 ; Polain, 2193 ; Goff, J-95.)";"Null";"Null"
"http://data.bnf.fr/ark:/12148/cb316068784";"[Legendae sanctorum per anni circuitum venientium, quas compilavit frater Jacobus de Voragine.] - Au f. [325 :] Iste legende que hic sequuntur non habentur in Hystoria lombardica, sed addite sunt ex aliis legendis et libris...";"1480";"Colonie";"per C. Winters de Homburch";"1480";"In-fol. (Copinger, 6420 ; Voullième, 620 ; Brit. Mus., Books pr. XVth c., t. I, p. 248 ; Polain, 2192 ; Goff, J-96.)";"Null";"Null"
"http://data.bnf.fr/ark:/12148/cb316070189";"Incipit Tractatus fratris Jacobi de Voragine super libros sancti Augustini";"1480";"(Coloniae";"B. de Unkel";"1480";"In-4° . (Copinger, 6557 ; Voullième, Der Buchdruck Kölns, 630 ; Br. Mus., Books pr. XVth c., t. I, p. 242 ; Polain, 2235.)";"Null";"Null"
"http://data.bnf.fr/ark:/12148/cc588761";"In Apocalypsim expositio";"1480";"Null";"Null";"Null";"71 ff. à longues lignes, précédés d'une contregarde et d'une garde anciennes et suivis d'une contregarde ancienne";"Null";"http://gallica.bnf.fr/ark:/12148/btv1b84469538"
"http://data.bnf.fr/ark:/12148/cb31720678q";"Casus breves super Decretalibus et Clementinis";"1480";"[Paris";"Ulrich Gering";"1480";"Null";"Null";"Null"
"http://data.bnf.fr/ark:/12148/cb317421756";"De vita christiana. - 'Fol. 2' : Incipit liber beati Augustini de vita cristiana. - 'A la fin' : Explicit liber beati Augustini episcopi de vita christiana";"1480";"[Genève,";"LouisCruse,";"1480";"17 ff. non chiffrés, car. goth";"Null";"Null"
"http://data.bnf.fr/ark:/12148/cb31916679n";"[Cathon en francoys.] - (À la fin :) Ne miraris verbis nudis me scribere versus Hec brevitas sensus fecit conjungere binos. Tu ne te dois merveiller se ce petit livret contient deux sentences en deux vers... Pour laquelle chose peut lon intituler ce petit livret le Miroir du régime et gouvernement du corps et d'âme. Amen. Cy finist ce present livre qu'est dist le Cathon en francoys";"1480";"(Lyon, G. la Roy";"Null";"1480";"Null";"Null";"Null"
"http://data.bnf.fr/ark:/12148/cb31918121f";"In commmincia il prologo nel devoto e morale libro in titulato Spechio di croce. [N]arra il sancto evangelio per similitudine che uno signore partendosi... - Fol. K3 v° : In commincia la Tabula sopra il libro devoto : e morale : intitulato Spechio di croce come dio prese carne humana... - A la fin : Come se adapteno la prime septe beatitudine : a septe doni del spirito sancto : come si convengono in sienne. Cap. L. Finis";"1480";"(Venise";"Null";"1480";"Null";"Null";"Null"
"http://data.bnf.fr/ark:/12148/cb32125015g";"(Lettres de François II, duc de Bretagne, transportant à son fils Antoine, seigneur de Chasteau-Froment, la baronnie d'Avaugour. Vannes, 24 septembre 1480.)";"1480";"[S. l. n. d. ?] - In-fol.";"Null";"1480";"Null";"Null";"Null"
"http://data.bnf.fr/ark:/12148/cb322230097";"Fol. 1ro n.ch. : ) @ (Fol. 2vo n.ch. : ) @ (Fol. 6vo n.ch. : ) @ (Fol. 53ro n.ch. : ) @ (Fol. 53vo n.ch. : ) @ (Fol. 94ro n.ch. : ) @ (Fol. 94vo n.ch. : ) @ (Fol. 148vo n.ch. : ) @ (Fol. 149ro n.ch. : ) @ (Fol. 154ro n.ch. : )";"1480";"(S. l.";"Null";"1480";"Null";"Null";"Null"
"http://data.bnf.fr/ark:/12148/cb324572327";"Fol. [1]ro, col. 1 :) @ - (Fol. [2]ro, col. 2 :) @ [1 ligne] @ [16 lignes] @ [1 ligne] @ - (Fol. [6]ro, col. 2 :) @ [sic] @ [A la suite :] @ - (Fol. [97]vo, col. 2 :) @ - (Fol. [99]ro, col. 1 :) @ [38 lignes] @ [sic] @ - (Fol. [102]ro, col. 1 :) @ [sic] @ - (Fol. [102]ro, col. 2 :) @ [1 ligne] @ - (Fol. [264]vo, col. 2 :) @ - (A la fin :) @";"1480";"(S. l.";"Null";"1480";"Null";"Null";"Null"
"http://data.bnf.fr/ark:/12148/cb324572803";"Fol. 1ro n. ch. :) @ - (Fol. 2vo n. ch. :) @ - (Fol. 6vo n. ch. :) @ - (Fol. 53ro n. ch. :) @ - (Fol. 53vo n. ch. :) @ - (Fol. 94ro n. ch. :) @ - (Fol. 94vo n. ch. :) @ - (Fol. 148vo n. ch. :) @ - (Fol. 149ro n. ch. :) @ - (Fol. 154ro n. ch. :) @";"1480";"(S. l.";"Null";"1480";"Null";"Null";"Null"
"http://data.bnf.fr/ark:/12148/cb326017465";"Fol. 1ro n. ch. :) @ -(Fol. 2vo n. ch. :) @ -(Fol. 6vo n. ch. :) @ -(Fol. 53ro n. ch. :) @ -(Fol. 53vo n. ch. :) @ -(Fol. 94ro n. ch. :) @ -(Fol. 94vo n. ch. :) @ -(Fol. 148vo n. ch. :) @ -(Fol. 149ro n. ch. :) @ -(Fol. 154ro n. ch. :) @";"1480";"(S. l.";"Null";"1480";"Null";"Null";"Null"
"http://data.bnf.fr/ark:/12148/cb32634863c";"[Bulla indulgentiarum pro tuitione fidei catholice ac insule Rhodi contra perfidos Turcos.]";"1480";"[S. l. ?]";"Null";"1480";"Null";"Null";"Null"
"http://data.bnf.fr/ark:/12148/cb332171171";"Viola sanctorum";"1480";"[Lyon";"N. Philippe et M. Reinhard";"1480";"In-fol., [128] ff signés [a]⁽10, b-d⁽10, e⁽8, f-n⁽10, car. goth., init. rubr. [Don 2011-60] (Hain 10866 ; Daunou-Pellechet 505 ; Suite de Pellechet-Polain 7734 ; Polain 2632 ; B.M.C. t. VIII, p. 244 ; Michon 579.)";"Null";"Null"
"http://data.bnf.fr/ark:/12148/cb33370222m";"Epistola Rhodiorum ad Fridericum III";"1480";"(Coloniae";"Null";"1480";"Null";"Null";"Null"
"http://data.bnf.fr/ark:/12148/cb33483814r";"Historia de Merlino";"1480";"Venetia";"[s.n.]";"1480";"[200] p.";"Null";"http://gallica.bnf.fr/ark:/12148/bpt6k54759224"
"http://data.bnf.fr/ark:/12148/cb33593737h";"Registrum Hir begynnet dat Register des eyrster boukes des Speygels der Sassen";"1480";"Null";"Null";"1480";"236 f.";"Null";"Null"
"http://data.bnf.fr/ark:/12148/cb33598130n";"Das keyserlich landtrechtbuch";"1480";"Augsburg";"Anton Sorg";"1480";"2°, [a-p⁽1⁽0, q⁽8] ; ill.";"Null";"Null"
"http://data.bnf.fr/ark:/12148/cb33630626s";"Le Trespassement et l'Assumption Nostre-Da//me";"1480";"[Paris]";"Jean Du Pré";"1480";"18 ff.";"Null";"http://gallica.bnf.fr/ark:/12148/bpt6k990602m"
"http://data.bnf.fr/ark:/12148/cb337338325";"Procès-verbal (dressé par le garde de la prevôté de Paris) de la prise de possession du duché de Bar par maistre Guillaume Bournel, maistre d'Hostel du Roy, et maistre Robert de Montmirel, clerc des comptes, commissaires du Roy en cette partie";"1480";"(S. l. n. d.)";"Null";"1480";"In-4°, 4 p.";"Null";"Null"
"http://data.bnf.fr/ark:/12148/cb33752736f";"(Déclaration de François duc de Bretagne pour instituer son fils François de Bretagne, seigneur de Clisson, en qualité de baron d'Avaugour.)";"1480";"(S. l. n. d.)";"Null";"1480";"In-4°, 7 p.";"Null";"Null"
"http://data.bnf.fr/ark:/12148/cb337527353";"(Lettres de François II, duc de Bretagne, transportant à son fils Antoine, seigneur de Chasteau-Fremont, la baronnie d'Avaugour.)";"1480";"[S. l. n. d. ?]";"Null";"1480";"In-fol.";"Null";"Null"
"http://data.bnf.fr/ark:/12148/cb33755191n";"(Copie de l'acte de donation de Godefroy Villain et de dame Elisabeth d'Immerselle en faveur du grand Béguinage de Malines, commençant par ces mots :) Extrait des Archives du Béguinage de Malines... (31 Mai 1480)";"1480";"(S. l. n. d.)";"Null";"1480";"In-4°. Pièce";"Null";"Null"
"http://data.bnf.fr/ark:/12148/cb33764931z";"[Lettre circulaire pour faire connaître les indulgences accordées par le pape Sixte 4 à ceux qui fourniront des subsides pour la défense de l'île de Rhodes :] Universis presentes lrās inspecturis. Nos frater reginaldus de sancto symone miles preceptor // de la fouillee... Anno domini millesimo quadrīgētesimo. octuagesimo...";"1480";"[Poitier ?]";"[Jean Bouyer ?]";"1480";"105 x 141 mm";"Null";"Null"
"http://data.bnf.fr/ark:/12148/cb33764729v";"(Casus summarii decretalium Sexti et Clementinarum.) (A la fin :) Liber iste casus summarios librorum decretalium Sexti ac Clementinarum cum glossularum medulla (erratis priorum impressorum correctis)... Artificio ac opera Joannis de Westphalia in alma ac... universitate Lovaniensi impressum est Anno Domini MCCCCLXXX";"1480";"[S. l. n. d. ?]";"Null";"1480";"In-fol.";"Null";"Null"
"http://data.bnf.fr/ark:/12148/cb33768047t";"(Fol. 1 a) Copia bulle seu sententie diffinitine sacri // generali (sic) concillij Basiliensis. ... de sāctissima cōcepcio//ne gloriosissiē... marie // ab originali peccato. Incipit feliciter. (Fol. 3 a) Denotissime.... virgin ma=//rîe familiarissimi beati Ancelmi Cantuariē//sis archiepiscopi... epistola de sācta cōceptione glo//riose viginis (sic) marie. celebranda...";"1480";"[Köln";"Johann Guldenschaff";"1480";"[22] ff.signés ab-cd8, de6";"Null";"Null"
"http://data.bnf.fr/ark:/12148/cb35951062f";"[Sans titre]";"1480";"Null";"Null";"Null";"[460] f.";"Null";"Null"
"http://data.bnf.fr/ark:/12148/cb35951065g";"[Sans titre]";"1480";"Null";"Null";"1480";"2 parties";"Null";"Null"
"http://data.bnf.fr/ark:/12148/cb35951060r";"[Sans titre]";"1480";"Null";"Null";"1480";"2 parties";"Null";"Null"
"http://data.bnf.fr/ark:/12148/cb359510644";"[Sans titre]";"1480";"Null";"Null";"Null";"[470] f.";"Null";"Null"
"http://data.bnf.fr/ark:/12148/cb35951059j";"[Sans titre]";"1480";"Null";"Null";"Null";"[441] f.";"Null";"Null"
"http://data.bnf.fr/ark:/12148/cb35951228t";"[Sans titre]";"1480";"Null";"Null";"Null";"[284] f.";"Null";"Null"
"http://data.bnf.fr/ark:/12148/cb36202372q";"Collectarius super librum Psalmorum";"1480";"Null";"Null";"1480";"[250] f. (sig. a-z8, A-Y8, Z10)";"Null";"Null"
"http://data.bnf.fr/ark:/12148/cb365745167";"Albertus magnus de arte intelligendi docendi et predicandi res spirituales et invisibiles per res corporales et visibiles et econverso pulcra et utilissima. (à la fin) Deo Gratias";"1480";"[Ulm";"Johann Zainer";"1480";"[18] ff.";"Null";"Null"
