id;title;date;place;publisher;firstyear;description;subject;gallica
"http://data.bnf.fr/ark:/12148/cb406994688";"Planisphère d'Albertin de Virga";"1415";"[S.l.]";"[s.n.]";"1415";"Reprod. photogr. : en noir ; 35 x 53 cm";"Null";"http://gallica.bnf.fr/ark:/12148/btv1b8459134c"
"http://data.bnf.fr/ark:/12148/cb40742071h";"Battle of Azincourt 1415";"1415";"London";"Longmans";"1415";"Null";"Null";"Null"
"http://data.bnf.fr/ark:/12148/cb337458785";"Arrêt de la chambre des comptes portant que les gages ne seront payés aux baillis s'ils ne rapportent un certificat de leur résidence";"1415";"(S. l. n. d.)";"Null";"1415";"4°";"Null";"Null"
"http://data.bnf.fr/ark:/12148/cb33810134z";"Lettres portant exemption de tailles, subventions et aydes en faveur des officiers de la Chambre des comptes de Paris";"1415";"(S. l. n. d.)";"Null";"1415";"In-4°, 3 p.";"Null";"Null"
"http://data.bnf.fr/ark:/12148/cb338101359";"Ordonnance portant que les vicomtes et receveurs viendront compter dans les temps à eulx marquez, sinon qu'ils seront punis par la Chambre (des comptes)";"1415";"(S. l. n. d.)";"Null";"1415";"In-4°, 2 p.";"Null";"Null"
"http://data.bnf.fr/ark:/12148/cb33810133m";"Lettres patentes portant mandement à la Chambre des comptes de informer sur ce qui défaut des joyaux du Roy, dont Gérard de Brugères avait eu ci-devant la garde et dont il demandoit à estre déchargé, attendu qu'ils avoient été pris et soustraits. Commission en conséquence donnée par ladite Chambre (le 8 août 1415) à Hugues de Guinguam, maistre, et Nicolas Desprez, correcteur des comptes, pour procéder à ladite information";"1415";"(S. l. n. d.)";"Null";"1415";"In-4°, 7 p.";"Null";"Null"
"http://data.bnf.fr/ark:/12148/cb33849788b";"Lettres patentes (du 14 janvier 1415) portant mandement à la Chambre des comptes de faire informer sur ce qui défaut des joyaux du Roy dont Gérard de Bruyères avoit en ci-devant la garde ... commission en conséquence donnée par la dite Chambre à Hugues Grimguam, maistre, et Nicolas Desprez, correcteur des comptes pour procéder à la dite information";"1415";"(S. l. n. d.)";"Null";"1415";"In-4°, 7 p.";"Null";"Null"
