id;title;date;place;publisher;firstyear;description;subject;gallica
"http://data.bnf.fr/ark:/12148/cb40615416d";"[Reproduction photographique réduite d'une partie du Planisphère de Battista Beceario, Génois, 1426, représentant les côtes de la Méditerranée à l'ouest de la Crête et de l'Atlantique depuis la Frise et l'Ecosse jusqu'aux Canaries ; Munich, Nationalmuseum]";"1426";"[S.l.]";"[s.n.]";"1426";"1 flle : 230 x 170";"Null";"Null"
"http://data.bnf.fr/ark:/12148/cb40735027j";"Portulans";"1426";"[S.l.]";"[s.n.]";"1426";"Null";"Null";"Null"
"http://data.bnf.fr/ark:/12148/cb40741289w";"Portulans";"1426";"[S.l.]";"[s.n.]";"1426";"Null";"Null";"Null"
"http://data.bnf.fr/ark:/12148/cb40741288j";"Portulans";"1426";"[S.l.]";"[s.n.]";"1426";"Null";"Null";"Null"
"http://data.bnf.fr/ark:/12148/cb337582235";"Extrait des lettres d'érection de l'Université de Louvain. Avec une copie d'une lettre de l'Université de Louvain à celle de Douai, du 10 fév. 1429";"1426";"[S. l. n. d. ?]";"Null";"1426";"Null";"Null";"http://gallica.bnf.fr/ark:/12148/btv1b8625743t"
"http://data.bnf.fr/ark:/12148/cb338101490";"Lettres portant exemption du droit de péages et passages en faveur des officiers de la Chambre des comptes de Paris";"1426";"(S. l. n. d.)";"Null";"1426";"In-4°, 3 p.";"Null";"Null"
"http://data.bnf.fr/ark:/12148/cb338101506";"Lettres portant exemption de tailles, subventions et aydes en faveur des officiers de la Chambre des comptes de Paris";"1426";"(S. l. n. d.)";"Null";"1426";"In-4°, 3 p.";"Null";"Null"
