id;title;date;place;publisher;firstyear;description;subject;gallica
"http://data.bnf.fr/ark:/12148/cb36945597c";"Oeuvres complètes de Chateaubriand : nouvelle éd. revue avec soin sur les éditions originales";"192";"Paris";"Garnier frères";"Null";"18 vol.";"Null";"Null"
"http://data.bnf.fr/ark:/12148/cb36953478j";"Histoire de France";"192";"Paris";"Garnier frères";"Null";"591 p.-[4] f. d'ill.";"Null";"Null"
"http://data.bnf.fr/ark:/12148/cb369534714";"Génie du christianisme";"192";"Paris";"Garnier frères";"Null";"749 p.-[3]f. d'ill.";"Null";"Null"
"http://data.bnf.fr/ark:/12148/cb36953475h";"Oeuvres complètes de Chateaubriand 7";"192";"Paris";"Garnier frères";"Null";"646 p.";"Null";"Null"
"http://data.bnf.fr/ark:/12148/cb36953472g";"Les Martyrs";"192";"Paris";"Garnier frères";"Null";"604 p.-[5] f. d'ill.";"Null";"Null"
"http://data.bnf.fr/ark:/12148/cb36953479w";"Le Paradis perdu";"192";"Paris";"Garnier frères";"Null";"800 p.-[4] f. d'ill.";"Null";"Null"
"http://data.bnf.fr/ark:/12148/cb369534776";"Oeuvres complètes de Chateaubriand 9";"192";"Paris";"Garnier frères";"Null";"679 p.-[3] f. d'ill.";"Null";"Null"
"http://data.bnf.fr/ark:/12148/cb369534745";"Voyages en Amérique, en Italie, au Mont-Blanc";"192";"Paris";"Garnier frères";"Null";"590 p.-[4] f. d'ill.";"Null";"Null"
"http://data.bnf.fr/ark:/12148/cb37225016p";"For health, convenience, economy... : [brochure publicitaire]";"192";"London";"International refrigerator company";"Null";"[4]p.-[8] pl.";"http://data.bnf.fr/ark:/12148/cb13319161z";"Null"
"http://data.bnf.fr/ark:/12148/cb374024358";"Vietnam-on-the-Potomac";"192";"New York. - Westport (Conn.). - London";"Praeger";"Null";"XVI-215 p.";"http://data.bnf.fr/ark:/12148/cb119313712";"Null"
"http://data.bnf.fr/ark:/12148/cb37538286v";"Histoire de la littérature anglaise Tome deuxième";"192";"Paris";"Librairie Hachette";"Null";"499 p.";"http://data.bnf.fr/ark:/12148/cb11975721d";"Null"
"http://data.bnf.fr/ark:/12148/cb37538294g";"Histoire de la littérature anglaise Tome troisième";"192";"Paris";"Librairie Hachette";"Null";"404 p.";"http://data.bnf.fr/ark:/12148/cb120780793";"Null"
"http://data.bnf.fr/ark:/12148/cb376515183";"Morrice : un don à la patrie, la collection G. Blair Laing";"192";"Ottawa";"Musée des beaux-arts du Canada";"Null";"186 p.";"http://data.bnf.fr/ark:/12148/cb11938837z";"Null"
"http://data.bnf.fr/ark:/12148/cb389450033";"Tempérament et caractère selon les individus, les sexes et les races";"192";"Paris";"F. Alcan";"Null";"1 vol. (XX-378 p.)";"http://data.bnf.fr/ark:/12148/cb11978110t";"http://gallica.bnf.fr/ark:/12148/bpt6k205086s"
"http://data.bnf.fr/ark:/12148/cb396921635";"Notas de antaño : [piano]";"192";"Barcelona";"Ed. Armonico";"Null";"[7] p. : 32 cm";"http://data.bnf.fr/ark:/12148/cb119604900";"Null"
"http://data.bnf.fr/ark:/12148/cb397141755";"[Lord Berners]";"192";"Null";"Null";"Null";"1 photogr. pos. : 18,5 x 13 cm";"http://data.bnf.fr/ark:/12148/cb11932843f";"Null"
"http://data.bnf.fr/ark:/12148/cb397146130";"Dix motets : pour deux voix mixtes (I. voix de femmes ou d'enfants, II. voix d'hommes) avec accompagnement d'orgue";"192";"Saint-Leu-la-Forêt";"Procure de musique religieuse";"Null";"[20] p. : 32 cm";"http://data.bnf.fr/ark:/12148/cb121516267";"Null"
"http://data.bnf.fr/ark:/12148/cb39714861d";"Cinq noëls originaux : en forme de versets";"192";"Paris";"Ed. musicales de la Schola Cantorum";"Null";"7 p. : couv. orn.  ; 33 cm";"http://data.bnf.fr/ark:/12148/cb12289330c";"Null"
"http://data.bnf.fr/ark:/12148/cb39714730v";"Sueños : tango";"192";"[S.l.]";"l'auteur";"Null";"3 p. : couv. ill. en coul.  ; 35 cm";"http://data.bnf.fr/ark:/12148/cb119604900";"Null"
"http://data.bnf.fr/ark:/12148/cb397147169";"Georges Balanchine, Londres 1926";"192";"Null";"Null";"Null";"1 photogr. pos. : 23,5 x 13 cm (im.), 31,5 x 20,5 cm (f.)";"http://data.bnf.fr/ark:/12148/cb11932843f";"Null"
"http://data.bnf.fr/ark:/12148/cb39746297v";"Ecole pratique du choral";"192";"Bruxelles";"Schott frères";"Null";"251 p. : 27 cm";"http://data.bnf.fr/ark:/12148/cb121585379";"Null"
"http://data.bnf.fr/ark:/12148/cb39747314v";"Anton Dolin [en tenue de scène]";"192";"Null";"Null";"Null";"1 photogr. pos. : 23,5 x 19 cm";"http://data.bnf.fr/ark:/12148/cb11932843f";"Null"
"http://data.bnf.fr/ark:/12148/cb397500701";"Zehn variirte Themen Heft 1 : für Pianoforte allein oder mit Flöte oder Violine";"192";"Leipzig";"Breitkopf & Härtel";"Null";"1 partition (10 p.) : 35 cm";"http://data.bnf.fr/ark:/12148/cb125239943";"Null"
"http://data.bnf.fr/ark:/12148/cb39750072q";"Zehn variirte Themen Heft 3 : für Pianoforte allein oder mit Flöte oder Violine";"192";"Leipzig";"Breitkopf & Härtel";"Null";"1 partition (14 p.) : 35 cm";"http://data.bnf.fr/ark:/12148/cb12300083g";"Null"
"http://data.bnf.fr/ark:/12148/cb397501395";"Czinka Panna : [violon, piano]";"192";"Budapest. - Lipcse";"Rözsavölgyyi és Társa";"Null";"1 partition (11 p.) : couv. orn.  ; 35 cm";"http://data.bnf.fr/ark:/12148/cb11975995h";"Null"
"http://data.bnf.fr/ark:/12148/cb397500105";"Symphonie No. 16 : [Hob I 88]";"192";"Braunschweig";"H. Litolff";"Null";"17 p. : 31 cm";"http://data.bnf.fr/ark:/12148/cb12144214n";"Null"
"http://data.bnf.fr/ark:/12148/cb39750009z";"Symphonie No. 6 : [Hob I 96]";"192";"Braunschweig";"H. Litolff";"Null";"17 p. : 31 cm";"http://data.bnf.fr/ark:/12148/cb12144214n";"Null"
"http://data.bnf.fr/ark:/12148/cb397500732";"Zehn variirte Themen Heft 4 : für Pianoforte allein oder mit Flöte oder Violine";"192";"Leipzig";"Breitkopf & Härtel";"Null";"1 partition (10 p.) : 35 cm";"http://data.bnf.fr/ark:/12148/cb124905429";"Null"
"http://data.bnf.fr/ark:/12148/cb397500763";"Sechs variirte Themen Heft 1 : für Pianoforte allein oder mit Flöte oder Violine";"192";"Leipzig";"Breitkopf & Härtel";"Null";"1 partition (14 p.) : 35 cm";"http://data.bnf.fr/ark:/12148/cb125239943";"Null"
"http://data.bnf.fr/ark:/12148/cb39750140c";"Boza kesergöje : [violon, piano]";"192";"Budapest. - Lipcse";"Rözsavölgyyi és Társa";"Null";"1 partition (11 p.) : couv. orn.  ; 35 cm";"http://data.bnf.fr/ark:/12148/cb11975995h";"Null"
"http://data.bnf.fr/ark:/12148/cb39750077f";"Sechs variirte Themen Heft 2 : für Pianoforte allein oder mit Flöte oder Violine";"192";"Leipzig";"Breitkopf & Härtel";"Null";"1 partition (12 p.) : 35 cm";"http://data.bnf.fr/ark:/12148/cb11975999w";"Null"
"http://data.bnf.fr/ark:/12148/cb39750071c";"Zehn variirte Themen Heft 2 : für Pianoforte allein oder mit Flöte oder Violine";"192";"Leipzig";"Breitkopf & Härtel";"Null";"1 partition (10 p.) : 35 cm";"http://data.bnf.fr/ark:/12148/cb12300083g";"Null"
"http://data.bnf.fr/ark:/12148/cb39750138t";"Bihari-Érzelgöje : [violon, pianoforte]";"192";"Lipcse. - Budapest";"C. G. Röder";"Null";"1 partition (13 p.) : couv. orn.  ; 32 cm";"http://data.bnf.fr/ark:/12148/cb12289237h";"Null"
"http://data.bnf.fr/ark:/12148/cb39750141q";"Bihari primatialis magyarja : [violon, piano]";"192";"Budapest";"Rözsavölgyyi és Társa";"Null";"1 partition (9 1 p.) : couv. ill.  ; 35 cm";"http://data.bnf.fr/ark:/12148/cb11975995h";"Null"
"http://data.bnf.fr/ark:/12148/cb397501422";"Lavotta elsö szerelme : magyar szerenad hegedüre és zongorára";"192";"Budapest. - Lipcse";"Rözsavölgyyi és Társa";"Null";"1 partition (3 p.) : couv. orn.  ; 35 cm";"http://data.bnf.fr/ark:/12148/cb12289237h";"Null"
"http://data.bnf.fr/ark:/12148/cb39750074d";"Zehn variirte Themen Heft 5 : für Pianoforte allein oder mit Flöte oder Violine";"192";"Leipzig";"Breitkopf & Härtel";"Null";"1 partition (10 p.) : 35 cm";"http://data.bnf.fr/ark:/12148/cb125239943";"Null"
"http://data.bnf.fr/ark:/12148/cb397523485";"Neue Musik von August Halm";"192";"[S.l.]";"[s.n.]";"Null";"1 partition (4 p.) : 32 cm";"http://data.bnf.fr/ark:/12148/cb12288442d";"Null"
"http://data.bnf.fr/ark:/12148/cb39752533p";"Le chant du départ : chant national";"192";"Paris";"M. Labbé";"Null";"[2] p. : couv. ill.  ; 27 cm";"http://data.bnf.fr/ark:/12148/cb12061402q";"Null"
"http://data.bnf.fr/ark:/12148/cb39752544b";"La source : air d'un noël français";"192";"Paris";"Hachette";"Null";"3 p. : 27 cm";"http://data.bnf.fr/ark:/12148/cb120097267";"Null"
"http://data.bnf.fr/ark:/12148/cb39752923g";"Le cantique de l'Avent : cantate pour soprano solo et choeur";"192";"Paris";"A. Durand";"Null";"1 partition (51 p.) : couv. orn.  ; 27 cm";"http://data.bnf.fr/ark:/12148/cb12490452b";"Null"
"http://data.bnf.fr/ark:/12148/cb39760880r";"O bone Jesu : à 2 voix égales et orgue";"192";"Paris";"H. Hérelle";"Null";"1 partition ([2] p.) : 33 cm";"http://data.bnf.fr/ark:/12148/cb14628121b";"Null"
"http://data.bnf.fr/ark:/12148/cb39760885g";"Salutation à la Sainte Vierge : pour 3 voix égales, sans accompagnement";"192";"Paris";"Librairie de l'art catholique";"Null";"1 partition (4 p.) : 32 cm";"http://data.bnf.fr/ark:/12148/cb119329384";"Null"
"http://data.bnf.fr/ark:/12148/cb397608844";"Deux motets : pour une ordination ou une première messe";"192";"Paris";"Éd. musicales de la Schola cantorum";"Null";"1 partition (8 p.) : 32 cm";"http://data.bnf.fr/ark:/12148/cb121516267";"Null"
"http://data.bnf.fr/ark:/12148/cb39764272f";"Cinq choeurs tirés des cantates N°  1 : pour les fêtes principales de l'année";"192";"Nice";"Delrieu frères";"Null";"1 partition (15 p.) : 35 cm";"http://data.bnf.fr/ark:/12148/cb119329384";"Null"
"http://data.bnf.fr/ark:/12148/cb397672965";"Salomé : drame musical en 1 acte";"192";"Berlin. - Paris";"A. Fürstner. - G. Astruc et Cie";"Null";"39 p.";"Null";"Null"
"http://data.bnf.fr/ark:/12148/cb397698113";"Les Chansonniers de Montmartre et d'ailleurs";"192";"Paris";"Impr. P. de Girard";"Null";"Null";"Null";"Null"
"http://data.bnf.fr/ark:/12148/cb39769761c";"Les Expressions de la physionomie humaine";"192";"Paris";"C. Schmid éd.";"Null";"140 p.";"Null";"http://gallica.bnf.fr/ark:/12148/btv1b53023932d"
"http://data.bnf.fr/ark:/12148/cb39774128w";"Gueules cassées : [trente masques]";"192";"Paris";"L. Querelle";"Null";"[30] f. mobiles";"Null";"Null"
"http://data.bnf.fr/ark:/12148/cb39774085f";"Gespräche mit Goethe in den letzten Jahren seines Lebens";"192";"Leipzig";"P. Reclam";"Null";"[839] p.";"Null";"Null"
"http://data.bnf.fr/ark:/12148/cb39779947k";"L'Histoire du costume féminin mondial de l'an 5318 avant J. C. à nos jours";"192";"Paris";"Ed. Nilsson";"Null";"10 tomes dans un portefeuille";"Null";"Null"
"http://data.bnf.fr/ark:/12148/cb39812024p";"Lettre de Marcel Herwegh à Marc Pincherle, Paris, (21 Juin 192.?)";"192";"Null";"Null";"Null";"Null";"Null";"Null"
"http://data.bnf.fr/ark:/12148/cb39813233f";"Lettre de Emile Jaques-Dalcroze à Isidore Philipp, Geneve, 25 septembre 192.";"192";"Null";"Null";"Null";"Null";"Null";"Null"
"http://data.bnf.fr/ark:/12148/cb39816252f";"Lettre de Pierre Lhande à l'Association pour l'expansion artistique, 15 mars (192.?)";"192";"Null";"Null";"Null";"Null";"Null";"Null"
"http://data.bnf.fr/ark:/12148/cb39822986x";"Lettre de Henri Rabaud à Lucien Népoty, Muids, 28 juillet (192.?)";"192";"Null";"Null";"Null";"6 p.";"Null";"Null"
"http://data.bnf.fr/ark:/12148/cb43058283x";"Six chants populaires français (op. 90), pour choeur à quatre voix mixtes. Transcription pour quatre voix d'hommes, par Francisque Darcieux, sans accompagnement";"192";"Paris";"Rouart, Lerolle et Cie, éditeurs";"Null";"Null";"Null";"Null"
"http://data.bnf.fr/ark:/12148/cb32063935r";"Henri Durville. La Science secrète";"192";"Paris, H. Durville";"Null";"Null";"Null";"Null";"Null"
"http://data.bnf.fr/ark:/12148/cb324095199";"Isaei Orationes...";"192";"Lipsiae [Leipzig] : ex officina Car. Tauchnitii [K. Tauchnitz]";"Null";"Null";"Null";"Null";"Null"
"http://data.bnf.fr/ark:/12148/cb32441452r";"L'Esperanto, langue auxiliaire, neutre, internationale : son rôle dans la pacification des peuples par leur intercompréhension, conférence faite.../[au nom du] Comité de patronage espérantiste maçonnique de Paris... ; par Léon Méras,...";"192";"[Paris] : [s. n.]";"Null";"Null";"Null";"Null";"Null"
"http://data.bnf.fr/ark:/12148/cb324524348";"Le Rimoir de Fanchy [Louis Mirault], patoiseries nivernaises. [Lettre d'Achille Millien]. Bois gravés de Fernand Chalandre";"192";"La Charité-sur-Loire, R. Thoreau";"Null";"Null";"Null";"Null";"Null"
"http://data.bnf.fr/ark:/12148/cb33248757s";"Association catholique internationale des oeuvres de protection de la jeune fille. Compte-rendu du X Congrès national français tenu à Paris les 11, 12 et 13 déc. 1928";"192";"Dijon";"impr. de Jobard ";"Null";"In-8";"Null";"Null"
"http://data.bnf.fr/ark:/12148/cb33628581c";"Convention entre l'Etat roumain et la banque nationale, relative à la révision des statuts de la banque et aux opérations de stabilisation";"192";"(S. l.)";"Null";"Null";"In-fol. 5 p.";"Null";"Null"
"http://data.bnf.fr/ark:/12148/cb33628686c";"Traité d'économie politique";"192";"Paris";"libr. Carus, 59, boulevard Exelmans";"Null";"In-8, 446 p. [9588]";"Null";"Null"
"http://data.bnf.fr/ark:/12148/cb34263221r";"Reports on public health and medical subjects n°...";"192";"London";"HM Stationery office";"Null";"Null";"Null";"Null"
"http://data.bnf.fr/ark:/12148/cb34341914p";"IRIDE : iconografia rinascimentale italiana";"192";"Milano";"Editrice bibliografica";"Null";"vol.";"Null";"Null"
"http://data.bnf.fr/ark:/12148/cb35063119q";"Catalogue des volailles, canards, oies";"192";"Auffargis";"Domaine des Vaulx-de-Cernay";"Null";"2 vol.";"http://data.bnf.fr/ark:/12148/cb119338143";"Null"
"http://data.bnf.fr/ark:/12148/cb35093497z";"Walter A. Wood : [catalogue]";"192";"Hoosick Falls";"Walter A. Wood";"Null";"44 p.";"http://data.bnf.fr/ark:/12148/cb11976044c";"Null"
"http://data.bnf.fr/ark:/12148/cb35178505q";"Sirop et Pauliet : experts fabricants joailliers spécialistes en brillants purs";"192";"Paris";"Sirop et Pauliet";"Null";"[4 p.]";"http://data.bnf.fr/ark:/12148/cb11942834p";"Null"
"http://data.bnf.fr/ark:/12148/cb35316286b";"La Défense de la vie";"192";"Paris";"P. Ollendorff";"Null";"XII-256 p.";"Null";"Null"
"http://data.bnf.fr/ark:/12148/cb35332253t";"Les Tissus de Armand Hallenstein";"192";"Sainte-Marie-aux-Mines";"Armand Hallenstein";"Null";"5 p. de pl.";"http://data.bnf.fr/ark:/12148/cb119336078";"Null"
"http://data.bnf.fr/ark:/12148/cb35337983w";"Novela de Rinconete y Cortadillo";"192";"Leipzig";"Insel-Verl.";"Null";"55 p.";"Null";"Null"
"http://data.bnf.fr/ark:/12148/cb35389445g";"Cent beaux aspects du réseau P.L.M.";"192";"Paris";"Impr. Maréchal";"Null";"227 p.";"http://data.bnf.fr/ark:/12148/cb11976044c";"Null"
"http://data.bnf.fr/ark:/12148/cb354567485";"[Recueil. Eventails publicitaires]";"192";"Paris";"Galeries Lafayette";"Null";"2 pièces";"http://data.bnf.fr/ark:/12148/cb11978758g";"Null"
"http://data.bnf.fr/ark:/12148/cb35457860j";"Grand cirque ménagerie : [Programme]";"192";"[Paris]";"Amar frères";"Null";"Null";"http://data.bnf.fr/ark:/12148/cb11931206b";"Null"
"http://data.bnf.fr/ark:/12148/cb354959965";"Réparation du dommage corporel en oto-rhino-laryngologie";"192";"Paris. - Milan. - Barcelone";"Masson";"Null";"X-165 p.";"http://data.bnf.fr/ark:/12148/cb11975553g";"Null"
"http://data.bnf.fr/ark:/12148/cb35506765w";"Dix personnalités de l'automobile nous disent... : [plaquette publicitaire]";"192";"Paris";"SOC";"Null";"Non paginé";"http://data.bnf.fr/ark:/12148/cb119314762";"Null"
"http://data.bnf.fr/ark:/12148/cb355069612";"Les causes de décès des moins de 25 ans : évolution, comparaison de 1968 à 1990 en Picardie et en France";"192";"Amiens";"ORS de Picardie";"Null";"114-XXXIII p.";"http://data.bnf.fr/ark:/12148/cb119314762";"Null"
"http://data.bnf.fr/ark:/12148/cb35508801d";"Chez Rondeau : [carton publicitaire]";"192";"Paris";"Rondeau";"Null";"Null";"http://data.bnf.fr/ark:/12148/cb119314762";"Null"
"http://data.bnf.fr/ark:/12148/cb35569605q";"Association pour le développement des syndicats professionnels féminins : [notice d'information]";"192";"Paris";"Association pour le développement des syndicats professionnels féminins";"Null";"[4] p.";"http://data.bnf.fr/ark:/12148/cb119356141";"Null"
"http://data.bnf.fr/ark:/12148/cb35578918v";"Der Geniale Wahnsinn : eine Studie zum Gedächtnisse Nietzsches";"192";"Leipzig";"Naumann";"Null";"119 p.";"Null";"Null"
"http://data.bnf.fr/ark:/12148/cb35660488p";"Les vieilles villes des Flandres : Belgique et Flandre française";"192";"Paris";"Librairie Dorbon-ainé";"Null";"286 p.-[28] p. de pl.";"http://data.bnf.fr/ark:/12148/cb11933792m";"Null"
"http://data.bnf.fr/ark:/12148/cb357132493";"The Second-story man";"192";"Girard";"Haldeman-Julius";"Null";"32 p.";"Null";"Null"
"http://data.bnf.fr/ark:/12148/cb358542391";"Indische Baukunst";"192";"Berlin";"E. Wasmuth";"Null";"16 p.-48 p. de pl.";"Null";"Null"
"http://data.bnf.fr/ark:/12148/cb358542407";"Asiatische Monumentalplastik";"192";"Berlin";"E. Wasmuth";"Null";"16 p.-48 p. de pl.";"Null";"Null"
"http://data.bnf.fr/ark:/12148/cb35854242x";"Indische Miniaturen der islamischen Zeit";"192";"Berlin";"E. Wasmuth";"Null";"17 p.-48 p. de pl.";"Null";"Null"
"http://data.bnf.fr/ark:/12148/cb358618333";"Futurismo : marciare non marcire";"192";"Roma";"Movimento futurista";"Null";"[2] p.";"Null";"Null"
"http://data.bnf.fr/ark:/12148/cb35871792j";"[Recueil. Documents publicitaires]";"192";"Paris";"Compagnie Sullivan";"Null";"Null";"http://data.bnf.fr/ark:/12148/cb11953162f";"Null"
