id;title;date;place;publisher;firstyear;description;subject;gallica
"http://data.bnf.fr/ark:/12148/cc5937v";"Alfassi, Itshak ben Ya’acov Cohen (1013-1103). Hilkwt hariyp. ‫ אלפסי, יצחק בן יעקב. הלכות הריף";"1333";"Null";"Null";"Null";"Papier. 196 f. Ecriture carrée de type séfarade";"Null";"http://gallica.bnf.fr/ark:/12148/btv1b10721464b"
"http://data.bnf.fr/ark:/12148/cb32407179k";"Escritura. Ensayo. Critica. Poesia. Novela y cuento. Música. Artes plasticas. Teatro. Cine. Por la paz. Libros. Grabados e illustraciones. Aparece diez veces al año. Dir. : Julio Bayce, Carlos Maggi, Hugo Balzo. Año I, N° 2, noviembre de 1947";"1333";"Montevideo";"Null";"1333";"Null";"Null";"Null"
"http://data.bnf.fr/ark:/12148/cb33715464r";"Arrêt du Parlement de Paris du 31 Décembre 1333 qui maintient le grand Pannetier de France dans sa juridiction sur les boulangers de la ville de Paris";"1333";"(S. l. n. d.)";"Null";"1333";"In-fol.";"Null";"Null"
"http://data.bnf.fr/ark:/12148/cb33809983b";"Mandement (à la Chambre des comptes de Paris) pour extraire les ordonnances sur le fait de l'écurie et argenterie du Roy";"1333";"(S. l. n. d.)";"Null";"1333";"In-4°, 1 p.";"Null";"Null"
