id;title;date;place;publisher;firstyear;description;subject;gallica
"http://data.bnf.fr/ark:/12148/cb370196142";"Le Guaranis";"189";"Paris";"Fayard";"Null";"350 p.";"Null";"Null"
"http://data.bnf.fr/ark:/12148/cb371175285";"Opera Mag. Luysii Legionensis,... Tomus II";"189";"Salmanticae";"Episcopali calatravae collegio";"Null";"472 p.";"Null";"Null"
"http://data.bnf.fr/ark:/12148/cb37117526g";"[Opera Mag. Luysii Legionensis,...] Tomus IV";"189";"Salmanticae";"Episcopali calatravae collegio";"Null";"485 p.";"Null";"Null"
"http://data.bnf.fr/ark:/12148/cb37117527t";"[Opera Mag. Luysii Legionensis,...] Tomus III";"189";"Salmanticae";"Episcopali calatravae collegio";"Null";"522 p.";"Null";"Null"
"http://data.bnf.fr/ark:/12148/cb374636239";"Les contemporains Quatrième série : études et portraits littéraires";"189";"Paris";"Société française d'imprimerie et de librairie";"Null";"342 p.";"http://data.bnf.fr/ark:/12148/cb12068934d";"Null"
"http://data.bnf.fr/ark:/12148/cb37544789h";"L'art de bien choisir sa femme d'après la physionomie (physiognomonie)";"189";"Paris";"Éd. Nilsson";"Null";"XV-240 p.";"Null";"Null"
"http://data.bnf.fr/ark:/12148/cb38643726p";"Sedan - Bouillon - Les Ardennes : [photographies]";"189";"Null";"Null";"Null";"1 album de 23 photogr. pos., vol. 1, in-8 obl.";"Null";"Null"
"http://data.bnf.fr/ark:/12148/cb386437271";"Quelques paysages ... Saint Malo Août 1895 - Paramé - St Servan - Mont-Saint-Michel : [photographies]";"189";"Null";"Null";"Null";"1 album de 17 photogr. pos., vol. 2, in-8 obl.";"Null";"Null"
"http://data.bnf.fr/ark:/12148/cb38643721z";"Chemins de fer du Nord. Ligne de Paris à Compiègne par Chantilly. Petites vues photographiques : [photographies]";"189";"[Paris]";"[Chemins de fer du Nord]";"Null";"1 album in-8, 74 photogr. pos.";"http://data.bnf.fr/ark:/12148/cb119311736";"Null"
"http://data.bnf.fr/ark:/12148/cb38643729q";"Quelques vues de Biarritz et de Bayonne : Février 1896";"189";"Null";"Null";"Null";"1 album de 25 photogr. pos., vol. 4, in-8 obl.";"Null";"Null"
"http://data.bnf.fr/ark:/12148/cb387739339";"Extrait des statuts et règlements maçonniques";"189";"[S. l.]";"Null";"Null";"4 p.";"Null";"Null"
"http://data.bnf.fr/ark:/12148/cb388923152";"Socialisme libertaire et anarchie";"189";"Paris";"Revue socialiste. - V. Giard & Brière";"Null";"32 p.";"http://data.bnf.fr/ark:/12148/cb12647612n";"http://gallica.bnf.fr/ark:/12148/bpt6k203041z"
"http://data.bnf.fr/ark:/12148/cb38913544z";"Les petits vagabonds";"189";"Paris";"Hachette";"Null";"266 p.";"Null";"http://gallica.bnf.fr/ark:/12148/bpt6k202392q"
"http://data.bnf.fr/ark:/12148/cb39001017k";"L'exilée";"189";"Paris";"Calmann-Lévy";"Null";"269 p.";"Null";"http://gallica.bnf.fr/ark:/12148/bpt6k2067909"
"http://data.bnf.fr/ark:/12148/cb39642354q";"Três mazurkas : para piano";"189";"Porto";"M. Angelo";"Null";"7 p. : couv. orn.  ; 34 cm";"http://data.bnf.fr/ark:/12148/cb119604900";"http://gallica.bnf.fr/ark:/12148/btv1b9069300s"
"http://data.bnf.fr/ark:/12148/cb39747092t";"Compositions pour piano à 4 mains Vol. I";"189";"Braunschweig. - New York";"H. Litolff's Verlag";"Null";"pagination multiple : 31 cm";"http://data.bnf.fr/ark:/12148/cb14630767k";"Null"
"http://data.bnf.fr/ark:/12148/cb39747782f";"Compositions pour piano à 4 mains";"189";"Braunschweig";"H. Litolff";"Null";"97 p. : 31 cm";"http://data.bnf.fr/ark:/12148/cb13601444k";"Null"
"http://data.bnf.fr/ark:/12148/cb39747540z";"Das Liebesmahl des Apostel : eine biblische Scene";"189";"Leipzig";"Breitkopf & Härtel";"Null";"37 p. : 28 cm";"http://data.bnf.fr/ark:/12148/cb13601444k";"Null"
"http://data.bnf.fr/ark:/12148/cb397475957";"Franciscus : oratorium voor soli, koor, orgel en orkest";"189";"Leipzig. - Brüssel";"Breitkopf & Härtel";"Null";"1 partition (XXX-301 p.) : 28 cm";"http://data.bnf.fr/ark:/12148/cb12490452b";"Null"
"http://data.bnf.fr/ark:/12148/cb397477844";"The celebrated music introduced in the tragedy of Macbeth : the pianoforte accompaniment arranged by Vincent Novello";"189";"London. - New York";"Novello and company. - Novello, Ewer and co. ";"Null";"1 partition (21 p.) : 26 cm";"http://data.bnf.fr/ark:/12148/cb11976032c";"Null"
"http://data.bnf.fr/ark:/12148/cb39749101f";"Un orage : imitation de la nature";"189";"Bruxelles";"Schott frères";"Null";"11 p. : couv. ill.  ; 35 cm";"http://data.bnf.fr/ark:/12148/cb11975999w";"Null"
"http://data.bnf.fr/ark:/12148/cb397490104";"Verzameling van oude vlaamsche Liederen : Begeleiding van piano";"189";"Brussel";"A. Cranz";"Null";"1 partition (11 p.) : couv. orn.  ; 35 cm";"http://data.bnf.fr/ark:/12148/cb12293235k";"Null"
"http://data.bnf.fr/ark:/12148/cb397490731";"Andante cantabile : pour clarinette et orgue";"189";"Bordeaux";"A. Delmouly";"Null";"1 partition (8 p.) : couv. orn.  ; 1 partie";"http://data.bnf.fr/ark:/12148/cb11975999w";"Null"
"http://data.bnf.fr/ark:/12148/cb39749862k";"Pisne soumraku : pro zpevny hlas a klavir";"189";"Praha";"Mojmir Urbanek";"Null";"15 p. : 31 cm";"http://data.bnf.fr/ark:/12148/cb15004801c";"Null"
"http://data.bnf.fr/ark:/12148/cb39750017k";"Resignation : [Singstimme und Pianoforte]";"189";"Leipzig";"Breitkopf & Härtel";"Null";"[2] p. : couv. ill.  ; 35 cm";"http://data.bnf.fr/ark:/12148/cb11975999w";"Null"
"http://data.bnf.fr/ark:/12148/cb397524411";"Trios pour piano, violon & violoncelle";"189";"Brauschweig";"H. Litolff";"Null";"1 partition (154 p.) : 31 cm";"http://data.bnf.fr/ark:/12148/cb119329384";"Null"
"http://data.bnf.fr/ark:/12148/cb39752924t";"Le tableau parlant : opéra comique";"189";"Bruxelles";"E. Lauweryns";"Null";"1 partition (126 p.) : 27 cm";"http://data.bnf.fr/ark:/12148/cb11976032c";"Null"
"http://data.bnf.fr/ark:/12148/cb39754726f";"Achte Symphonie : C Moll";"189";"Wien. - Berlin";"Universal Ed. ";"Null";"75 p. : 31 cm";"http://data.bnf.fr/ark:/12148/cb13601444k";"Null"
"http://data.bnf.fr/ark:/12148/cb39754727s";"IX. Symphonie";"189";"Wien. - Leipzig";"Universal Ed. ";"Null";"109 p. : 31 cm";"http://data.bnf.fr/ark:/12148/cb11975999w";"Null"
"http://data.bnf.fr/ark:/12148/cb39754646s";"Samson : Oratorium";"189";"Leipzig";"J. Rieter-Biedermann";"Null";"1 partition (277 p.) : 29 cm";"http://data.bnf.fr/ark:/12148/cb12490452b";"Null"
"http://data.bnf.fr/ark:/12148/cb397546594";"Dettinger Te Deum";"189";"Leipzig";"J. Rieter-Biedermann";"Null";"1 partition (80 p.) : 28 cm";"http://data.bnf.fr/ark:/12148/cb12490452b";"Null"
"http://data.bnf.fr/ark:/12148/cb39755272g";"Symphonie III : op. 97";"189";"Braunschweig";"H. Litolff";"Null";"31 p. : couv. orn.  ; 31 cm";"http://data.bnf.fr/ark:/12148/cb14640376n";"Null"
"http://data.bnf.fr/ark:/12148/cb39754724r";"VI. Symphonie : für grosses Orchester";"189";"Leipzig. - Wien";"Universal Ed. ";"Null";"69 p. : 31 cm";"http://data.bnf.fr/ark:/12148/cb119604900";"Null"
"http://data.bnf.fr/ark:/12148/cb397548152";"Rédemption";"189";"Paris";"Heugel";"Null";"1 partition (133 p.) : 28 cm";"http://data.bnf.fr/ark:/12148/cb12490452b";"Null"
"http://data.bnf.fr/ark:/12148/cb397547253";"VII. Symphonie : E Dur";"189";"Leipzig. - Wien";"Universal Ed. ";"Null";"49 p. : 31 cm";"http://data.bnf.fr/ark:/12148/cb13601444k";"Null"
"http://data.bnf.fr/ark:/12148/cb39754723d";"Fünfte Symphonie : für grosses Orchester";"189";"Leipzig. - Wien";"Universal Ed. ";"Null";"81 p. : 31 cm";"http://data.bnf.fr/ark:/12148/cb14640376n";"Null"
"http://data.bnf.fr/ark:/12148/cb397552714";"Symphonie II : op. 61";"189";"Braunschweig";"H. Litolff";"Null";"37 p. : couv. orn.  ; 31 cm";"http://data.bnf.fr/ark:/12148/cb14640376n";"Null"
"http://data.bnf.fr/ark:/12148/cb39754648g";"Susanna : Oratorium";"189";"Leipzig";"J. Rieter-Biedermann";"Null";"1 partition (196 p.) : 29 cm";"http://data.bnf.fr/ark:/12148/cb11976032c";"Null"
"http://data.bnf.fr/ark:/12148/cb397577176";"Der Messias : Oratorium";"189";"Brauschweig";"H. Litolff";"Null";"1 partition (214 p.) : 25 cm";"http://data.bnf.fr/ark:/12148/cb12287908c";"Null"
"http://data.bnf.fr/ark:/12148/cb39758107g";"20 ausgewählte Sonaten für Pianoforte";"189";"Leipzig";"Breitkopf & Härtel";"Null";"65 p. : 32 cm";"http://data.bnf.fr/ark:/12148/cb146323747";"Null"
"http://data.bnf.fr/ark:/12148/cb397578582";"Die erste Walpurgisnacht : für Chor und Orchester";"189";"Leipzig";"Breitkopf & Härtel";"Null";"1 partition (67 p.) : 28 cm";"http://data.bnf.fr/ark:/12148/cb133342398";"Null"
"http://data.bnf.fr/ark:/12148/cb39757688f";"Drei Gedichte von Michelangelo : für eine Bassstimme und Klavier";"189";"Mannheim";"K. F. Heckel";"Null";"10 p. : 34 cm";"http://data.bnf.fr/ark:/12148/cb15888306q";"Null"
"http://data.bnf.fr/ark:/12148/cb39757719w";"Theodora : Oratorium";"189";"Leipzig";"J. Rieter-Biedermann";"Null";"1 partition (176 p.) : 28 cm";"http://data.bnf.fr/ark:/12148/cb12490452b";"Null"
"http://data.bnf.fr/ark:/12148/cb397578551";"Otello : dramma lirico in quattro atti";"189";"Milano. - Roma. - Napoli [etc.]";"Ricordi";"Null";"1 partition (364 p.) : 28 cm";"http://data.bnf.fr/ark:/12148/cb12490452b";"Null"
"http://data.bnf.fr/ark:/12148/cb39757718j";"Die Entführung aus dem Sérail : Oper in drei Aufzügen";"189";"Brauschweig";"H. Litolff";"Null";"1 partition (160 p.) : 25 cm";"http://data.bnf.fr/ark:/12148/cb11976227b";"Null"
"http://data.bnf.fr/ark:/12148/cb39759120x";"Schumann-Album : Lieder und Gesänge";"189";"Brauschweig";"H. Litolff";"Null";"6 vol. (147, 136, 103, 95, 83, 87 p.) : couv. orn.  ; 29 cm";"http://data.bnf.fr/ark:/12148/cb14620834p";"Null"
"http://data.bnf.fr/ark:/12148/cb397598634";"The masque in Dioclesian or The prophetess";"189";"London";"Novello";"Null";"1 partition (54 p.) : couv. orn. ; 26 cm";"http://data.bnf.fr/ark:/12148/cb12490452b";"Null"
"http://data.bnf.fr/ark:/12148/cb397594302";"Der arme Heinrich : ein Musikdrama in 2 Akten";"189";"[S.l.]";"[s.n.]";"Null";"1 partition (159 p.) : 28 cm";"http://data.bnf.fr/ark:/12148/cb11976227b";"Null"
"http://data.bnf.fr/ark:/12148/cb39759841t";"Popular pieces by old italian composers : for the clavecin";"189";"London";"Augener";"Null";"117 p. : portr.  ; 31 cm";"http://data.bnf.fr/ark:/12148/cb12111871s";"Null"
"http://data.bnf.fr/ark:/12148/cb397598398";"Messa di Papa Marcello : a sei voci";"189";"Milano. - Roma. - Napoli [etc.]";"G. Ricordi & C. ";"Null";"1 partition (53 p.) : couv. ill. en coul.  ; 29 cm";"http://data.bnf.fr/ark:/12148/cb119329384";"Null"
"http://data.bnf.fr/ark:/12148/cb39762902q";"Grosse Pedal-Etude : als Concertstück oder Nachspiel";"189";"Braunschweig. - New York";"H. Litolff";"Null";"15 p. : 30 cm";"http://data.bnf.fr/ark:/12148/cb14621704q";"Null"
"http://data.bnf.fr/ark:/12148/cb39764336v";"Marches d'harmonies : pratiquées dans la composition, produisant des suites régulières de consonnaces et de dissonances";"189";"Paris";"Heugel";"Null";"1 partition (137 p.) : 35 cm";"http://data.bnf.fr/ark:/12148/cb11948111j";"Null"
"http://data.bnf.fr/ark:/12148/cb309633550";"L'hygiène de la beauté : formulaire cosmétique";"189";"Paris";"O. Doin";"Null";"XVI-366 p.";"http://data.bnf.fr/ark:/12148/cb11965430b";"http://gallica.bnf.fr/ark:/12148/bpt6k204044c"
"http://data.bnf.fr/ark:/12148/cb397696199";"Scenografia : diversi soggetti fantastici";"189";"Torino";"C. Crudo & C.";"Null";"Null";"Null";"Null"
"http://data.bnf.fr/ark:/12148/cb39769684r";"Nouvelle machinerie théâtrale : la Double scène";"189";"Lyon";"les auteurs";"Null";"13 p.";"Null";"Null"
"http://data.bnf.fr/ark:/12148/cb397696315";"Marseille revue : 1ère série";"189";"[S. l.]";"Null";"Null";"[16] p. de pl. en coul.";"Null";"Null"
"http://data.bnf.fr/ark:/12148/cb397739819";"Mythologie de la Grèce antique";"189";"Paris";"Garnier frères";"Null";"XXXVII-693 p.";"Null";"Null"
"http://data.bnf.fr/ark:/12148/cb397736897";"L'Archéologie grecque";"189";"Paris";"A. Picard";"Null";"XI-394 p.";"Null";"Null"
"http://data.bnf.fr/ark:/12148/cb398109805";"Lettre de Reynaldo Hahn à Edouard Risler, 18 janvier 189(2)";"189";"Null";"Null";"Null";"Null";"Null";"Null"
"http://data.bnf.fr/ark:/12148/cb39812586m";"Critique de l'ouvrage d'Arthur Pougin sur la musique russe, 189.";"189";"Null";"Null";"Null";"2 p. : in-12";"Null";"Null"
"http://data.bnf.fr/ark:/12148/cb40020408r";"Lugat-ı Naci";"189";"Y.y.";"yayl. y.";"Null";"[6]-903 p.";"Null";"Null"
"http://data.bnf.fr/ark:/12148/cb32146127d";"Manufacture nationale de Sèvres. Catalogue du Musée céramique";"189";"Paris, Leroux";"Null";"Null";"Null";"Null";"Null"
"http://data.bnf.fr/ark:/12148/cb32497156s";"Napoleon in exile or a voice from St. Helena : the opinions and reflections of Napoleon on the most important events in his life and government in his own words/by Barry E. O'Meara,...";"189";"New York : P. Eckler";"Null";"Null";"Null";"Null";"Null"
"http://data.bnf.fr/ark:/12148/cb32607950d";"Les Vaincus de Thermidor : causerie républicaine faite/à la L @ n° 3 la Justice... ; par le F @ Schäfer,...";"189";"Paris : Impr. du F @ Imbert";"Null";"Null";"Null";"Null";"Null"
"http://data.bnf.fr/ark:/12148/cb33270010w";"Oun Tal. Bingnes y dones, coumedi an dous actes. 3e édicion";"189";"Párpigná";"impr. da Barriere";"Null";"In-8, 55 p.";"Null";"Null"
"http://data.bnf.fr/ark:/12148/cb34344605m";"Oeuvres complètes de Frédéric Nietzsche";"189";"Paris";"Mercure de France";"Null";"Null";"Null";"Null"
"http://data.bnf.fr/ark:/12148/cb35298263n";"Le Lys dans la vallée";"189";"Paris";"Calmann-Lévy";"Null";"Null";"Null";"Null"
"http://data.bnf.fr/ark:/12148/cb35298270x";"Illusions perdues";"189";"Paris";"Calmann-Lévy";"Null";"Null";"Null";"Null"
"http://data.bnf.fr/ark:/12148/cb35298188q";"La Maison du chat-qui-pelote";"189";"Paris";"Calmann-Lévy";"Null";"Null";"Null";"Null"
"http://data.bnf.fr/ark:/12148/cb35298256c";"Pierrette";"189";"Paris";"Calmann-Lévy";"Null";"Null";"Null";"Null"
"http://data.bnf.fr/ark:/12148/cb352982373";"Le Contrat de mariage";"189";"Paris";"Calmann-Lévy";"Null";"Null";"Null";"Null"
"http://data.bnf.fr/ark:/12148/cb352982284";"Le Mémoires de deux jeunes mariées";"189";"Paris";"Calmann-Lévy";"Null";"Null";"Null";"Null"
"http://data.bnf.fr/ark:/12148/cb35298259d";"Un Ménage de garçon";"189";"Paris";"Calmann-Lévy";"Null";"Null";"Null";"Null"
"http://data.bnf.fr/ark:/12148/cb352982629";"L'Illustre Gaudissart";"189";"Paris";"Calmann-Lévy";"Null";"Null";"Null";"Null"
"http://data.bnf.fr/ark:/12148/cb352982311";"La Femme de trente ans";"189";"Paris";"Calmann-Lévy";"Null";"Null";"Null";"Null"
"http://data.bnf.fr/ark:/12148/cb352982431";"Modeste Mignon";"189";"Paris";"Calmann-Lévy";"Null";"Null";"Null";"Null"
"http://data.bnf.fr/ark:/12148/cb352998072";"Les Employés";"189";"Paris";"Calmann-Lévy";"Null";"Null";"Null";"Null"
"http://data.bnf.fr/ark:/12148/cb35299758p";"Histoire des Treize";"189";"Paris";"Calmann-Lévy";"Null";"Null";"Null";"Null"
"http://data.bnf.fr/ark:/12148/cb35299767n";"Grandeur et décadence de César Birotteau";"189";"Paris";"Calmann-Lévy";"Null";"Null";"Null";"Null"
"http://data.bnf.fr/ark:/12148/cb352998130";"Une Ténébreuse affaire";"189";"Paris";"Calmann-Lévy";"Null";"Null";"Null";"Null"
"http://data.bnf.fr/ark:/12148/cb35299814b";"L'Envers de l'Histoire contemporaine";"189";"Paris";"Calmann-Lévy";"Null";"Null";"Null";"Null"
"http://data.bnf.fr/ark:/12148/cb35299794j";"La Maison Nucingen";"189";"Paris";"Calmann-Lévy";"Null";"Null";"Null";"Null"
"http://data.bnf.fr/ark:/12148/cb35308805f";"La Cousine Bette";"189";"Paris";"Calmann-Lévy";"Null";"Null";"Null";"Null"
"http://data.bnf.fr/ark:/12148/cb35308863m";"Les Petits bourgeois 1";"189";"Paris";"Calmann-Lévy";"Null";"Null";"Null";"Null"
"http://data.bnf.fr/ark:/12148/cb353110648";"Un Début dans la vie";"189";"Paris";"Calmann-Lévy";"Null";"Null";"Null";"Null"
"http://data.bnf.fr/ark:/12148/cb353115519";"Séraphita";"189";"Paris";"Calmann-Lévy";"Null";"255 p.";"Null";"Null"
"http://data.bnf.fr/ark:/12148/cb35311479d";"Le Médecin de campagne";"189";"Paris";"Calmann-Lévy";"Null";"312 p.";"Null";"Null"
"http://data.bnf.fr/ark:/12148/cb353115530";"Louis Lambert";"189";"Paris";"Calmann-Lévy";"Null";"289 p.";"Null";"Null"
"http://data.bnf.fr/ark:/12148/cb35311548d";"La Peau de chagrin";"189";"Paris";"Calmann-Lévy";"Null";"341 p.";"Null";"Null"
"http://data.bnf.fr/ark:/12148/cb35311549r";"La Recherche de l'absolu";"189";"Paris";"Calmann-Lévy";"Null";"255 p.";"Null";"Null"
"http://data.bnf.fr/ark:/12148/cb353501315";"Les Chants rustiques";"189";"Paris";"P. Tralin";"Null";"240 p.";"http://data.bnf.fr/ark:/12148/cb120097267";"Null"
"http://data.bnf.fr/ark:/12148/cb35441672b";"The Bhagavad Gita or The Divine ode";"189";"New York";"Vedânta society";"Null";"XXVI-180 p.";"Null";"Null"
"http://data.bnf.fr/ark:/12148/cb35454851v";"L'Album des lundis";"189";"Paris";"Librairie du Figaro";"Null";"63 p.";"Null";"Null"
"http://data.bnf.fr/ark:/12148/cb35496350f";"Catalogue spécial de vêtements ecclésiastiques";"189";"Le Mans";"Esnault fils aîné";"Null";"16 p.";"http://data.bnf.fr/ark:/12148/cb11941484w";"Null"
"http://data.bnf.fr/ark:/12148/cb35717597r";"Spécialité de coiffures de dames : [document publicitaire]";"189";"Paris";"Deydier";"Null";"Dépl.";"http://data.bnf.fr/ark:/12148/cb119314762";"Null"
"http://data.bnf.fr/ark:/12148/cb35983817x";"La fin de l'esclavage aux États-Unis";"189";"Paris";"Ch. Delagrave";"Null";"187 p.";"Null";"http://gallica.bnf.fr/ark:/12148/bpt6k68793w"
