id;title;date;place;publisher;firstyear;description;subject;gallica
"http://data.bnf.fr/ark:/12148/cc51143h/cd0e213";"4 Lettres de Philippe, duc de Bourgogne, par lesquelles il promet rendre au roi les villes de Douai ct Orchies, 1368.";"1368";"Null";"Null";"Null";"Null";"Null";"Null"
"http://data.bnf.fr/ark:/12148/cb337528581";"Acte qui faict voir que d'ancienneté les Seigneurs de Rohan, & de Molac, estoient parents. De l'an 1368";"1368";"[S. l. n. d. ?]";"Null";"1368";"Null";"Null";"Null"
"http://data.bnf.fr/ark:/12148/cb338100440";"Lettres d'attribution au Chastellet de Paris de l'exécution du scel dudit Chastellet (des 8 février 1368, 6 octobre 1447 et 25 juin 1473)";"1368";"(S. l. n. d.)";"Null";"1368";"In-fol., 4 p.";"Null";"Null"
"http://data.bnf.fr/ark:/12148/cb33810045b";"Mandement aux audiancier et controlleur, portant qu'ils ayent à envoyer à la Chambre (des comptes) toutes lettres scellées touchant amortissement, légitimations et annoblissemens, avant que de les délivrer à personnes quelconques, à peine de payer par eux la finance qui en seroit due";"1368";"(S. l. n. d.)";"Null";"1368";"In-4°, 2 p.";"Null";"Null"
