id;title;date;place;publisher;firstyear;description;subject;gallica
"http://data.bnf.fr/ark:/12148/cb370784464";"Biographie universelle ancienne et moderne Tome vingt et unième : ou histoire, par ordre alphabétique, de la vie publique et privée de tous les hommes qui se sont fait remarquer par leurs écrits, leurs actions, leurs talents, leurs vertus ou leurs crimes";"185";"Paris. - Leipzig";"Madame C. Desplaces. - F. A. Brockhaus";"Null";"656 p.";"http://data.bnf.fr/ark:/12148/cb11964543q";"Null"
"http://data.bnf.fr/ark:/12148/cb370784673";"Biographie universelle ancienne et moderne Tome vingt-sixième : ou histoire, par ordre alphabétique, de la vie publique et privée de tous les hommes qui se sont fait remarquer par leurs écrits, leurs actions, leurs talents, leurs vertus ou leurs crimes";"185";"Paris. - Leipzig";"Madame C. Desplaces. - F. A. Brockhaus";"Null";"696 p.";"http://data.bnf.fr/ark:/12148/cb11964543q";"Null"
"http://data.bnf.fr/ark:/12148/cb37078465d";"Biographie universelle ancienne et moderne Tome vingt-quatrième : ou histoire, par ordre alphabétique, de la vie publique et privée de tous les hommes qui se sont fait remarquer par leurs écrits, leurs actions, leurs talents, leurs vertus ou leurs crimes";"185";"Paris. - Leipzig";"Madame C. Desplaces. - F. A. Brockhaus";"Null";"642 p.";"http://data.bnf.fr/ark:/12148/cb11964543q";"Null"
"http://data.bnf.fr/ark:/12148/cb37078466r";"Biographie universelle ancienne et moderne Tome vingt-cinquième : ou histoire, par ordre alphabétique, de la vie publique et privée de tous les hommes qui se sont fait remarquer par leurs écrits, leurs actions, leurs talents, leurs vertus ou leurs crimes";"185";"Paris. - Leipzig";"Madame C. Desplaces. - F. A. Brockhaus";"Null";"668 p.";"http://data.bnf.fr/ark:/12148/cb119342229";"Null"
"http://data.bnf.fr/ark:/12148/cb37078463q";"Biographie universelle ancienne et moderne Tome vingt-troisième : ou histoire, par ordre alphabétique, de la vie publique et privée de tous les hommes qui se sont fait remarquer par leurs écrits, leurs actions, leurs talents, leurs vertus ou leurs crimes";"185";"Paris. - Leipzig";"Madame C. Desplaces. - F. A. Brockhaus";"Null";"660 p.";"http://data.bnf.fr/ark:/12148/cb119342229";"Null"
"http://data.bnf.fr/ark:/12148/cb37078462c";"Biographie universelle ancienne et moderne Tome vingt-deuxième : ou histoire, par ordre alphabétique, de la vie publique et privée de tous les hommes qui se sont fait remarquer par leurs écrits, leurs actions, leurs talents, leurs vertus ou leurs crimes";"185";"Paris. - Leipzig";"Madame C. Desplaces. - F. A. Brockhaus";"Null";"664 p.";"http://data.bnf.fr/ark:/12148/cb119342229";"Null"
"http://data.bnf.fr/ark:/12148/cb397695269";"Comment on débute au théâtre";"185";"Paris";"Journal amusant, Petit journal pour rire";"Null";"20 p.";"Null";"Null"
"http://data.bnf.fr/ark:/12148/cb397975869";"Lettre de Hector Berlioz à Monsieur Samuel, 16 Avril 185.";"185";"Null";"Null";"Null";"Null";"Null";"http://gallica.bnf.fr/ark:/12148/btv1b53025915m"
"http://data.bnf.fr/ark:/12148/cb323827576";"Histoire de l'Algérie française depuis les temps les plus reculés jusqu' après la défaite d'Abd-el-Kader...";"185";"Paris : A. Labitte";"Null";"Null";"Null";"Null";"Null"
"http://data.bnf.fr/ark:/12148/cb325909078";"Histoire de Jean Racine...";"185";"Tours";"Null";"Null";"Null";"Null";"Null"
"http://data.bnf.fr/ark:/12148/cb33366985p";"L'Enfant sage à trois ans, contenant les Demandes que lui fit l'Empereur Adrien et les Réponses de l'Enfant";"185";"Troyes";"Ve Oudot";"Null";"In-24. Pièce";"Null";"Null"
"http://data.bnf.fr/ark:/12148/cb33418310r";"Histoire de Venise en 150 planches composées et dessinées par Mr Joseph Gatteri... illustrées par M. François Zanotto,...";"185";"Paris";"B. Duprat";"Null";"In-4°. Pièce";"Null";"Null"
"http://data.bnf.fr/ark:/12148/cb33554031x";"Ministère de l'instruction publique et des cultes. Programme pour l'examen du baccalauréat ès lettres prescrit par arrêté du 5 septembre 1852";"185";"Paris";"J. Delalain";"Null";"In-12. Pièce";"Null";"Null"
"http://data.bnf.fr/ark:/12148/cb336052190";"Société impériale d'agriculture, sciences et arts de l'arrondissement de Valenciennes. Défense des intérêts agricoles, industriels de l'arrondissement de Valenciennes. Question des Houilles";"185";"Valenciennes";"imp. de B. Henry";"Null";"In-8° pièce";"Null";"Null"
"http://data.bnf.fr/ark:/12148/cb33604305b";"Sketch of the life of Louis Kossuth, governor of Hungary. Together with... the letter of Daniel Webster to chevalier Hulsemann";"185";"New York";"Springer and Townsend";"Null";"In-8°";"Null";"Null"
"http://data.bnf.fr/ark:/12148/cb33638903w";"Velars-sur-Ouche, le 1 juin 185... . Le Président de la Confrérie de Notre-Dame d'Etang aux associés de la dite Confrérie (20 juin 185...)";"185";"Dijon";"imp. de Loreau-Fauchot";"Null";"In-8° pièce";"Null";"Null"
"http://data.bnf.fr/ark:/12148/cb35495002h";"Dessication, réduction des substances alimentaires végétales à l'usage de la Marine et de la Guerre";"185";"Paris";"Chollet et Cie";"Null";"[1] p.";"http://data.bnf.fr/ark:/12148/cb11978806h";"Null"
