id;title;date;place;publisher;firstyear;description;subject;gallica
"http://data.bnf.fr/ark:/12148/cb370973221";"Internet : guide des meilleurs sites pour la gestion et le management";"200";"Paris";"Gualino éd.";"Null";"127 p.";"http://data.bnf.fr/ark:/12148/cb135081986";"Null"
"http://data.bnf.fr/ark:/12148/cb37188991q";"Guillestre";"200";"Aix-en-Provence";"Groupe Verneuil-Calade";"Null";"159 p.";"http://data.bnf.fr/ark:/12148/cb11932512b";"Null"
"http://data.bnf.fr/ark:/12148/cb372127427";"Les dépendances";"200";"Paris";"J'ai lu";"Null";"125 p.";"http://data.bnf.fr/ark:/12148/cb124530911";"Null"
"http://data.bnf.fr/ark:/12148/cb375691106";"Evas Cousine";"200";"München";"Claassen";"Null";"366 p.";"Null";"Null"
"http://data.bnf.fr/ark:/12148/cb376275612";"Les plantes médicinales et aromatiques de nos grands-mères";"200";"Paris";"Éd. Trajectoire";"Null";"339 p.";"http://data.bnf.fr/ark:/12148/cb11933149t";"Null"
"http://data.bnf.fr/ark:/12148/cb37721133f";"Collection consacrée aux problèmes relatifs aux accord internationaux d'investissement";"200";"New York. - Geneva";"United Nations";"Null";"Null";"Null";"Null"
"http://data.bnf.fr/ark:/12148/cb377211354";"Panorama of the European union";"200";"Luxembourg";"Office des publications officielles des Communautés européennes";"Null";"Null";"Null";"Null"
"http://data.bnf.fr/ark:/12148/cb377570786";"About town : the New Yorker and the world it made";"200";"New York";"Scribner";"Null";"478 p.-[16] p. de pl.";"http://data.bnf.fr/ark:/12148/cb119344445";"Null"
"http://data.bnf.fr/ark:/12148/cb38926219v";"Femmes et crises urbaines : Relations de genre et stratégies pour gérer des environnements précaires dans des pays du Sud et de l'Est";"200";"[Paris?]";"UNESCO. - EDES";"Null";"86 p.";"http://data.bnf.fr/ark:/12148/cb124919868";"Null"
"http://data.bnf.fr/ark:/12148/cb39004844d";"Bibliografía española de las islas Filipinas (1523-1810)";"200";"Mansfield Centre (Conn.)";"Martino publ.";"Null";"556 p.";"http://data.bnf.fr/ark:/12148/cb120625267";"Null"
"http://data.bnf.fr/ark:/12148/cb390158603";"The selected letters of Bertrand Russell";"200";"London";"Routledge";"Null";"2 vol.";"Null";"Null"
"http://data.bnf.fr/ark:/12148/cb39149041c";"L'oubli en sursis";"200";"Nice";"Éd. Bénévent";"Null";"124 p.";"Null";"Null"
"http://data.bnf.fr/ark:/12148/cb39258162r";"Kurdische Geschichte : eine Chronologie";"200";"Köln";"Verband der StudentInnen aus Kurdistan";"Null";"54 p.";"http://data.bnf.fr/ark:/12148/cb119344445";"Null"
"http://data.bnf.fr/ark:/12148/cb39940748x";"Les âmes de Pyongyang : récit";"200";"Paris";"Thélès";"Null";"1 vol. (123 p.)";"Null";"Null"
"http://data.bnf.fr/ark:/12148/cb400286830";"Không gian hăǹ nôi ̃ nhơ  ́ : bút ký của một sô ́ anh em khoá 72 A";"200";"Los Alamitos ( Calif.)";"Xuân Thu";"Null";"394 p.";"http://data.bnf.fr/ark:/12148/cb11960177z";"Null"
"http://data.bnf.fr/ark:/12148/cb40040975p";"Emel Esin toplu eserleri";"200";"İstanbul";"Kabalcı";"Null";"Null";"Null";"Null"
"http://data.bnf.fr/ark:/12148/cb401066640";"Latife Tekin kitapları";"200";"İstanbul";"Everest";"Null";"Null";"Null";"Null"
"http://data.bnf.fr/ark:/12148/cb40137270p";"İsmet Görgülü kitapları";"200";"Ankara";"Bilgi";"Null";"Null";"Null";"Null"
"http://data.bnf.fr/ark:/12148/cb401944504";"Dücane Cündioğlu kitaplığı";"200";"İstanbul";"Gelenek";"Null";"Null";"Null";"Null"
"http://data.bnf.fr/ark:/12148/cb402070653";"Sabancı University, Sakıp Sabancı Museum : selected works from the painting collection";"200";"İstanbul";"Sakıp Sabancı Müzesi";"Null";"1 vol. (XIII-231 p.)";"http://data.bnf.fr/ark:/12148/cb11975995h";"Null"
"http://data.bnf.fr/ark:/12148/cb40956514k";"Sämtliche Schriften und Briefe";"200";"Berlin";"Akademie Verl.";"Null";"Null";"Null";"Null"
"http://data.bnf.fr/ark:/12148/cb41017105h";"Bütün eserleri";"200";"İstanbul";"İnkılâp";"Null";"Null";"Null";"Null"
"http://data.bnf.fr/ark:/12148/cb41039992c";"̓Eklogī̀ toû psaltīríou pantós";"200";"[  ̓Athī́na]";"Κ. Χ. Σπανός";"Null";"1 vol. (5-61 p.)";"http://data.bnf.fr/ark:/12148/cb11976032c";"Null"
"http://data.bnf.fr/ark:/12148/cb41151103c";"Thiền qua tranh chăn trâu";"200";"Bagneux";"Chùa Khánh Anh";"Null";"1 vol. (96 p.)";"http://data.bnf.fr/ark:/12148/cb11931066n";"Null"
"http://data.bnf.fr/ark:/12148/cb411756990";"Cahiers de l'observatoire suisse de la santé";"200";"Chêne-Bourg ( Suisse)";"Editions Médecine et hygiène";"Null";"Null";"Null";"Null"
"http://data.bnf.fr/ark:/12148/cb41204471j";"European risk observatory report";"200";"Luxembourg";"Office for offcial publications of the European communities";"Null";"Null";"Null";"Null"
"http://data.bnf.fr/ark:/12148/cb412121467";"Conference proceedings";"200";"Seoul";"Korea institute for international economic policy";"Null";"Null";"Null";"Null"
"http://data.bnf.fr/ark:/12148/cb412173898";"Arx fatalis";"200";"[Courbevoie]";"Neo publishing";"Null";"1 disque optique numérique (CD-ROM) : coul., son. ; 12 cm";"Null";"Null"
"http://data.bnf.fr/ark:/12148/cb41217400z";"La grande évasion";"200";"Courbevoie";"Neo publishing";"Null";"2 disques optiques numériques (CD-ROM) : coul., son. ; 12 cm";"Null";"Null"
"http://data.bnf.fr/ark:/12148/cb412389391";"Lire, interpréter, mesurer, comparer, déclarer conformes les états de surface";"200";"Senlis";"CETIM";"Null";"1 vol. (81 p.)";"http://data.bnf.fr/ark:/12148/cb11970242s";"Null"
"http://data.bnf.fr/ark:/12148/cb41262009s";"Proses inachevées entre vivants et morts : essais";"200";"Aurillac";"Gerbert";"Null";"1 vol. (91 p.)";"Null";"Null"
"http://data.bnf.fr/ark:/12148/cb41271469q";"Scrabble";"200";"[Courbevoie]";"Neo publishing";"Null";"1 disque optique numérique (CD-ROM) : coul., son. ; 12 cm";"Null";"Null"
"http://data.bnf.fr/ark:/12148/cb41271522b";"Les aventures de M. Curieux et le pique-nique surprise";"200";"Courbevoie";"Neo publishing";"Null";"2 disques optiques numériques (CD-ROM) : coul., son. ; 12 cm";"Null";"Null"
"http://data.bnf.fr/ark:/12148/cb41271510b";"Les aventures de M. Chatouille";"200";"Courbevoie";"Neo publishing";"Null";"2 disques optiques numériques (CD-ROM) : coul., son. ; 12 cm";"Null";"Null"
"http://data.bnf.fr/ark:/12148/cb41273827c";"Nosferatu : the wrath of Malachi";"200";"Courbevoie";"Neo publishing";"Null";"1 disque optique numérique (CD-ROM) : coul., son. ; 12 cm";"Null";"Null"
"http://data.bnf.fr/ark:/12148/cb41283570w";"Gesammelte Schriften in Einzelausgaben";"200";"Frauenfeld";"Verl. Huber";"Null";"Null";"Null";"Null"
"http://data.bnf.fr/ark:/12148/cb412856145";"Heroes of might and magic IV";"200";"Courbevoie";"Néo publishing";"Null";"2 disques optiques numériques (CD-ROM) : coul., son. ; 12 cm";"Null";"Null"
"http://data.bnf.fr/ark:/12148/cb412855993";"Praetorians";"200";"Courbevoie";"Neo publishing";"Null";"1 disque optique numérique (CD-ROM) : coul., son. ; 12 cm";"Null";"Null"
"http://data.bnf.fr/ark:/12148/cb41286378t";"Hotel giant";"200";"[Courbevoie]";"Neo publishing";"Null";"1 disque optique numérique (CD-ROM) : coul., son. ; 12 cm";"Null";"Null"
"http://data.bnf.fr/ark:/12148/cb41285585d";"Super trucks";"200";"Courbevoie";"Neo publishing";"Null";"1 disque optique numérique (PlayStation 2) : coul. (PAL), son. ; 12 cm";"Null";"Null"
"http://data.bnf.fr/ark:/12148/cb41286626d";"Code de la route";"200";"Courbevoie";"Neo publishing";"Null";"1 disque optique numérique (DVD-ROM) : coul., son. ; 12 cm";"http://data.bnf.fr/ark:/12148/cb11937749f";"Null"
"http://data.bnf.fr/ark:/12148/cb41379664n";"Những con người, những bóng ma : bút ký";"200";"Gardena (Calif.)";"Văn mới";"Null";"1 vol. (249 p.)";"http://data.bnf.fr/ark:/12148/cb11935764v";"Null"
"http://data.bnf.fr/ark:/12148/cb42179611v";"La vigne de lumière";"200";"Brasília";"Conseil spirite international";"Null";"Null";"Null";"Null"
"http://data.bnf.fr/ark:/12148/cb42672791s";"Small moments";"200";"London. - [France]";"Rough trade records. - [distrib. Naïve distribution]";"Null";"1 disque compact";"Null";"Null"
