id;title;date;place;publisher;firstyear;description;subject;gallica
"http://data.bnf.fr/ark:/12148/cb36702646v";"Pir Sultan Abdal : hayatı ve şiirleri";"194";"Ankara";"Emek basımevi";"Null";"169 p.";"Null";"Null"
"http://data.bnf.fr/ark:/12148/cb36978464g";"Gâvurun kızı";"194";"İzmir";"İbrahim Gezer";"Null";"91 p.";"Null";"Null"
"http://data.bnf.fr/ark:/12148/cb37150226s";"Les jeunes et la lutte anti-tuberculeuse";"194";"Paris";"Comité national de défense contre la tuberculose";"Null";"1 vol. (31 p.)";"http://data.bnf.fr/ark:/12148/cb11950032h";"Null"
"http://data.bnf.fr/ark:/12148/cb37171833c";"Comment faire passer une page d'histoire dans la vie de nos enfants";"194";"Paris. - Lyon";"Centre national Coeurs vaillants-Ames vaillantes";"Null";"128 p.";"http://data.bnf.fr/ark:/12148/cb11975742c";"Null"
"http://data.bnf.fr/ark:/12148/cb37335976d";"Oeuvres complètes";"194";"Paris";"Les Belles lettres";"Null";"vol.";"Null";"Null"
"http://data.bnf.fr/ark:/12148/cb37460080r";"Essai de sociologie et notes doctrinales conjointes";"194";"[Belgique]";"Ed. Lumière";"Null";"419 p.";"http://data.bnf.fr/ark:/12148/cb13319114f";"Null"
"http://data.bnf.fr/ark:/12148/cb37538285h";"Histoire de la littérature anglaise Tome premier";"194";"Paris";"Librairie Hachette";"Null";"XLIV-408 p.";"http://data.bnf.fr/ark:/12148/cb11975721d";"Null"
"http://data.bnf.fr/ark:/12148/cb39688935c";"Kleine Orgelchoralbearbeitungen : Opus 8III";"194";"Kassel. - Basel";"Bärenreiter";"Null";"31 p. : 24 x 32 cm";"http://data.bnf.fr/ark:/12148/cb13319434w";"Null"
"http://data.bnf.fr/ark:/12148/cb396895345";"Los gnomos de la Alhambra : leyenda musical";"194";"Madrid";"Union musical española";"Null";"10 p. : couv. ill. en coul.  ; 32 cm";"http://data.bnf.fr/ark:/12148/cb11975999w";"Null"
"http://data.bnf.fr/ark:/12148/cb39713247z";"Siegfried-Idyll";"194";"Wien";"Wiener Philharmonischer Verlag";"Null";"1 partition (40 p.) : portr.  ; 19 cm";"http://data.bnf.fr/ark:/12148/cb119810102";"Null"
"http://data.bnf.fr/ark:/12148/cb397132458";"Symphony III : Es dur";"194";"Wien. - Leipzig";"Wiener Philharmonischer Verlag";"Null";"1 partition (174 p.) : portr.  ; 19 cm";"http://data.bnf.fr/ark:/12148/cb119329384";"Null"
"http://data.bnf.fr/ark:/12148/cb39713129r";"Alexandra Danilova et Fernand Loba à la fenêtre d'un train, lors d'une tournée des Ballets russes de Monte-Carlo ?";"194";"Null";"Null";"Null";"1 photogr. pos. : 17 x 23 cm";"http://data.bnf.fr/ark:/12148/cb12010336g";"Null"
"http://data.bnf.fr/ark:/12148/cb39714188h";"Ausgewählte Orgelsätze : aus seinen gedruckten Werken";"194";"Leipzig";"Breitkopf & Härtel";"Null";"2 vol. (47, 53 p.) : fac-sim.  ; 31 cm";"http://data.bnf.fr/ark:/12148/cb123006834";"Null"
"http://data.bnf.fr/ark:/12148/cb39714198t";"Sonatine pour orgue : 1939";"194";"[S.l.]";"L'auteur";"Null";"10 p. : 36 cm";"http://data.bnf.fr/ark:/12148/cb12335091x";"Null"
"http://data.bnf.fr/ark:/12148/cb39714510p";"Variations sur un thème libre : pour quintette à vent";"194";"Paris";"A. Leduc";"Null";"5 parties (6, 6, 6, 6, 6 p.) : 30 cm";"http://data.bnf.fr/ark:/12148/cb12215119w";"Null"
"http://data.bnf.fr/ark:/12148/cb397475341";"Jenseits Sonne und Mond";"194";"Leipzig";"F. M. Geibel";"Null";"1 partition (72 p.) : couv. orn.  ; 28 cm";"http://data.bnf.fr/ark:/12148/cb11975995h";"Null"
"http://data.bnf.fr/ark:/12148/cb39747828x";"S[uzanne] Lorcia [et] Serge Lifar [en répétition à l']Opéra";"194";"Null";"Null";"Null";"1 photogr. pos. : 21 x 21 cm";"http://data.bnf.fr/ark:/12148/cb11932843f";"Null"
"http://data.bnf.fr/ark:/12148/cb39752359t";"Trois poèmes juifs : pour grand orchestre";"194";"New York";"G. Schirmer";"Null";"1 partition (87 p.) : 27 cm";"http://data.bnf.fr/ark:/12148/cb11975995h";"Null"
"http://data.bnf.fr/ark:/12148/cb397525899";"O vos omnes : motet pour quatre voix de femmes à capella";"194";"Paris";"Filmatone";"Null";"1 partition ([4] p.) : 27 cm";"http://data.bnf.fr/ark:/12148/cb119329384";"Null"
"http://data.bnf.fr/ark:/12148/cb39752557p";"Allemande : [pour orgue]";"194";"[S.l.]";"[s.n.]";"Null";"4 p. : 27 cm";"http://data.bnf.fr/ark:/12148/cb13601444k";"Null"
"http://data.bnf.fr/ark:/12148/cb39752471z";"Les chants du chevalier Recueil N°  3";"194";"Saint-Étienne";"Éd. du chevalier";"Null";"[80] p. : ill. en coul., couv. ill.  ; 13 x 17 cm";"http://data.bnf.fr/ark:/12148/cb120097267";"Null"
"http://data.bnf.fr/ark:/12148/cb397525550";"Or nous ditte Marie : [pour orgue]";"194";"[S.l.]";"[s.n.]";"Null";"[4] p. : 27 cm";"http://data.bnf.fr/ark:/12148/cb13319434w";"Null"
"http://data.bnf.fr/ark:/12148/cb39752588z";"O vos omnes : motet pour choeur à quatre voix mixtes a capella";"194";"Paris";"Filmatone";"Null";"1 partition ([4] p.) : 27 cm";"http://data.bnf.fr/ark:/12148/cb119329384";"Null"
"http://data.bnf.fr/ark:/12148/cb39752545p";"Dialogue : Paris, Bibliothèque Sainte Geneviève, MS. 2384";"194";"Paris. - Saint Leu la forêt";"Éd. musicales de la Schola Cantorum. - Éd. de la Procure générale de musique";"Null";"4 p. : 27 cm";"http://data.bnf.fr/ark:/12148/cb11976032c";"Null"
"http://data.bnf.fr/ark:/12148/cb397525508";"Veni creator : Paris, BN Vm1 1647";"194";"Paris. - Saint-Leu-la-Forêt";"Éd. musicales de la Schola Cantorum. - Procure générale de musique";"Null";"[2] p. : 27 cm";"http://data.bnf.fr/ark:/12148/cb11975998j";"Null"
"http://data.bnf.fr/ark:/12148/cb39752560k";"Tombeau... en forme d'Allemande : B. cons. de Paris Rés. 475";"194";"[S.l.]";"[s.n.]";"Null";"[2] p. : 27 cm";"http://data.bnf.fr/ark:/12148/cb11975998j";"Null"
"http://data.bnf.fr/ark:/12148/cb39752548q";"Fughetta sur Ave maris stella : [pour orgue]";"194";"[Paris]";"[Éd. musicales de la Schola Cantorum]";"Null";"[4] p. : 27 cm";"http://data.bnf.fr/ark:/12148/cb13319434w";"Null"
"http://data.bnf.fr/ark:/12148/cb39752559c";"Duo : B.N. Paris, Rés. Vm7 675";"194";"[S.l.]";"[s.n.]";"Null";"[2] p. : 27 cm";"http://data.bnf.fr/ark:/12148/cb11975998j";"Null"
"http://data.bnf.fr/ark:/12148/cb39752551m";"Suite du 1er ton : [pour orgue]";"194";"[S.l.]";"[s.n.]";"Null";"[2] p. : 27 cm";"http://data.bnf.fr/ark:/12148/cb13319434w";"Null"
"http://data.bnf.fr/ark:/12148/cb397525461";"Sub tuum : à 2 voix égales, soprano et alto [et orgue] ";"194";"Paris. - Saint Leu la forêt";"Éd. musicales de la Schola Cantorum. - Éd. de la Procure générale de musique";"Null";"[4] p. : 27 cm";"http://data.bnf.fr/ark:/12148/cb119329384";"Null"
"http://data.bnf.fr/ark:/12148/cb397525492";"Duo, d'après Vexilla Regis prodeunt : [pour orgue]";"194";"Paris. - Saint-Leu-la-Forêt";"Éd. musicales de la Schola Cantorum. - Procure générale de musique";"Null";"[4] p. : 27 cm";"http://data.bnf.fr/ark:/12148/cb13319434w";"Null"
"http://data.bnf.fr/ark:/12148/cb397525581";"Fantaisie : B.N. Paris, Rés. Vm7 675";"194";"[S.l.]";"[s.n.]";"Null";"[2] p. : 27 cm";"http://data.bnf.fr/ark:/12148/cb13319434w";"Null"
"http://data.bnf.fr/ark:/12148/cb397595112";"Kleine Stücke : für zwei Blockflöten (c und f) im Quintabstand";"194";"Mainz";"B. Schott's Söhne";"Null";"1 partition (16 p.) : 13 x 19 cm";"http://data.bnf.fr/ark:/12148/cb119329384";"Null"
"http://data.bnf.fr/ark:/12148/cb39772925k";"Le Drame romantique et ses grands créateurs (1827-1839)";"194";"Paris";"Presses universitaires de France";"Null";"376 p.";"Null";"Null"
"http://data.bnf.fr/ark:/12148/cb39775448k";"Le Costume...";"194";"Paris";"E. Flammarion";"Null";"Null";"Null";"Null"
"http://data.bnf.fr/ark:/12148/cb39778358b";"Liian Harvey";"194";"Paris";"la Nouvelle librairie française";"Null";"48 p.";"Null";"Null"
"http://data.bnf.fr/ark:/12148/cb397955844";"Lettre de E. Albitreccia à Georges Dandelot, (15 mars 194.?)";"194";"Null";"Null";"Null";"Null";"Null";"Null"
"http://data.bnf.fr/ark:/12148/cb39795583s";"Lettre de Olivier Alain à la Société des concerts du Conservatoire, Saint-Germain en Laye, (19 octobre 194.?)";"194";"Null";"Null";"Null";"Null";"Null";"Null"
"http://data.bnf.fr/ark:/12148/cb39805208h";"Lettres de Roger Ducasse à Marie-Louise Boellmann 5 billets, (avril 194.?)";"194";"Null";"Null";"Null";"Null";"Null";"Null"
"http://data.bnf.fr/ark:/12148/cb39888454m";"Etude de nu : [photographie]";"194";"Null";"Null";"Null";"1 photogr. pos. : 18 x 19 cm (im.)";"Null";"Null"
"http://data.bnf.fr/ark:/12148/cb39888478m";"Pêcheur réparant des filets : [photographie]";"194";"Null";"Null";"Null";"1 photogr. pos. : 23 x 29 cm (im.)";"Null";"Null"
"http://data.bnf.fr/ark:/12148/cb39888479z";"Bateau de pêche en construction : [photographie]";"194";"Null";"Null";"Null";"1 photogr. pos. : 23 x 29 cm (im.)";"Null";"Null"
"http://data.bnf.fr/ark:/12148/cb398884778";"Troncs d'arbres à Saint-Pierre de Chartreuse : [photographie]";"194";"Null";"Null";"Null";"1 photogr. pos.";"Null";"Null"
"http://data.bnf.fr/ark:/12148/cb401404864";"L'Illustration";"194";"Paris";"l' Illustration";"Null";"1 vol. (32 p.)";"Null";"Null"
"http://data.bnf.fr/ark:/12148/cb40140515w";"L'Illustration";"194";"Paris";"l' Illustration";"Null";"1 vol. (16 p.)";"Null";"Null"
"http://data.bnf.fr/ark:/12148/cb42151717v";"[Recueil. Dossiers biographiques Boutillier du Retail. Documentation sur Théodore Cotelle]";"194";"[Paris";"Enquête Henry Coutant";"Null";"1 pièce tapuscrite";"http://data.bnf.fr/ark:/12148/cb133190981";"Null"
"http://data.bnf.fr/ark:/12148/cb325476162";"Marcel Proust. A la recherche du temps perdu...";"194";"(Paris,) Gallimard. - (Mayenne, impr. de J. Floch)";"Null";"Null";"Null";"Null";"Null"
"http://data.bnf.fr/ark:/12148/cb32570212h";"Agnès Richomme. La Montée de chaque jour. 2e série. Un peu plus haut";"194";"Paris, Union des oeuvres catholiques de France (Impr. de Hénon)";"Null";"Null";"Null";"Null";"Null"
"http://data.bnf.fr/ark:/12148/cb32596955k";"Affections des voies urinaires";"194";"Chambéry, Impr. réunies";"Null";"Null";"Null";"Null";"Null"
"http://data.bnf.fr/ark:/12148/cb32622431z";"Itinéraire d'un Juif vers l'Église/René Schwob";"194";"Paris : Ed. Spes";"Null";"Null";"Null";"Null";"Null"
"http://data.bnf.fr/ark:/12148/cb33623474m";"International Chamber of Commerce... Terms commonly used in distribution and advertising";"194";"Basle";"Verlag für Recht und Gesellschaft A. G.";"Null";"In-16 oblong (170 x 120), pagin. div.";"Null";"Null"
"http://data.bnf.fr/ark:/12148/cb34307991r";"Manuel de campagne d'artillerie de côte";"194";"Washington";"United States Government printing office";"Null";"Null";"http://data.bnf.fr/ark:/12148/cb119464994";"Null"
"http://data.bnf.fr/ark:/12148/cb34347210t";"Histoire de la philosophie";"194";"Paris";"Presses universitaires de France";"Null";"Null";"Null";"Null"
"http://data.bnf.fr/ark:/12148/cb350387654";"Dios y la filosofía";"194";"[S. l.]";"[s. n.]";"Null";"41 p.";"Null";"Null"
"http://data.bnf.fr/ark:/12148/cb35043010x";"Un bon de solidarité ne se refuse pas : [affiches]";"194";"Paris";"Richier-Laugier";"Null";"3 f.";"http://data.bnf.fr/ark:/12148/cb119314762";"Null"
"http://data.bnf.fr/ark:/12148/cb354546759";"Aux enfants de France";"194";"Lyon";"Impr. Commerciale";"Null";"19 p.";"http://data.bnf.fr/ark:/12148/cb11975806s";"Null"
"http://data.bnf.fr/ark:/12148/cb35475385f";"Salles de bain Mingori en marbre : [document publicitaire]";"194";"Paris";"Mingori";"Null";"[4] p.";"http://data.bnf.fr/ark:/12148/cb119415458";"Null"
"http://data.bnf.fr/ark:/12148/cb35496811x";"O caso de Timor";"194";"Lisboa";"Portigália";"Null";"241 p.";"http://data.bnf.fr/ark:/12148/cb11976851v";"Null"
"http://data.bnf.fr/ark:/12148/cb354968635";"Velocar type K : [document publicitaire]";"194";"Puteaux";"Etalissements Charles Mochet";"Null";"[4] p.";"http://data.bnf.fr/ark:/12148/cb119470320";"Null"
"http://data.bnf.fr/ark:/12148/cb35785774m";"Les sorciers du Pays de Labourd";"194";"Liège";"Éd. Dynamo";"Null";"18 p.";"Null";"Null"
"http://data.bnf.fr/ark:/12148/cb357950579";"Idées esthétiques";"194";"Monaco";"Imp. A. Chêne";"Null";"31 p.";"http://data.bnf.fr/ark:/12148/cb11931288h";"Null"
"http://data.bnf.fr/ark:/12148/cb35809333d";"Le vieux Tamatave : 1700-1936";"194";"Tamatave";"F. Sourd";"Null";"174 p.-[12] p. de pl.";"http://data.bnf.fr/ark:/12148/cb121940442";"Null"
