id;title;date;place;publisher;firstyear;description;subject;gallica
"http://data.bnf.fr/ark:/12148/cb39328671n";"Invectiva cetus feminei contra mares edita par magistrum Johãnem Motis Neopolitaneñ sancte sedis apostolice secretariu. [et] Remedium contre Concubinas et conjuges per modu abbreviationis libri matheoli a Petro de Corbolio...";"14";"[S. l.]";"Null";"Null";"Null";"Null";"Null"
"http://data.bnf.fr/ark:/12148/cb393608268";"Fasciculus temporum omnes antiquorum hystorias complectens";"14";"[S. l.]";"[s. n.]";"Null";"In-4 °";"Null";"Null"
"http://data.bnf.fr/ark:/12148/cb33388895m";"La farce des theologastres a six personnages";"14";"[S.l.]";"[s.n.]";"Null";"8 ff. non ch., sign. A-Biiij";"Null";"http://gallica.bnf.fr/ark:/12148/bpt6k70536s"
"http://data.bnf.fr/ark:/12148/cb355161643";"Les confréries de pénitents : Aigues-Mortes, Avignon, les Gonfalons de Rome";"14";"[S.l.]";"M. et R. Conte";"Null";"51 p.";"http://data.bnf.fr/ark:/12148/cb119344445";"Null"
