id;title;date;place;publisher;firstyear;description;subject;gallica
"http://data.bnf.fr/ark:/12148/cb30007519v";"Alberti Magni Opus in evangelium Missus est Gabriel, seu de Laudibus virginis Mariae, emendatum per fratrem Augustinum de Papia";"1488";"Milano";"Ulrich Scinzenzeler pour Alvise Serrazzoni";"1488";"Null";"Null";"Null"
"http://data.bnf.fr/ark:/12148/cb30009835d";"Problemata Alexandri Aphrodisei, per Georgium Vallam in latinum translata";"1488";"Venezia";"Antonio de Strada";"1488";"88 ff.";"Null";"http://gallica.bnf.fr/ark:/12148/bpt6k6142114j"
"http://data.bnf.fr/ark:/12148/cb300157806";"Vita Sancti Ambrosii, secundum Paulinum, episcopum Nolanum. Sancti Ambrosii de officiis. Vita gloriose virginis Agnetis a Sancto Ambrosio edita. Passio sanctorum martyrum Vitalis et Agricole. Passio sanctorum martyrum Protasii et Gervasii. Ambrosii, ad Marcellinam sororem, de inventione corporum sanctorum Protasii et Gervasii. Liber sancti Ambrosii de obitu fratris sui Satyri sancti. De bono mortis. De resurrectione et cruce Domini";"1488";"Mediolani";"impressum per magistrum Uldericum Scinzenzeler, opera et impensa Philippi Lavagniae";"1488";"In-4° . (Pellechet, 594.)";"Null";"Null"
"http://data.bnf.fr/ark:/12148/cb30020841k";"Summa angelica de casibus conscientiae, compilata per fratrem Angelum de Clavasio, cum praefatione Hieronymi Tornieli";"1488";"Nuremberge";"per A. Koberger";"1488";"In-fol. (Hain, *5385.)";"Null";"Null"
"http://data.bnf.fr/ark:/12148/cb30020842x";"Summa angelica de casibus conscientiae, compilata per fratrem Angelum de Clavasio, cum praefatione Hieronymi Tornieli";"1488";"Spire";"per A. Koberger";"1488";"In-fol. (Hain, *5386.)";"Null";"Null"
"http://data.bnf.fr/ark:/12148/cb30024110b";"L. Apuleii opera, a Joanne Andrea, episcopo Aleriensi, edita. Alcinoi disciplinarum Platonis epitoma, Petro Balbi interprete";"1488";"In Vicentia";"impr. per H. de Sancto Urso";"1488";"In-fol. (Pellechet, 924.)";"Null";"Null"
"http://data.bnf.fr/ark:/12148/cb30023106v";"Confessionale volgare di frate Antonino, arcivescovo di Firenze, intitolato Specchio di coscienza, ovvero Omnis mortalium cura";"1488";"(S. l.)";"Null";"1488";"In-4° . (Pellechet, 867.)";"Null";"Null"
"http://data.bnf.fr/ark:/12148/cb30027449x";"Opus Aristotelis de Moribus ad Nicomachum, a Johanne Argyropylo traductum";"1488";"Parisiis";"per J. Higman";"1488";"In-4° . (Pellechet, 1240.)";"Null";"Null"
"http://data.bnf.fr/ark:/12148/cb30027469j";"Les Ethiques en françois";"1488";"Paris";"[Antoine Caillaut et Guy Marchant pour] Antoine Vérard";"1488";"1 vol. [592 p.]";"Null";"http://gallica.bnf.fr/ark:/12148/bpt6k109464g"
"http://data.bnf.fr/ark:/12148/cb30029408t";"Arnaldus de Villa nova de somniorum interpretatione. Libellus presagiorum mutationum ac tempestatum aeris acceptorum";"1488";"(Tolosae";"typ. H. Mayer";"1488";"In-4° . (Pellechet, 1302.)";"Null";"http://gallica.bnf.fr/ark:/12148/bpt6k1043151v"
"http://data.bnf.fr/ark:/12148/cb300393109";"L'Eschele paradis de sainct Augustin";"1488";"(Toulouse";"H. Mayer, vers";"1488";"In-4° , impr. sur vélin. (Pellechet, 1526.)";"Null";"Null"
"http://data.bnf.fr/ark:/12148/cb30038844r";"Divi Aurelii Augustini de Civitate Dei, cum commento Thomae Walleis et Nicolai Triveth";"1488";"Lovanii";"Johannes de Westphalia";"1488";"In-fol. (Pellechet, 1557.)";"Null";"Null"
"http://data.bnf.fr/ark:/12148/cb30039059t";"Transitus beati Hieronimi";"1488";"Parisiis";"Null";"1488";"In-4°";"Null";"Null"
"http://data.bnf.fr/ark:/12148/cb300388453";"Divi Aurelii Augustini de Civitate Dei, cum commento Thomae Walleis et Nicolai Triveth";"1488";"Tolosae";"H. Mayer";"1488";"In-fol. (Pellechet, 1558.)";"Null";"Null"
"http://data.bnf.fr/ark:/12148/cb30042011b";"Rufi Festi Avieni opera, scilicet Arati Phaenomena, Orbis terrae descriptio et Ora maritima";"1488";"Venezia";"Antonio de Strada";"1488";"Null";"Null";"Null"
"http://data.bnf.fr/ark:/12148/cb300415375";"De Arte amandi in volgare";"1488";"Firenze";"Antonio di Francesco";"1488";"52 feuillets signés a-f8, g4";"Null";"Null"
"http://data.bnf.fr/ark:/12148/cb30054923h";"Joannis Berberii Viatorium utriusque juris";"1488";"[Lyon";"Guillaume Balsarin";"1488";"Null";"Null";"Null"
"http://data.bnf.fr/ark:/12148/cb30062206q";"De Proprietatibus rerum fratris Bartholomaei Anglici, de Ordine Fratrum minorum";"1488";"[Heidelberg";"Heinrich Knoblochtzer]";"1488";"Null";"Null";"Null"
"http://data.bnf.fr/ark:/12148/cb30092776w";"Annotationes in auctores antiquos";"1488";"Bononiae";"impressae a B. Hectoris et P. de Benedictis";"1488";"In-fol. (Pellechet, 2205.)";"Null";"Null"
"http://data.bnf.fr/ark:/12148/cb30102550z";"Commentarius Menghi Blanchelli super logicam Pauli Veneti";"1488";"Venetiis";"Null";"1488";"In-4° . (Hain, 3229.)";"Null";"Null"
"http://data.bnf.fr/ark:/12148/cb301168879";"Il Libro di Florio e di Bianzafiore, chiamato Philocolo, composto per Johanne Boccaccio, colla vita del Boccaccio da Hieronymo Squarzafico";"1488";"Venetia";"per Pelegrino Pasquale";"1488";"In-fol. (Pellechet, 2458.)";"Null";"Null"
"http://data.bnf.fr/ark:/12148/cb30118268v";"Arithmetica Boetii";"1488";"Augustae Vindelicorum";"Erhardus Ratdolt";"1488";"In-4° . (Pellechet, 2493.)";"Null";"Null"
"http://data.bnf.fr/ark:/12148/cb30118300h";"Boecius. De Consolatione philosophie, cum commento optimo. Johannes Gerson, cancellarius Parisiensis, de consolatione theologie";"1488";"Colonie";"per Johannem Koelhoff";"1488";"In-fol. (Pellechet, 2524.)";"Null";"Null"
"http://data.bnf.fr/ark:/12148/cb30118375d";"El libro de consolacion, tornado de latin en romance, por el muy reverendo padre fray Anton Ginebreda";"1488";"Toulouse (Tolosa de Francia)";"H. Mayer";"1488";"In-fol. (Pellechet, 2552.)";"Null";"Null"
"http://data.bnf.fr/ark:/12148/cb30118340r";"Le Boèce de Consolation, translaté de latin en françois par honnourable homme maistre Jean de Meun, à la requeste du roy Philippe le quart. - A la fin : Cy finist le souverain livre intitulé Boèce, de Consolation, selon la translation de... Jehan de Mun";"1488";"[Lyon";"imprimeur du Champion des dames, H 7311 (= Jean Du Pré ?)";"1488";"[48] ff. signés";"Null";"Null"
"http://data.bnf.fr/ark:/12148/cb30126514g";"Liber sextus Decretalium Bonifacii pape VIII, cum prefatione Petri Albignani, novellis et declaratione Joannis Andree de arboribus consanguinitatis et affinitatis. Clementinae et decretales extravagantes. - Fol. a I : Ad reverendum in Christo patrem dominum Victorem Tervisanum... Petri Albignani Tercii prefacio... - Fol. a II : Circa lecturam arboris... - Fol. a 5 : Quia preposterus est ordo... Incipit liber sextus decretalium domini Bonifacii pape VIII. - A la fin de la 1re partie : Finis sexti decretalium, Rubrice... - Fol. A II : Johannes gratiosum hoc nomen... Incipiunt constitutiones Clementis pape Quinti, una cum apparatu domini Johannis Andree. - Fol. H 8 : Opus Clementinarum una cum apparatu domini Johannis Andree finit feliciter. - Fol. I 1 : Incipiunt decretales extravagantes...";"1488";"[Lyon";"Johann Siber";"1488";"car. goth., 2 col., commentaire encadrant le texte, sign. a-x et A-K, marque typogr. de J. Syber à la fin de la 2e partie";"Null";"Null"
"http://data.bnf.fr/ark:/12148/cb30149799c";"La Somme rural";"1488";"Paris";"[Antoine Caillaut ?]";"1488";"2 parties en 1 vol.";"Null";"Null"
"http://data.bnf.fr/ark:/12148/cb30160144p";"Des saintes pérégrinations de Jerusalem";"1488";"Lyon";"Michel Topié et Jacques Heremberck";"1488";"[134] ff.-[6] f. de pl.";"Null";"http://gallica.bnf.fr/ark:/12148/bpt6k111275m"
"http://data.bnf.fr/ark:/12148/cb30160150m";"Die Heylighe Bevarden tot dat heylighe grafft in Iherusalem";"1488";"[Mainz]";"Ghedruct doir meister Eerhaert Rewich van Utrecht in die stadt van Mentz";"1488";"In-fol.";"Null";"Null"
"http://data.bnf.fr/ark:/12148/cb301601451";"Die Heiligen Raisen gen Jherusalem zu dem heiligen Grab, von Bernhard von Breydenbach";"1488";"Augspurg";"durch Anthonio Sorgen";"1488";"In-fol. (Hain-Copinger, *3960.)";"Null";"Null"
"http://data.bnf.fr/ark:/12148/cb301736142";"Rubrice de translatione episcopi vel electi...";"1488";"Venetiis";"Null";"1488";"In-fol.";"Null";"Null"
"http://data.bnf.fr/ark:/12148/cb30178417r";"Gualterii Burlei super Artem veterem Porphyrii et Aristotelis expositio";"1488";"Venetiis";"arte Boneti de Locatellis, sumptibus O. Scoti";"1488";"In-fol. (Hain, 4131, avec corrections à l'explicit.)";"Null";"Null"
"http://data.bnf.fr/ark:/12148/cb301920942";"De Modo in jure studendi Johannis Jacobi Canis libellus";"1488";"Brno";"[Konrad Stahel et Matthias Preinlein]";"1488";"Null";"Null";"Null"
"http://data.bnf.fr/ark:/12148/cb30195005b";"Quadragesimale di fra Roberto (Caraccioli)";"1488";"Venetia";"per Joanne Rosso da Verceglie";"1488";"In-4° . (Hain, 4455.)";"Null";"Null"
"http://data.bnf.fr/ark:/12148/cb30195001z";"Quadragesimale Roberti (Caraccioli) de peccatis. - Fol. a II : In nomine Domini Jesu Christi. Incipit quadragesimale de peccatis secundum fratrem Robertum Caracholum de Licio, ordinis Minorum, episcopum Liciensem. Et primo dominica septuagesime : de numero damnatorum propter eorum peccata, sermo primus. - Fol. R. 7vo : Explicit quadragesimale de peccatis ceptum in civitate Litii ibique completum ad laudem et gloriam omnipotentis Dei et Virginis gloriose Marie ac beatissimi patris Francisci et novi sancti Bonaventure. Amen. Finitum est anno Domine M. CCCC. LXXXIII. die IX. mensis octobris, hora vespertina. Et impressum Lugduni per magistrum Mathiam Huss, anno Domini M. CCCC. LXXX. VIII. - Fol. R. 8ro : Ad reverendissimum dominum Johannem de Aragonia, sacre romane ecclesie tt. sancti Adriani presbyterum cardinalem. - Fol. Z. : Tabula sermonum et capitulorum incipit";"1488";"Lugduni";"Null";"1488";"In-8° , car. goth., sign. A-Z, A-Z";"Null";"Null"
"http://data.bnf.fr/ark:/12148/cb30194998d";"Roberti Caraccioli de Licio quadragesimale de peccatis";"1488";"Lugduni";"per Johannem Trechsel alemanum";"1488";"In-8° . (Hain-Copinger, 4438.)";"Null";"Null"
"http://data.bnf.fr/ark:/12148/cb302379982";"Propositio facta per oratores Innocentii pape VIII, coram Carolo VIII, Francorum rege, proponente reverendo patre domino Leonello, episcopo Traguriensi";"1488";"(Rome";"S. Plannck";"1488";"5 f.";"Null";"Null"
"http://data.bnf.fr/ark:/12148/cb30249184v";"Clementis papae V Constitutiones. Decretales extravagantes, cum apparatu Jo. Andreae per Petrum Albignanum editae";"1488";"[Lyon]";"Johann Siber";"1488";"Null";"Null";"Null"
"http://data.bnf.fr/ark:/12148/cb30251258v";"Transitus beati Hieronymi quem presertim tres sancti, sanctus scilicet Eusebius, sanctus Augustinus et sanctus Cyrillus composuerunt...";"1488";"(Parisiis,)";"Null";"1488";"In-4° . (Hain-Copinger, 8632.)";"Null";"Null"
"http://data.bnf.fr/ark:/12148/cb303448090";"Albumasar (Djafar ibn Mohammed [Abou Mashar], al Balkhi). Flores astrologiae";"1488";"Augustae Vindelicorum";"arte E. Ratdolt";"1488";"In-4° . (Pellechet, 412.)";"Null";"Null"
"http://data.bnf.fr/ark:/12148/cb30343821m";"Incomincia el libro de la vita de' philosophi et delle loro elegantissime sententie, extracto da D. Lahertio et da altri antiquissimi auctori";"1488";"Florentiae";"per F. de Bonaccursiis et Antonium Venetum";"1488";"In-4° . (Pellechet, 4281)";"Null";"Null"
"http://data.bnf.fr/ark:/12148/cb30384811c";"Guilelmi Durandi Rationale divinorum officiorum [éd. Johannes Aloysius Tuscanus]";"1488";"Basel";"Nicolaus Kessler";"1488";"Null";"Null";"Null"
"http://data.bnf.fr/ark:/12148/cb304060502";"Aesopus moralisatus : cum bono commento, quod incipit : Grecia, disciplinarum mater";"1488";"[Antverpiae]";"G. Leeu";"1488";"90 p.";"Null";"Null"
"http://data.bnf.fr/ark:/12148/cb30411445k";"Graecismus Ebrardi Bituniensis, cum postilla Johannis Vincentii Metulini";"1488";"[Lyon";"Jean Du Pré";"1488";"[182] ff. signés";"Null";"Null"
"http://data.bnf.fr/ark:/12148/cb30427504x";"La Hystoria de Alexandre... de grec en lati e per Petro Candido de lati en tosca e per Luis de Fenollet en la present lengua valenciana transferida...";"1488";"Barcelona";"Null";"1488";"In-fol.";"Null";"Null"
"http://data.bnf.fr/ark:/12148/cb304355515";"Orationes Francisci Philelphi, cum quibusdam aliis opusculis [traductione Aristotelis rethoricae ; Plutarchi apophthegmatum ad Trajanum ; Plutarchi apophthegmatum laconicorum ; Introductorio Galeni ad medicinam ex editione et translatione Georgii Vallae]";"1488";"Brixiae";"per J. Britannicum";"1488";"In-4° . (Hain, *12922.)";"Null";"Null"
"http://data.bnf.fr/ark:/12148/cb30435522k";"Epistolae Francisci Philelphi";"1488";"[Deventer";"Richardus Pafraet";"1488";"Null";"Null";"Null"
"http://data.bnf.fr/ark:/12148/cb304594173";"Quodlibetum M. Francisci de veritate fraternitatis rosarii seu psalterii B. Maria Virginis. Accedit Alanus de Rupe. Psalterium B. Mariae Virginis";"1488";"Lugduni";"Null";"1488";"In-4° . (Pellechet, 4920.)";"Null";"Null"
"http://data.bnf.fr/ark:/12148/cb30501545t";"Drigedeilt Werck von den tzehen Geboden, von der Bijcht, und von der Künst zü sterben, dorch Meyster Johan von Gerson";"1488";"[Heidelberg";"Heinrich Knoblochtzer";"1488";"[30] ff. signés a8, b6, C-D8";"Null";"Null"
"http://data.bnf.fr/ark:/12148/cb305014326";"Opera Johannis Gerson...";"1488";"(Argentinae";"J. Prüss.)";"1488";"In-fol. (Pellechet, 5125.)";"Null";"Null"
"http://data.bnf.fr/ark:/12148/cb30506280q";"Auctoritates Aristotelis, Senecae, Boetii...";"1488";"Antverpiae";"Null";"1488";"In-4° . (Pellechet, 1450.)";"Null";"Null"
"http://data.bnf.fr/ark:/12148/cb30538032d";"Primo [- quarto] libro del Dyalogo.  A la fin, avant la Vita di S. Gregorio : Impresso in Gaieta per maistro Justo neli anni del Signiore MCCCC octanta octo...";"1488";"Gaeta";"Jodocus Hohenstein";"1488";"[60] ff. signés a8, b-i6, K4, les ff. a1 et K4 blancs";"Null";"Null"
"http://data.bnf.fr/ark:/12148/cb36812921q";"Expositio hymnorum";"1488";"[Lyon";"Nicolaus Philippi";"1488";"Null";"Null";"Null"
"http://data.bnf.fr/ark:/12148/cb368130355";"(F. tit.) Ewangelia. (au 2e ft :) Hir beghinnet de tafele... (Ici commence la table, c'est à dire le contenu du livre des prophéties, leçons, épitres et saint évangile pour toute l'année...) (à la fin :) Hir heft eyn ende dyt eddel book... (Ici finit le noble livre des Epitres et Evangiles, quatre cents ans depuis que le Christ est né et ce que les hommes écrivent lxxxviii... à Lubeck, dans la ville impériale...)";"1488";"[S. l. ?]";"Null";"1488";"F ° à 2 col. Caract. goth. Grav. dans le texte";"Null";"Null"
"http://data.bnf.fr/ark:/12148/cb368129253";"Aurea expositio hymnorum una cum textu.";"1488";"Paris";"Antoine Caillaut";"1488";"Cahiers a-i";"Null";"Null"
"http://data.bnf.fr/ark:/12148/cb36814225n";"(F °. 1 °. r °.) Incipit ordo missalis Sm // consuetudinem romane curie // Nurmberge per georgium stuchs de sultzbach";"1488";"(S. l.)";"Null";"1488";"Null";"Null";"Null"
"http://data.bnf.fr/ark:/12148/cb36814204p";"Missale Romanum";"1488";"Venezia";"Johann Hamann";"1488";"2 °, ill., musique";"Null";"Null"
"http://data.bnf.fr/ark:/12148/cb368142051";"Missale Romanum";"1488";"Milano";"Antonio Zarotto";"1488";"2 °, ill., musique";"Null";"Null"
"http://data.bnf.fr/ark:/12148/cb36815111x";"[Psalterium Romanum :] Ordo psalterii secundum morem et consuetudinem romane curie. - [Hymni.]";"1488";"Venezia";"Teodoro Ragazzoni";"1488";"4 °";"Null";"Null"
"http://data.bnf.fr/ark:/12148/cb36816229h";"Graduale Romanum";"1488";"Basel";"Michael Wenssler et Jacobus de Kilchen";"1488";"[194] ff. signés [*]2, A-N8, O10, P6, [Q]8, a8, b6, 2a-2b8, c-e8, f10, les ff. [*]2 et P6 blancs";"Null";"Null"
"http://data.bnf.fr/ark:/12148/cb36816501z";"[Heures à l'usage de Bourges achevées le 8 May (1488) par Denys Meslier... complet, commençant par ces mots : quant la lune est en aries Leo R Sagitari [...] il fait bon saigner au colérique feu]";"1488";"(S. l. n. d.)";"Null";"1488";"In-4 °";"Null";"Null"
"http://data.bnf.fr/ark:/12148/cb36816900q";"[Horae ad usum Romanum]. A la louange de dieu de sa très saincte et glorieuse mere... furent commencées les présentes heures par le commandement du roy...";"1488";"Paris";"Antoine Vérard";"1488";"4 °, ill.";"Null";"http://gallica.bnf.fr/ark:/12148/bpt6k991429m"
"http://data.bnf.fr/ark:/12148/cb36818441d";"Missale Sagiense";"1488";"Rouen";"Guillaume Le Talleur";"1488";"2 °, ill.";"Null";"Null"
"http://data.bnf.fr/ark:/12148/cb36818009t";"Missale Treverense";"1488";"[Basel";"Michael Wenssler";"1488";"2 °, ill.";"Null";"Null"
"http://data.bnf.fr/ark:/12148/cb36818012q";"Missale Trecense";"1488";"[Paris (?)";"S. n.";"1488";"2 °, 334 ff.";"Null";"Null"
"http://data.bnf.fr/ark:/12148/cb368192564";"Breviarium Parisiense. Ed. Jean Le Munerat";"1488";"Paris";"Pierre Le Rouge pour Vincent Commin";"1488";"4 + ? parties, 8 °";"Null";"Null"
"http://data.bnf.fr/ark:/12148/cb36818881r";"Breviarium Morinense [Pars aestivalis]. - (Titre final :) Explicit breviarium ad usum // ecclesie Morinensis, Parisii impressum, // necnon cum summa diligentia corre // ctum. Anno M.CCCC.LXXXVIII";"1488";"Paris";"Null";"1488";"In-8 °. Caractères gothiques. A deux colonnes. Imprimé sur vélin";"Null";"Null"
"http://data.bnf.fr/ark:/12148/cb368205320";"Obsequiale Eystettense";"1488";"Eichstätt";"Michael Reyser";"1488";"4 °, ill., musique";"Null";"Null"
"http://data.bnf.fr/ark:/12148/cb368231151";"S'ensuivent les Suffrages et oraisons des saincts et sainctes escripz au kalendrier de ces presentes heures procedans selon les moys et jours de l'an";"1488";"[Paris]";"pour Antoine Verard";"1488";"In-4 °, goth., Fig. partie en noir, partie en couleurs";"Null";"http://gallica.bnf.fr/ark:/12148/bpt6k1057736r"
"http://data.bnf.fr/ark:/12148/cb368247675";"Heures de la Vierge. - Fol. b⁽8 v ° : Hore intemerate Virginis Marie incipiunt feliciter";"1488";"Paris";"Vérard";"1488";"Petit in-4 °, 84 ff., car. goth., sign. a-l, impr. sur vélin";"Null";"http://gallica.bnf.fr/ark:/12148/bpt6k10577449"
"http://data.bnf.fr/ark:/12148/cb36824768h";"[Horae ad usum Romanum.]";"1488";"[Napoli]";"Matthias Moravus";"1488";"16 °, ill.";"Null";"Null"
"http://data.bnf.fr/ark:/12148/cb30592674s";"Textus sententiarum...";"1488";"Basileae";"Null";"1488";"In-fol. (Hain, *10195.)";"Null";"Null"
"http://data.bnf.fr/ark:/12148/cb30613674j";"[Opera graeca]";"1488";"Firenze";"[imprimeur du Vergilius (C 6061) pour] Bernardo Nerlio, Nerio Nerlio et Demetrios Damilas";"1488";"2 parties";"Null";"Null"
"http://data.bnf.fr/ark:/12148/cb30631816v";"Hyginii Poeticon astronomicon";"1488";"Venetiis";"per T. de Blavis de Alexandria";"1488";"In-4° . (Hain-Copinger, *9065.)";"Null";"Null"
"http://data.bnf.fr/ark:/12148/cb30635358c";"Malleus maleficarum, per Henricum Institutoris et Jacobum Sprengerum";"1488";"(Argentorati";"J. Prüss";"1488";"In-fol. (Hain, *9238.)";"Null";"Null"
"http://data.bnf.fr/ark:/12148/cb30635359q";"Malleus maleficarum Henrici Institoris et Jacobi Sprengeri";"1488";"[Moguntiae]";"[P. Schoeffer]";"1488";"4 ff. dont le 1er blanc";"Null";"http://gallica.bnf.fr/ark:/12148/bpt6k1093378"
"http://data.bnf.fr/ark:/12148/cb306366918";"Colloquium peccatoris et crucifixi Jhesu Christi";"1488";"Antverpie";"Null";"1488";"In-4° . (Campbell, 466.)";"Null";"Null"
"http://data.bnf.fr/ark:/12148/cb306409194";"Incipit preclarissimus tractatus de Intensione et remissione formarum editus ab excellentissimo artium et medicne [sic] doctore Jacobo Forliviense. - A la fin : Excellentissimi phisici et medici Jacobi Forliviensis tractatus de intensione et remissione formarum feliciter explicit";"1488";"(S. l. [Pavie";"Null";"1488";"In-fol., 71 feuillets non ch., sign. a-f, E, A-D, avec quelques réclames, car. goth., à deux col.";"Null";"Null"
"http://data.bnf.fr/ark:/12148/cb30648914b";"Extravagantes seu Constitutiones Joannis XXII, cum glosis Jo. Fr. de Pavinis, Guill. de Monte Lauduno et Jesselini de Cassanis";"1488";"[Lyon";"Johann Siber";"1488";"In-fol. (Pellechet, 2727.)";"Null";"Null"
"http://data.bnf.fr/ark:/12148/cb30650416x";"Joannis de Verdena Sermones dominicales de tempore, cum expositionibus Evangeliorum, et de sanctis, Dormi secure nuncupati";"1488";"Lyon";"Nicolaus Philippi";"1488";"2 parties en 1 vol.";"Null";"Null"
"http://data.bnf.fr/ark:/12148/cb306525698";"Epistolae et tractatus S. Hieronymi. Theodorus Laelius edidit. Libellus S. Augustini contra quinque hereses. Epistolae Damasi, Epiphanii, Theophili, S. Augustini ad S. Hieronymum. Sermo Petri Pauli Vergerii in laudem S. Hieronymi. Opuscula Rufini circa Origenem. Homiliarum Origenis translatio. Epistola S. Augustini ad S. Cyrillum de laudibus S. Hieronymi. Epistola S. Cyrilli ad S. Augustinum de miraculis S. Hieronymi. Epistola Eusebii de vita et transitu S. Hieronymi";"1488";"Venetiis";"A. de Toresanis de Asula";"1488";"2 vol. in-fol. (Hain, *8558.)";"Null";"Null"
"http://data.bnf.fr/ark:/12148/cb30655586k";"Joannis de Sacro Bosco Sphaera mundi. Joannis de Monteregio Disputationes contra Cremonensia in planetarum theoricas deliramenta. Georgii Purbachii In motus planetarum theoricae";"1488";"Venetiis";"J. Santritter et H. de Sanctis";"1488";"In-4° . (Hain-Copinger, *14112.)";"Null";"Null"
"http://data.bnf.fr/ark:/12148/cb307379591";"Sermones quadragesimales Thesauri novi. [Petro de Palude auctore.]";"1488";"Argentinae";"(M. Flach)";"1488";"In-fol";"Null";"Null"
"http://data.bnf.fr/ark:/12148/cb307750367";"Le Champion des dames";"1488";"[Lyon";"imprimeur du Champion des dames, H 7311 (= Jean Du Pré ?)";"1488";"1 vol. (373 p.)";"Null";"http://gallica.bnf.fr/ark:/12148/bpt6k701162"
"http://data.bnf.fr/ark:/12148/cb30778856s";"Sophologium sapientie. - Fol. sign. A2 : Sequitur tabula capitulorum Sophologii. - Fol. sign. E8 : Jacobi Magni Sophologium finit feliciter";"1488";"[Lyon";"Guillaume Balsarin";"1488";"Null";"Null";"Null"
"http://data.bnf.fr/ark:/12148/cb384949563";"[Illustrations de Les Périgrinations de Breydenbach]";"1488";"Lyon";"M. Topié de Pymont et J. Heremberck";"1488";"5 est. grav. sur cuivre : n. et b.  ; 106,5 x 23,5 cm et moins";"http://data.bnf.fr/ark:/12148/cb11976234m";"http://gallica.bnf.fr/ark:/12148/btv1b2000002p"
"http://data.bnf.fr/ark:/12148/cb38494957f";"[Illustrations de Les Périgrinations de Breydenbach]";"1488";"Lyon";"M. Topié de Pymont et J. Heremberck";"1488";"8 est. : grav. sur cuivre : n. et b.  ; 40,2 x 26,8 cm et moins";"http://data.bnf.fr/ark:/12148/cb11933474v";"http://gallica.bnf.fr/ark:/12148/btv1b20000033"
"http://data.bnf.fr/ark:/12148/cb38498246t";"[Illustrations de La Champion des dames]";"1488";"Lyon";"Jean du Pré";"1488";"61 est. : gravures sur bois : Noir et blanc";"Null";"http://gallica.bnf.fr/ark:/12148/btv1b2200014c"
"http://data.bnf.fr/ark:/12148/cb308446277";"Ludolphi cartusiensis Vita Jesu Christi";"1488";"Null";"Null";"1488";"In-fol., à 2 col., car. goth., sign. a-z, @";"Null";"Null"
"http://data.bnf.fr/ark:/12148/cb30844670c";"Ludolphi des carthusers, een notabel boec vanden leven ons Heeren Jhesu Christi";"1488";"Delff in Hollant";"Null";"1488";"In-fol. (Campbell, 1182.)";"Null";"Null"
"http://data.bnf.fr/ark:/12148/cb308446695";"Ludolphi des Carthusers Boeck vanden leven ons Heeren Jesu Christi";"1488";"Antwerpen";"C. Leeu";"1488";"In-fol. (Campbell, 1183.)";"Null";"Null"
"http://data.bnf.fr/ark:/12148/cb308534625";"Le Mirouer de la redemption de l'umain lignage...";"1488";"(Lyon,)";"Null";"1488";"In-fol.";"Null";"http://gallica.bnf.fr/ark:/12148/btv1b7300028p"
"http://data.bnf.fr/ark:/12148/cb308712151";"Hieronymi Manfredi Centiloquium de medicis et infirmis";"1488";"Bononiae";"per Bacielierum de Bacielierris";"1488";"In-4° , 10 ff. (Hain-Copinger, 10692.)";"Null";"Null"
"http://data.bnf.fr/ark:/12148/cb308706821";"Tractato de le più maravegliose cose e più notabile che si trovino in le parte del mondo dal strenuissimo cavalier a speron d'oro Johanne de Mandavilla";"1488";"Bologna";"U. di Rugerii";"1488";"In-4° . (Hain-Copinger, 10653.)";"Null";"Null"
"http://data.bnf.fr/ark:/12148/cb308739023";"[Parthenice prima Baptistae Mantuani.]";"1488";"Bononiae";"Null";"1488";"In-4° . (Pellechet, 1760.)";"Null";"Null"
"http://data.bnf.fr/ark:/12148/cb30874788b";"Livre fait et composé à la mémoire des vertueux fais et gestes de plusieurs nobles et excellentz chevaliers... spécialement à la louenge... du très vaillant chevalier Lancelot du Lac...";"1488";"Rouen. - Paris";"Jean Le Bourgeois. - Jean Dupré";"1488";"5 partie en 2 vol.";"Null";"http://gallica.bnf.fr/ark:/12148/bpt6k111059t"
"http://data.bnf.fr/ark:/12148/cb30897323s";"Sermones Martini, ordinis predicatorum, de tempore et de sanctis super Epistolas et Evangelia";"1488";"Argentinae";"Null";"1488";"In-4° . (Hain-Copinger, *10856.)";"Null";"Null"
"http://data.bnf.fr/ark:/12148/cb39310684v";"Les Ethiques d' Aristote mises en français et commentées par Nic. Oresme";"1488";"Paris";"[Ant. Verard]";"1488";"In-fol.";"Null";"Null"
"http://data.bnf.fr/ark:/12148/cb393400588";"La vie des sainctz dicte legende doree. Trad. Jean de Vignay. [Éd. Jean Battalier.]";"1488";"Lyon";"Matthias Huss";"1488";"In f ° (gothique)";"Null";"http://gallica.bnf.fr/ark:/12148/bpt6k10430570"
"http://data.bnf.fr/ark:/12148/cb393678933";"Chronica Hungarorum";"1488";"Augsburg";"Erhard Ratdolt pour Theobaldus Feger";"1488";"In-4 °, ill.";"Null";"Null"
"http://data.bnf.fr/ark:/12148/cb30926695z";"Epistole Caroli Menniken, cum tractatus Pii pape secundi de Remedio amoris";"1488";"Lugduni";"impr. per G. Regis";"1488";"In-4° , car. goth. (Hain, 10673.)";"Null";"Null"
"http://data.bnf.fr/ark:/12148/cb30947006h";"Repertorium Milis, alias Absenti";"1488";"Basileae";"N. Kesler";"1488";"In-fol. (Hain, 11156.)";"Null";"Null"
"http://data.bnf.fr/ark:/12148/cb40089431p";"De Arte loquendi et tacendi";"1488";"[Lyon";"Johannes Neumeister pour] C. OR [= Gaspar Ortuin ?";"1488";"Null";"Null";"Null"
"http://data.bnf.fr/ark:/12148/cb401057165";"Joannes Gerson De immitatione :[sic]:++ Christi et de contemptu mundi in vulgari sermone";"1488";"Null";"Null";"1488";"[78] f. (sig. a-i8, k8)";"Null";"Null"
"http://data.bnf.fr/ark:/12148/cb31016043f";"Postillae Nicolai de Lyra super totam Bibliam";"1488";"Venetiis";"impensis Octaviani Scoti";"1488";"3 vol. in-fol. (Hain, *10365.)";"Null";"Null"
"http://data.bnf.fr/ark:/12148/cb31017287v";"Die vierundzwanzig golden Harfen, von Bruder Hans Nyder";"1488";"Augsbourg";"J. Bämler";"1488";"In-fol. (Hain, *11852.)";"Null";"Null"
"http://data.bnf.fr/ark:/12148/cb310303270";"G. de Occham. [Tractatus logicae.]";"1488";"Paris";"in vico clauso brunelli [Johannes Higmann]";"1488";"126 ff. foliotés et signés a-p8, q6";"Null";"Null"
"http://data.bnf.fr/ark:/12148/cb31030326n";"Quotlibeta Guillermi Hokan";"1488";"[Lyon";"Janon Carcain";"1488";"[136] ff. signés a-r8, le dernier blanc";"Null";"Null"
"http://data.bnf.fr/ark:/12148/cb31035347t";"Factorum ac dictorum memorabilium liber ad Tiberum Caesarem...";"1488";"Venetiis";"Null";"1488";"In-fol.";"Null";"Null"
"http://data.bnf.fr/ark:/12148/cb31039929h";"De Re militari";"1488";"Pisciae";"Null";"1488";"In-fol.";"Null";"Null"
"http://data.bnf.fr/ark:/12148/cb31069051t";"Incipit tractatus valde de sensu composito et diviso secundum mentem... Pauli Pergulensis ac... magistri Batiste de Fabriano necnon... magistri Entisberi... - A la fin : Explicit tractatus aureus de sensu composito et diviso secundum mentem... Pauli Pergulensis,... Baptiste Fabriani et Entisberi impressus l. gr. LXXXVIII die V. novembris per Martinum de La Vale in... giminasio [sic] papiensi...";"1488";"Papiae";"Null";"1488";"In-fol., sign. a-e, car goth., 2 col.";"Null";"Null"
"http://data.bnf.fr/ark:/12148/cb31069048x";"Consequentiae...";"1488";"Venetiis";"Null";"1488";"In-4° . (Hain-Copinger, 15096.)";"Null";"Null"
"http://data.bnf.fr/ark:/12148/cb31079025g";"Litterae indulgentiarum Innocentii papae VIII";"1488";"(S. l.,)";"Null";"1488";"In-4° (Van Praët, Jurisprudence 26.)";"Null";"Null"
"http://data.bnf.fr/ark:/12148/cb310790275";"Litterae indulgentiarum Innocentii papae VIII";"1488";"(S. l.,)";"Null";"1488";"In-4° (Van Praët, Jurisprudence 28.)";"Null";"Null"
"http://data.bnf.fr/ark:/12148/cb405926726";"[Colophon:] Des Sainctes peregrinations de Iherusalem et des avirons (sic) & des lieux prochains. Du mont de Synay & la glorieuse Katherine: Cest ouvraige et petit livre contena[n]t du tout la description ainsi que Dieu a voulu le do[n]ner a co[n]gnoistre";"1488";"Null";"Null";"Null";"1 atlas, 30,5 x 21,3 cm, 132 fol. n. ch., 7 vues dépliantes gravées sur cuivre";"Null";"Null"
"http://data.bnf.fr/ark:/12148/cb40611543m";"[Mappemonde]";"1488";"[S.l.]";"[s.n.]";"1488";"1 flle gravée sur bois : 400 x 380";"Null";"http://gallica.bnf.fr/ark:/12148/btv1b550052079"
"http://data.bnf.fr/ark:/12148/cb310954627";"Disputationes, quaestiones et consilia Frederici de Senis";"1488";"Sienne";"Null";"1488";"In-fol. (Hain. *12844)";"Null";"Null"
"http://data.bnf.fr/ark:/12148/cb406218053";"[Terre Saincte]";"1488";"[S.l.]";"[s.n.]";"1488";"1 carte gravée sur bois : 445 x 305 sur double folio 217 x 305";"Null";"http://gallica.bnf.fr/ark:/12148/btv1b55004909h"
"http://data.bnf.fr/ark:/12148/cb310992572";"Epistole di Phalari traducte da Bartolomeo Phontio";"1488";"Firenze";"Null";"1488";"In-4° . (Hain-Copinger, 12904.)";"Null";"Null"
"http://data.bnf.fr/ark:/12148/cb40674696f";"Portulans : Carte Colombine";"1488";"[S.l.]";"[s.n.]";"1488";"Null";"Null";"Null"
"http://data.bnf.fr/ark:/12148/cb31109090n";"Textus Sentenciarum magistri Petri Lombardi, cum conclusionibus Henrici Gorichem";"1488";"Basileae";"Null";"1488";"In-fol. (Hain-Copinger, *10195.)";"Null";"Null"
"http://data.bnf.fr/ark:/12148/cb31109066s";"Glosa continua collectoris super librum psalmorum per Petrum de Harentalis";"1488";"Reuttlingen";"Null";"1488";"In-fol. (Hain-Copinger, *8367.)";"Null";"Null"
"http://data.bnf.fr/ark:/12148/cb311216558";"Auctoritates Arestotilis [sic], Senece...";"1488";"Antverpiae";"Null";"1488";"In-4° . (Pellechet, 1450.)";"Null";"Null"
"http://data.bnf.fr/ark:/12148/cb311268551";"Pogii florentini... Facetiarum liber...";"1488";"Basel";"N[icolaus] K[essler]";"1488";"Null";"Null";"Null"
"http://data.bnf.fr/ark:/12148/cb311375789";"Auctoritates Aristotelis, Senece, Boecii...";"1488";"Antverpiae";"Null";"1488";"In-4° . (Pellechet, 1450.)";"Null";"Null"
"http://data.bnf.fr/ark:/12148/cb31152611h";"[Prisciani Caesariensis Opera.]";"1488";"Venetiis";"Null";"1488";"In-fol. (Hain-Copinger, 13361.)";"Null";"Null"
"http://data.bnf.fr/ark:/12148/cb31157344v";"Ars conficiendi epistolas elegantissime tulliano more noviter in lucem redacta. - Fol. 1re : Ars tulliano more epistolandi Jacobi P. [Publicii] ad illustrissimum principem Tarantinum, Hispaniae ducem, incipit feliciter. - À la fin : Impressum Daventriae, in platea episcopi, anno Domini M.CCCC.LXXXVIII, duodecima decembris";"1488";"(Daventriae";"Null";"1488";"In-4° , 17 ff. non ch. (Campbell, 1462.)";"Null";"Null"
"http://data.bnf.fr/ark:/12148/cb31187493z";"Almanach magistri Johannis de Monte Regio ad annos XVIII acuratissime calculata. - À la fin : Explicitum est hoc opus anno... 1488";"1488";"(S. l.";"Null";"1488";"In-4° , 8 ff. à longues lignes, car. goth., lettrines coloriées";"Null";"Null"
"http://data.bnf.fr/ark:/12148/cb31187492m";"Almanach magistri Johannis de Monte Regio ad annos XVIII [1489-1506] acuratissime calculata";"1488";"Augustae Vindelicorum";"E. Ratdolt";"1488";"In-4° . (Hain-Copinger, 13795.)";"Null";"Null"
"http://data.bnf.fr/ark:/12148/cb31265476n";"Le Doctrinal de Sapience, par Guy de Roye";"1488";"(Genève";"L. Guerbin,)";"1488";"In-fol. (Copinger, 5176.)";"Null";"Null"
"http://data.bnf.fr/ark:/12148/cb312743750";"M. Antonii Sabellici de Venetis magistratibus liber unicus";"1488";"Venezia";"Antonio de Strada";"1488";"non chiffré, sign. a-f.";"Null";"Null"
"http://data.bnf.fr/ark:/12148/cb312863850";"Domini Saladini de Esculo, serenitatis principis Tarenti phisici principalis, Aromatariorum compendium...";"1488";"Bononiae";"Null";"1488";"In-fol. (Reichling, 14131.)";"Null";"Null"
"http://data.bnf.fr/ark:/12148/cb31292939q";"Speculum humane vite. Der Spiegel menschliches Lebens von dem hochwirdigen Rodorico von Hyspania...";"1488";"Augsburg";"Gedruckt von P. Berger";"1488";"In-fol.";"Null";"Null"
"http://data.bnf.fr/ark:/12148/cb31292930m";"Speculum humane vite [auctore Rodorico Sanctio de Arevalo]. Speculum conversionis peccatorum [magistri Dyonisii de Leuivis, alias Rickel, ordinis cartusiensis]. Speculum sacerdotum [editum a sancto Augustino], cum Hystoria Udonis. Speculum ecclesie, sive Expositio misse. Speculum anime peccatricis [a quodam cartusiense editum]. Tractatus de horis dicendis. Tractatus de casibus penitentialibus. Tractatus [sive Speculum] artis bene moriendi";"1488";"Bisuntii";"Null";"1488";"In-4° . (Hain-Copinger, 13947.)";"Null";"Null"
"http://data.bnf.fr/ark:/12148/cb31351672t";"Auctoritates Arestotilis [sic], Senece, Boetii, Platonis, Apulei Affricani, Porphirii et Gilberti Porritani";"1488";"Antverpiae";"Null";"1488";"In-4° . (Pellechet, 1450.)";"Null";"Null"
"http://data.bnf.fr/ark:/12148/cb31367574w";"Liber Pandectarum medicine, omnia medicine simplicia continens, quem ex omnibus antiquorum libris aggregavit eximius artium et medicine doctor Matheus Silvaticus, ad serenissimum Sicilie regem Robertum";"1488";"Venetiis";"Null";"1488";"In-fol. (Hain, *15200.)";"Null";"Null"
"http://data.bnf.fr/ark:/12148/cb31373368n";"Composita verborum [Auctore Johanne de Garlandia. Comm. Johannes Sinthis ou Synthen]";"1488";"Reutlingen";"[Michael Greyff]";"1488";"Null";"Null";"Null"
"http://data.bnf.fr/ark:/12148/cb42663835m";"Prestre Jehan";"1488";"[Paris]";"Jean Du Pré";"1488";"[12] f. (sig. a12)";"http://data.bnf.fr/ark:/12148/cb12346022j";"Null"
"http://data.bnf.fr/ark:/12148/cb31392349j";"Flores musice omnis cantus Gregoriani";"1488";"Argentine";"impressum per J. Pryss";"1488";"In-4° de 97 feuillets, mus., car. goth.";"Null";"Null"
"http://data.bnf.fr/ark:/12148/cb31414256j";"Excellentissimi artium et medicine doctoris magistri Alexandri Sermonete, cum dubiis reverendi magistri Pauli Pergulensis, necnon eximii Gaetani de Thienis quibusdam declarativis in Consequentias Strodi, commentariolum feliciter incipit";"1488";"Venetiis";"Null";"1488";"In-8° , sign. A-N. (Hain, 15096.)";"Null";"Null"
"http://data.bnf.fr/ark:/12148/cb31419504b";"[Suetonii Tranquilli Vitae XII Caesarum, cum vita Suetonii Philippi Beroaldi.]";"1488";"(Bononiae";"per Platonem de Benedictis";"1488";"In-fol. (Hain-Copinger, *15125.)";"Null";"Null"
"http://data.bnf.fr/ark:/12148/cb31439876f";"[Lectura N. Tedeschi super rubrica De Translatione episcopi, inserta A. de Butrio lectura.]";"1488";"Venetiis";"B. (Stagninus)";"1488";"In-fol. (Hain-Reichling, 4171.)";"Null";"Null"
"http://data.bnf.fr/ark:/12148/cb31439886r";"[Ordo judiciarius domini Panormitani, N. Tedeschi.]";"1488";"Venetiis";"cura et impensa J. A. de Birretis et F. de Gyrardenghis";"1488";"In-fol. (Hain-Reichling, 12365.)";"Null";"Null"
"http://data.bnf.fr/ark:/12148/cb31441929g";"Varii articuli [in Anglia et] Parisius... condemnati et in quibus Magister in sententiis non tenetur";"1488";"(Coloniae";"Null";"1488";"In-4° . (Hain, *1876 ; Pellechet, 1397 ; Voullième, 174.)";"Null";"Null"
"http://data.bnf.fr/ark:/12148/cb31451746q";"[Ecloga] Theodolus cum [Odonis Picardi] commento";"1488";"Paris";"Pierre Levet";"1488";"[172 p.]";"Null";"http://gallica.bnf.fr/ark:/12148/bpt6k70458t"
"http://data.bnf.fr/ark:/12148/cb31461910g";"Comentaria... sancti Thome de Aquino,... super libris Aristotilis de Anima [cum antiqua textus translatione]";"1488";"Papia";"M. Della Valle";"1488";"In-fol. (Hain, 1521 ; Pellechet, 1083.)";"Null";"Null"
"http://data.bnf.fr/ark:/12148/cb31462063t";"Tractatus... de Unitate intellectus, editus a doctore sancto fratre Thoma de Aquino contra commentorem [sic] Averoim";"1488";"Papie";"(, M. Della Valle)";"1488";"In-fol. (Pellechet, 1089.)";"Null";"Null"
"http://data.bnf.fr/ark:/12148/cb31462104k";"Opusculum praeclarum beati Thomae Aquinatis quod de Esse et essentiis tum realibus tum intentionalibus inscribitur, cujus emendatissima instauratio... per... Ludovicum Rigium... confecta est...";"1488";"Venetiis";"impressione J. L. Santriter et H. de Sanctis";"1488";"In-4° . (Hain-Copinger, *1502 ; Pellechet, 1085.)";"Null";"Null"
"http://data.bnf.fr/ark:/12148/cb314621784";"Boecio. De Consolacion, tornado de latin en romance [siguiendo la exposicion de S. Tomas de Aquino] por... Fray Antonio Ginebreda,...";"1488";"Tolosa";"E. Mayer";"1488";"In-fol. (Copinger, 1100 ; Pellechet, 2552 ; Gesamtkatalog der Wiegendrucke, IV, 4583.)";"Null";"Null"
"http://data.bnf.fr/ark:/12148/cb314619930";"[Opuscula divi Thome Aquinatis, castigata per fratrem Paulum Soncinatem.]";"1488";"Mediolani";"B. et J. de Honate";"1488";"In-fol. (Hain-Copinger, 1540 ; Pellechet, 1092.)";"Null";"Null"
"http://data.bnf.fr/ark:/12148/cb31461992n";"[Summa opusculorum beati Thome, a quodam fratre didascalo edita.]";"1488";"[Köln ( ?), Anvers ( ?), Louvain ( ?)";"imprimeur de l'Augustinus, « Explanatio psalmorum » (GW 2908)";"1488";"Null";"Null";"Null"
"http://data.bnf.fr/ark:/12148/cb31462221f";"Der Bien boeck [van Thomas van Cantimpré.]";"1488";"Zwollae";"P. Van Os";"1488";"In-fol. (Pellechet, 3213 ; Polain, 3769.)";"Null";"Null"
"http://data.bnf.fr/ark:/12148/cb314621486";"[Boetius. De Consolatione philosophie, necnon de Disciplina scholarium, cum commento sancti Thome.]";"1488";"Lugduni";"per J. de Prato";"1488";"In-4° . (Hain, *3403 ; Pellechet, 2523 ; Gesamtkatalog der Wiegendrucke, IV, 4541.)";"Null";"Null"
"http://data.bnf.fr/ark:/12148/cb31469183d";"Excellentissimi artium et medicine doctoris magistri Alexandri Sermonete, cum Dubiis reverendi magistri Pauli Pergulensis, necnon eximii Gaetani de Thienis quibusdam Declarativis in Consequentias Strodi, commentariolum feliciter incipit. [Omnia castigata ac revisa per fratrem Mattheum Campagnam.]";"1488";"Venetiis";"(J. Leoviler,)";"1488";"In-4° . (Hain-Copinger-Reichling, 15096 ; Br. Mus., Books pr. XVth c., V, 406.)";"Null";"Null"
"http://data.bnf.fr/ark:/12148/cb31467927n";"[Johannis de Thwrocz Chronica Hungarorum.]";"1488";"In civitate Brunensi";"(C. Stahel et M. Preunlein,)";"1488";"In-fol., fig. et planche. (Hain-Copinger, 15517 ; Cat. of books printed in the XVth century, now in the British Museum, III, p. 815.)";"Null";"Null"
"http://data.bnf.fr/ark:/12148/cb314823694";"[Joannis Tortellii,... Commentariorum grammaticorum de orthographia dictionum e graecis tractarum opus...]";"1488";"Venetiis";"per A. de Paltasichis";"1488";"In-fol. (Hain, *15571 ; Br. Mus., Books pr. XVth c., t. V, p. 355 ; Polain, 3795.)";"Null";"Null"
"http://data.bnf.fr/ark:/12148/cb31500589b";"Summa casuum utilissima, per... fratrem Baptistam de Salis... noviter compilata, que Baptistiana nuncupatur";"1488";"Nuremberg";"per A. Koberger";"1488";"In-fol. (Hain, * 14181 ; G. W., 3322 ; Polain, 3837";"Null";"Null"
"http://data.bnf.fr/ark:/12148/cb315005880";"Summa Baptistiana [per fratrem Baptistam de Salis]";"1488";"Spire";"(, P. Drach)";"1488";"In-fol. (Hain, *14180 ; G. W., 3323 ; Polain, 3836.)";"Null";"Null"
"http://data.bnf.fr/ark:/12148/cb31520442t";"Valerii Maximi Factorum ac dictorum memorabilium liber... [cum interpretatione Oliverii Arzignanensis et epistola Petri de Brutis.]";"1488";"Venetiis";"arte et impensis B. de Benaliis";"1488";"In-fol. (Hain, 15790 ; Br. Mus., Books pr. XVth c., t. V, p. 372.)";"Null";"Null"
"http://data.bnf.fr/ark:/12148/cb315224518";"Laurentii Vallensis,... Opus elegantiarum linguae latinae. Laurentii Vallensis... de Reciprocatione sui et suus";"1488";"Venezia";"Bartholomeo Zani";"1488";"[102] ff.";"Null";"Null"
"http://data.bnf.fr/ark:/12148/cb31552921b";"Flavii Vegetii Renati,... Epitoma rei militaris libri numero quatuor";"1488";"Pisciae";"S. Rodt de Bitsche";"1488";"In-fol. (Hain, 15914 ; Dibdin, op. cit., VII, 188.)";"Null";"Null"
"http://data.bnf.fr/ark:/12148/cb315530422";"[Quae Virgilius composuit unacum Servii Honorati commentariis.]";"1488";"Venetiis";"Null";"1488";"In-fol. (Copinger, 6057 ; Br. Mus., Books pr. XVth c., V, 355.)";"Null";"Null"
"http://data.bnf.fr/ark:/12148/cb315529440";"L'art de chevalerie selon Végèce";"1488";"Paris";"[Antoine Caillaut pour] Antoine Vérard";"1488";"Sign. a-n (ca 105 f.) à 2 col.";"Null";"http://gallica.bnf.fr/ark:/12148/bpt6k111077r"
"http://data.bnf.fr/ark:/12148/cb315913636";"[Omnia... quae Virgilius composuit, una cum Servii Honorati commentariis.]";"1488";"Venetiis";"per A. de Palthascichis";"1488";"In-fol. (Copinger, 6057 et *65 ; Br. Mus., Books pr. XVth c., t. V, p. 355 ; Mambelli, 60 ; Goff, p. 623, V-180.)";"Null";"Null"
"http://data.bnf.fr/ark:/12148/cb315919557";"Bucolica Virgilii";"1488";"Daventriae";"(R. Paffroet,)";"1488";"In-4° . (Copinger, 6114 et *120 ; Campbell, 1733 ; Mambelli, 666.)";"Null";"Null"
"http://data.bnf.fr/ark:/12148/cb31606910s";"Legendae sanctorum quas collegit in unum frater Jacobus de Voragine,...";"1488";"[Lyon]";"Guillaume Balsarin";"1488";"[228] ff.";"Null";"Null"
"http://data.bnf.fr/ark:/12148/cb31606901t";"Reverendissimi fratris Jacobi de Voragine,... Sanctorum ac festorum per totum annum liber incipit";"1488";"Venetiis";"(, per O. Scotum)";"1488";"In-4° , 1 f. non ch. ni signé et 156 ff. ch., signés a-t⁽8, u⁽4. (Copinger, 6451 ; Goff, J-120 a.)";"Null";"Null"
"http://data.bnf.fr/ark:/12148/cb31606891b";"[Legendae sanctorum quas collegit in unum frater Jacobus Januensis,...]";"1488";"Ulm";"per C. Dinckmut";"1488";"In-fol. (Copinger, 6449 ; Brit. Mus., Books pr. XVth c., t. II, p. 536 ; Polain, 2200 ; Goff, J-121.)";"Null";"Null"
"http://data.bnf.fr/ark:/12148/cb45049212q";"CANDIA : [estampe]";"1488";"[Lyon]";"[s.n.]";"1488";"1 est. en 2 feuilles assemblées côte à côte : burin ; 29,9 x 79,8 cm";"http://data.bnf.fr/ark:/12148/cb11961893c";"Null"
"http://data.bnf.fr/ark:/12148/cc995311/ca59835567065740";"Obituaire à l'usage des Célestins de Paris. 1488";"1488";"Null";"Null";"Null";"49 f.";"Null";"Null"
"http://data.bnf.fr/ark:/12148/cc13010v";"Sermones";"1488";"Null";"Null";"Null";"199 ff. foliotés 1-201 à longues lignes, précédés et suivis de 4 gardes de papier du XVI
          e
          siècle, les ff. 100 et 165 manquent sans lacune";"Null";"http://gallica.bnf.fr/ark:/12148/btv1b6000026x"
"http://data.bnf.fr/ark:/12148/cc7647t";"Mišneh twrah";"1488";"Null";"Null";"Null";"Null";"Null";"http://gallica.bnf.fr/ark:/12148/btv1b105421707"
"http://data.bnf.fr/ark:/12148/cc96165h";"Commentaire du Guide des égarés";"1488";"Null";"Null";"Null";"103 f.";"Null";"http://gallica.bnf.fr/ark:/12148/btv1b10720420j"
"http://data.bnf.fr/ark:/12148/cb32086760j";"Grecismus. (Au début) Johannis Vincentii Metulini aquitani a in additionibus ad grecismi postillam prefatio feliciter incipit. (fol. 100) In sequenti libro dodissimi atque citteratissimi viri magistri Ebrardi Bituniensis qui Grecismus intitulatur argumentum sinc prefatio Johannis Vinautii. Metulini feliciter incipit. (A la fin) Viri litterarum doctissimi magistri Ebrardi Bitumiensis Grecismi liber feliciter explicitum glosa magistri Johannis Vincentii Metulini reguti";"1488";"[Lyon";"Nicolaus Philippi ?";"1488";"[218] ff., le premier blanc, signés";"Null";"Null"
"http://data.bnf.fr/ark:/12148/cb322017214";"Ars diphthongandi Guarini Veronensis. Item compendiosus dialogus de arte punctandi [auctore Johanne de Lapide]. Item tractatus utilis de accentu. Item breviloquus vocabularius [auctore J. Reuchlin]";"1488";"(Lugduni, G. Regis";"Null";"1488";"Null";"Null";"Null"
"http://data.bnf.fr/ark:/12148/cb32664251b";"Speculum humane vite...";"1488";"Bisuntii";"Null";"1488";"Null";"Null";"Null"
"http://data.bnf.fr/ark:/12148/cb33332960r";"Ensuit le répertoire de ce présent livre euquel sont contenus par ordre les traictiez et chapitres d'icelluy cy après desclairez. Premièrement le texte en françoys du livre coutumier du pays et duchié de Normandie, avec l'exposicion dicelluy au commencement duquel est la table dudit livre pour facilement congnoistre le nombre de chacun chapitre. Le second chapitre est le texte en latin dicelluy en la fin duquel est la table dudit livre. Le tiers est la chartre aux Normans. Le quart est la justice aux barons de Normandie. Le quint est la taxacion des droits et intérestz des malefacons de corps. Le sixte les articles que doivent jurer les advocatz de Normendie en faisant le serment dadvocacie. Le septiesme les ordonnances faictes en leschiquier de Normendie...";"1488";"(S. l.)";"Null";"1488";"342 f.";"Null";"Null"
"http://data.bnf.fr/ark:/12148/cb33426485n";"Thomas a Kempis. Imitatio Christi";"1488";"Null";"Null";"1488";"[76] f. (sig. a-i8, k4)";"Null";"Null"
"http://data.bnf.fr/ark:/12148/cb334264771";"Thomas a Kempis Imitatio Christi";"1488";"Null";"Null";"1488";"128 ff., (sig. A8, a-p8)";"Null";"Null"
"http://data.bnf.fr/ark:/12148/cb334249381";"Speculum humane vite...";"1488";"Bisuntii";"Null";"1488";"In-4°";"Null";"Null"
"http://data.bnf.fr/ark:/12148/cb334264907";"Thomas a Kempis. Imitatio Christi";"1488";"Null";"Null";"1488";"[2]-62 f. (sig. a-g8, h6)";"Null";"Null"
"http://data.bnf.fr/ark:/12148/cb33428144q";"[Thomas a Kempis. Imitatio Christi]";"1488";"Null";"Null";"1488";"[1]-XXXI-XVII-LXXI-XXVIII-[5] f. (sig. a-p8, A-C8, D10)";"Null";"http://gallica.bnf.fr/ark:/12148/bpt6k111229d"
"http://data.bnf.fr/ark:/12148/cb33595149b";"F. I recto : Salomonis et Marcolphi dyalogus";"1488";"Antwerpiae";"per Gerardum Leeu";"1488";"10] f. à 36 lignes";"Null";"http://gallica.bnf.fr/ark:/12148/bpt6k728483"
"http://data.bnf.fr/ark:/12148/cb33627898p";"Tractatus de vini conservatione";"1488";"Bononiae";"[s.n.]";"1488";"[16] p.";"http://data.bnf.fr/ark:/12148/cb11933798p";"http://gallica.bnf.fr/ark:/12148/bpt6k202713k"
"http://data.bnf.fr/ark:/12148/cb33628007k";"Traditio morum venustatem complectens";"1488";"[Leipzig";"imprimeur du Capotius, H 4384 (= Martin Landsberg)";"1488";"[8] f. non chiffrés ni signés, à 39 lignes";"Null";"http://gallica.bnf.fr/ark:/12148/bpt6k720973"
"http://data.bnf.fr/ark:/12148/cb33715529h";"(Arrêt du parlement concernant les parcheminiers.)";"1488";"(S. l. n. d.)";"Null";"1488";"4°";"Null";"Null"
"http://data.bnf.fr/ark:/12148/cb33764933n";"Summaria declaratio bullae indulgentiarum contra Turcos concessarum";"1488";"Romae";"[s.n.]";"1488";"[20] p.";"Null";"http://gallica.bnf.fr/ark:/12148/bpt6k1164972"
"http://data.bnf.fr/ark:/12148/cb33764936p";"Mandatum apostolicum et maledictio adversus Brugenses et Flamm//ingos propter detentionem et inclusionem illustrissimi principis // Maximiliani, regis Romanorum";"1488";"(S. l.)";"Null";"1488";"In-4°. 4 feuillets. Caractères gothiques";"Null";"Null"
"http://data.bnf.fr/ark:/12148/cb337689506";"Lettre d'indulgences accordées en 1488, au nom d'Innocent VIII, aux fidèles qui contribuaient à la croisade";"1488";"(S. l. n. d. ?)";"Null";"1488";"12 lignes. 106 millimètres sur 138";"Null";"Null"
"http://data.bnf.fr/ark:/12148/cb337689490";"Litterae indulgentiarum Innocentii papae VIII";"1488";"(S. l.)";"Null";"1488";"In-4° (Van Praët, Jurisprudence, 26). Imprimé sur un feuillet de parchemin, en caractères gothiques. 27 lignes";"Null";"Null"
"http://data.bnf.fr/ark:/12148/cb33768948n";"Litterae indulgentiarum Innocentii papae VIII";"1488";"(S. l.)";"Null";"1488";"Imprimé sur un feuillet de parchemin, en caractères gothiques, 26 lignes";"Null";"Null"
"http://data.bnf.fr/ark:/12148/cb337689479";"Litterae indulgentiarum Innocentii papae VIII";"1488";"(S. l.)";"Null";"1488";"In-4° (Van Praët, Jurisprudence 28). Imprimé sur un feuillet de parchemin, en caractères gothiques. 27 lignes";"Null";"Null"
"http://data.bnf.fr/ark:/12148/cb33810316k";"Ordonnance du Roy... sur l'imposition foraine";"1488";"(S. l. n. d.)";"Null";"1488";"In-8°, 16 p.";"Null";"http://gallica.bnf.fr/ark:/12148/bpt6k9747102z"
"http://data.bnf.fr/ark:/12148/cb35951125h";"[Sans titre]";"1488";"Null";"Null";"Null";"[610] f.";"Null";"Null"
"http://data.bnf.fr/ark:/12148/cb35951215g";"Psalmorum opus";"1488";"Null";"Null";"1488";"2 parties";"Null";"http://gallica.bnf.fr/ark:/12148/bpt6k110640n"
