id;title;date;place;publisher;firstyear;description;subject;gallica
"http://data.bnf.fr/ark:/12148/cb37481622w";"Comparative politics : an institutional and cross-national approach";"1195";"Englewood Cliffs (N. J)";"Prentice Hall";"1195";"382 p.";"http://data.bnf.fr/ark:/12148/cb11950239g";"Null"
"http://data.bnf.fr/ark:/12148/cb37736030j";"Wien : ein literarisches Porträt";"1195";"Frankfurt am Main";"Insel Verl.";"1195";"254 p. -pl.";"http://data.bnf.fr/ark:/12148/cb119347727";"Null"
"http://data.bnf.fr/ark:/12148/cb388909784";"Archaiologia on archaic Greek body armour";"1195";"Rovaniemi";"Pohjois-Suomen Historiallinen Yhdistys";"1195";"176 p.";"http://data.bnf.fr/ark:/12148/cb11931600c";"Null"
"http://data.bnf.fr/ark:/12148/cc137464";"Murūğ al-ḏahab wa ma'ādin al-ğawhar";"1195";"Null";"Null";"Null";"310 f.";"Null";"Null"
"http://data.bnf.fr/ark:/12148/cb36133241v";"Die Buchkultur im 15. und 16. Jarhundert";"1195";"Hamburg";"Maximilian-Gesellschaft";"1195";"Null";"Null";"Null"
