id;title;date;place;publisher;firstyear;description;subject;gallica
"http://data.bnf.fr/ark:/12148/cb30007521d";"Alberti Magni Opus in evangelium Missus est Gabriel angelus";"1474";"[Basel";"Michael Wenssler";"1474";"Null";"Null";"Null"
"http://data.bnf.fr/ark:/12148/cb30007635c";"Alberti Magni Summa de Eucharistiae sacramento";"1474";"Ulm";"per J. Zainer";"1474";"In-fol. (Pellechet, 292.)";"Null";"Null"
"http://data.bnf.fr/ark:/12148/cb300076252";"Sermones notabiles Alberti Magni de tempore et de sanctis";"1474";"Köln";"Arnold Therhoernen";"1474";"Null";"Null";"Null"
"http://data.bnf.fr/ark:/12148/cb300099001";"Doctrinale";"1474";"Venezia";"[Gabriele di Pietro]";"1474";"[26] ff. non signés [a10, b-e8]";"Null";"Null"
"http://data.bnf.fr/ark:/12148/cb300157790";"Vita sancti Ambrosii, secundum Paulinum episcopum Nolanum. Sancti Ambrosii de officiis. Vita gloriose virginis Agnetis a sancto Ambrosio edita. Passio sanctorum martyrum Vitalis et Agricole. Passio sanctorum martyrum Protasii et Gervasii. Ambrosii, ad Marcellinam sororem, de inventione corporum sanctorum Protasii ac Gervasii";"1474";"Mediolani";"per Christoforum Valdarfer";"1474";"In-4°";"Null";"Null"
"http://data.bnf.fr/ark:/12148/cb30016859w";"Ammiani Marcellini rerum gestarum libri XIV-XXVI, edente Angelo Sabino";"1474";"Romae";"per Georgium Sachsel de Reichenhal et Bartholomeum Golsch de Hohenbart";"1474";"In-fol. (Pellechet, 608)";"Null";"Null"
"http://data.bnf.fr/ark:/12148/cb30022169h";"Anselmi,... Liber Cur Deus homo";"1474";"[Strasbourg";"Georg Husner";"1474";"Null";"Null";"Null"
"http://data.bnf.fr/ark:/12148/cb30023120d";"Sancti Antonini summa theologica";"1474";"Venetiis";"per F. de Hailbrunn et N. de Frankfordia";"1474";"In-fol. (Pellechet, 887.)";"Null";"Null"
"http://data.bnf.fr/ark:/12148/cb300231343";"Tractatus notabilis de excommunicationibus, suspensionibus interdictis, irregularitatibus et penis, fratris Antonini. Ejusdem tractatus de sponsalibus et matrimonio extractus de Summa theologica";"1474";"Venetiis";"impensis J. de Colonia ac J. Manthen de Gherretzem";"1474";"In-4° . (Pellechet, 896.)";"Null";"Null"
"http://data.bnf.fr/ark:/12148/cb30023076r";"S. Antonini, archiepiscopi Florentini, confessionale, aliter dictum Defecerunt, seu summula confessionis, seu tractatus de instructione simplicium confessorum";"1474";"Venetiis";"impensa Johannis de Colonia et J. Manthen";"1474";"In-4° . (Pellechet, *841.)";"Null";"Null"
"http://data.bnf.fr/ark:/12148/cb30027592b";"Aristotelis Parva naturalia, latine, cum commentario Averrois";"1474";"[Padova";"Lorenzo Canozio";"1474";"Null";"Null";"Null"
"http://data.bnf.fr/ark:/12148/cb30027497s";"Aristotelis de Generatione et corruptione libri II, latine, cum commentariis Averrois";"1474";"Padova";"Lorenzo Canozio pour Giovanni Filippo Aureliani et ses frères";"1474";"Null";"Null";"Null"
"http://data.bnf.fr/ark:/12148/cb30027532g";"Aristotelis Meteororum libri IV, latine, cum commentariis Averrois";"1474";"Padova";"Lorenzo Canozio pour Giovanni Filippo Aureliani et ses frères";"1474";"Null";"Null";"Null"
"http://data.bnf.fr/ark:/12148/cb30029399p";"Regimen sanitatis ad inclitum regem Aragonum a magistro Arnaldo de Villanova directum";"1474";"[France du Sud ?";"imprimeur du Valascus de Tarenta, De Epidemia (H 15245)";"1474";"Null";"Null";"Null"
"http://data.bnf.fr/ark:/12148/cb30029414r";"Tractatus magistri Arnaldi de Villa Nova de arte cognoscendi venena";"1474";"[France du Sud ?";"imprimeur du Valascus de Tarenta, De Epidemia (H 15245)";"1474";"Null";"Null";"Null"
"http://data.bnf.fr/ark:/12148/cb30033504g";"Astesani Summa de casibus conscientiae";"1474";"[Strasbourg";"imprimeur du Henricus Ariminensis, H 1649 (= Georg Reyser ?)";"1474";"2 vol.";"Null";"Null"
"http://data.bnf.fr/ark:/12148/cb300390005";"Divi Aurelii Augustini De Conflictu vitiorum et virtutum";"1474";"[Strasbourg";"Georg Husner";"1474";"Null";"Null";"Null"
"http://data.bnf.fr/ark:/12148/cb30039043f";"Divi Aurelii Augustini de XII abusivis saeculi";"1474";"[Strasbourg";"Georg Husner";"1474";"Null";"Null";"Null"
"http://data.bnf.fr/ark:/12148/cb30038837g";"Divi Aurelii Augustini de Civitate Dei";"1474";"Romae";"Udalricus Gallus et Simon Nicolai de Luca";"1474";"In-fol. (Pellechet, 1549.)";"Null";"Null"
"http://data.bnf.fr/ark:/12148/cb300390454";"Enchiridion beati Augustini, conscriptus ad Laurentium, primicerium ecclesie Urbice";"1474";"(Argentinae";"N. Wencker)";"1474";"In-fol. (Pellechet, 1535.)";"Null";"Null"
"http://data.bnf.fr/ark:/12148/cb30039413m";"Divi Aurelii Augustini de summa Trinitate libri XV";"1474";"[Strasbourg";"imprimeur du Henricus Ariminensis, H 1649 (= Georg Reyser ou ou Heinrich Eggestein ?)";"1474";"Null";"Null";"Null"
"http://data.bnf.fr/ark:/12148/cb300401501";"Sextus Aurelius Victor. De Viris illustribus Romae. Edidit Angelus Tiphernas";"1474";"[Roma";"Johann Gensberg";"1474";"Null";"Null";"Null"
"http://data.bnf.fr/ark:/12148/cb300404458";"Opusculum in Pythagorae aureos versus";"1474";"Patavii";"Null";"1474";"In-4° . (Hain, 8545.)";"Null";"Null"
"http://data.bnf.fr/ark:/12148/cb30063846v";"Magni Basilii liber ad juvenes quantum ex gentilium libris ac literis proficiant, Leonardo interprete";"1474";"[Milano";"Filippo da Lavagna";"1474";"Null";"Null";"Null"
"http://data.bnf.fr/ark:/12148/cb30063842g";"Magni Basilii liber ad juvenes quantum ex gentilium libris ac literis proficiant, Leonardo interprete";"1474";"[Nürnberg";"Johannes Regiomontanus (= Johannes Müller)";"1474";"Null";"Null";"Null"
"http://data.bnf.fr/ark:/12148/cb30063199h";"Bartholomaei de Sancto Concordio summa de casibus conscientiae";"1474";"Coloniae";"per A. Therhoernen";"1474";"In-fol. (Pellechet, 1892.)";"Null";"Null"
"http://data.bnf.fr/ark:/12148/cb30090037k";"Speculum S. Bernardi de honestate vitae";"1474";"[Basel";"Martin Flach";"1474";"In-4°";"Null";"Null"
"http://data.bnf.fr/ark:/12148/cb30089886z";"S. Bernardi de Consideratione ad Eugenium papam";"1474";"[Utrecht";"Nicolaus Ketelaer et Gerardus De Leempt";"1474";"Null";"Null";"Null"
"http://data.bnf.fr/ark:/12148/cb300916333";"Tractatus sancti Bernardini de Senis de contractibus et usuris";"1474";"[Strasbourg";"imprimeur du Henricus Ariminensis, H 1649 (= Georg Reyser ou Heinrich Eggestein ?)";"1474";"Null";"Null";"Null"
"http://data.bnf.fr/ark:/12148/cb300941474";"Liber Bibliae moralis, seu Reductorium morale super totam Bibliam F. Petri Berchorii";"1474";"Argentinae";"C. W.";"1474";"In-fol. (Pellechet, 2057.)";"Null";"Null"
"http://data.bnf.fr/ark:/12148/cb30094146s";"Liber Bibliae moralis, seu Reductorium morale super totam Bibliam F. Petri Berchorii";"1474";"Ulmae";"J. Zainer";"1474";"In-fol. (Pellechet, 2056.)";"Null";"Null"
"http://data.bnf.fr/ark:/12148/cb30125291v";"Dieta salutis, a beato Bonaventura edita";"1474";"Coloniae";"per Johannem Colhoff";"1474";"In-fol. (Hain-Copinger, 3528.)";"Null";"Null"
"http://data.bnf.fr/ark:/12148/cb30125395h";"Soliloquium S. Bonaventurae de quatuor exercitiis, seu Dialogus hominis et animae";"1474";"[Strasbourg";"Heinrich Eggestein";"1474";"Null";"Null";"Null"
"http://data.bnf.fr/ark:/12148/cb30186043x";"Commentarii Domitii Calderini in Martialem";"1474";"Venetiis";"Null";"1474";"In-fol. (Hain-Copinger, *4236.)";"Null";"Null"
"http://data.bnf.fr/ark:/12148/cb30186042k";"Commentarii Domitii Calderini in Martialem";"1474";"Romae";"Null";"1474";"In-fol. (Hain-Copinger, 4235.)";"Null";"Null"
"http://data.bnf.fr/ark:/12148/cb301860448";"Commentarii Domitii Calderini in Martialem, cum defensione et in Ibin Ovidii commentariolo, edente Johanne Calphurnio";"1474";"Venetiis";"Null";"1474";"In-fol. (Hain-Copinger, 4237.)";"Null";"Null"
"http://data.bnf.fr/ark:/12148/cb302032647";"De Institutis coenobiorum, auctore Johanne Cassiano";"1474";"(Bruxellis";"apud Fratres Vitae communis";"1474";"In-fol. (Hain-Copinger, 4561)";"Null";"Null"
"http://data.bnf.fr/ark:/12148/cb30206729t";"Catonis Disticha de moribus germanice";"1474";"[Basel";"Martin Flach";"1474";"Null";"Null";"Null"
"http://data.bnf.fr/ark:/12148/cb30208722w";"Le Vite de' sancti padri";"1474";"Venetia";"Null";"1474";"In-fol. (Copinger, 2970.)";"Null";"Null"
"http://data.bnf.fr/ark:/12148/cb302121131";"Libellus de contractibus emptionum et locationum cum pacto de retrovendendo simulatis";"1474";"Romae";"Null";"1474";"In-fol. (Pellechet, 3487.)";"Null";"Null"
"http://data.bnf.fr/ark:/12148/cb302121042";"Cautele seu Singularia utriusque juris Bartholomei de Cepolla de Verona";"1474";"Lugduni";"G. Le Roy, pour Barthélemi Buyer";"1474";"In-fol. (Pellechet, 3476.)";"Null";"Null"
"http://data.bnf.fr/ark:/12148/cb30212124p";"Tractatus Bartholomaei Cepollae de imperatore militum eligendo";"1474";"Romae";"Null";"1474";"In-fol. (Pellechet, 3497.)";"Null";"Null"
"http://data.bnf.fr/ark:/12148/cb302160758";"Bartholomaei de Chaimis Interrogatorium, sive Confessionale";"1474";"Mediolani";"C. Valdarfer";"1474";"In-8° . (Pellechet, 1859.)";"Null";"Null"
"http://data.bnf.fr/ark:/12148/cb30243223g";"M. T. Ciceronis de Officiis dialogi, Paradoxa, de Amicitia, de Senectute et de Somnio Scipionis dialogi, necnon de Essentia mundi";"1474";"Venetiis";"expensis Joannis de Colonia Agrippinensi ac Joannis Manthen";"1474";"In-4° . (Pellechet, 3724.)";"Null";"Null"
"http://data.bnf.fr/ark:/12148/cb302432255";"M. Tullii Ciceronis de Officiis libri, de Senectute et de Amicitia dialogi, Paradoxa";"1474";"Mediolani";"impressit A. Zarotus";"1474";"In-fol. (Pellechet, 3732.)";"Null";"Null"
"http://data.bnf.fr/ark:/12148/cb30244485t";"M. Tullii Ciceronis ad Titum Atticum Cato Major, alias de Senectute";"1474";"[Köln";"imprimeur de la Legenda S. Albani, GW 515 (= Johann Guldenschaff ?)";"1474";"Null";"Null";"Null"
"http://data.bnf.fr/ark:/12148/cb30243224t";"M. Tullii Ciceronis de Officiis libri, Paradoxa, de Amicitia et de Senectute dialogi, Somnium Scipionis, cum Ciceronis vita ex dictis Plutarchi breviter excerpta. Accedunt XII sapientum versus";"1474";"Neapoli";"Null";"1474";"In-fol. (Pellechet, 3733.)";"Null";"Null"
"http://data.bnf.fr/ark:/12148/cb30286021s";"Opus ruralium commodorum, auctore Petro de Crescentiis";"1474";"Lovanii";"Null";"1474";"In-fol. (Hain-Copinger, *5829.)";"Null";"Null"
"http://data.bnf.fr/ark:/12148/cb302938951";"Speculum sapientie beati Cirilli episcopi alias quadripartitus apologeticus...";"1474";"Null";"Null";"1474";"In-fol.";"Null";"Null"
"http://data.bnf.fr/ark:/12148/cb303079420";"Candidus, de Genitura hominis, incipit feliciter. (Edidit Angelus Typhernas.)";"1474";"[Roma";"Georg Sachsel et Bartholomaeus Golsch";"1474";"Null";"http://data.bnf.fr/ark:/12148/cb119329264";"Null"
"http://data.bnf.fr/ark:/12148/cb303776507";"Quaestiones Johannis Duns Scoti super secundum Sententiarum, ab Antonio Trombeta et Thoma Penketh emendatae";"1474";"[Padova]";"Albertus de Stendal";"1474";"Null";"Null";"Null"
"http://data.bnf.fr/ark:/12148/cb30377663k";"Quaestiones quodlibetales Johannis Duns Scoti, a Thoma Penketh emendatae";"1474";"(Paduae,)";"Null";"1474";"In-fol. (Pellechet, 4466.)";"Null";"Null"
"http://data.bnf.fr/ark:/12148/cb303776569";"Quaestiones Johannis Duns Scoti super quartum librum Sententiarum";"1474";"(Argentinae,)";"Null";"1474";"In-fol. (Pellechet, 4462.)";"Null";"Null"
"http://data.bnf.fr/ark:/12148/cb30384851m";"Guilelmi Durandi Speculum judiciale, cum additionibus Johannis Andreae et Baldi";"1474";"Bologna";"Baldassare Azzoguidi";"1474";"4 parties (rel. en 3 vol.)";"Null";"Null"
"http://data.bnf.fr/ark:/12148/cb303848508";"Guilelmi Durandi Speculum judiciale, cum additionibus Joh. Andreae et Baldi, a Joh. Aloisio Tuscano editum";"1474";"Roma";"Georg Lauer et Leonhard Pflug";"1474";"4 parties (rel. en 3 vol.)";"Null";"Null"
"http://data.bnf.fr/ark:/12148/cb303848221";"Guilelmi Durandi Rationale divinorum officiorum";"1474";"[Strasbourg";"imprimeur à l'R (= Adolf Rusch ?)";"1474";"In-fol. (Pellechet, 4487.)";"Null";"Null"
"http://data.bnf.fr/ark:/12148/cb304060413";"Vita et fabulae Esopi";"1474";"Mediolani";"apud A. Zarotum";"1474";"[ca 140] p.";"http://data.bnf.fr/ark:/12148/cb11976232x";"http://gallica.bnf.fr/ark:/12148/bpt6k701073"
"http://data.bnf.fr/ark:/12148/cb30406063d";"Aesopi fabulae, carmine latino redditae";"1474";"[Milano";"Antonio Zarotto";"1474";"Null";"Null";"Null"
"http://data.bnf.fr/ark:/12148/cb30410554k";"[Eusebius Caesariensis. Historia ecclesiastica, latine, interprete Ruflino.]";"1474";"(Trajecti ad Rhenum";"N. Ketelaer et G. de Leempt.)";"1474";"In-fol. (Pellechet, 4636.)";"Null";"Null"
"http://data.bnf.fr/ark:/12148/cb304105072";"[Martini Poloni Chronica summorum pontificum et imperatorum, ex S. Hieronymo, Eusebio, aliisque. J. P. de Lignamine-edidit.]";"1474";"Romae";"J. P. de Lignamine";"1474";"In-4° , (Hain-Copinger, *10857.)";"Null";"Null"
"http://data.bnf.fr/ark:/12148/cb304165363";"Probae Falconiae Cento Virgilianus";"1474";"[Basel";"Michael Wenssler";"1474";"Null";"Null";"Null"
"http://data.bnf.fr/ark:/12148/cb304321024";"Sexti Pompei Festi de Verborum significatione";"1474";"[Venezia]";"Johannes de Colonia et Johannes Manthen";"1474";"Null";"Null";"Null"
"http://data.bnf.fr/ark:/12148/cb30435562t";"Cyropaedia";"1474";"Romae";"Null";"1474";"In-fol. (Hain, 16227.)";"Null";"Null"
"http://data.bnf.fr/ark:/12148/cb30444407c";"Lucii Annaei Flori Epitome rerum romanarum. Jordanis, de Commendatione romani imperii";"1474";"(Coloniae";"A. Therhoernen";"1474";"In-fol. (Pellechet, 4858.)";"Null";"Null"
"http://data.bnf.fr/ark:/12148/cb30477905d";"Dialogus dictus Malogranatum";"1474";"(Strasbourg";"H. Eggestein";"1474";"In-fol.";"Null";"Null"
"http://data.bnf.fr/ark:/12148/cb30497602z";"Georgii Trapezuntii de Partibus orationis ex Prisciano compendium";"1474";"Milano";"[Filippo da Lavagna]";"1474";"[80] ff. non signés [a-f8, g10, h-i8, k6]";"Null";"Null"
"http://data.bnf.fr/ark:/12148/cb30501473s";"Johannis Gerson Donatus moralisatus";"1474";"[Basel";"Martin Flach";"1474";"[14] ff. non signés [a]8, [b]6";"Null";"Null"
"http://data.bnf.fr/ark:/12148/cb30501566s";"Incipit notabilis questio de custodia lingue et corde bene ruminanda venerabilis magistri Johannis Gerson, sacre theologie doctoris preclarissimi et cancellarii parisiensis. - A la fin : Explicit questio notabilis de custodia lingue et corde bene ruminanda venerabilis viri magistri Johannis Gerson, sacre theologie doctoris et cancellarii parisiensis";"1474";"[Utrecht";"Nicolaus Ketelaer et Gerardus de Leempt";"1474";"[8] ff. non signés [a]8; car. goth.";"Null";"Null"
"http://data.bnf.fr/ark:/12148/cb30501613g";"Johannis Gerson Tractatus de examinatione doctrinarum. Tractatulus de duplici statu in Dei ecclesia. Admonitio brevis quo modo caute legendi sunt quorumdam libri. Tractatulus de appellatione peccatoris a divina justitia ad divinam misericordiam. Opus de unione ecclesiae. Dubium de delectatione in servitio Dei";"1474";"[Nürnberg";"Andreas Frisner et Johann Sensenschmidt";"1474";"[22] ff. non signés [a]10, [b]12";"Null";"Null"
"http://data.bnf.fr/ark:/12148/cb305358755";"Decretum Gratiani, cum apparatu Bartholomaei Brixiensis, ab Alexandro Nevo emendatum et a Petro Albignano Trecio editum. Accedit Johannis de Deo, Hispani, summarium seu flos decreti";"1474";"Venezia";"Nicolas Jenson";"1474";"[390] ff. non signés, [a-h]10, [i]12, [k-t]10, [v]12, [x-z]10, [A-C]10, [D]8, [E-I]10, [K]12, [L-O]10, [P-Q]8,  les ff. [P]8 et [Q]8 blancs";"Null";"Null"
"http://data.bnf.fr/ark:/12148/cb305381420";"Nova compilatio Decretalium Gregorii IX [cum glossa Bernardo Bottoni. Edita ab Alphonso de Soto]";"1474";"Roma";"Georg Lauer";"1474";"[470] ff. non signés [a]12, [b]10, [c]8, [d]-[s]10, [t]-[v]8, [x]-[z]10, [A]-[D]10, [E]12, [F]-[H]10, [I]8, [K]-[O]10, [P]12, [Q]8, [R]-[Z]10, [aa]14, le premier et le dernier blancs";"Null";"Null"
"http://data.bnf.fr/ark:/12148/cb305380045";"Liber sancti Gregorii papae de conflictu vitiorum atque virtutum. - Augustinus Contra quinque haereses";"1474";"[Utrecht";"Nicolas Ketelaer et Gerard de Leempt";"1474";"[26] ff. non signés [a]-[b]8, [c]10, le premier et le dernier blancs";"Null";"Null"
"http://data.bnf.fr/ark:/12148/cb305437430";"Quadragesimale fratris Johannis Gritsch,...";"1474";"[Nürnberg";"Johann Sensenschmidt et Andreas Frisner";"1474";"[227] ff.";"Null";"Null"
"http://data.bnf.fr/ark:/12148/cb30557507r";"Fol. 1 v° : Eximii doctissimique viri fratris Guillermi... Parisiensis... in exposicionem epistolarum atque evangeliorum... prologus feliciter incipit... - A la fin : Explicit postilla super evangelia dominicalia et super evangelia de sanctis...";"1474";"[Basel";"Martin Flach";"1474";"192 ff. non signés [a4, b12, c-d8, e-h10, i8, k6, l-m8, n6, o-y8, z6, A6]";"Null";"Null"
"http://data.bnf.fr/ark:/12148/cb30557504q";"Fol. 1 v° : [V]itam bonam et exitum beatum. Ego frater Guillermus, sacre theologie professor minimus Parisius... Fol. 2 r° : Epistolarum et euangeliorum de tempore et sanctis liber incipit. - A la fin : - Explicit Postilla super euangelia dominicalia et super euangelia de sanctis...";"1474";"[Blaubeuren";"imprimeur d'Innocentius III, De Miseria humanae conditionis, H 10209 (= Konrad Mancz ?)";"1474";"263 ff. non signés [a-c8, d8 (d4 + 1), e-k8, l6, m8, n6, o-z8, A-I8, K10], le premier blanc";"Null";"Null"
"http://data.bnf.fr/ark:/12148/cb305576954";"La ciroxia vulgarmente fata";"1474";"[Venezia]";"Filippo di Pietro";"1474";"[118] ff. non signés [a]-[b]10, [c]-[i]8, [k]6, [l]-[m]8, [n]-[o]10";"Null";"Null"
"http://data.bnf.fr/ark:/12148/cb368209950";"Ordinarius divinorum monachorum Ordinis S. Benedicti de observantia Bursfeldensi";"1474";"[Mayence";"P. Schöffer";"1474";"In-4 °";"Null";"Null"
"http://data.bnf.fr/ark:/12148/cb36822058s";"Cerimoniale monachorum ordinis S. Benedicti de observantia Bursfeldensi";"1474";"[Mayence";"P. Schöffer";"1474";"In-4 °";"Null";"Null"
"http://data.bnf.fr/ark:/12148/cb368220594";"Prologus cerimoniarũ nigrorũ mona//chorũ ordinis sancti Bñdicti de observan//tiâ Bursfeldensi. //";"1474";"(S. l. n. d.)";"Null";"1474";"In-4 ° caract. goth.";"Null";"Null"
"http://data.bnf.fr/ark:/12148/cb30592694d";"Speculum aureum decem praeceptorum Dei, fratris Henrici Herp,...";"1474";"Moguntiae";"P. Schoyffer";"1474";"In-fol. (Hain, *8523.)";"Null";"Null"
"http://data.bnf.fr/ark:/12148/cb305927115";"Expositio venerabilis magistri Henrici de Hassia super dominicam orationem";"1474";"(Bâle.)";"Null";"1474";"In-fol. (Hain, *8394 et *8395.)";"Null";"Null"
"http://data.bnf.fr/ark:/12148/cb30592676g";"Tractatus de predestinacione et reprobatione divina, magistri Henrici de Gorichem";"1474";"[Esslingen";"Konrad Fyner]";"1474";"Non signé";"Null";"Null"
"http://data.bnf.fr/ark:/12148/cb305979306";"Herodoti Historiarum libb. IX";"1474";"Venetiis";"J. Rubeus";"1474";"524 p.";"Null";"http://gallica.bnf.fr/ark:/12148/bpt6k1085935"
"http://data.bnf.fr/ark:/12148/cb30598147z";"Sermones Discipuli de tempore et de sanctis, cum Promptuario exemplorum et Promptuario de miraculis b. Mariae Virginis";"1474";"Köln";"[Ulrich Zell]";"1474";"4 parties";"Null";"Null"
"http://data.bnf.fr/ark:/12148/cb30601094t";"Hesiodi Ascrei Theogonia";"1474";"Ferrara";"André Belfort";"1474";"[50] p.";"Null";"http://gallica.bnf.fr/ark:/12148/bpt6k705521"
"http://data.bnf.fr/ark:/12148/cb30604139p";"Hieroclis In aureos versus Pythagorae opusculum, Johanne Aurispa interprete";"1474";"Patavii";"per B. de Val de Zoccho";"1474";"In-4° . (Hain, 8545.)";"Null";"Null"
"http://data.bnf.fr/ark:/12148/cb30614246f";"Homeri Ilias, per Laurentium Vallam in latinum sermonem traducta";"1474";"Brixiae";"Henricus Coloniensis et Statius Gallicus impressere";"1474";"In-fol. (Hain, 8774.)";"Null";"Null"
"http://data.bnf.fr/ark:/12148/cb306142751";"Homeri Iliados libri aliqui, [III, IV, XIV, XVIII, XX, XXII-XXIV]";"1474";"Romae";"J. P. de Lignamine";"1474";"[212] p.";"Null";"http://gallica.bnf.fr/ark:/12148/bpt6k719949"
"http://data.bnf.fr/ark:/12148/cb30616417w";"Horatii Opera, cum commentario Acronis";"1474";"Mediolani";"impressit A. Zarotus";"1474";"2 vol. in-4°";"Null";"Null"
"http://data.bnf.fr/ark:/12148/cb30617164t";"Horatii Epistolae. - Horatii Carmina, lib. I-IV ; Epodon liber ; Carmen saeculare";"1474";"Ferrariae";"per A. Carnerium";"1474";"In-4° , 105 ff. (Hain, 8900.)";"Null";"Null"
"http://data.bnf.fr/ark:/12148/cb30626359r";"Hugonis de Sancto Victore Didascalion et alia opuscula";"1474";"(Argentorati";"Null";"1474";"In-fol.";"Null";"Null"
"http://data.bnf.fr/ark:/12148/cb30635257r";"Innocentii papae tertii Compendium quinque continens libros : de supernaturali trinitate ; de miseria conditionis humanae ; de Antechristo cum aliis diversis rebus ; de viciis fugiendis et de spurcissimi Sathanae litigatione contra genus humanum a Bartolo de Sassoferrato";"1474";"(Argentinae";"H. Eggestein.)";"1474";"In-4° . (Hain, * 10210.)";"Null";"Null"
"http://data.bnf.fr/ark:/12148/cb30639082c";"Tractatus perutilis de veritate dicenda aut tacenda";"1474";"(Bâle)";"Null";"1474";"In-fol. (Hain, *9336.)";"Null";"Null"
"http://data.bnf.fr/ark:/12148/cb306489119";"Glossae clementinae...";"1474";"Coloniae";"Null";"1474";"In-fol.";"Null";"Null"
"http://data.bnf.fr/ark:/12148/cb306527225";"Vita de' santi padri, da S. Girolamo, volgarizzata da Domenico Cavalca";"1474";"Ferrariae";"A. Carnerius";"1474";"In-fol. (Hain, 8614.)";"Null";"Null"
"http://data.bnf.fr/ark:/12148/cb30652721t";"Vita de' santi padri, da S. Girolamo, volgarizzata da Domenico Cavalca";"1474";"Santo Orso";"L. Achates";"1474";"In-fol. (Copinger, 2970.)";"Null";"Null"
"http://data.bnf.fr/ark:/12148/cb30670745r";"Juvenalis et Persii Saturae";"1474";"Mediolani";"impressit A. Zarothus Parmensis";"1474";"In-fol. (Hain-Copinger, 9680.)";"Null";"Null"
"http://data.bnf.fr/ark:/12148/cb30670077f";"Justini In Pompeii Trogi Historias libri XLIIIJ";"1474";"(Mediolani,)";"A. Zarotho";"1474";"In-fol. (Hain-Copinger, 9649.)";"Null";"Null"
"http://data.bnf.fr/ark:/12148/cb30677602w";"Thomae a Kempis Soliloquium animae";"1474";"(Ultrajecti";"N. Ketelaer et G. de Leempt";"1474";"In-fol. (Campbell, 1567.)";"Null";"Null"
"http://data.bnf.fr/ark:/12148/cb30677544j";"Thomae a Kempis Sermones, epistolae devotique tractatus : Dialogus novitiorum ; Canticum de laudibus virginum ; Hymnus ad angelos et sanctos in coelo ; Canticum de virtute patientiae ; De Instituto Marthe et cujuslibet fidelis dispensatoris : De Recommendatione solitudinis et custodia silentii ; De Tribus tabernaculis ; De Vera compunctione cordis ; Hortulus rosarum ; Vallis liliorum ; Alphabetum monachi in schola Dei ; Consolatio pauperum et infirmorum ; Epitaphium monachorum ; Vita boni monachi ; Manuale parvulorum ; Doctrinale juvenum ; Hospitale pauperum";"1474";"(Ultrajecti";"N. Ketelaer et G. de Leempt";"1474";"In-fol. (Hain, 9768.)";"Null";"Null"
"http://data.bnf.fr/ark:/12148/cb30677571f";"Alphabetum divini amoris de elevatione mentis in Deum Johannis Gerson";"1474";"[Strasbourg,";"imprimeur du Henricus Ariminiensis, H 1649 (= Georg Reyser ou Heintich Eggestein ?)";"1474";"Null";"Null";"Null"
"http://data.bnf.fr/ark:/12148/cb307118634";"Lactantii Firmiani Opera. De Divinis institutionibus adversus gentes libri septem ; de Ira Dei liber unus ; de Opificio hominis liber ; Phoenix : Dantes Phoenice (Inferno, XXIV, 107-112), Ovidius Phoenix (Metamorph., XV, 391-402) ; de Resurrectionis dominicae die. Ex recensione fratris Adami Genuensis. Errata per fratrem Antonium Raudensem collecta. Epistola Andreae episcopi Aleriensis. Angelius Cnaeus recensuit";"1474";"Romae";"per U. Gallum et S. Nicolai de Luca";"1474";"In-fol. (Hain, 9811.)";"Null";"Null"
"http://data.bnf.fr/ark:/12148/cb30747494c";"Il Tesoro di Brunetto Latini";"1474";"Treviso";"Gerardus de Lisa";"1474";"Null";"Null";"Null"
"http://data.bnf.fr/ark:/12148/cb30778847t";"Sophologium";"1474";"[Strasbourg";"Adolf Rusch";"1474";"Null";"Null";"Null"
"http://data.bnf.fr/ark:/12148/cb30792983x";"Omniboni Leoniceni Grammatica latina, seu de Octo partibus orationis liber";"1474";"(Ferrariae,)";"per A. Cannerium";"1474";"In-4° . (Hain, 10023.)";"Null";"Null"
"http://data.bnf.fr/ark:/12148/cb30792985m";"Omniboni Leoniceni Grammatica latina, seu de Octo partibus orationis liber de Arte metrica";"1474";"(Venetiis,)";"per A. de Stendal";"1474";"In-8° . (Hain, 10025.)";"Null";"Null"
"http://data.bnf.fr/ark:/12148/cb307929848";"Omniboni Leoniceni Grammatica latina, seu de Octo partibus orationis liber de Arte metrica";"1474";"Patavii";"(B. de Valdezochio et M. de Septemarboribus)";"1474";"In-4° . (Hain-Copinger, 10024.)";"Null";"Null"
"http://data.bnf.fr/ark:/12148/cb308189936";"Cronica summorum pontificum imperatorumque Gervasii Ricobaldi, a J. P. de Lignamine edita et continuata. - Fol. 1 r° : Joannes Philippus de Lignamine Messanen. Systo IIII summo pontifici, etc. - Fol. 8 r° : Incipit Crononica [sic] summorum pontificum imperatorumque, ac de septem etatibus mundi... - Fol. 129 r° : Rome, in domo... Johannis Philippi de Lignamine,... hic libellus impressus est, anno Domini MCCCCLXXIIII, die XIIII mensis julii... Registrum hujus libri...";"1474";"Romae";"Null";"1474";"In-4° , 129 ff. non ch., car. rom., initiale peinte";"Null";"Null"
"http://data.bnf.fr/ark:/12148/cb308189967";"Ad Pirrum Perottum, nepotem ex fratre suavissimum, Rudimenta gramatices";"1474";"Romae";"Null";"1474";"In-fol.";"Null";"Null"
"http://data.bnf.fr/ark:/12148/cb30844620t";"Ludolphi carthusiensis Meditationes vitae Jesu Christi";"1474";"(Argentorati";"H. Eggesteyn,)";"1474";"In-fol. (Hain-Copinger, *10290.)";"Null";"Null"
"http://data.bnf.fr/ark:/12148/cb30844622h";"Ludolphi cartusiensis Meditationes vitae Jesu Christi";"1474";"Cologne";"N. Gotz";"1474";"In-fol.";"Null";"Null"
"http://data.bnf.fr/ark:/12148/cb308446215";"Ludolphi cartusiensis Meditationes vitae Jesu Christi";"1474";"Cologne";"N. Gotz";"1474";"In-fol. (Hain-Copinger, *10291.)";"Null";"Null"
"http://data.bnf.fr/ark:/12148/cb30872120k";"Marci Manlii [sic] Astronomicon et Arathus Germanici";"1474";"Bologna";"Ugo Ruggeri et Donnino Bertocchi";"1474";"Null";"Null";"Null"
"http://data.bnf.fr/ark:/12148/cb308712182";"Liber de homine, a Hieronymo Manfredo";"1474";"Bononiae";"per U. Rugerium, et D. Bertochum Regienses";"1474";"In-fol., 199 ff. n. ch. (Hain, 10689.)";"Null";"Null"
"http://data.bnf.fr/ark:/12148/cb308739352";"Fratris Baptiste Mantuani,... de Vita beata libellus...";"1474";"Alosti";"Thierry Martens";"1474";"Null";"Null";"Null"
"http://data.bnf.fr/ark:/12148/cb308929148";"Marci Valerii Martialis Epigrammatum libri XV";"1474";"(S. l.";"Null";"1474";"In-4° . (Hain-Copinger, 10806.)";"Null";"Null"
"http://data.bnf.fr/ark:/12148/cb308973124";"Cronica summorum pontificum imperatorumque Gervatii Ricobaldi [seu potius Martini Poloni] a J. P. de Lignamine edita et continuata. - Fol. 1 r° : Joannes Philippus de Lignamine Messanen. Syxto IIII summo pontifici, etc. - Fol. 8 r° : Incipit Crononica [sic] summorum pontificum imperatorumque, ac de septem aetatibus mundi... - Fol. 129 r° : Rome, in domo... Johannis Philippi de Lignamine,... hic libellus impressus est, anno Domini 1474, die XIIII mensis julii... Registrum hujus libri...";"1474";"Romae";"Null";"1474";"In-4° , 129 ff. n. c., car. rom., initiale peinte";"Null";"Null"
"http://data.bnf.fr/ark:/12148/cb39302770q";"Ludolphi Saxonis, ordinis Carthusiensis, vita Jesu Christi descripta juxtà seriem quatuor Evangelistarum [editio primaria]";"1474";"[Strasbourg]";"[Heinrich Eggestein]";"1474";"In-fol., goth.";"Null";"Null"
"http://data.bnf.fr/ark:/12148/cb30907525b";"Sermones aurei de sanctis, fratris Leonardi de Utino";"1474";"(Bâle)";"Null";"1474";"In-fol. (Hain 16127.)";"Null";"Null"
"http://data.bnf.fr/ark:/12148/cb309082650";"De Arte moriendi... [Auctore Matthaeo de Cracovia.]";"1474";"[Köln";"imprimeur de la Legenda S. Albani, GW 515 (= Johann Guldenschaff ?)";"1474";"Null";"Null";"Null"
"http://data.bnf.fr/ark:/12148/cb30907526p";"Sermones aurei de sanctis, fratris Leonardi de Utino";"1474";"(Bâle)";"Null";"1474";"In-fol.";"Null";"Null"
"http://data.bnf.fr/ark:/12148/cb30907517q";"Sermones aurei de sanctis, fratris Leonardi de Utino, sacre theologie doctoris";"1474";"(Moguntiae";"Null";"1474";"In-fol. (Hain-Copinger, *16126.)";"Null";"Null"
"http://data.bnf.fr/ark:/12148/cb30907516c";"Sermones aurei de sanctis, fratris Leonardi de Utino";"1474";"(Augustae Vendelicorum,)";"Null";"1474";"In-fol. (Hain, *16130.)";"Null";"Null"
"http://data.bnf.fr/ark:/12148/cb39330528h";"La Lena";"1474";"Null";"Null";"Null";"Sig. A2-D8";"Null";"Null"
"http://data.bnf.fr/ark:/12148/cb309324991";"Georgii [Merulae] Alexandrini in librum de homine Galesti Narniensis opus. Ejusdem in Sapphus epistolam interpretatio. - Georgius Alexandrinus Antonio chronico sal";"1474";"(S. l. n. d.) (Venetiis";"V. de Spira";"1474";"In-4° , sign. b-m. (Hain, 11097.)";"Null";"Null"
"http://data.bnf.fr/ark:/12148/cb31016064d";"Postilla super quattuor evangelista";"1474";"Null";"Null";"1474";"In-fol.";"Null";"Null"
"http://data.bnf.fr/ark:/12148/cb31017265j";"Praeceptorium divinae legis, seu Expositio Decalogi Johannis Nyder";"1474";"Parisiis";"per M. Crantz, M. Friburger et U. Gering";"1474";"In-fol. (Hain, 11788.)";"Null";"http://gallica.bnf.fr/ark:/12148/btv1b86042704"
"http://data.bnf.fr/ark:/12148/cb310167917";"Summulae seu Logicae institutiones [Pauli Veneti]";"1474";"Mediolani";"per B. Mombritium";"1474";"In-4° . (Hain, 12500.)";"Null";"Null"
"http://data.bnf.fr/ark:/12148/cb40142856s";"Theorice nove planetarum Georgii Purbachii";"1474";"[Nürnberg";"Johannes Regiomontanus alias Müller";"1474";"ill.";"Null";"http://gallica.bnf.fr/ark:/12148/bpt6k8546240"
"http://data.bnf.fr/ark:/12148/cb31032264d";"Apollinaris Offredi cremonensis,... Prefatio in libros Aristotelis de anima... - A la fin : Mediolani, per magistrum Philippum de Lavania, 1474, die Jovis, 13 octobris";"1474";"Mediolani";"Null";"1474";"In-fol. (Hain, 12003.)";"Null";"Null"
"http://data.bnf.fr/ark:/12148/cb31046218d";"[Publii Ovidii Nasonis Opera.]";"1474";"[Venezia]";"Jacques Le Rouge";"1474";"Null";"Null";"Null"
"http://data.bnf.fr/ark:/12148/cb31047038q";"Ovidii Nasonis, sulmonensis poete, De nuncio sagaci";"1474";"[Köln";"imprimeur de la Legenda S. Albani, GW 515 (= Johann Guldenschaff ?)";"1474";"16 p.";"Null";"http://gallica.bnf.fr/ark:/12148/bpt6k70591x"
"http://data.bnf.fr/ark:/12148/cb31068081h";"Dialogus, qui vocatur scrutinium Scripturarum";"1474";"Null";"Null";"1474";"In-fol.";"Null";"Null"
"http://data.bnf.fr/ark:/12148/cb31073952d";"De Planctu ecclesiae libri II [per Alvarum Pelagium]";"1474";"Ulmae";"Null";"1474";"In-fol. (Pellechet, 574.)";"Null";"Null"
"http://data.bnf.fr/ark:/12148/cb31079004h";"Summa viciorum seu Tractatus moralis edita a fratre Vilhelmo episopo Lugdunensis";"1474";"[Basel";"Berthold Ruppel";"1474";"[352] ff. non signés [a12, b-d10, e-f8, g-i10, k8, l-r10, s-t8, v-x10, y-z8, A-D10, E12, F-L10, M12, N10], le dernier blanc";"Null";"Null"
"http://data.bnf.fr/ark:/12148/cb31083639k";"Nicolai Perotti Rudimenta grammatices, edita a J. P. de Lignamine. - Fol. 1 r : vacat. - Fol. IV : Prefatio Joannis Philippi de Lignamine, Messanensis, familiaris I. D. N. Xysti IIII. - Fol. 2 r : Nicolai Perotti ad Pirrum Perottum nepotem ex fratre suavissimum Rudimenta grammatices. - Fol. 170 r : Romae, in domo nobilis viri Joannis Philippi de Lignamine... hic libellus impressus est, anno Domini MCCCCLXXIII, die decima mensis maii, pont. Syxti IIII anno tertio : Registrum hujus libri...";"1474";"Romae";"Null";"1474";"In-fol., 170 ff. n. ch., sans sign, ni réclames, à longues lignes, car. rom.";"Null";"Null"
"http://data.bnf.fr/ark:/12148/cb31083637w";"Nicolai Perotti Rudimenta grammatices";"1474";"Romae";"per A. Pannartz";"1474";"In-fol. (Hain-Copinger, 12644.)";"Null";"Null"
"http://data.bnf.fr/ark:/12148/cb31088585p";"D. Junii Juvenalis et Auli Persii Flacci Satyrae";"1474";"Mediolani";"impr. A. Zarothus";"1474";"In-fol. (Hain-Copinger, 9680 ; Morgan, 9.)";"Null";"Null"
"http://data.bnf.fr/ark:/12148/cb31088584b";"Persii Lucillii Auli Flacci poete Satirarum liber";"1474";"(Basileae";"per M. Flach";"1474";"In-fol. (Hain, 12713 ; Morgan, 6.)";"Null";"Null"
"http://data.bnf.fr/ark:/12148/cb310955379";"Liber compilationis phisionomie a Petro padubanensi";"1474";"Paduae";"[s.n.]";"1474";"49 ff.";"Null";"http://gallica.bnf.fr/ark:/12148/bpt6k61424402"
"http://data.bnf.fr/ark:/12148/cb31094499b";"Francisci Petrarcae Rerum vulgarium fragmenta. Triumphi";"1474";"(Vicentiae,)";"Null";"1474";"In-fol. (Hain-Copinger, 12759 ; Fiske, p. 74.)";"Null";"Null"
"http://data.bnf.fr/ark:/12148/cb310992421";"Epistolae";"1474";"[Roma";"Johannes Gensberg";"1474";"Null";"Null";"Null"
"http://data.bnf.fr/ark:/12148/cb310992452";"Epistolae";"1474";"[Napoli";"imprimeur du Silvaticus (H 15194)";"1474";"[54] ff.";"Null";"Null"
"http://data.bnf.fr/ark:/12148/cb311072854";"Legatio Frederici tercii per Eneam Silvium relata";"1474";"(Lovanii";"Null";"1474";"In-4° . (Pellechet, 142.)";"Null";"Null"
"http://data.bnf.fr/ark:/12148/cb31107188w";"Pii II pontificis maximi de Captione urbis Constantinopolitane tractaculus";"1474";"[Roma";"Johannes Gensberg";"1474";"Null";"Null";"Null"
"http://data.bnf.fr/ark:/12148/cb311089630";"Libellus magistri Petri Blesensis de amicicia cristiana";"1474";"[Köln";"imprimeur de la Legenda S. Albani, GW 515 (= Johann Guldenschaff ?)";"1474";"Null";"Null";"Null"
"http://data.bnf.fr/ark:/12148/cb311236892";"[Caii Plinii Secundi Caecilii Epistolae]";"1474";"[Roma";"Johannes Schurener";"1474";"Null";"Null";"Null"
"http://data.bnf.fr/ark:/12148/cb31123826q";"Plinius, vel potius Aurelius Victor. De Viris illustribus Romae";"1474";"[Venezia";"Nicolas Jenson";"1474";"Null";"Null";"Null"
"http://data.bnf.fr/ark:/12148/cb31187509h";"[Johan von Könsperg. Kalender.]";"1474";"[Nürnberg]";"Johannes Regiomontanus [= Johannes Müller]";"1474";"[30] ff.";"Null";"Null"
"http://data.bnf.fr/ark:/12148/cb311874918";"[Joannis de Monte Regio Ephemerides ab anno 1475 ad 1506]";"1474";"[Nürnberg]";"Johannes Regiomontanus [= Johannes Müller]";"1474";"ill.";"Null";"Null"
"http://data.bnf.fr/ark:/12148/cb31237848c";"Fasciculus temporum [auctore W. Rolevinck]";"1474";"Coloniae Agrippinae";"impr. per A. Therhuernen";"1474";"In-fol., 74 ff. non ch., sans sign. ni récl., car. goth., fig., marque typogr. à la fin. (Voullième, 1026.)";"Null";"Null"
"http://data.bnf.fr/ark:/12148/cb31237849q";"[Fasciculus temporum, auctore W. Rolevinck.]";"1474";"(Coloniae,)";"N. Gotz de Sletzstat";"1474";"In-fol., 141 ff., paginés à partir du 4e, IIII-CCLXXXII, 36 ff. non ch., le dernier blanc, fig., marque de l'imprimeur. (Voullième, 1027.)";"Null";"Null"
"http://data.bnf.fr/ark:/12148/cb31274471w";"Paradoxa in Juvenalem [auctore A. Sabino]";"1474";"Roma";"Null";"1474";"In-fol. (Hain, *14063.)";"Null";"Null"
"http://data.bnf.fr/ark:/12148/cb312886619";"Crispi Salustii de Conjuratione Catiline liber. [De Jugurthino bello liber.]";"1474";"(S. l.,)";"Null";"1474";"In-4° . (Hain-Copinger, 14239.)";"Null";"Null"
"http://data.bnf.fr/ark:/12148/cb31288660z";"[Sallustii Opera.]";"1474";"Mediolani";"per Antonium Zarotum";"1474";"In-4° , (Hain-Copinger, 14200.)";"Null";"http://gallica.bnf.fr/ark:/12148/bpt6k133065p"
"http://data.bnf.fr/ark:/12148/cb31288662n";"[Sallustii Bellum Catilinarium et Jugurthinum.]";"1474";"Venetiis";"ductu et impensa Johannis Colonie Agripinensis";"1474";"In-4° . (Hain 14201.)";"Null";"Null"
"http://data.bnf.fr/ark:/12148/cb31292926c";"[Speculum vitae humanae, auctore Rodorico Sanctio de Arevalo.]";"1474";"(Parisiis";"P. Caesaris et J. Stol.)";"1474";"In-4° . (Hain-Copinger, 13936.)";"Null";"Null"
"http://data.bnf.fr/ark:/12148/cb313643889";"[Sidonii Apollinaris Epistolae et carmina.]";"1474";"[Utrecht";"Nicolaus Ketelaer et Gerardus de Leempt";"1474";"Null";"Null";"Null"
"http://data.bnf.fr/ark:/12148/cb31367570h";"Liber cibalis et medicinalis Pandectarum Mathei Silvatici, medici de Salerno, et gloriosissimo Roberto, regi Siciliae, inscriptus";"1474";"Neapoli";"Null";"1474";"In-fol. (Hain, 15194.)";"Null";"Null"
"http://data.bnf.fr/ark:/12148/cb31375129p";"[Tractatus de sanguine Christi et de potentia Dei.] - Au fol. 1vo : Cogitante michi, beatissime pater Sixte... ut duo illa opuscula quorum alterum de sanguine Christi, alterum de potentia Dei... composueras, eneis litteris liceret imprimere... restitisti... - Au fol. 2vo : Johannem Philippum de Lignamine,... b. pater, ita commendatum in omnibus habeas ut S. tue servum... immortalitatisque et laudum tuarum studiosissimum. - Au fol. 87vo : Explicit tractatus de sanguine Christi, impressus Nuremberge per Fridericum Creussner, anno Domini millesimo quadringentesimo septuagesimo quarto... - Au fol. 88ro : De Dei potentia incipit tractatus... compilatus per F. cardinalem Sancti Petri ad Vincula. - À la fin : Laus Deo clementissimo Fridericus Creussner";"1474";"Nurembergae";"Null";"1474";"In-fol. (Hain 14798.)";"Null";"Null"
"http://data.bnf.fr/ark:/12148/cb31375130w";"De Dei potentia incipit tractatus... compilatus per F. cardinalem Sancti Petri ad Vincula. - À la fin : Laus Deo clementissimo, Fridericus Creussner";"1474";"(Nurembergae";"Null";"1474";"In-fol., 9 ff. n. ch.";"Null";"Null"
"http://data.bnf.fr/ark:/12148/cb314398633";"[Glossae Clementinae cum quibusdam aliis allegacionibus occurrentibus, nota digne, collecte per dominum Nicolaum Siculum Tedeschi,...]";"1474";"Colonie";"J. Koelhoff de Lubeck";"1474";"In-fol. (Hain-Copinger, 12336.)";"Null";"Null"
"http://data.bnf.fr/ark:/12148/cb31443379v";"[Terentii Comoediae sex : Andria, Eunuchus, Heautontimorumenos, Adelphoe, Phormio, Ecyra. Cum Terentii vita excerpta de dictis Petrarcae et Epitaphio.]";"1474";"Milan";"A. Zarot";"1474";"In-fol., 100 ff. n. ch., s. sign. n. récl., car. rom. (Brunet, V, col. 707 ; Lawton, 13.)";"Null";"Null"
"http://data.bnf.fr/ark:/12148/cb31443388t";"[Terentii Comoediae sex : Andria, Eunuchus, Heautontimorumenos, Adelphi, Phormio, Ecyra.] - (Fol. [1,] r° :) Terentii vita ex Donati comentariis excepta [sic]. - (Fol. [3,] r° :) Andria Publii Terentii Afri, poetae comici. - Andriae argumentum [Sulpicii Apollinaris]. - Prologus Andriae. - (À la fin :) Finis M.CCCC.LXXIIII., pridie nonas augusti";"1474";"(S. l.,)";"Null";"1474";"In-fol., 104 ff. n. ch., s. sign. n. récl., car. rom. (Dibdin, Bibl. Spencer., II, n  476 ; Hain, 15375 ; Lawton, 14.)";"Null";"Null"
"http://data.bnf.fr/ark:/12148/cb314617776";"Tractatus de Periculis contingentibus circa sacramentum Eucaristie et de remediis eorundem, ex dictis sancti Thome de Aquino... - Epistola sancti Thome de Judeis ad peticionem comitisse Flandrie...";"1474";"[Ulm";"Johann Zainer";"1474";"Null";"Null";"Null"
"http://data.bnf.fr/ark:/12148/cb314617625";"Tertia pars Summe sancti Thome.";"1474";"[Basel";"Michael Wenssler";"1474";"Null";"Null";"Null"
"http://data.bnf.fr/ark:/12148/cb314617505";"Secundus liber Secunde partis beati Thome de Aquino";"1474";"[Strasbourg";"imprimeur du Henricus Ariminensis, H 1649 (= Georg Reyser ?)";"1474";"Null";"Null";"Null"
"http://data.bnf.fr/ark:/12148/cb31461752v";"Secundus liber Secunde partis beati Thome de Aquino";"1474";"[Basel";"Berthold Ruppel";"1474";"Null";"Null";"Null"
"http://data.bnf.fr/ark:/12148/cb314617536";"Secunda Secunde... sancti Thome de Aquino";"1474";"In urbe Roma";"per S. Nicolay (Chardella) et U. Gallum";"1474";"In-fol. (Hain, 1461 ; Pellechet, 1051.)";"Null";"Null"
"http://data.bnf.fr/ark:/12148/cb31461898f";"Summa de quolibet Thome Aquinatis,...";"1474";"Nurmberge";"per J. Sensenschmid";"1474";"(Hain-Copinger, 1402 ; Pellechet, 1006 ; Polain, 3718.)";"Null";"Null"
"http://data.bnf.fr/ark:/12148/cb314618377";"Liber primus [-quartus] de Veritate catholice fidei contra errores infidelium, editus, editus a fratre Thoma de Aquino,...";"1474";"[Strasbourg";"imprimeur du Henricus Ariminensis, H 1649 (= Georg Reyser ?)";"1474";"Null";"Null";"Null"
"http://data.bnf.fr/ark:/12148/cb31461947t";"Postilla fratris Thome de Aquino in Job...";"1474";"[Esslingen]";"Konrad Fyner";"1474";"Null";"Null";"Null"
"http://data.bnf.fr/ark:/12148/cb31481347k";"Defensorium fidei contra judaeos, hereticos et Sarracenos, libros seu dyalogos septem continens";"1474";"[Utrecht]";"[Nicolaus Kelelaer et Gerardus de Leempt]";"1474";"Null";"Null";"Null"
"http://data.bnf.fr/ark:/12148/cb31481287j";"Tractatus quidam de aqua benedicta [editus per... Johannem de Turrecremata]";"1474";"[Roma";"dans la maison d’Antonio et Raffaele Volterra";"1474";"Null";"Null";"Null"
"http://data.bnf.fr/ark:/12148/cb31481307b";"[Reverendissimi cardinalis tituli Sancti Sixti, domini Johannis de Turrecremata, Expositio brevis et utilis super toto Psalterio.]";"1474";"Moguntie";"per P. Schoyffer";"1474";"In-fol. (Hain, *15698 ; Br. Mus., Books pr. XVth c., t. I, p. 31 ; Polain, 3859.)";"Null";"Null"
"http://data.bnf.fr/ark:/12148/cb315089494";"Lectura... domini Baldi de Perusio super usibus feudorum... [Commentum domini Baldi de Ubaldis,... super pace Constantie.]";"1474";"Roma";"dans la maison d'Antonio et Raffaele Volterra";"1474";"[164] ff. non signés, le premier blanc";"Null";"Null"
"http://data.bnf.fr/ark:/12148/cb31509054g";"[Ditta mundi.] Incominza el libro primo Dita mundi cumponuto per Fazio di Gluberti,...";"1474";"Vincenza";"L. Achate";"1474";"In-fol. (Hain, 15906 ; Br. Mus., Books pr. XVth c., t. VII, p. 1030.)";"Null";"Null"
"http://data.bnf.fr/ark:/12148/cb31520433v";"Valerii Maximi Factorum ac dictorum memorabilium liber...";"1474";"Venetiis";"per J. de Colonia ac J. Manthen";"1474";"In-4° . (Hain, *15776 ; Br. Mus., Books pr. XVth c., t. V, p. 230 ; Polain, 3893.)";"Null";"Null"
"http://data.bnf.fr/ark:/12148/cb31521539f";"Tractatus de epidimia et peste domini Valasti de Tarenta,...";"1474";"[France du Sud ?";"imprimeur du Valascus de Tarenta, De Epidemia (H 15245)";"1474";"Null";"Null";"Null"
"http://data.bnf.fr/ark:/12148/cb31520736q";"C. Valerii Flacci Setini Balbi Argonauticon liber primus [-octavus]";"1474";"Bononiae";"per U. Rugerium et D. Bertochum";"1474";"In-fol. (Hain-Copinger, 5925 ; Br. Mus., Books pr. XVth c., t. VI, p. 805.)";"Null";"Null"
"http://data.bnf.fr/ark:/12148/cb31523001v";"Jhesuida Jeronimi de Vallibus,... ad Petrum Donati,... [-Proverbia Salomonis...]";"1474";"(Basileae";"M. Wenssler";"1474";"In-fol. (Hain, *15839 ; Br. Mus., Books pr. XVth c., t. III, p. 720 ; Polain, 3909.)";"Null";"Null"
"http://data.bnf.fr/ark:/12148/cb31545376g";"M. T. Varronis de Lingua latina [Julius Pomponius Laetus edidit]";"1474";"[Venezia";"Johannes de Colonia et Johannes Manthen";"1474";"Null";"Null";"Null"
"http://data.bnf.fr/ark:/12148/cb31559319t";"Petri Pauli Vergerii,... de Ingenuis moribus ac liberalibus studiis liber. - À la fin : Petri Pauli Vergerii,... de Ingenuis ac liberalibus studiis liber explicit";"1474";"(Mediolani";"P. de Lavagna";"1474";"In-4° , 26 ff. n. ch. [a⁽8, b⁽1⁽0, c⁽8], car. rom. (T. Accurti, Aliae editiones saeculi XV, p. 40, n  72.)";"Null";"Null"
"http://data.bnf.fr/ark:/12148/cb31572259h";"Marii Fabii Victorini,... In Rhetoricis Ciceronis liber primus [-secundus]";"1474";"Mediolani";"impressum per A. Zarottum";"1474";"In-fol. (Reichling, fasc. V, 1653 ; Brit. Mus., Books pr. XVth c., t. VI, p. 712.)";"Null";"Null"
"http://data.bnf.fr/ark:/12148/cb31587671w";"[Speculum hystoriale fratris Vincentij de Burgundia.]";"1474";"(Augusta Vindelicorum,)";"Null";"1474";"3 vol. in-fol. à 2 col., car. goth. (Copinger, II, 6247 ; Br. Mus., Cat. of books pr. XVth c., t. II, p. 339 ; Polain, t. IV, n  3942.)";"Null";"Null"
"http://data.bnf.fr/ark:/12148/cb31591346m";"[Publii Virgilii Maronis Opera.]";"1474";"Mediolani";"per P. de Lavagnia";"1474";"In-fol. (Copinger, 6014 et *20 ; Mambelli, 22.)";"Null";"Null"
"http://data.bnf.fr/ark:/12148/cb316734553";"[Xenophontis Libri VIII de Cyri paedia, per Franciscum Philelphum de graeco in latinum conversi.]";"1474";"Romae";"opera Arnoldi de Villa";"1474";"In-fol.";"Null";"Null"
"http://data.bnf.fr/ark:/12148/cc96090r";"ספר העקרים";"1474";"Null";"Null";"Null";"f.";"Null";"http://gallica.bnf.fr/ark:/12148/btv1b107209086"
"http://data.bnf.fr/ark:/12148/cc8379f";"Seper hahinwk";"1474";"Null";"Null";"Null";"266 f.";"Null";"http://gallica.bnf.fr/ark:/12148/btv1b10539308s"
"http://data.bnf.fr/ark:/12148/cc717312";"Commentaria in Satyras Juvenalis";"1474";"Null";"Null";"Null";"161 ff. foliotés 1-159 plus f. 142bis et 148bis, à longues lignes";"Null";"http://gallica.bnf.fr/ark:/12148/btv1b8447099g"
"http://data.bnf.fr/ark:/12148/cc77062";"Lévi ben Gerson. Commentaire du Cantique des cantiques";"1474";"Null";"Null";"Null";"40 f.";"Null";"http://gallica.bnf.fr/ark:/12148/btv1b105392967"
"http://data.bnf.fr/ark:/12148/cb31947614x";"Tractatus de successionibus ab intestato";"1474";"(Coloniae, l'imprimear de l'Albanus";"Null";"1474";"Null";"Null";"Null"
"http://data.bnf.fr/ark:/12148/cb323490365";"Allegationes...";"1474";"Romae";"Null";"1474";"Null";"Null";"Null"
"http://data.bnf.fr/ark:/12148/cb33610928w";"Der Spiegel der volnkommenheyt";"1474";"[Mainz]";"[Peter Schöffer]";"1474";"[a-m10, n-p8]";"Null";"Null"
"http://data.bnf.fr/ark:/12148/cb33626255h";"Thurecensis : phisici : tr//actatus : De : cometis// incipit (A la fin) Anno : Domini 1474. Hans : Avrl";"1474";"[Venezia]";"Hans Aurl";"1474";"Null";"Null";"Null"
"http://data.bnf.fr/ark:/12148/cb33715102c";"(Sentence des requêtes du palais qui adjuge à l'archidiacre les lits, surplis, ceinture d'argent, etc. de Eustache Charbonnier, décédé curé du Bellay.)";"1474";"(S. l. n. d.)";"Null";"1474";"4°";"Null";"Null"
"http://data.bnf.fr/ark:/12148/cb337155196";"Arrêt de Parlement par lequel est fait défense aux habitants de Moulins de ne lever aucun péage sur les bateaux, chargés de marchandises, sur la rivière d'Allier";"1474";"(Orléans)";"(Hotot)";"1474";"8°";"Null";"Null"
"http://data.bnf.fr/ark:/12148/cb33715518v";"Arrest (de parlement) par lequel est faict defenses aux manans et habitans de... Moulins de ne lever ny exiger aucun peage sur les batteaux chargez de marchandises sur la riviere d'Alier";"1474";"(S. l. n. d.)";"Null";"1474";"In-8°, 2 p.";"Null";"Null"
"http://data.bnf.fr/ark:/12148/cb337535720";"Bulla aurea";"1474";"Nürnberg";"Friecdrich Creusner";"1474";"Null";"Null";"Null"
"http://data.bnf.fr/ark:/12148/cb33753571n";"Bulla Aurea [allemand]";"1474";"[Nürnberg";"Friedrich Creussner";"1474";"Null";"Null";"Null"
"http://data.bnf.fr/ark:/12148/cb33768674c";"(Formularium instrumentorum ad usum curiae romanae.) (Fol. 1a) Nota Absolution̄ vigore commission̄ aplīce ab excomuīcacion̄ la//ta ob non solution̄ peccuīa@ simplr̄ vel ad cautelam. (A la fin). Impressorib' et Magistris // Iohanni Nicolai Hanheymer de Oppenheym et Iohanni Schu//rener de Bopardia...";"1474";"Rome";"Null";"1474";"In-fol.";"Null";"Null"
"http://data.bnf.fr/ark:/12148/cb33804567s";"Tabulae fratrum ordinis Mariae de Carmelo";"1474";"Alost";"Thierry Martens";"1474";"Null";"Null";"Null"
"http://data.bnf.fr/ark:/12148/cb33810278v";"Lettres de donation à Philippe de Commynes de la terre et seigneurie de Chaillot-lez-Paris";"1474";"(S. l. n. d.)";"Null";"1474";"In-4°, 7 p.";"Null";"Null"
"http://data.bnf.fr/ark:/12148/cb35951137h";"[Sans titre]";"1474";"Null";"Null";"1474";"[468] f.";"Null";"Null"
"http://data.bnf.fr/ark:/12148/cb36506728t";"Sermo in festo Sancti Ivonis, advocati pauperum, editus a venerabili fratre Cherubino, ordinis fratrum heremitarum Sancti Augustini";"1474";"[Roma";"Giovanni Filippo La Legname";"1474";"[8] feuillets. 24 lignes à la page";"Null";"Null"
