id;title;date;place;publisher;firstyear;description;subject;gallica
"http://data.bnf.fr/ark:/12148/cb36696718j";"Tratados da nobreza civil e cristã";"199";"Lisboa";"Imprensa national - Casa da Moeda";"Null";"282 p.";"http://data.bnf.fr/ark:/12148/cb11976232x";"Null"
"http://data.bnf.fr/ark:/12148/cb36704594x";"Nâzım'dan armağan";"199";"İstanbul";"Cem yayınevi";"Null";"263 p.";"http://data.bnf.fr/ark:/12148/cb11935764v";"Null"
"http://data.bnf.fr/ark:/12148/cb369450045";"Zentraleuropa-Studien";"199";"Wien";"Verl. der Österreichischen Akademie der Wissenschaften";"Null";"Null";"Null";"Null"
"http://data.bnf.fr/ark:/12148/cb36945029h";"Landauer Universitätsschriften";"199";"Landau";"Knecht";"Null";"Null";"Null";"Null"
"http://data.bnf.fr/ark:/12148/cb36946640x";"Handbuch der Geschichte der internationalen Beziehungen";"199";"Paderborn. - München. - Wien [etc.]";"F. Schöningh";"Null";"Null";"Null";"Null"
"http://data.bnf.fr/ark:/12148/cb369459128";"Environmental health services in Europe";"199";"Copenhagen";"WHO, Regional office for Europe";"Null";"Null";"Null";"Null"
"http://data.bnf.fr/ark:/12148/cb36945910k";"A history of the United States of America";"199";"Cambridge (Mass.). - Oxford (GB)";"Blackwell publ.";"Null";"vol.";"Null";"Null"
"http://data.bnf.fr/ark:/12148/cb369462655";"Bütün eserler";"199";"Ankara";"Yurt kitap-yayın";"Null";"Null";"Null";"Null"
"http://data.bnf.fr/ark:/12148/cb36946204z";"A bilingal concordance to the Targum of the Prophets";"199";"Leiden. - New York. - Köln";"E. J. Brill";"Null";"vol.";"Null";"Null"
"http://data.bnf.fr/ark:/12148/cb36946242h";"Design for sustainable development";"199";"Loughlinstown. - [Luxembourg]";"European foundation for the improvement of living and working conditions. - Office for official publications of the European communities";"Null";"Null";"Null";"Null"
"http://data.bnf.fr/ark:/12148/cb369468785";"Art martial français";"199";"Mur de Bretagne";"P. Allain";"Null";"Ill., couv. ill.";"Null";"Null"
"http://data.bnf.fr/ark:/12148/cb36956305s";"8 Stunden sind kein Tag : Freizeit und Vergnügen in Dortmund 1870 bis 1939";"199";"[Heidelberg]";"Ed. Braus";"Null";"359 p.";"http://data.bnf.fr/ark:/12148/cb11933459z";"Null"
"http://data.bnf.fr/ark:/12148/cb369581271";"Historial de la Grande Guerre";"199";"[Amiens]";"Conseil général de la Somme";"Null";"16 p.";"Null";"Null"
"http://data.bnf.fr/ark:/12148/cb369790936";"Aziz Nesin'in öyküleri : (Abecesel dizin)";"199";"İstanbul";"Adam";"Null";"[15] p.";"http://data.bnf.fr/ark:/12148/cb133183242";"Null"
"http://data.bnf.fr/ark:/12148/cb369959051";"Actas del II Congreso nacional de filosofía medieval";"199";"Zaragoza";"Universidad de Zaragoza";"Null";"542 p.";"http://data.bnf.fr/ark:/12148/cb11940054m";"Null"
"http://data.bnf.fr/ark:/12148/cb37008848g";"Photographic literature : an international bibliographic guide to general and specialized literature on photographic processes, techniques, theory, chemistry, physics, apparatus, materials & applications, industry, history, biography, aesthetics";"199";"Mansfield (Conn.). - New York";"M. Martino. - Fred & Elizabeth Pajerski";"Null";"XVI-335 p.";"http://data.bnf.fr/ark:/12148/cb12045235p";"Null"
"http://data.bnf.fr/ark:/12148/cb370104746";"Veröffentlichungen des Forschungsinstituts für Alpine Vorzeit der Universität Innsbruck";"199";"Wien. - New York";"Springer";"Null";"Null";"Null";"Null"
"http://data.bnf.fr/ark:/12148/cb37011265x";"Lektury szkolne z opracowaniem";"199";"Warszawa";"Kama";"Null";"Null";"Null";"Null"
"http://data.bnf.fr/ark:/12148/cb37012447s";"Entwicklungslinien mittelalterlicher Philosophie : Vorträge des V. Kongresses der Österreichischen Gesellschaft für Philosophie, Innsbruck, 1-4. Februar 1998";"199";"Wien";"Hölder-Pichler-Tempsky";"Null";"Null";"Null";"Null"
"http://data.bnf.fr/ark:/12148/cb37012273s";"Le système de formation professionnelle...";"199";"Luxembourg";"Office des publications officielles des Communautés européennes";"Null";"Null";"Null";"Null"
"http://data.bnf.fr/ark:/12148/cb37012107q";"Racconti e prose";"199";"Parma";"Guanda - P. Bembo";"Null";"vol.";"Null";"Null"
"http://data.bnf.fr/ark:/12148/cb370186155";"The portrait miniatures in the collections of the house of Orange-Nassau";"199";"The Hague. - [Zwolle]";"House of Orange-Nassau historic collections trust. - Waanders";"Null";"112 p.";"http://data.bnf.fr/ark:/12148/cb121058361";"Null"
"http://data.bnf.fr/ark:/12148/cb37018836p";"Cordes";"199";"[S.l.]";"Conseil d'architecture, d'urbanisme et de l'environnement du Tarn";"Null";"24 p.";"Null";"Null"
"http://data.bnf.fr/ark:/12148/cb37020490n";"Ginsheim-Gustavsburg, Bischofsheim 1933-1945 : die Mainspitze unterm Hakenkreuz";"199";"Frankfurt am Main";"Dipa-Verl.";"Null";"402 p.";"http://data.bnf.fr/ark:/12148/cb11930867z";"Null"
"http://data.bnf.fr/ark:/12148/cb37021219z";"Texte et contexte d'un apocryphe de l'enfance du Sauveur : manuscrit BN lat. 11867";"199";"[S. l.]";"C. Paupert";"Null";"II-239 f.";"http://data.bnf.fr/ark:/12148/cb13165212r";"Null"
"http://data.bnf.fr/ark:/12148/cb37033755w";"La légende de l'écrevisse rose : conte antillais kréyol-français-english";"199";"Case-Pilote (Martinique)";"Éd. Lafontaine";"Null";"20 p.";"Null";"Null"
"http://data.bnf.fr/ark:/12148/cb37039753n";"Debate en torno a la postmodernidad";"199";"Madrid";"ed. Sintesis";"Null";"215 p.";"http://data.bnf.fr/ark:/12148/cb119951455";"Null"
"http://data.bnf.fr/ark:/12148/cb37044803c";"Windows 98";"199";"[Alleur]. - [Paris]";"Marabout. - [diff. Hachette]";"Null";"96 p.";"http://data.bnf.fr/ark:/12148/cb13195830z";"Null"
"http://data.bnf.fr/ark:/12148/cb370451626";"Vinaigre : le guide";"199";"Paris";"Hermé";"Null";"159 p.";"http://data.bnf.fr/ark:/12148/cb11938418k";"Null"
"http://data.bnf.fr/ark:/12148/cb37046635x";"Marieke van der Lippe";"199";"Rotterdam";"Museum Boijmans Van Beuningen";"Null";"Non paginé";"Null";"Null"
"http://data.bnf.fr/ark:/12148/cb37051820f";"Les remèdes floraux du docteur Bach : soignez-vous naturellement avec les essences florales";"199";"Monaco. - [Paris]";"Éd. du Rocher";"Null";"178 p.";"http://data.bnf.fr/ark:/12148/cb11933149t";"Null"
"http://data.bnf.fr/ark:/12148/cb370594041";"[Recueil. Documents publicitaires]";"199";"Colombes";"Frezza France";"Null";"Null";"http://data.bnf.fr/ark:/12148/cb119314762";"Null"
"http://data.bnf.fr/ark:/12148/cb37071481z";"Wappenrolle, Münchner Herold";"199";"Zug";"Goetz AG";"Null";"6 vol. (VIII-1380 p.)";"http://data.bnf.fr/ark:/12148/cb133184110";"Null"
"http://data.bnf.fr/ark:/12148/cb370771342";"Le Mondial bleu : l'épopée victorieuse";"199";"Marseille";"Autres temps";"Null";"130 p.";"Null";"Null"
"http://data.bnf.fr/ark:/12148/cb37084939g";"La vieille dame indigne : découpage plan à plan";"199";"Paris";"L'avant-cinéma";"Null";"68 p.";"Null";"Null"
"http://data.bnf.fr/ark:/12148/cb37085094c";"Facing west : oriental Jews of Central Asia and the Caucasus";"199";"Zwolle";"Waanders";"Null";"128 p.";"http://data.bnf.fr/ark:/12148/cb119344445";"Null"
"http://data.bnf.fr/ark:/12148/cb37087911t";"Más allá de la pos-modernidad : el discurso antrópico y su praxis en la cultura iberoamericana";"199";"Madrid";"Mileto ed.";"Null";"223 p.";"http://data.bnf.fr/ark:/12148/cb119369383";"Null"
"http://data.bnf.fr/ark:/12148/cb37088357q";"Le livre de la jungle : trois aventures de Mowgli";"199";"Paris";"Nathan";"Null";"184 p.";"Null";"Null"
"http://data.bnf.fr/ark:/12148/cb37090362k";"Des tragiques aux farceurs : deuxième voyage dans le théâtre français";"199";"[Paris]";"C. de Seynes";"Null";"117 p.";"http://data.bnf.fr/ark:/12148/cb11976033q";"Null"
"http://data.bnf.fr/ark:/12148/cb37098587d";"Gastronomic bibliography";"199";"Mansfield Centre , Conn.";"Martino fine books";"Null";"XIII -718 p.";"http://data.bnf.fr/ark:/12148/cb11931547r";"Null"
"http://data.bnf.fr/ark:/12148/cb37106883p";"Francesco Narduzzi";"199";"[S.l.]";"Rara international";"Null";"Non paginé";"Null";"Null"
"http://data.bnf.fr/ark:/12148/cb371132480";"Filosofía de la educación";"199";"Madrid";"Sintesis Educación";"Null";"190 p.";"http://data.bnf.fr/ark:/12148/cb119355064";"Null"
"http://data.bnf.fr/ark:/12148/cb37127178t";"Aproximación a la historia de España en grandes biografias";"199";"Barcelona";"Ed. Casals";"Null";"vol.";"Null";"Null"
"http://data.bnf.fr/ark:/12148/cb37127409t";"Fractions : carnets";"199";"Montréal";"Hexagone";"Null";"vol.";"Null";"Null"
"http://data.bnf.fr/ark:/12148/cb37127237h";"UNCTAD ITCD TSB";"199";"Genève";"Nations Unies";"Null";"Null";"Null";"Null"
"http://data.bnf.fr/ark:/12148/cb37127267f";"L'inventaire lexicologique du parler de Nendaz (Valais)";"199";"Tübingen. - Basel";"Francke";"Null";"vol.";"Null";"Null"
"http://data.bnf.fr/ark:/12148/cb37126912v";"Archaía ellīnikī́ grammateía : ermīneutikés kai didaktikés dokimés";"199";"Athī́na";"Ekd. Poreía";"Null";"vol.";"Null";"Null"
"http://data.bnf.fr/ark:/12148/cb371274779";"Oeuvre complètes";"199";"Trois pistoles";"Ed. des trois pistoles";"Null";"vol.";"Null";"Null"
"http://data.bnf.fr/ark:/12148/cb37127331q";"100 QCM corrigés d'anatomie";"199";"Paris";"Maloine";"Null";"Null";"Null";"Null"
"http://data.bnf.fr/ark:/12148/cb37136198d";"Le sacre de la femme";"199";"Gazelle (Tunisie)";"Ed. de l'or du temps";"Null";"3 vol.";"Null";"Null"
"http://data.bnf.fr/ark:/12148/cb371358205";"Vorträge und Abhandlungen";"199";"Frankfurt am Main";"Suhrkamp";"Null";"Null";"Null";"Null"
"http://data.bnf.fr/ark:/12148/cb37135854g";"Population and vital statistics report : data available as of...";"199";"New York";"United Nations";"Null";"Null";"http://data.bnf.fr/ark:/12148/cb119800026";"Null"
"http://data.bnf.fr/ark:/12148/cb37135542n";"Occasional paper : the next step in social development";"199";"Geneva";"UNRISD";"Null";"Null";"Null";"Null"
"http://data.bnf.fr/ark:/12148/cb37136153f";"Klassifikation für Allgemeinbibliotheken";"199";"Berlin";"Deutsches Bibliotheksinstitut";"Null";"vol.";"http://data.bnf.fr/ark:/12148/cb13318325d";"Null"
"http://data.bnf.fr/ark:/12148/cb37136211s";"Letra y solfa";"199";"La Habana";"Ed. Letras cubanas";"Null";"vol.";"Null";"Null"
"http://data.bnf.fr/ark:/12148/cb371356527";"UNCTAD ITCD TED";"199";"New York. - Geneva";"United Nations";"Null";"Null";"Null";"Null"
"http://data.bnf.fr/ark:/12148/cb371360895";"Un état d'esprit nouveau";"199";"Bening";"Éd. de la Lumière";"Null";"vol.";"Null";"Null"
"http://data.bnf.fr/ark:/12148/cb37135875f";"Corpus speculorum etruscorum";"199";"Roma";"L'Erma di Bretschneider";"Null";"vol.";"Null";"Null"
"http://data.bnf.fr/ark:/12148/cb371360802";"UNCTAD ITCD CLP";"199";"New York. - Genève";"Nations Unies";"Null";"Null";"Null";"Null"
"http://data.bnf.fr/ark:/12148/cb371356945";"Manuel FAO de santé animale";"199";"Rome";"FAO";"Null";"Null";"Null";"Null"
"http://data.bnf.fr/ark:/12148/cb37142249q";"Badania polonistyczne za granica̜";"199";"Warszawa";"Instytut badań literackich";"Null";"Null";"Null";"Null"
"http://data.bnf.fr/ark:/12148/cb37143575b";"Schriften zur Kultur der Slaven : neue Folge der MAISK-Schriften";"199";"Dresden";"Dresden university press";"Null";"Null";"Null";"Null"
"http://data.bnf.fr/ark:/12148/cb371433497";"Human development studies series";"199";"[New York]";"United Nations";"Null";"Null";"Null";"Null"
"http://data.bnf.fr/ark:/12148/cb371435411";"Hannoversches Forum der Rechtswissenschaften";"199";"Baden-Baden";"Nomos Verlagsgesellschaft";"Null";"Null";"Null";"Null"
"http://data.bnf.fr/ark:/12148/cb371433613";"Eradicating poverty studies";"199";"New York";"United Nations";"Null";"Null";"Null";"Null"
"http://data.bnf.fr/ark:/12148/cb371438786";"Monografie Fundacji na rzecz nauki polskiej";"199";"Wrocław";"Wydawn. Leopoldinum Fundacji na rzecz nauki polskiej";"Null";"Null";"Null";"Null"
"http://data.bnf.fr/ark:/12148/cb37143099z";"Materialien aus dem Bundesarchiv";"199";"Koblenz";"Bundesarchiv";"Null";"Null";"Null";"Null"
"http://data.bnf.fr/ark:/12148/cb37160949k";"Excerpts from plebiscite message";"199";"Bamenda";"Unique Printers";"Null";"8 p.";"http://data.bnf.fr/ark:/12148/cb120899671";"Null"
"http://data.bnf.fr/ark:/12148/cb37161684h";"Circuits pédestres, vallée d'Ossau";"199";"[...]";"Les Offices de Tourisme de la Vallée";"Null";"48 p.";"Null";"Null"
"http://data.bnf.fr/ark:/12148/cb37165966c";"Les hommes célèbres de la Caraïbe : dictionnaire";"199";"Port-au-Prince";"Éd. Caraïbes";"Null";"4 vol. (167-IV, 165-IV, 183-IV, 183-IV)";"http://data.bnf.fr/ark:/12148/cb11964543q";"Null"
"http://data.bnf.fr/ark:/12148/cb37165451z";"Meclis-i mebusan levayih ve tekalif-i kanuniyye ve encümen mazbataları Devre 2. - İçtima senesi 1";"199";"Ankara";"[TBMM]";"Null";"516 p.";"http://data.bnf.fr/ark:/12148/cb120749052";"Null"
"http://data.bnf.fr/ark:/12148/cb37165447q";"Meclis-i mebusan levayih ve tekalif-i kanuniyye ve encümen mazbataları Devre 1. - İçtima senesi 1";"199";"Ankara";"[TBMM]";"Null";"231 p.";"http://data.bnf.fr/ark:/12148/cb11976044c";"Null"
"http://data.bnf.fr/ark:/12148/cb371654649";"Meclisi umumî zabıt cerideleri";"199";"[Ankara]";"[TBMM]";"Null";"91 p.";"http://data.bnf.fr/ark:/12148/cb120749052";"Null"
"http://data.bnf.fr/ark:/12148/cb37165613z";"Deržavy Rossijskoj posol : roman";"199";"Moskva";"Meždunarodnaâ kniga";"Null";"474 p.";"Null";"Null"
"http://data.bnf.fr/ark:/12148/cb37165479b";"Meclis-i umumininin mün'akid olmadığı esnada heyet-i vükelaca ba irade-i seniyye mevki-i icraya konulan levayih-i kanuniyye - 1332 Cüz 1";"199";"[Ankara]";"[TBMM]";"Null";"112 p.";"http://data.bnf.fr/ark:/12148/cb120749052";"Null"
"http://data.bnf.fr/ark:/12148/cb37165481w";"Meclis-i umuminînin mün'akit olmadığı esnada heyet-i vükelaca ba irade-i seniye mevki-i icrâya konulan mukarerat - 1333 Cüz 1";"199";"[Ankara]";"[TBMM]";"Null";"112 p.";"http://data.bnf.fr/ark:/12148/cb120749052";"Null"
"http://data.bnf.fr/ark:/12148/cb371723008";"Poèmes d'en Bretagne";"199";"[S.l.]";"[S.n.]";"Null";"Non paginé";"Null";"Null"
"http://data.bnf.fr/ark:/12148/cb371832980";"Narrative of a journey from Oxford to Skibbereen during the year of the Irish famine";"199";"[Belfast]";"Linen hall library";"Null";"23 p.";"http://data.bnf.fr/ark:/12148/cb12526537w";"Null"
"http://data.bnf.fr/ark:/12148/cb371967791";"Österreichische Kunsttopographie LII. - Teil II";"199";"Wien";"A. Schroll";"Null";"661 p.";"http://data.bnf.fr/ark:/12148/cb11961873r";"Null"
"http://data.bnf.fr/ark:/12148/cb37202307d";"Schwarzrotgold'ne Banner küssen : die Jahre 1848-49 als Zeitenwende im Bodenseeraum";"199";"Konstanz";"UVK, Universitätsverl. Konstanz";"Null";"257 p.";"http://data.bnf.fr/ark:/12148/cb119523277";"Null"
"http://data.bnf.fr/ark:/12148/cb37202341k";"Tương lai Thiêǹ học Việt Nam...";"199";"San José (Calif.)";"Lá bôí";"Null";"61 p.";"http://data.bnf.fr/ark:/12148/cb119337871";"Null"
"http://data.bnf.fr/ark:/12148/cb37208800t";"Arbeitermilieu und Arbeiterbewegung in Leipzig 1871-1933";"199";"Köln";"Böhlau  Verl.";"Null";"383 p.";"http://data.bnf.fr/ark:/12148/cb11965815j";"Null"
"http://data.bnf.fr/ark:/12148/cb37214768d";"Storia della filosofia e verità : studi teoretici ispirati dalla filosofia antica";"199";"Roma";"Pontificia università lateranense Mursia";"Null";"239 p.";"http://data.bnf.fr/ark:/12148/cb11933924p";"Null"
"http://data.bnf.fr/ark:/12148/cb37218174n";"Der var engang en sølvsmed : historien om min far Georg Jensen";"199";"København";"Aschehoug";"Null";"227 p.";"Null";"Null"
"http://data.bnf.fr/ark:/12148/cb372192269";"[Recueil. Catalogues]";"199";"Montaigu";"Ordo France";"Null";"Null";"http://data.bnf.fr/ark:/12148/cb13162762z";"Null"
"http://data.bnf.fr/ark:/12148/cb37222914r";"[Recueil. Catalogues]";"199";"Bouvron";"Reda System";"Null";"Null";"http://data.bnf.fr/ark:/12148/cb13163042n";"Null"
"http://data.bnf.fr/ark:/12148/cb37222671r";"[Recueil. Catalogues]";"199";"Montreuil-sous-Bois";"Primorga";"Null";"Null";"http://data.bnf.fr/ark:/12148/cb13162762z";"Null"
"http://data.bnf.fr/ark:/12148/cb373312050";"Gesammelte Werke";"199";"Tübingen";"J. C. B. Mohr (Paul Siebeck)";"Null";"vol";"Null";"Null"
"http://data.bnf.fr/ark:/12148/cb37330153b";"Topley & [and] Wilson's principles of bacteriology, virology and immunity";"199";"Philadelphia. - Hamilton";"B. C. Decker";"Null";"5 vol.";"Null";"Null"
"http://data.bnf.fr/ark:/12148/cb37336171q";"Loop transformations for restructuring compilers";"199";"Dordrecht";"Kluwer academic";"Null";"vol.";"Null";"Null"
"http://data.bnf.fr/ark:/12148/cb37335841g";"Racconti e prose";"199";"Parma";"Guanda - P. Bembo";"Null";"vol.";"Null";"Null"
"http://data.bnf.fr/ark:/12148/cb37337151b";"Dzieła zebrane";"199";"Warszawa";"Da Capo";"Null";"vol.";"Null";"Null"
"http://data.bnf.fr/ark:/12148/cb37337543t";"Dela Dobrice Ćosića";"199";"Beograd";"BIGZ";"Null";"Null";"Null";"Null"
"http://data.bnf.fr/ark:/12148/cb37338292f";"Letteratura italiana Novecento";"199";"Settimo Milanese";"Marzorati";"Null";"vol.";"Null";"Null"
"http://data.bnf.fr/ark:/12148/cb37340932s";"Bibliographies for biblical research";"199";"Lewiston (N.Y). - Queenston (Ont.). - Lampeter (GB)";"Mellen biblical press";"Null";"Null";"Null";"Null"
"http://data.bnf.fr/ark:/12148/cb37340606d";"Les cahiers pédagogiques du GDTA";"199";"[Toulouse]";"GDTA";"Null";"Null";"Null";"Null"
"http://data.bnf.fr/ark:/12148/cb37341858f";"Picasso's paintings, watercolors, drawings and sculpture : a comprehensive illustrated catalogue, 1885-1973";"199";"San Francisco (Calif.)";"A. Wofsy fine arts";"Null";"vol.";"Null";"Null"
"http://data.bnf.fr/ark:/12148/cb37347503s";"The English language : past, present and future";"199";"London. - New York. - Milton Keynes";"Routledge. - the Open university";"Null";"4 vol.";"Null";"Null"
"http://data.bnf.fr/ark:/12148/cb37343281s";"Obras";"199";"Lisboa";"Notícia";"Null";"3 vol.";"Null";"Null"
"http://data.bnf.fr/ark:/12148/cb373444520";"Á rire et à mourir";"199";"Lausanne";"Éd. Empreintes";"Null";"vol.";"Null";"Null"
"http://data.bnf.fr/ark:/12148/cb37346620d";"L'histoire de l'Église";"199";"Paris";"Éd. du Cerf";"Null";"2 vol.";"Null";"Null"
"http://data.bnf.fr/ark:/12148/cb373467273";"Histoire populaire du Québec";"199";"Sillery (Québec)";"Septentrion";"Null";"Null";"Null";"Null"
"http://data.bnf.fr/ark:/12148/cb37346822n";"Nordamerikastudien";"199";"Frankfurt. - New York";"Campus Verlag";"Null";"Null";"Null";"Null"
"http://data.bnf.fr/ark:/12148/cb37344821t";"Argonautiques";"199";"Paris";"les Belles lettres";"Null";"Null";"Null";"Null"
"http://data.bnf.fr/ark:/12148/cb37343532d";"Bulsa Sunsuelima Series S : folktales of the Bulsa in Northern Ghana";"199";"Munster";"Lit";"Null";"Null";"Null";"Null"
"http://data.bnf.fr/ark:/12148/cb37349801d";"The ante-Nicene Fathers : translations of the writings of the Fathers down to A. D. 325";"199";"Edinburg. - Grand Rapids (Mich.)";"T & T Clark. - WM. B. Eerdmans publ.";"Null";"vol.";"Null";"Null"
"http://data.bnf.fr/ark:/12148/cb373479674";"Issues in women's studies : Open university course U207";"199";"Cambridge";"Polity press. - in association with the Open university";"Null";"4 vol.";"Null";"Null"
"http://data.bnf.fr/ark:/12148/cb37350101h";"Gesammelte Schriften";"199";"Göttingen";"Vandenhoeck & Ruprecht";"Null";"Null";"Null";"Null"
"http://data.bnf.fr/ark:/12148/cb37349549k";"Antología crítica de la poesía chilena";"199";"Santiago de Chile";"LOM";"Null";"Null";"Null";"Null"
"http://data.bnf.fr/ark:/12148/cb373513646";"Oeuvres complètes de Maurice Séguin";"199";"Montréal";"Guérin";"Null";"Null";"Null";"Null"
"http://data.bnf.fr/ark:/12148/cb37348626z";"Encyclopédie philosophique universelle";"199";"Paris";"Presses universitaires de France";"Null";"Ill.";"Null";"Null"
"http://data.bnf.fr/ark:/12148/cb373514514";"Obras completas";"199";"Granada, Espagne";"Diputación provincial de granada. - Fundación caja de Granada";"Null";"vol.";"Null";"Null"
"http://data.bnf.fr/ark:/12148/cb37348878r";"Introduction à l'Éthique de Spinoza";"199";"Paris";"Presses universitaires de France";"Null";"Null";"Null";"Null"
"http://data.bnf.fr/ark:/12148/cb37348677v";"Minguo xueshu jingdian wenku";"199";"Bejing";"Dongfang chubanshe";"Null";"21 cm";"Null";"Null"
"http://data.bnf.fr/ark:/12148/cb37347948v";"Signs of the early modern";"199";"Charlottesville (Va.)";"Rookwood press";"Null";"vol.";"Null";"Null"
"http://data.bnf.fr/ark:/12148/cb37350057v";"The Clarendon edition of the works of David Hume";"199";"Oxford";"Clarendon press";"Null";"Null";"Null";"Null"
"http://data.bnf.fr/ark:/12148/cb37348135j";"Travail, partage, exclusion";"199";"Genève";"Labor et Fidès";"Null";"Null";"Null";"Null"
"http://data.bnf.fr/ark:/12148/cb373484868";"Obra completa";"199";"Buenos Aires";"Seix Barral";"Null";"vol.";"Null";"Null"
"http://data.bnf.fr/ark:/12148/cb37351152n";"Méthodes quantitatives en sciences humaines";"199";"Montréal. - Paris";"G. Morin";"Null";"Null";"Null";"Null"
"http://data.bnf.fr/ark:/12148/cb37352947h";"Dictionnaire étymologique des créoles français de l'Océan Indien";"199";"Hamburg";"H. Buske";"Null";"Null";"Null";"Null"
"http://data.bnf.fr/ark:/12148/cb37352446s";"Baumeister des Barock und Rokoko";"199";"Berlin";"Bauwesen";"Null";"vol.";"Null";"Null"
"http://data.bnf.fr/ark:/12148/cb37367268z";"Soil types : a field identification guide";"199";"Shrewsbury";"Field studies council";"Null";"P. 338-363-[4] f. de pl.";"http://data.bnf.fr/ark:/12148/cb11966742d";"Null"
"http://data.bnf.fr/ark:/12148/cb37386688v";"Le problème de la vérité dans la philosophie de Nietzsche";"199";"Paris";"Le seuil";"Null";"640 p.";"http://data.bnf.fr/ark:/12148/cb119378816";"Null"
"http://data.bnf.fr/ark:/12148/cb37417254d";"Banca offshore : o banca extraterritorial";"199";"Santafé de Bogota";"Federación latinoamericana de bancos";"Null";"XIV-168 p.";"http://data.bnf.fr/ark:/12148/cb119500497";"Null"
"http://data.bnf.fr/ark:/12148/cb37417649x";"General bacteriology and immunity";"199";"Philadelphia. - Hamilton";"B. C. Decker";"Null";"XVI-468 p.";"http://data.bnf.fr/ark:/12148/cb11932098h";"Null"
"http://data.bnf.fr/ark:/12148/cb37425505r";"Topley & [and] Wilson's principles of bacteriology, virology and immunity Volume 5";"199";"Philadelphia. - Hamilton";"B. C. Decker";"Null";"XI-113 p.";"http://data.bnf.fr/ark:/12148/cb119778006";"Null"
"http://data.bnf.fr/ark:/12148/cb37425501c";"Bacterial diseases";"199";"Philadelphia. - Hamilton";"B. C. Decker";"Null";"XVIII-727 p.";"http://data.bnf.fr/ark:/12148/cb119310132";"Null"
"http://data.bnf.fr/ark:/12148/cb374255001";"Systematic bacteriology";"199";"Philadelphia. - Hamilton";"B. C. Decker";"Null";"XVI-709 p.";"http://data.bnf.fr/ark:/12148/cb119310132";"Null"
"http://data.bnf.fr/ark:/12148/cb37425504d";"Virology";"199";"Philadelphia. - Hamilton";"B. C. Decker";"Null";"XVI-719 p.-[2] p. de pl. en coul.";"http://data.bnf.fr/ark:/12148/cb12101697q";"Null"
"http://data.bnf.fr/ark:/12148/cb37430727m";"Dalle televisioni europee allo spettatore europeo : atti di Eurovisioni 1989, Festival internazionale di cinema e televisione";"199";"Roma";"Istituto superiore delle poste e telecomunicazioni";"Null";"418 p.";"http://data.bnf.fr/ark:/12148/cb11931301w";"Null"
"http://data.bnf.fr/ark:/12148/cb37432951h";"GTPases in biology";"199";"Berlin. - Heidelberg. - Paris [etc.]";"Springer-Verl.";"Null";"vol. ( , XL-618 p.)";"http://data.bnf.fr/ark:/12148/cb122591933";"Null"
"http://data.bnf.fr/ark:/12148/cb37436682x";"Seminarios complutenses de derecho romano II : marzo-mayo 1990";"199";"Madrid";"Facultad de derecho, Universidad complutense de Madrid. - Seminario de derecho romano Ursicino Alvarez";"Null";"XIV-204 p.";"http://data.bnf.fr/ark:/12148/cb12082225g";"Null"
"http://data.bnf.fr/ark:/12148/cb374553301";"Sediment dynamics of the Changjiang estuary and the adjacent east China sea";"199";"Oxford. - New York. - Paris [etc.]";"Pergamon press";"Null";"251 p.";"http://data.bnf.fr/ark:/12148/cb11965003b";"Null"
"http://data.bnf.fr/ark:/12148/cb374570195";"Essays in science and philosophy";"199";"Westport (Conn.). - London";"Greenwood press";"Null";"VI-348 p.";"http://data.bnf.fr/ark:/12148/cb119324362";"Null"
"http://data.bnf.fr/ark:/12148/cb37473864n";"The Tibetan book of the great liberation or The method of realizing Nirvāna through knowing the mind : preceded by an epitome of Padma-Sambhava's biography and followed by guru Phadampa Sangay's teachings";"199";"London. - Oxford. - New York";"Oxford university press";"Null";"LXIV-261 p.-9 f. de pl.";"http://data.bnf.fr/ark:/12148/cb11982140h";"Null"
"http://data.bnf.fr/ark:/12148/cb37473870k";"Tibetan yoga and secret doctrines or Seven books of wisdom of the great path, according to the late Lāma Kazi Dawa-Samdup's english rendering";"199";"London. - Oxford. - New York";"Oxford university press";"Null";"XLII-389 p.-9 f. de pl.";"http://data.bnf.fr/ark:/12148/cb11933824d";"Null"
"http://data.bnf.fr/ark:/12148/cb37483539t";"Une ressource alimentaire noble : le coton qui se mange... : bibliographie";"199";"Montpellier";"I.R.C.T.";"Null";"142 p.";"http://data.bnf.fr/ark:/12148/cb133183242";"Null"
"http://data.bnf.fr/ark:/12148/cb37488658k";"Evangeline : a tale of Acadie";"199";"Halifax (N. S.)";"Nimbus";"Null";"111 p.-[12] p. de pl.";"Null";"Null"
"http://data.bnf.fr/ark:/12148/cb37489924b";"Leon Tolstoï : photographies de Sophie Tolstoi";"199";"[Paris]";"M. Vokar";"Null";"159 p.";"http://data.bnf.fr/ark:/12148/cb119857955";"Null"
"http://data.bnf.fr/ark:/12148/cb37489790k";"Quelques mots sur l'acier... : lexique à l'usage des utilisateurs";"199";"Les Ulis";"Ed. de physique";"Null";"Pagination multiple";"http://data.bnf.fr/ark:/12148/cb11931877h";"Null"
"http://data.bnf.fr/ark:/12148/cb37490774c";"The worship of nature";"199";"Kila (Mont.)";"Kessinger publ.";"Null";"XXVI-672 p.";"http://data.bnf.fr/ark:/12148/cb12261994x";"Null"
"http://data.bnf.fr/ark:/12148/cb374962137";"Au coeur de la Fournaise";"199";"[S.l.]. - [Orléans]";"Ed. J.C. Nourault-R. Benard. - BRGM [diff.]";"Null";"220 p.";"http://data.bnf.fr/ark:/12148/cb120477048";"Null"
"http://data.bnf.fr/ark:/12148/cb37502265t";"Some aspects of contemporary greek orthodox thought";"199";"New York";"AMS Press";"Null";"XXXIV-430 p.";"http://data.bnf.fr/ark:/12148/cb11952251t";"Null"
"http://data.bnf.fr/ark:/12148/cb37503553w";"Amazonia without myths";"199";"Washington (D.C.). - New-York";"Inter-American development bank. - United Nations development programme";"Null";"XVI-99 p.";"http://data.bnf.fr/ark:/12148/cb12042405k";"Null"
"http://data.bnf.fr/ark:/12148/cb37503294n";"Ajanta's comprehensive dictionary : English-English-Nepali";"199";"Delhi";"Ajanta Prakashan";"Null";"1136 p.";"http://data.bnf.fr/ark:/12148/cb122872836";"Null"
"http://data.bnf.fr/ark:/12148/cb37505262h";"La grande distribution de détail dans les territoires d'Outre-mer et à Mayotte";"199";"[Paris";"Institut d'émission d'Outre-mer";"Null";"120 p.";"http://data.bnf.fr/ark:/12148/cb11955431g";"Null"
"http://data.bnf.fr/ark:/12148/cb375052615";"La grande distribution de détail dans les départements d'Outre-mer et à Saint-Pierre-et-Miquelon";"199";"[Paris";"Institut d'émission des départements d'Outre-mer";"Null";"207 p.";"http://data.bnf.fr/ark:/12148/cb12481360q";"Null"
"http://data.bnf.fr/ark:/12148/cb37505092w";"Những thiên đươǹg mù";"199";"[Calif.]";"Nam Việt";"Null";"227 p.";"Null";"Null"
"http://data.bnf.fr/ark:/12148/cb37508090x";"Rāma-kāvya : Hindī-marāṭhī, san 1500 ī. se 1800 ī.";"199";"Auraṅgābāda";"Parimala prakāśana";"Null";"8-324 p.";"http://data.bnf.fr/ark:/12148/cb11975676d";"Null"
"http://data.bnf.fr/ark:/12148/cb375104324";"Golwala's concise medical dictionary : with specific medical pharmacopia, terminoloy and their narrative description with English and Urdu version...";"199";"Bombay";"Saifee book agency";"Null";"477 $.";"http://data.bnf.fr/ark:/12148/cb12005226w";"Null"
"http://data.bnf.fr/ark:/12148/cb37512862n";"The holy Bible : the revised version without the marginal notes of the revisers indicating the paragraphs of the revisers and divided into verses";"199";"London";"Cambridge university press";"Null";"938-286 p.-[4] p. de cartes";"Null";"Null"
"http://data.bnf.fr/ark:/12148/cb37518544b";"Maria Elena Lavie";"199";"Caracas [Venezuela]";"Armitano ed.";"Null";"127 p.";"Null";"Null"
"http://data.bnf.fr/ark:/12148/cb375195615";"Al-adab fī bilād al-S̆ām : ʿuṣūr az-zankiyyīn wa-l-ayyūbiyyīn wa-l-mamālik";"199";"Bayrūt. - Dimašq";"Dār al-Fikr";"Null";"912 p.";"http://data.bnf.fr/ark:/12148/cb13179995c";"Null"
"http://data.bnf.fr/ark:/12148/cb37523121k";"Introducción a la literatura española a través de los textos 1 : aportación a una metodología del comentario de textos";"199";"Madrid";"Istmo";"Null";"259 p.";"http://data.bnf.fr/ark:/12148/cb11938030b";"Null"
"http://data.bnf.fr/ark:/12148/cb37526208c";"Enquête sur les conditions de vie et de santé des travailleurs saisonniers";"199";"Paris";"Conseil national du tourisme";"Null";"[Pag. mult.]";"http://data.bnf.fr/ark:/12148/cb119766530";"Null"
"http://data.bnf.fr/ark:/12148/cb37526201z";"Le rôle des organisations internationales dans le développement du tourisme mondial";"199";"Paris";"Conseil national du tourisme";"Null";"87 p.";"http://data.bnf.fr/ark:/12148/cb12497979f";"Null"
"http://data.bnf.fr/ark:/12148/cb37527271c";"Kha̕o luận vê ̀Nguyêñ-Khuyêń";"199";"[Californie]";"Hôǹg Hà";"Null";"176 p.";"Null";"Null"
"http://data.bnf.fr/ark:/12148/cb375321059";"Satellites of Jupiter";"199";"Tucson, Ariz";"University of Arizona Press, Arizona books on request";"Null";"X-972 p.";"http://data.bnf.fr/ark:/12148/cb124819920";"Null"
"http://data.bnf.fr/ark:/12148/cb375316101";"Protostars and planets III";"199";"Tucson";"University of Arizona Press, Arizona books on request";"Null";"5 vol. (XIII-1596 p.)";"http://data.bnf.fr/ark:/12148/cb122751012";"Null"
"http://data.bnf.fr/ark:/12148/cb37531609t";"Asteroids II";"199";"Tucson, Ariz";"University of Arizona Press, Arizona books on request";"Null";"4 vol. (XII-1258 p.)";"http://data.bnf.fr/ark:/12148/cb11976093k";"Null"
"http://data.bnf.fr/ark:/12148/cb37531612q";"Meteorites and the early solar system";"199";"Tucson";"University of Arizona Press, Arizona books on request";"Null";"4 vol. (XVII-1269 p.)";"http://data.bnf.fr/ark:/12148/cb11932495k";"Null"
"http://data.bnf.fr/ark:/12148/cb37533094q";"Funūn al-adab al-muʿāṣir fī Sūriyaẗ";"199";"Bayrūt";"Dār al-šarq al-ʿarabī";"Null";"470 p.";"http://data.bnf.fr/ark:/12148/cb11975721d";"Null"
"http://data.bnf.fr/ark:/12148/cb37533610h";"Teremtés és átváltozás : Budapest szecessziós építészete a századfordulón";"199";"Budapest";"HG & Társa Kiadó";"Null";"142 p.";"http://data.bnf.fr/ark:/12148/cb12254845z";"Null"
"http://data.bnf.fr/ark:/12148/cb37534967j";"Mulūk al-ʿarab : riḥlaẗ fī al-bilād al-ʿarabīyaẗ muzayanaẗ bi rusūm wa h̲arāʼiṭ wa fihrist aʿlām";"199";"Bayrūt";"Dār al-Ğīl";"Null";"957 p.";"http://data.bnf.fr/ark:/12148/cb11948240d";"Null"
"http://data.bnf.fr/ark:/12148/cb37535161h";"Les comptes de la nation (base 1983) : agrégats et tableaux d'ensemble (1990-1996)";"199";"Tunis";"Institut national de la statistique";"Null";"126 p.";"http://data.bnf.fr/ark:/12148/cb11950075s";"Null"
"http://data.bnf.fr/ark:/12148/cb375348182";"Geometric exercises in paper folding";"199";"New York";"Dover publ.";"Null";"XII-148 p.";"http://data.bnf.fr/ark:/12148/cb11936484w";"Null"
"http://data.bnf.fr/ark:/12148/cb375383477";"Landmarks and forms";"199";"Athens";"Theophrastus publ.";"Null";"Non paginé";"http://data.bnf.fr/ark:/12148/cb11931568q";"Null"
"http://data.bnf.fr/ark:/12148/cb37539222v";"[Agenda 21 for the travel & tourism industry : towards environmentally sustainable development]";"199";"Madrid";"World Tourism Organization";"Null";"78 p.";"http://data.bnf.fr/ark:/12148/cb11971514m";"Null"
"http://data.bnf.fr/ark:/12148/cb37543543d";"Bôń mươi năm nói láo";"199";"Glendale (Calif.)";"Ðại Nam";"Null";"300 p.";"http://data.bnf.fr/ark:/12148/cb119600630";"Null"
"http://data.bnf.fr/ark:/12148/cb375448486";"Al-farāʿīn : šiʿr nisāʼ al-Ḥiǧāz";"199";"(Al-Riyāḍ)";"Ṭāhiraẗ A. Sibaï";"Null";"54 p.";"http://data.bnf.fr/ark:/12148/cb135479322";"Null"
"http://data.bnf.fr/ark:/12148/cb37545415c";"Luật thơ mơí : nhưñg quy luật cu̕a các lôí thơ mơí, cách đọc thơ và kỹ thuật làm thơ mơí";"199";"Houston, Tex.";"Viện Ðại học Ðông Nam Á xuât́ ba̕n";"Null";"134 p.";"http://data.bnf.fr/ark:/12148/cb11975721d";"Null"
"http://data.bnf.fr/ark:/12148/cb37545525z";"Batak : mit den Ahnen leben";"199";"Stuttgart. - London";"H. Mayer";"Null";"240 p.";"http://data.bnf.fr/ark:/12148/cb123375599";"Null"
"http://data.bnf.fr/ark:/12148/cb37548377c";"The Ministry of national infrastructures : a force multiplier";"199";"[Jerusalem]";"Mendel King";"Null";"41 p.";"http://data.bnf.fr/ark:/12148/cb11934249b";"Null"
"http://data.bnf.fr/ark:/12148/cb375502881";"Politica e movimenti : 1966-1996";"199";"Pistoia, It.";"Edizioni del comune di Pistoia. - Centro di documentazione di Pistoia";"Null";"416 p.";"http://data.bnf.fr/ark:/12148/cb12076067m";"Null"
"http://data.bnf.fr/ark:/12148/cb37552165k";"Platon";"199";"Eschborn";"D. Klotz";"Null";"190 p.";"Null";"Null"
"http://data.bnf.fr/ark:/12148/cb375532742";"The destiny of man viewed in the light of his origin";"199";"Kila (Mont.)";"Kessinger publ.";"Null";"X-121 p.";"Null";"Null"
"http://data.bnf.fr/ark:/12148/cb37553287d";"Through nature to God";"199";"Kila (Mont.)";"Kessinger publ.";"Null";"XV-194 p.";"Null";"Null"
"http://data.bnf.fr/ark:/12148/cb37553275d";"Life everlasting";"199";"Kila (Mont.)";"Kessinger publ.";"Null";"87 p.";"Null";"Null"
"http://data.bnf.fr/ark:/12148/cb37553276r";"A century of science and other essays";"199";"[S.l.]";"[s.n.]";"Null";"VII-477 p.";"Null";"Null"
"http://data.bnf.fr/ark:/12148/cb375532831";"The idea of God as affected by modern knowledge";"199";"[S.l.]";"[s.n.]";"Null";"173 p.";"http://data.bnf.fr/ark:/12148/cb11975724f";"Null"
"http://data.bnf.fr/ark:/12148/cb375532893";"American thought : from puritanism to pragmatism";"199";"Kila (Mont.)";"Kessinger publ.";"Null";"VIII-373 p.";"Null";"Null"
"http://data.bnf.fr/ark:/12148/cb37557691q";"Evangelisches Lexikon für Theologie und Gemeinde [4]";"199";"Wuppertal. - Zürich";"R. Brockhaus";"Null";"152 p.";"http://data.bnf.fr/ark:/12148/cb119346212";"Null"
"http://data.bnf.fr/ark:/12148/cb37559773j";"Typologie de la presse satirique à Paris entre 1871 et 1914";"199";"Paris";"D. Bargeton";"Null";"170 p.";"http://data.bnf.fr/ark:/12148/cb119314762";"Null"
"http://data.bnf.fr/ark:/12148/cb375597757";"Mythes et stéréotypes sociaux dans l'histoire en images (1919-1923) : contribution à l'histoire de la presse enfantine";"199";"Tours";"A. Molleton";"Null";"158 p.-[51]f. de pl.cill.";"http://data.bnf.fr/ark:/12148/cb11976044c";"Null"
"http://data.bnf.fr/ark:/12148/cb37560771w";"This is South Africa";"199";"Pretoria, za.";"South African communication service";"Null";"116 p.";"http://data.bnf.fr/ark:/12148/cb12297564z";"Null"
"http://data.bnf.fr/ark:/12148/cb375642855";"2001 record collector dreams : Folk, psychedelic, progressive, garage, beat, rock";"199";"Vienna";"H. Pokora";"Null";"126 p.";"http://data.bnf.fr/ark:/12148/cb13337484c";"Null"
"http://data.bnf.fr/ark:/12148/cb375657953";"Sciences et défense 93 : nouvelles avancées scientifiques et techniques";"199";"[Paris]";"Dunod";"Null";"2 vol. (381, 428 p.)";"http://data.bnf.fr/ark:/12148/cb11933269q";"Null"
"http://data.bnf.fr/ark:/12148/cb37567701d";"1001 record collector dreams : folk, psychedelic, progressive, garage, beat, rock";"199";"Vienna";"H. Pokora";"Null";"126 p.";"http://data.bnf.fr/ark:/12148/cb12499708v";"Null"
"http://data.bnf.fr/ark:/12148/cb37581458h";"Prace z bibliotekoznawstwa i informacji naukowej";"199";"Kraków";"Wydawn. Uniwersytetu Jagiellońskiego";"Null";"Null";"Null";"Null"
"http://data.bnf.fr/ark:/12148/cb37580953x";"Ägyptische Urkunden aus den Staatlichen Museen Berlin";"199";"Wiesbaden";"Harrassowitz Verl.";"Null";"Null";"Null";"Null"
"http://data.bnf.fr/ark:/12148/cb375818307";"Regesten zur bayerischen Geschichte";"199";"München";"C. H. Beck'sche Verlagsbuchhandlung";"Null";"Null";"Null";"Null"
"http://data.bnf.fr/ark:/12148/cb375828832";"Aus Mittelalter und Diplomatik : Gesammelte Aufsätze";"199";"Hildesheim";"Weidmann";"Null";"Null";"http://data.bnf.fr/ark:/12148/cb119757175";"Null"
"http://data.bnf.fr/ark:/12148/cb37588675b";"Franco, crónica de un tiempo";"199";"Madrid";"Actas ed.";"Null";"vol.";"Null";"Null"
"http://data.bnf.fr/ark:/12148/cb375829611";"Agape";"199";"[Béning-lès-Saint-Avold]";"[Éd. de la Lumière]";"Null";"vol.";"Null";"Null"
"http://data.bnf.fr/ark:/12148/cb37623281w";"L'atelier de Paul Delvaux";"199";"[Gand]";"Snoeck-Ducaju";"Null";"59 p.";"http://data.bnf.fr/ark:/12148/cb119758074";"Null"
"http://data.bnf.fr/ark:/12148/cb376266315";"Različniât Botev : nov pogled vrhu tvorčestvoto na Hristo Botev";"199";"[s.l.]";"IK Prozorec OOD.";"Null";"239 p.";"http://data.bnf.fr/ark:/12148/cb12042895g";"Null"
"http://data.bnf.fr/ark:/12148/cb376278689";"Anadolu'daki kutsal dağlar : dağ-tanrılar";"199";"İstanbul";"Graphis";"Null";"119 p.-pl.";"http://data.bnf.fr/ark:/12148/cb119948644";"Null"
"http://data.bnf.fr/ark:/12148/cb37628688m";"Cours d'initiation à la logosophie";"199";"São Paulo";"Ed. Logosófica";"Null";"88 p.";"Null";"Null"
"http://data.bnf.fr/ark:/12148/cb376362391";"Observatoire européen sur les politiques nationales de lutte contre l'exclusion sociale : agents, institutions et programmes";"199";"Luxembourg";"Office des publications officielles des Communautés européennes";"Null";"Pagination multiple [ca 100] p.";"Null";"Null"
"http://data.bnf.fr/ark:/12148/cb376559510";"[Recueil. Catalogues]";"199";"Paris";"Editère";"Null";"Null";"http://data.bnf.fr/ark:/12148/cb11934767n";"Null"
"http://data.bnf.fr/ark:/12148/cb37658448f";"[Recueil. Documents d'information]";"199";"New York";"7 East 35th street, suite 10A, NY 10016";"Null";"Null";"http://data.bnf.fr/ark:/12148/cb119759407";"Null"
"http://data.bnf.fr/ark:/12148/cb37659479z";"Premier voyage en langue maya";"199";"[Montreuil]";"[la Parole errante]";"Null";"224 p.";"Null";"Null"
"http://data.bnf.fr/ark:/12148/cb37659502n";"Soit X, l'inconnu";"199";"[Montreuil]";"[la Parole errante]";"Null";"Non paginé";"Null";"Null"
"http://data.bnf.fr/ark:/12148/cb37659424p";"Wanted ! : Armand Gatti, le groupe J-J Rousseau, le Cern, les physiciens Benot, Merlot, Revol";"199";"[Montreuil]";"[la Parole errante - Centre international de création]";"Null";"187 p.";"Null";"Null"
"http://data.bnf.fr/ark:/12148/cb376594925";"30 affiches et un livret pour lire la Parole errante d'Armand Gatti, Seine-Saint-Denis, 1999, exposition";"199";"[Montreuil]";"la Parole errante";"Null";"79 p.";"Null";"Null"
"http://data.bnf.fr/ark:/12148/cb37660378c";"[Recueil. Catalogues]";"199";"London";"[s.n.]";"Null";"Null";"http://data.bnf.fr/ark:/12148/cb11931584z";"Null"
"http://data.bnf.fr/ark:/12148/cb376671504";"Blaise Cendrars";"199";"Genève";"Ed. Slatkine";"Null";"159 p.";"Null";"Null"
"http://data.bnf.fr/ark:/12148/cb37676657w";"Pour moi quoi ... Makaya Tome 2 : recueil";"199";"Montréal (Québec)";"Ed. Sangana communication";"Null";"191 p.";"http://data.bnf.fr/ark:/12148/cb120715355";"Null"
"http://data.bnf.fr/ark:/12148/cb376806898";"Poésie à hauteur d'homme";"199";"Alger";"Entreprise nationale du livre";"Null";"71 p.";"Null";"Null"
"http://data.bnf.fr/ark:/12148/cb376829360";"Bernhards mor : en drøm";"199";"[S.l.]";"Wigestrand";"Null";"134 p.";"Null";"Null"
"http://data.bnf.fr/ark:/12148/cb376851982";"Entering the kingdom of heaven : a study on the structure of Matthew's view of salvation";"199";"Tübingen";"Mohr Siebeck";"Null";"XII-343 p.";"http://data.bnf.fr/ark:/12148/cb11942369z";"Null"
"http://data.bnf.fr/ark:/12148/cb37694245q";"Erasmo di Valvasone, 1528-1593 : atti della giornata di studio (Valvasone, 6 novembre 1993)";"199";"Valvasone. - Pordenone";"Circolo culturale Erasmo di Valvasone. - Ed. Biblioteca dell'immagine";"Null";"454 p.";"http://data.bnf.fr/ark:/12148/cb11976033q";"Null"
"http://data.bnf.fr/ark:/12148/cb377025112";"Silence et bruit : la satire et Denis Diderot";"199";"Campinas";"[Université de Campinas]";"Null";"223 p.";"http://data.bnf.fr/ark:/12148/cb12042895g";"Null"
"http://data.bnf.fr/ark:/12148/cb37717941h";"Le spectateur dans la représentation : miroir, jeux de miroirs";"199";"Villeneuve-d'Ascq";"Les presses universitaires du Septentrion";"Null";"469 p.";"http://data.bnf.fr/ark:/12148/cb12647570j";"Null"
"http://data.bnf.fr/ark:/12148/cb37721134s";"Panorama de l'Union européenne";"199";"Luxembourg";"Office des publications officielles des Communautés européennes";"Null";"Null";"Null";"Null"
"http://data.bnf.fr/ark:/12148/cb377209593";"Metaphysik";"199";"Tübingen";"J. C. B. Mohr, S. Siebeck";"Null";"Null";"Null";"Null"
"http://data.bnf.fr/ark:/12148/cb37749458z";"The world of Jacques Thibaud";"199";"[Tokyo?]";"[s.n.]";"Null";"314 p.";"Null";"Null"
"http://data.bnf.fr/ark:/12148/cb37753283c";"Pocket guide de l'audiovisuel : sociétés, 9000 sociétés, 9000 téléphones, fax et site internet";"199";"Levallois-Perret";"Mass media";"Null";"192 p.";"http://data.bnf.fr/ark:/12148/cb12219062q";"Null"
"http://data.bnf.fr/ark:/12148/cb37756404h";"Flamenco";"199";"Argenteuil";"Mairie d'Argenteuil, Discothèques municipales";"Null";"24 p.";"http://data.bnf.fr/ark:/12148/cb119344445";"Null"
"http://data.bnf.fr/ark:/12148/cb38604742b";"From Bohemia's castles and chapels : music from 16th century Prague";"199";"London";"Meridian records";"Null";"1 disque compact (60 min 05 s) : DDD";"Null";"Null"
"http://data.bnf.fr/ark:/12148/cb387863389";"Portare Roma a Parigi, mecenati, artisti ed eruditi nella migrazione culturale";"199";"Bologna";"Nuova Alfa editoriale";"Null";"1 fasc. (P. 227-261)";"Null";"Null"
"http://data.bnf.fr/ark:/12148/cb38819976z";"Veröffentlichungen der Schwäbischen Forschungsgemeinschaft Schwäbische Forschungsstelle Augsburg der Kommission für bayerische Landesgeschichte";"199";"Sigmaringen";"J. Thorbecke";"Null";"Null";"Null";"Null"
"http://data.bnf.fr/ark:/12148/cb38825397h";"L'altra italia : storia orale";"199";"Milano. - Sesto Fiorentino";"Jaca book. - Istituto Ernesto de Martino";"Null";"Null";"Null";"Null"
"http://data.bnf.fr/ark:/12148/cb38923115g";"Schriften zur Naturphilosophie";"199";"Frankfurt am Main";"Suhrkamp";"Null";"170 p.";"Null";"Null"
"http://data.bnf.fr/ark:/12148/cb38923112f";"Die Metaphysik der Sitten";"199";"Frankfurt am Main";"Suhrkamp";"Null";"p. 309-885";"Null";"Null"
"http://data.bnf.fr/ark:/12148/cb38923119v";"Kritik der Urteilskraft";"199";"Frankfurt am Main";"Suhrkamp";"Null";"461 p.";"Null";"Null"
"http://data.bnf.fr/ark:/12148/cb38926855c";"Lietuvos bibliografija Serija C";"199";"Vilnius";"Lietuvos nacionalinė M. Mažvydo biblioteka";"Null";"Null";"Null";"Null"
"http://data.bnf.fr/ark:/12148/cb38958536c";"Papers on ancient Greek and Islamic philosophy";"199";"Binghamton (N. Y.)";"State university of New York Binghamton";"Null";"Null";"Null";"Null"
"http://data.bnf.fr/ark:/12148/cb39006539g";"Kritik der reinen Vernunft";"199";"Frankfurt am Main";"Suhrkamp";"Null";"2 vol. (717 p.)";"Null";"Null"
"http://data.bnf.fr/ark:/12148/cb390064574";"Werkausgabe";"199";"Frankfurt am Main";"Suhrkamp";"Null";"12 vol.";"Null";"Null"
"http://data.bnf.fr/ark:/12148/cb39006714p";"Kritik der praktischen Vernunft";"199";"Frankfurt am Main";"Suhrkamp";"Null";"302 p.";"Null";"Null"
"http://data.bnf.fr/ark:/12148/cb39006630n";"Schriften zur Metaphysik und Logik";"199";"Frankfurt am Main";"Suhrkamp";"Null";"2 vol. (685 p.)";"Null";"Null"
"http://data.bnf.fr/ark:/12148/cb39042718x";"Activité, emploi et chômage en 1999 : rapport de synthèse";"199";"Rabat";"Direction de la statistique";"Null";"188 p.";"http://data.bnf.fr/ark:/12148/cb12042412v";"Null"
"http://data.bnf.fr/ark:/12148/cb39692320f";"La noche : balada";"199";"Null";"Null";"Null";"7 f. : 30 cm";"http://data.bnf.fr/ark:/12148/cb13562489v";"Null"
"http://data.bnf.fr/ark:/12148/cb396923584";"[Seis sonatas para clave y fuerte piano]";"199";"Null";"Null";"Null";"47 f. : 30 cm";"http://data.bnf.fr/ark:/12148/cb146323747";"Null"
"http://data.bnf.fr/ark:/12148/cb39692360p";"2 etiudy : 1940/41";"199";"Null";"Null";"Null";"19 p. : 30 cm";"http://data.bnf.fr/ark:/12148/cb11975995h";"Null"
"http://data.bnf.fr/ark:/12148/cb396921399";"Due duetti op. 137 : per viola e chitarra";"199";"Null";"Null";"Null";"16 f. : 30 cm";"http://data.bnf.fr/ark:/12148/cb119329384";"Null"
"http://data.bnf.fr/ark:/12148/cb396923104";"Adantino scherzando con variaciones";"199";"Null";"Null";"Null";"9 f. : 30 cm";"http://data.bnf.fr/ark:/12148/cb125239525";"Null"
"http://data.bnf.fr/ark:/12148/cb39692138z";"Piano sonata : 1945-6, revised 1982";"199";"Null";"Null";"Null";"44 p. : 33 cm";"http://data.bnf.fr/ark:/12148/cb119604900";"Null"
"http://data.bnf.fr/ark:/12148/cb39692314h";"2 romances sans paroles";"199";"Null";"Null";"Null";"[6] f. : 30 cm";"http://data.bnf.fr/ark:/12148/cb119604900";"Null"
"http://data.bnf.fr/ark:/12148/cb39692308k";"Sonata fantastica : en si bemol mayor";"199";"Null";"Null";"Null";"40 f. : 30 cm";"http://data.bnf.fr/ark:/12148/cb119604900";"Null"
"http://data.bnf.fr/ark:/12148/cb396923197";"Irurac bat : Dios patria y libertad";"199";"Null";"Null";"Null";"5 p. : 30 cm";"http://data.bnf.fr/ark:/12148/cb11975999w";"Null"
"http://data.bnf.fr/ark:/12148/cb39692353d";"Sonate II : [piano]";"199";"Null";"Null";"Null";"18 f. : 30 cm";"http://data.bnf.fr/ark:/12148/cb122893442";"Null"
"http://data.bnf.fr/ark:/12148/cb396922058";"Preludio y toccata : para piano";"199";"Null";"Null";"Null";"5 p. : 30 cm";"http://data.bnf.fr/ark:/12148/cb14633062n";"Null"
"http://data.bnf.fr/ark:/12148/cb39692363q";"Formes en l'air : [piano]";"199";"Null";"Null";"Null";"7 f. : 30 cm";"http://data.bnf.fr/ark:/12148/cb11975995h";"Null"
"http://data.bnf.fr/ark:/12148/cb396923495";"Slatter : norwegian peasant dances";"199";"Null";"Null";"Null";"52 f. : 30 cm";"http://data.bnf.fr/ark:/12148/cb119604900";"Null"
"http://data.bnf.fr/ark:/12148/cb39692141v";"Egloghe : per flauto, corno inglese e chitarra";"199";"Null";"Null";"Null";"25 f. : 30 cm";"http://data.bnf.fr/ark:/12148/cb12110956x";"Null"
"http://data.bnf.fr/ark:/12148/cb396923224";"Nocturno : op. 47";"199";"Null";"Null";"Null";"7 f. : 30 cm";"http://data.bnf.fr/ark:/12148/cb11975999w";"Null"
"http://data.bnf.fr/ark:/12148/cb39778492s";"Pierre Louÿs et le cinéma, tel que l'y ont retrouvé Philippe Bordier, Jean-Pierre Bouyxou, Tanguy L'Aminot [etc...]";"199";"[S. l.]";"Ed. à l'écart, les Amis de Pierre Louÿs";"Null";"53 p.";"Null";"Null"
"http://data.bnf.fr/ark:/12148/cb399587947";"Mälestused";"199";"Tallinn";"Olion";"Null";"Null";"Null";"Null"
"http://data.bnf.fr/ark:/12148/cb400226408";"Tỳ vêt ́ tâm linh : tiêủ thuyêt ́";"199";"Los Alamitos (Calif.)";"Xuân Thu";"Null";"353 p.";"Null";"Null"
"http://data.bnf.fr/ark:/12148/cb41110867g";"Panait Istrati - omul care nu aderă la nimic : documente din Rusia Sovietică";"199";"Brăila";"Istros";"Null";"Null";"Null";"Null"
"http://data.bnf.fr/ark:/12148/cb41120908f";"Stenographische Protokolle Österreich";"199";"Hildesheim";"Olms";"Null";"243 microfiches";"http://data.bnf.fr/ark:/12148/cb11991940p";"Null"
"http://data.bnf.fr/ark:/12148/cb41160901v";"Một bông hồng cho cha";"199";"Tp. Hồ Chí Minh";"Nxb Văn nghệ";"Null";"1 vol. (70 p.)";"Null";"Null"
"http://data.bnf.fr/ark:/12148/cb41169205g";"Volkskammer der DDR";"199";"Bonn";"Mikropress";"Null";"476 microfiches";"http://data.bnf.fr/ark:/12148/cb11991940p";"Null"
"http://data.bnf.fr/ark:/12148/cb411760371";"Réhabilitation. Cahier";"199";"[Port-au-Prince]";"Fonds des droits humains";"Null";"Null";"Null";"Null"
"http://data.bnf.fr/ark:/12148/cb41182636k";"Optimierte Arzneimitteltherapie";"199";"Berlin";"Springer";"Null";"Null";"Null";"Null"
"http://data.bnf.fr/ark:/12148/cb41199492d";"Stenographische Protokolle Österreich";"199";"Hildesheim";"Olms";"Null";"31 microfiches";"http://data.bnf.fr/ark:/12148/cb12065493t";"Null"
"http://data.bnf.fr/ark:/12148/cb412111627";"Stenographische Protokolle Österreich";"199";"Hildesheim";"Olms";"Null";"498 microfiches";"http://data.bnf.fr/ark:/12148/cb11991940p";"Null"
"http://data.bnf.fr/ark:/12148/cb41217579h";"Stenographische Protokolle Österreich";"199";"Hildesheim";"Olms";"Null";"26 microfiches";"http://data.bnf.fr/ark:/12148/cb12065493t";"Null"
"http://data.bnf.fr/ark:/12148/cb412191191";"Stenographische Protokolle Österreich";"199";"Hildesheim";"Olms";"Null";"8 microfiches";"http://data.bnf.fr/ark:/12148/cb11991940p";"Null"
"http://data.bnf.fr/ark:/12148/cb41219220h";"Stenographische Protokolle Österreich";"199";"Hildesheim";"Olms";"Null";"6 microfiches";"http://data.bnf.fr/ark:/12148/cb13318786q";"Null"
"http://data.bnf.fr/ark:/12148/cb41377867r";"Chân dung thơ Luân Hoán";"199";"Houston (Tex.)";"nxb Sông thu";"Null";"1 vol. (269 p.)";"http://data.bnf.fr/ark:/12148/cb11975995h";"Null"
"http://data.bnf.fr/ark:/12148/cb42180460j";"Modern and contemporary Macedonia : history, economy, society, culture";"199";"[Athens]";"Papazisis. - Paratiritis publ.";"Null";"2 vol. (527, 453 p.)";"http://data.bnf.fr/ark:/12148/cb12165591k";"Null"
"http://data.bnf.fr/ark:/12148/cb42323216b";"Guide des sources publiques et privées de l'histoire des étrangers aux XIXe et XXe siècles en Bourgogne";"199";"Paris";"Ed. Mémoire-Génériques";"Null";"1 vol. (112 p.)";"http://data.bnf.fr/ark:/12148/cb133183409";"Null"
"http://data.bnf.fr/ark:/12148/cb423952404";"[La belle au bois dormant] : [esquisse de décor]";"199";"Null";"Null";"Null";"3 dess. : encre, rehauts d'aquarelle, en noir ; 38 x 28,5 cm (f.)";"Null";"Null"
"http://data.bnf.fr/ark:/12148/cb43779544q";"Mesaiōnikà kaì néa hellīniká";"199";"[  ̓Athī́na]";"Ἐκδ. Φιλολογικὸν Βασ. Γ. Βασιλείου";"Null";"vol.";"Null";"Null"
"http://data.bnf.fr/ark:/12148/cb34288895k";"History of management thought";"199";"Aldershot (GB). - Brookfield (Vt.). - Singapore";"Dartmouth";"Null";"Null";"Null";"Null"
"http://data.bnf.fr/ark:/12148/cb34288909f";"McGraw-Hill developing organizations series";"199";"London. - New York. - San Francisco";"McGraw-Hill book";"Null";"Null";"Null";"Null"
"http://data.bnf.fr/ark:/12148/cb34333616t";"The Collected works of Edward Sapir";"199";"Berlin. - New York";"Mouton de Gruyter";"Null";"Null";"Null";"Null"
"http://data.bnf.fr/ark:/12148/cb34338101m";"[Hinterlassene Werke]";"199";"Schaffhausen";"Novalis Verl.";"Null";"Null";"Null";"Null"
"http://data.bnf.fr/ark:/12148/cb34338096v";"Gesammelte Gedichte in Einzelausgaben";"199";"Aachen";"Rimbaud";"Null";"Null";"Null";"Null"
"http://data.bnf.fr/ark:/12148/cb34338231t";"Hajnóczi Péter összegyűjtött munkái";"199";"Budapest";"Századvég";"Null";"Null";"Null";"Null"
"http://data.bnf.fr/ark:/12148/cb343416783";"Obres completes de Tísner";"199";"Barcelona";"Ed. Pòrtic";"Null";"Null";"Null";"Null"
"http://data.bnf.fr/ark:/12148/cb34341427n";"Pilinszky János összegyüjtött művei";"199";"Budapest";"Századvég";"Null";"Null";"Null";"Null"
"http://data.bnf.fr/ark:/12148/cb34341873x";"Atlas Ost- und Südosteuropa 2 : aktuelle Karten zu Ökologie, Bevölkerung und Wirtschaft";"199";"Wien";"Österreichisches Ost- und Südosteuropa-Institut, in Komm. bei Gebr. Borntraeger Verlagsbuchhandlung Berlin, Stuttgart";"Null";"Null";"Null";"Null"
"http://data.bnf.fr/ark:/12148/cb34341876z";"Atlas Ost- und Südosteuropa 6 : aktuelle Karten zu Ökologie, Bevölkerung und Wirtschaft";"199";"Wien";"Österreichisches Ost- und Südosteuropa-Institut, in Komm. bei Gebr. Borntraeger Verlagsbuchhandlung Berlin, Stuttgart";"Null";"Null";"Null";"Null"
"http://data.bnf.fr/ark:/12148/cb34341872k";"Atlas Ost- und Südosteuropa 2 : aktuelle Karten zu Ökologie, Bevölkerung und Wirtschaft";"199";"Wien";"Österreichisches Ost- und Südosteuropa-Institut, in Komm. bei Gebr. Borntraeger Verlagsbuchhandlung Berlin, Stuttgart";"Null";"Null";"Null";"Null"
"http://data.bnf.fr/ark:/12148/cb343434003";"Plaques de shakos, de shapskas, de bonnets à poils";"199";"Paris";"le Képi rouge";"Null";"Null";"Null";"Null"
"http://data.bnf.fr/ark:/12148/cb34344424b";"United States army in World War II";"199";"Washington (D.C.)";"Center of military history, United States Army";"Null";"Null";"Null";"Null"
"http://data.bnf.fr/ark:/12148/cb343447694";"Dzieje żydów w Polsce";"199";"Warszawa";"Żydowski Instytut Historyczny. - Instytut Naukowo-Badawczy";"Null";"vol.";"Null";"Null"
"http://data.bnf.fr/ark:/12148/cb34344993j";"Law, justice and the state : proceedings";"199";"Stuttgart";"F. Steiner";"Null";"Null";"Null";"Null"
"http://data.bnf.fr/ark:/12148/cb343443153";"Le vocabulaire des institutions indo-européennes";"199";"Paris";"Éd. de Minuit";"Null";"Null";"Null";"Null"
"http://data.bnf.fr/ark:/12148/cb343450176";"Deutsche biographische Enzyklopädie (DBE)";"199";"München. - London. - Paris";"K. G. Saur";"Null";"Null";"Null";"Null"
"http://data.bnf.fr/ark:/12148/cb34346376s";"Oeuvres complètes : 1984-1994";"199";"Le Perreux";"l'Invendu";"Null";"Null";"Null";"Null"
"http://data.bnf.fr/ark:/12148/cb343462170";"CD Shareware compilation";"199";"Paris";"Micro Application";"Null";"CD-ROM : 12 cm";"Null";"Null"
"http://data.bnf.fr/ark:/12148/cb34345461s";"Opere di Julius Evola";"199";"Roma";"Ed. Mediterranee";"Null";"Null";"Null";"Null"
"http://data.bnf.fr/ark:/12148/cb343462813";"Recent developments in international banking and finance";"199";"Amsterdam. - New York. - Oxford";"North-Holland";"Null";"Null";"Null";"Null"
"http://data.bnf.fr/ark:/12148/cb343461349";"Comptabilité et gestion, terminale STT : travaux d'application et travaux informatiques";"199";"[Paris]";"Nathan";"Null";"Null";"Null";"Null"
"http://data.bnf.fr/ark:/12148/cb343461182";"L'homme qui devint Dieu";"199";"Paris";"R. Laffont";"Null";"Null";"Null";"Null"
"http://data.bnf.fr/ark:/12148/cb34347413d";"Historia de la infantería española";"199";"Madrid";"Ministerio de defensa, Secretaría general técnica";"Null";"Null";"Null";"Null"
"http://data.bnf.fr/ark:/12148/cb343466998";"Comptes nationaux";"199";"Paris";"INSEE";"Null";"Null";"Null";"Null"
"http://data.bnf.fr/ark:/12148/cb34347479b";"Philosophische Werke in vier Bänden";"199";"Hamburg";"F. Meiner";"Null";"Null";"Null";"Null"
"http://data.bnf.fr/ark:/12148/cb34347336s";"Mélanges Raymond Chevallier";"199";"Tours";"Centre de recherches A. Piganiol";"Null";"Null";"Null";"Null"
"http://data.bnf.fr/ark:/12148/cb34347152g";"L'ordre ou Quinté Rollet";"199";"[S.l.]";"C. Rollet";"Null";"30 cm";"Null";"Null"
"http://data.bnf.fr/ark:/12148/cb34347919v";"Studien zur Romantik und zur idealistischen Philosophie";"199";"Paderborn";"F. Schöningh";"Null";"Null";"Null";"Null"
"http://data.bnf.fr/ark:/12148/cb343479055";"La conservazione e il restauro oggi : dalla manualità artigiana alla ricerca pluridisciplinare";"199";"Firenze";"Nardini";"Null";"Null";"Null";"Null"
"http://data.bnf.fr/ark:/12148/cb35457559h";"Humanismus in Bologna, 1490-1510 : [Ausstellung], Wien, Graphische Sammlung Albertina, 20. Mai-26. Juni 1988";"199";"Bologna";"Nuova Alfa";"Null";"XXXI-393 p.";"http://data.bnf.fr/ark:/12148/cb11933390t";"Null"
"http://data.bnf.fr/ark:/12148/cb354860972";"Tender buttons : objects, food, rooms";"199";"Los Angeles";"Sun and moon press";"Null";"78 p.";"Null";"Null"
"http://data.bnf.fr/ark:/12148/cb35508859q";"O senhor das sombras";"199";"Rio de Janeiro";"Mandarino";"Null";"141 p.";"Null";"Null"
"http://data.bnf.fr/ark:/12148/cb35584802f";"Gudrun Schreiner : die Bildhauerin und ihr Werk";"199";"Hügelsheim";"P. Naber";"Null";"110 p.";"Null";"Null"
"http://data.bnf.fr/ark:/12148/cb355861218";"Die Schweiz zwischen Tradition und Zukunft : Ansprachen und Aufsätze aus 25 Jahren";"199";"Schaffhausen. - Stäfa";"Novalis Verl.. - Rothenhäusler Verl.";"Null";"210 p.";"http://data.bnf.fr/ark:/12148/cb12005878s";"Null"
"http://data.bnf.fr/ark:/12148/cb355869204";"Medicina e biologia nella rivoluzione scientifica";"199";"Assisi";"Porziuncola";"Null";"302 p.";"http://data.bnf.fr/ark:/12148/cb119832928";"Null"
"http://data.bnf.fr/ark:/12148/cb355880266";"Los virreyes españoles en América";"199";"Barcelona";"Mitre";"Null";"367 p.";"http://data.bnf.fr/ark:/12148/cb119768499";"Null"
"http://data.bnf.fr/ark:/12148/cb355933726";"Der Deutsche Osthandel 1991/92";"199";"Bonn";"Bundesministerium für Wirtschaft";"Null";"117 p.";"http://data.bnf.fr/ark:/12148/cb11930867z";"Null"
"http://data.bnf.fr/ark:/12148/cb35603529x";"Retratos de una época";"199";"Null";"Cámara de representantes de la República del Uruguay oriental";"Null";"395 p.";"http://data.bnf.fr/ark:/12148/cb11935764v";"Null"
"http://data.bnf.fr/ark:/12148/cb35609019p";"An act to implement the North American free trade agreement";"199";"[Ottawa]";"[Ministre des approvisionnements et services]";"Null";"5 vol. (823, 7, 8, 23 p.)";"http://data.bnf.fr/ark:/12148/cb12272772h";"Null"
"http://data.bnf.fr/ark:/12148/cb35611993v";"II Congresso extraordinário";"199";"Null";"Departamento de informação, propaganda e cultura";"Null";"2 vol. (46, 32 p.)";"http://data.bnf.fr/ark:/12148/cb119770062";"Null"
"http://data.bnf.fr/ark:/12148/cb356128825";"Avis de passage : Rosine Bernez, Philippe Bruneau, Pierre Jamaux, Marc Le Stum, Pascal Raguideau";"199";"[S. l.]";"Association Temps d'espaces de créations";"Null";"40 p.";"http://data.bnf.fr/ark:/12148/cb12062368m";"Null"
"http://data.bnf.fr/ark:/12148/cb35670114h";"Sidérations : l'atelier photographique français";"199";"Tours. - Roma";"Centre de création contemporaine. - Ed. Carte segrete";"Null";"93 p.";"Null";"Null"
"http://data.bnf.fr/ark:/12148/cb357042134";"História do Seu Cabral na terra do pau-brasil : romance televisivo de Orestes Lima Cipolatti, Laura Pereira de Alcántara";"199";"Rio de Janeiro";"Null";"Null";"386 p.";"Null";"Null"
"http://data.bnf.fr/ark:/12148/cb35739620b";"La Trieste dei Wulz : 1860-1980";"199";"Firenze";"Alinari";"Null";"Non paginé";"http://data.bnf.fr/ark:/12148/cb119758132";"Null"
"http://data.bnf.fr/ark:/12148/cb35745873q";"Ljubi Lidströmer";"199";"Null";"Lidströmer-Stare";"Null";"51 p.";"http://data.bnf.fr/ark:/12148/cb12042895g";"Null"
"http://data.bnf.fr/ark:/12148/cb357487886";"Zanni : acqueforti e disegni";"199";"Reggio Emilia";"Ed. Nova et vetera";"Null";"[20]p.";"Null";"Null"
"http://data.bnf.fr/ark:/12148/cb35750657x";"Amtliche Mineralöldaten für die ehemalige DDR sowie für die Bundesrepublik Deutschland einschliesslich der ehemaligen DDR für den Zeitraum";"199";"Bonn";"Bundesministerium für Wirtschaft";"Null";"210 p.";"http://data.bnf.fr/ark:/12148/cb12042412v";"Null"
"http://data.bnf.fr/ark:/12148/cb35769598m";"Politica e autobiografia";"199";"Brescia";"Ed. Morcelliana";"Null";"247 p.";"http://data.bnf.fr/ark:/12148/cb11975995h";"Null"
"http://data.bnf.fr/ark:/12148/cb35771714k";"Superación de la metafísica en Martin Heidegger";"199";"Oviedo";"Universidad de Oviedo";"Null";"470 p.";"http://data.bnf.fr/ark:/12148/cb11934604g";"Null"
"http://data.bnf.fr/ark:/12148/cb35773562c";"Atlas towarzyski";"199";"Warszawa";"Reporter";"Null";"195 p.";"http://data.bnf.fr/ark:/12148/cb11932825h";"Null"
"http://data.bnf.fr/ark:/12148/cb35775287c";"Château-Musée de Bélesta";"199";"Bélesta";"Château-Musée de Bélesta";"Null";"Non paginé";"Null";"Null"
"http://data.bnf.fr/ark:/12148/cb35775312r";"Étude anthropologique du dolmen du Crespin : commune de Marvejols";"199";"Mende";"Centre d'études et de recherches de Mende";"Null";"91 p.";"Null";"Null"
"http://data.bnf.fr/ark:/12148/cb357792144";"Goya, Picasso : toros, toreros";"199";"Bordeaux";"les Amis de la Casa Goya";"Null";"26 p.";"Null";"Null"
"http://data.bnf.fr/ark:/12148/cb357785392";"Surga : minorités ethniques et environnement";"199";"Boulogne-Billancourt";"K. Hibbs";"Null";"Non paginé";"Null";"Null"
"http://data.bnf.fr/ark:/12148/cb35781886x";"Initiation à la santé intégrale : cours d'hamonisation énergétique";"199";"Gréolières";"CEREDOR. - Vie et Action";"Null";"224 p.";"Null";"Null"
"http://data.bnf.fr/ark:/12148/cb35783079x";"Voir : percevoir";"199";"Vénissieux";"SICCAC";"Null";"Non paginé";"Null";"Null"
"http://data.bnf.fr/ark:/12148/cb35800175m";"Women in figures, March 1995";"199";"[Maurice]";"[s.n.]";"Null";"52 p.";"http://data.bnf.fr/ark:/12148/cb11965815j";"Null"
"http://data.bnf.fr/ark:/12148/cb358167183";"Le mercure galant, L'extraordinaire, Les affaires du temps : table analytique contenant l'inventaire de tous les articles publiés, 1672-1710";"199";"[Paris]";"[M. Vincent]";"Null";"2 vol. (XXX-752 f.)";"http://data.bnf.fr/ark:/12148/cb119778006";"Null"
"http://data.bnf.fr/ark:/12148/cb358549614";"Princípios gerais de filosofia e outras obras filosóficas";"199";"Vila de Maia. - [então] Lisboa";"Imprensa national - Casa da Moeda";"Null";"522 p.";"Null";"Null"
"http://data.bnf.fr/ark:/12148/cb35858791g";"Quelques clés psycho-sociologiques pour une relecture de Sade : [mémoire de DEA]";"199";"[S.l.]";"F. Mazières";"Null";"30 f.";"http://data.bnf.fr/ark:/12148/cb119408497";"Null"
"http://data.bnf.fr/ark:/12148/cb36133511r";"The Oxford Francis Bacon";"199";"Oxford";"Clarendon press";"Null";"Null";"Null";"Null"
"http://data.bnf.fr/ark:/12148/cb361330581";"Le Moyen âge";"199";"Paris";"A. Colin";"Null";"Null";"Null";"Null"
"http://data.bnf.fr/ark:/12148/cb36133519h";"Edizione nazionale delle opere di Benedetto Croce";"199";"Napoli";"Bibliopolis";"Null";"vol.";"Null";"Null"
"http://data.bnf.fr/ark:/12148/cb36132839q";"Ursprüngliche Erfahrung und personales Sein : ausgewählte philosophische Schriften";"199";"Wien";"Böhlau";"Null";"Null";"Null";"Null"
"http://data.bnf.fr/ark:/12148/cb361337161";"Opere complete di Giovanni Gentile";"199";"Firenze";"Casa ed. le lettere";"Null";"Null";"Null";"Null"
"http://data.bnf.fr/ark:/12148/cb36133120m";"Pensadores nacionales iberoamericanos";"199";"Buenos Aires";"Biblioteca del Congreso de la nación";"Null";"02 vol.";"Null";"Null"
"http://data.bnf.fr/ark:/12148/cb361337777";"Eilanden";"199";"Amsterdam";"Antwerpen. - Uitg. Atlas";"Null";"Null";"Null";"Null"
"http://data.bnf.fr/ark:/12148/cb36133268w";"Kant : Analysen, Probleme, Kritik";"199";"Würzburg";"Königshausen & Neumann";"Null";"Null";"Null";"Null"
"http://data.bnf.fr/ark:/12148/cb36152591d";"L'ordre ou Quinté Rollet";"199";"[S.l.]";"C. Rollet";"Null";"24 p.";"Null";"Null"
"http://data.bnf.fr/ark:/12148/cb36184498n";"Grands rêves";"199";"[Paris]";"Denoël";"Null";"102 p.";"Null";"Null"
"http://data.bnf.fr/ark:/12148/cb36593997b";"De fremmede i Danmark";"199";"[København]";"Socialforskningsinstituttet";"Null";"Null";"http://data.bnf.fr/ark:/12148/cb119756919";"Null"
"http://data.bnf.fr/ark:/12148/cb365940497";"Historia de la ciencia y de la técnica";"199";"Madrid";"Akal";"Null";"vol.";"Null";"Null"
"http://data.bnf.fr/ark:/12148/cb36594021v";"Historia de la educación en la Argentina";"199";"Buenos Aires";"Ed. Galerna";"Null";"8 vol.";"Null";"Null"
"http://data.bnf.fr/ark:/12148/cb365945875";"Entwicklungspsychologie der Adoleszenz in der Moderne";"199";"Bern. - Göttingen. - Toronto";"H. Huber";"Null";"Null";"Null";"Null"
"http://data.bnf.fr/ark:/12148/cb36655392s";"Recueil des factums : Katalog öfver Carl G. Tessins samling af Recueil des factums";"199";"Null";"Null";"Null";"Non paginé";"http://data.bnf.fr/ark:/12148/cb12062516x";"Null"
"http://data.bnf.fr/ark:/12148/cb36665874f";"Europa zwischen Ideologie und Verwirklichung : psychologische Aspekte der europaischen Integration";"199";"Schaffhausen. - Stäfa";"Novalis. - Rothenhäuser Verl.";"Null";"266 p.";"http://data.bnf.fr/ark:/12148/cb13318491g";"Null"
"http://data.bnf.fr/ark:/12148/cb36678327g";"Educational endeavors for man and society";"199";"[Seoul]";"S. W. publ.";"Null";"193 p.";"http://data.bnf.fr/ark:/12148/cb13318807v";"Null"
"http://data.bnf.fr/ark:/12148/cb36680936c";"Qui sont-ils, ces hommes qui veulent nous gouverner ?";"199";"Conakry";"Impression Imprima";"Null";"155 p.";"http://data.bnf.fr/ark:/12148/cb133183420";"Null"
"http://data.bnf.fr/ark:/12148/cb36686419v";"Dzieje żydów w Polsce : wybór tekstów źródłowych XI-XVIII wiek";"199";"Warszawa";"Żydowski Instytut Historyczny";"Null";"123 p.-[8] p. de pl.";"http://data.bnf.fr/ark:/12148/cb119344445";"Null"
