id;title;date;place;publisher;firstyear;description;subject;gallica
"http://data.bnf.fr/ark:/12148/cb300390303";"Divi Aurelii Augustini de Doctrina christiana, seu de Arte praedicandi";"1465";"(Argentinae";"J. Mentelin";"1465";"In-fol. (Pellechet, 1471.)";"Null";"Null"
"http://data.bnf.fr/ark:/12148/cb30126496c";"Liber sextus Decretalium per Bonifacium octavum, pontificem, cum novellis et declaratione Joannis Andreae de arboribus consanguinitatis et affinitatis";"1465";"Moguntiae";"per J. Fust et P. Schoiffer";"1465";"In-fol. (Hain-Copinger, *3586.)";"Null";"Null"
"http://data.bnf.fr/ark:/12148/cb30126497q";"Liber sextus Decretalium per Bonifacium octavum, pontificem, cum novellis et declaratione Joannis Andreae de arboribus consanguinitatis et affinitatis. - Quia preposterus est ordo... Incipit liber sextus decretalium Domini Bonifacii pape octavi. - A la fin : Presens hujus sexti decretalium preclarum opus alma in urbe Maguntina inclite nacionis germanice quam Dei clementia tam alto ingenii lumine donoque gratuito ceteris terrarum nacionibus preferre illustrareque dignatus est. Non atramento plumali canna neque aerea sed artificiosa quadam adinventione imprimendi seu caracterizandi sic effigiatum et ad eusebiam Dei industrie est consummatum per Johannem Fust civem et Petrum Schoiffer de Gernshem Anno domini M CCCC LXV die vero XVII mensis decembris";"1465";"Mainz";"Johannes Fust et Peter Schöffer";"1465";"In-fol., car. goth., 2 col., commentaire encadrant le texte sans sign. ni fol.";"Null";"Null"
"http://data.bnf.fr/ark:/12148/cb30243212t";"M. T. Ciceronis de Officiis libri et Paradoxa. Accessere XII sapientum versus et Q. Horatii Flacci de vitae humanae brevitate carmen : Diffugere nives";"1465";"Moguntiae";"J. Fust et P. Schoeffer";"1465";"In-fol. (Pellechet, 3725.)";"Null";"Null"
"http://data.bnf.fr/ark:/12148/cb30243215v";"M. T. Ciceronis de Officiis libri";"1465";"(Coloniae";"U. Zell, c.";"1465";"In-4° . (Pellechet, 3722.)";"Null";"Null"
"http://data.bnf.fr/ark:/12148/cb302432135";"M. T. Ciceronis de Officiis libri et Paradoxa. Accessere XII sapientum versus et Q. Horatii Flacci de vitae humanae brevitate carmen : Diffugere nives";"1465";"Moguntiae";"J. Fust et P. Schoeffer";"1465";"In-fol. (Pellechet, 3725. B.)";"Null";"Null"
"http://data.bnf.fr/ark:/12148/cb30650099b";"Tractatus de diversis gravaminibus religiosorum, auctore Johanne de Hagen";"1465";"(Swollis";"P. Os de Breda)";"1465";"In-4° . (Hain-Copinger, *9169.)";"Null";"Null"
"http://data.bnf.fr/ark:/12148/cb30711856v";"Lactantii Firmiani Opera. De Divinis institutionibus adversus gentes libri septem, nec non ejusdem ad Donatum de Ira Dei liber unus, cum libro de Opificio hominis ad Demetrianum. Errata per fratrem Antonium Randensem [sic]";"1465";"In Sublacense monasterio";"per C. Sweynheim et A. Pannartz";"1465";"In-fol. (Hain, *9806.)";"Null";"Null"
"http://data.bnf.fr/ark:/12148/cb391697918";"Biblia pauperum";"1465";"[Pays-Bas ou Rhin inférieur";"s. n.";"1465";"40 ff.";"Null";"http://gallica.bnf.fr/ark:/12148/bpt6k1040376f"
"http://data.bnf.fr/ark:/12148/cb40275392s";"D Clio XVIIII 19 : [estampe]";"1465";"[Ferrare ?]";"[s.n.]";"1465";"1 est. sur papier vergé : burin, manière fine, n. et b.  ; 18 x 10 cm (élt d'impr.)";"http://data.bnf.fr/ark:/12148/cb15068134m";"Null"
"http://data.bnf.fr/ark:/12148/cb40275383t";"E Papa X 10 : [estampe]";"1465";"[Ferrare ?]";"[s.n.]";"1465";"1 est. sur papier vergé : burin, manière fine, n. et b.  ; 18 x 10 cm (élt d'impr.)";"http://data.bnf.fr/ark:/12148/cb11975974j";"Null"
"http://data.bnf.fr/ark:/12148/cb40275391f";"D Euterpe XVIII 18 : [estampe]";"1465";"[Ferrare ?]";"[s.n.]";"1465";"1 est. sur papier vergé : burin, manière fine, n. et b.  ; 18 x 10 cm (élt d'impr.)";"http://data.bnf.fr/ark:/12148/cb13184833j";"Null"
"http://data.bnf.fr/ark:/12148/cb40275409p";"B Justicia XXXVII 37 : [estampe]";"1465";"[Ferrare ?]";"[s.n.]";"1465";"1 est. sur papier vergé : burin, manière fine, n. et b.  ; 18 x 10 cm (élt d'impr.)";"http://data.bnf.fr/ark:/12148/cb13319364j";"Null"
"http://data.bnf.fr/ark:/12148/cb40275404z";"B Chronico XXXII 32 : [estampe]";"1465";"[Ferrare ?]";"[s.n.]";"1465";"1 est. sur papier vergé : burin, manière fine, n. et b.  ; 18 x 10 cm (élt d'impr.)";"http://data.bnf.fr/ark:/12148/cb11933602j";"Null"
"http://data.bnf.fr/ark:/12148/cb402754059";"B Cosmico XXXIII 33 : [estampe]";"1465";"[Ferrare ?]";"[s.n.]";"1465";"1 est. sur papier vergé : burin, manière fine, n. et b.  ; 18 x 10 cm (élt d'impr.)";"http://data.bnf.fr/ark:/12148/cb12264708p";"Null"
"http://data.bnf.fr/ark:/12148/cb402753876";"D Erato XIIII 14 : [estampe]";"1465";"[Ferrare ?]";"[s.n.]";"1465";"1 est. sur papier vergé : burin, manière fine, n. et b.  ; 18 x 10 cm (élt d'impr.)";"http://data.bnf.fr/ark:/12148/cb15068149n";"Null"
"http://data.bnf.fr/ark:/12148/cb40275388j";"D Polimnia XV 15 : [estampe]";"1465";"[Ferrare ?]";"[s.n.]";"1465";"1 est. sur papier vergé : burin, manière fine, n. et b.  ; 18 x 10 cm (élt d'impr.)";"http://data.bnf.fr/ark:/12148/cb150693003";"Null"
"http://data.bnf.fr/ark:/12148/cb402754190";"A Saturno XXXXVII 47 : [estampe]";"1465";"[Ferrare ?]";"[s.n.]";"1465";"1 est. sur papier vergé : burin, manière fine, n. et b.  ; 18 x 10 cm (élt d'impr.)";"http://data.bnf.fr/ark:/12148/cb11976363g";"Null"
"http://data.bnf.fr/ark:/12148/cb402753787";"E Zintilomo V 5 : [estampe]";"1465";"[Ferrare ?]";"[s.n.]";"1465";"1 est. sur papier vergé : burin, manière fine, n. et b.  ; 18 x 10 cm (élt d'impr.)";"http://data.bnf.fr/ark:/12148/cb119460213";"Null"
"http://data.bnf.fr/ark:/12148/cb40275373h";"[Les Tarots Mantegna ou Jeu du gouvernement du monde au Quattrocento] : [série E]";"1465";"[Ferrare ?]";"[s.n.]";"1465";"50 est. sur papier vergé : burin ; 18 x 10 cm (élt d'impr.)";"http://data.bnf.fr/ark:/12148/cb12264708p";"Null"
"http://data.bnf.fr/ark:/12148/cb40275416z";"A Sol XXXXIIII : [estampe]";"1465";"[Ferrare ?]";"[s.n.]";"1465";"1 est. sur papier vergé : burin, manière fine, n. et b.  ; 18 x 10 cm (élt d'impr.)";"http://data.bnf.fr/ark:/12148/cb11976333j";"Null"
"http://data.bnf.fr/ark:/12148/cb40275389w";"D Talia XVI 16 : [estampe]";"1465";"[Ferrare ?]";"[s.n.]";"1465";"1 est. sur papier vergé : burin, manière fine, n. et b.  ; 18 x 10 cm (élt d'impr.)";"http://data.bnf.fr/ark:/12148/cb150693096";"Null"
"http://data.bnf.fr/ark:/12148/cb40275395t";"C Loica XXII 22 : [estampe]";"1465";"[Ferrare ?]";"[s.n.]";"1465";"1 est. sur papier vergé : burin, manière fine, n. et b.  ; 18 x 10 cm (élt d'impr.)";"http://data.bnf.fr/ark:/12148/cb11935968s";"Null"
"http://data.bnf.fr/ark:/12148/cb402753845";"D Caliope XI 11 : [estampe]";"1465";"[Ferrare ?]";"[s.n.]";"1465";"1 est. sur papier vergé : burin, manière fine, n. et b.  ; 18 x 10 cm (élt d'impr.)";"http://data.bnf.fr/ark:/12148/cb15068132x";"Null"
"http://data.bnf.fr/ark:/12148/cb40275422w";"A Prima causa XXXXX 50 : [estampe]";"1465";"[Ferrare ?]";"[s.n.]";"1465";"1 est. sur papier vergé : burin, manière fine, n. et b.  ; 18 x 10 cm (élt d'impr.)";"http://data.bnf.fr/ark:/12148/cb123747698";"Null"
"http://data.bnf.fr/ark:/12148/cb40275415m";"A Vénus XXXXIII 43 : [estampe]";"1465";"[Ferrare ?]";"[s.n.]";"1465";"1 est. sur papier vergé : burin, manière fine, n. et b.  ; 18 x 10 cm (élt d'impr.)";"http://data.bnf.fr/ark:/12148/cb12066488g";"Null"
"http://data.bnf.fr/ark:/12148/cb40275418n";"A Jupiter XXXXVI 46 : [estampe]";"1465";"[Ferrare ?]";"[s.n.]";"1465";"1 est. sur papier vergé : burin, manière fine, n. et b.  ; 18 x 10 cm (élt d'impr.)";"http://data.bnf.fr/ark:/12148/cb121083440";"Null"
"http://data.bnf.fr/ark:/12148/cb40275413x";"A Luna XXXXI : [estampe]";"1465";"[Ferrare ?]";"[s.n.]";"1465";"1 est. sur papier vergé : burin, manière fine, n. et b.  ; 18 x 10 cm (élt d'impr.)";"http://data.bnf.fr/ark:/12148/cb119358377";"Null"
"http://data.bnf.fr/ark:/12148/cb40275408b";"B Forteza XXXVI 36 : [estampe]";"1465";"[Ferrare ?]";"[s.n.]";"1465";"1 est. sur papier vergé : burin, manière fine, n. et b.  ; 18 x 10 cm (élt d'impr.)";"http://data.bnf.fr/ark:/12148/cb119423527";"Null"
"http://data.bnf.fr/ark:/12148/cb40275394g";"C Grammatica XXI : [estampe]";"1465";"[Ferrare ?]";"[s.n.]";"1465";"1 est. sur papier vergé : burin, manière fine, n. et b.  ; 18 x 10 cm (élt d'impr.)";"http://data.bnf.fr/ark:/12148/cb12042781h";"Null"
"http://data.bnf.fr/ark:/12148/cb402753965";"C Rhetorica XXIII 23 : [estampe]";"1465";"[Ferrare ?]";"[s.n.]";"1465";"1 est. sur papier vergé : burin, manière fine, n. et b.  ; 18 x 10 cm (élt d'impr.)";"http://data.bnf.fr/ark:/12148/cb119452384";"Null"
"http://data.bnf.fr/ark:/12148/cb40275400k";"C Poesia XXVII 27 : [estampe]";"1465";"[Ferrare ?]";"[s.n.]";"1465";"1 est. sur papier vergé : burin, manière fine, n. et b.  ; 18 x 10 cm (élt d'impr.)";"http://data.bnf.fr/ark:/12148/cb11933161p";"Null"
"http://data.bnf.fr/ark:/12148/cb402753903";"D Melpomene XVII 17 : [estampe]";"1465";"[Ferrare ?]";"[s.n.]";"1465";"1 est. sur papier vergé : burin, manière fine, n. et b.  ; 18 x 10 cm (élt d'impr.)";"http://data.bnf.fr/ark:/12148/cb150683167";"Null"
"http://data.bnf.fr/ark:/12148/cb40275376j";"E Artixan III 3 : [estampe]";"1465";"[Ferrare ?]";"[s.n.]";"1465";"1 est. sur papier vergé : burin, manière fine, n. et b.  ; 18 x 10 cm (élt d'impr.)";"http://data.bnf.fr/ark:/12148/cb119324947";"Null"
"http://data.bnf.fr/ark:/12148/cb402754148";"A Mercurio XXXXII 42 : [estampe]";"1465";"[Ferrare ?]";"[s.n.]";"1465";"1 est. sur papier vergé : burin, manière fine, n. et b.  ; 18 x 10 cm (élt d'impr.)";"http://data.bnf.fr/ark:/12148/cb12115380b";"Null"
"http://data.bnf.fr/ark:/12148/cb40275421j";"A Primo mobile XXXXVIIII 49 : [estampe]";"1465";"[Ferrare ?]";"[s.n.]";"1465";"1 est. sur papier vergé : burin, manière fine, n. et b.  ; 18 x 10 cm (élt d'impr.)";"http://data.bnf.fr/ark:/12148/cb123747698";"Null"
"http://data.bnf.fr/ark:/12148/cb402753934";"D Apollo XX 20 : [estampe]";"1465";"[Ferrare ?]";"[s.n.]";"1465";"1 est. sur papier vergé : burin, manière fine, n. et b.  ; 18 x 10 cm (élt d'impr.)";"http://data.bnf.fr/ark:/12148/cb11950847r";"Null"
"http://data.bnf.fr/ark:/12148/cb402754179";"A Marte XXXXV 45 : [estampe]";"1465";"[Ferrare ?]";"[s.n.]";"1465";"1 est. sur papier vergé : burin, manière fine, n. et b.  ; 18 x 10 cm (élt d'impr.)";"http://data.bnf.fr/ark:/12148/cb120752119";"Null"
"http://data.bnf.fr/ark:/12148/cb40275385h";"D Urania XII 12 : [estampe]";"1465";"[Ferrare ?]";"[s.n.]";"1465";"1 est. sur papier vergé : burin, manière fine, n. et b.  ; 18 x 10 cm (élt d'impr.)";"http://data.bnf.fr/ark:/12148/cb150693123";"Null"
"http://data.bnf.fr/ark:/12148/cb40275403m";"B Iliaco XXXI 31 : [estampe]";"1465";"[Ferrare ?]";"[s.n.]";"1465";"1 est. sur papier vergé : burin, manière fine, n. et b.  ; 18 x 10 cm (élt d'impr.)";"http://data.bnf.fr/ark:/12148/cb119582471";"Null"
"http://data.bnf.fr/ark:/12148/cb40275410w";"B Charita XXXVIII 38 : [estampe]";"1465";"[Ferrare ?]";"[s.n.]";"1465";"1 est. sur papier vergé : burin, manière fine, n. et b.  ; 18 x 10 cm (élt d'impr.)";"http://data.bnf.fr/ark:/12148/cb11945388z";"Null"
"http://data.bnf.fr/ark:/12148/cb40275397h";"E Geometria XXIIII 24 : [estampe]";"1465";"[Ferrare ?]";"[s.n.]";"1465";"1 est. sur papier vergé : burin, manière fine, n. et b.  ; 18 x 10 cm (élt d'impr.)";"http://data.bnf.fr/ark:/12148/cb119315301";"Null"
"http://data.bnf.fr/ark:/12148/cb402753996";"C Musicha XXVI 26 : [estampe]";"1465";"[Ferrare ?]";"[s.n.]";"1465";"1 est. sur papier vergé : burin, manière fine, n. et b.  ; 18 x 10 cm (élt d'impr.)";"http://data.bnf.fr/ark:/12148/cb133183660";"Null"
"http://data.bnf.fr/ark:/12148/cb402754117";"B Speranza XXXVIIII 39 : [estampe]";"1465";"[Ferrare ?]";"[s.n.]";"1465";"1 est. sur papier vergé : burin, manière fine, n. et b.  ; 18 x 10 cm (élt d'impr.)";"http://data.bnf.fr/ark:/12148/cb11947539s";"Null"
"http://data.bnf.fr/ark:/12148/cb40275406n";"B Temperancia XXXIIII 34 : [estampe]";"1465";"[Ferrare ?]";"[s.n.]";"1465";"1 est. sur papier vergé : burin, manière fine, n. et b.  ; 18 x 10 cm (élt d'impr.)";"http://data.bnf.fr/ark:/12148/cb119800057";"Null"
"http://data.bnf.fr/ark:/12148/cb402754028";"C Astrologia XXXVIIII 39 : [estampe]";"1465";"[Ferrare ?]";"[s.n.]";"1465";"1 est. sur papier vergé : burin, manière fine, n. et b.  ; 18 x 10 cm (élt d'impr.)";"http://data.bnf.fr/ark:/12148/cb13318456z";"Null"
"http://data.bnf.fr/ark:/12148/cb40275412k";"B Fede XXXX 40 : [estampe]";"1465";"[Ferrare ?]";"[s.n.]";"1465";"1 est. sur papier vergé : burin, manière fine, n. et b.  ; 18 x 10 cm (élt d'impr.)";"http://data.bnf.fr/ark:/12148/cb11934575q";"Null"
"http://data.bnf.fr/ark:/12148/cb40275401x";"C Philosofia XXVIII : [estampe]";"1465";"[Ferrare ?]";"[s.n.]";"1465";"1 est. sur papier vergé : burin, manière fine, n. et b.  ; 18 x 10 cm (élt d'impr.)";"http://data.bnf.fr/ark:/12148/cb119368422";"Null"
"http://data.bnf.fr/ark:/12148/cb402754206";"A Octova spera XXXXVIII 48 : [estampe]";"1465";"[Ferrare ?]";"[s.n.]";"1465";"1 est. sur papier vergé : burin, manière fine, n. et b.  ; 18 x 10 cm (élt d'impr.)";"http://data.bnf.fr/ark:/12148/cb123747698";"Null"
"http://data.bnf.fr/ark:/12148/cb402754070";"B Prudencia XXXV 35 : [estampe]";"1465";"[Ferrare ?]";"[s.n.]";"1465";"1 est. sur papier vergé : burin, manière fine, n. et b.  ; 18 x 10 cm (élt d'impr.)";"http://data.bnf.fr/ark:/12148/cb11968687k";"Null"
"http://data.bnf.fr/ark:/12148/cb40275386v";"D Terpsicore XIII 13 : [estampe]";"1465";"[Ferrare ?]";"[s.n.]";"1465";"1 est. sur papier vergé : burin, manière fine, n. et b.  ; 18 x 10 cm (élt d'impr.)";"http://data.bnf.fr/ark:/12148/cb15068951d";"Null"
"http://data.bnf.fr/ark:/12148/cb40275398v";"C Aritmetricha XXV 25 : [estampe]";"1465";"[Ferrare ?]";"[s.n.]";"1465";"1 est. sur papier vergé : burin, manière fine, n. et b.  ; 18 x 10 cm (élt d'impr.)";"http://data.bnf.fr/ark:/12148/cb11930953j";"Null"
"http://data.bnf.fr/ark:/12148/cc5056r";"Al-Muʿrib ʿan baʿḍ ʿağā'ib al-Maġrib";"1465";"Null";"Null";"Null";"22 f. 2 f. de garde numérotés A-B";"Null";"Null"
"http://data.bnf.fr/ark:/12148/cc8465k";"Ṭwr (Ywreh deʿah)";"1465";"Null";"Null";"Null";"179 f.";"Null";"http://gallica.bnf.fr/ark:/12148/btv1b10720438j"
"http://data.bnf.fr/ark:/12148/cb33810262g";"(Édit du Roi portant) révocation des nouveaux secrétaires du Roy qui exerçoient par commission pendant les troubles et la réduction de l'ancien collège, au nombre de soixante secrétaires à gages et à bourses...";"1465";"(S. l. n. d.)";"Null";"1465";"In-4°, 8 p.";"Null";"Null"
"http://data.bnf.fr/ark:/12148/cb338102645";"Lettres patentes... par lesquelles le Roy supprime, en faveur des bourgeois et habitans de Paris, le sol pour livre sur plusieurs espèces de marchandises, excepté le vin, le bestial à pied fourché, le poisson de mer et le bois...";"1465";"(S. l.)";"Null";"1465";"In-4°, 3 p.";"Null";"Null"
"http://data.bnf.fr/ark:/12148/cb33810265h";"(Lettres confirmant les) privilèges des bourgeois de Paris";"1465";"(S. l. n. d.)";"Null";"1465";"In-fol., 2 ff.";"Null";"Null"
"http://data.bnf.fr/ark:/12148/cb338102614";"Déclaration du Roy concernant la justice et authorité de la Chambre des comptes et défense d'appeler de ses arrests";"1465";"(S. l.)";"Null";"1465";"In-4°, 4 p.";"Null";"Null"
"http://data.bnf.fr/ark:/12148/cb35879019g";"Child and family services act, 1975 8";"1465";"Washington";"Government printing office";"1465";"Null";"Null";"Null"
