id;title;date;place;publisher;firstyear;description;subject;gallica
"http://data.bnf.fr/ark:/12148/cb33810117c";"(Mandement du Roi enjoignant au Parlement de juger le procès pendant devant lui entre les chanoines de la Sainte-Chapelle, demandeurs, et les trésorier, chapelains et clercs de ladite Sainte-Chapelle, défendeurs, sans avoir égard aux lettres du 3 décembre 1409, obtenues par lesdits défendeurs.)";"1410";"(S. l. n. d.)";"Null";"1410";"In-fol., 3 p.";"Null";"Null"
"http://data.bnf.fr/ark:/12148/cb33810121m";"Lettres portant que les correcteurs (de la Chambre des comptes de Paris) rentreront en leurs offices de conseillers clercs, en cas de suppression";"1410";"(S. l. n. d.)";"Null";"1410";"In-4°, 4 p.";"Null";"Null"
"http://data.bnf.fr/ark:/12148/cb33810122z";"Lettres portant exemption de ban et arrière-ban en faveur des officiers de la Chambre des comptes de Paris";"1410";"(S. l. n. d.)";"Null";"1410";"In-4°, 2 p.";"Null";"Null"
"http://data.bnf.fr/ark:/12148/cb338101239";"Statutum seu ordinatio regis Caroli VI de thesauraria (Sacrosanctae Capellae) non conferenda alteri quam sacerdoti";"1410";"(S. l. n. d.)";"Null";"1410";"In-fol., 3 p.";"Null";"Null"
"http://data.bnf.fr/ark:/12148/cb338101208";"Lettres en forme d'édit portant création des correcteurs en la Chambre des comptes de Paris";"1410";"(S. l. n. d.)";"Null";"1410";"In-4°, 4 p.";"Null";"Null"