id;title;date;place;publisher;firstyear;description;subject;gallica
"http://data.bnf.fr/ark:/12148/cb40706288x";"Vray pourtraict de la Ville d'Orléans comme elle estoit lors du siège des Anglois en l'an 1428. Dédié à M. Henry de Longuève, conseiller d'état, député du Loiret";"1428";"[S.l.]";"[s.n.]";"1428";"1 flle : 38 x 27 cm";"Null";"http://gallica.bnf.fr/ark:/12148/btv1b8444372x"
"http://data.bnf.fr/ark:/12148/cb40706287k";"Plan de la ville et du siège d'Orléans en 1428. Jollois restituit";"1428";"Paris";"imp. de Knecht et Roissy";"1428";"1 flle : 60 x 44 cm";"Null";"http://gallica.bnf.fr/ark:/12148/btv1b8442118t"
"http://data.bnf.fr/ark:/12148/cb43250425q";"A Sunday promenade, pour orchestre, avec piano conducteur";"1428";"Paris";"E. Gaudet, éditeur";"1428";"Null";"Null";"Null"
"http://data.bnf.fr/ark:/12148/cb450949087";"Ordonnances portant reglement pour les orfévres et merciers de la ville de Paris, touchant  les ceintures  et autres ouvrages d'orfèvrerie";"1428";"Paris";"Sébastien Cramoisy";"1428";"Null";"Null";"Null"
"http://data.bnf.fr/ark:/12148/cc8429q";"Ṭwr (ʾwraḥ hayyim)";"1428";"Null";"Null";"Null";"301 f.";"Null";"http://gallica.bnf.fr/ark:/12148/btv1b10720560k"
"http://data.bnf.fr/ark:/12148/cc8392b";"Le ivre de la Table";"1428";"Null";"Null";"Null";"215 f.";"Null";"http://gallica.bnf.fr/ark:/12148/btv1b10720073f"
