id;title;date;place;publisher;firstyear;description;subject;gallica
"http://data.bnf.fr/ark:/12148/cb33733825w";"Sentence du Prevôt de Paris pour le règlement des pierreries";"1387";"(S. l. n. d.)";"Null";"1387";"4°";"Null";"Null"
"http://data.bnf.fr/ark:/12148/cb33733824j";"Sentence du prévôt de Paris pour le règlement des pierreries...";"1387";"(S. l. n. d.)";"Null";"1387";"In-4°";"Null";"Null"
"http://data.bnf.fr/ark:/12148/cb337338236";"Sentence du prévôt de Paris pour le règlement des pierreries";"1387";"(S. l. n. d.)";"Null";"1387";"In-4°";"Null";"Null"
"http://data.bnf.fr/ark:/12148/cb33810073k";"Ordonnance portant qu'il ne sera passé aucuns dons en la dépense du maistre de la chambre du Roy, si ce n'est pour la maison de Sa Majesté";"1387";"(S. l. n. d.)";"Null";"1387";"In-4°, 2 p.";"Null";"Null"
"http://data.bnf.fr/ark:/12148/cb33810074x";"Ordonnance portant que les fiefz et aumosnes seront payez avant toutes autres assignations sur le Trésor";"1387";"(S. l. n. d.)";"Null";"1387";"In-4°, 2 p.";"Null";"Null"
"http://data.bnf.fr/ark:/12148/cb338100727";"Ordonnance portant règlement pour les privilèges des officiers commençaux de Sa Majesté, et que ceux de ses domestiques, qui ne sont retenus à gages, soient privez desdits privilèges";"1387";"(S. l. n. d.)";"Null";"1387";"In-4°, 3 p.";"Null";"Null"
"http://data.bnf.fr/ark:/12148/cb35335452r";"Sahîh-i Muslim ve tercemesi... 2";"1387";"Istanbul";"İrfan yayinevi; A. Sait matbaasi";"1387";"503 p";"Null";"Null"
"http://data.bnf.fr/ark:/12148/cb353354533";"Sahîh-i Muslim ve tercemesi... 3";"1387";"Istanbul";"İrfan yayinevi; A. Sait matbaasi";"1387";"414 p";"Null";"Null"
"http://data.bnf.fr/ark:/12148/cb35874774b";"The Nation's rural elderly 17";"1387";"Washington";"Government printing office";"1387";"Null";"Null";"Null"
