id;title;date;place;publisher;firstyear;description;subject;gallica
"http://data.bnf.fr/ark:/12148/cb42923872h";"Dancing the viennese (Dansant la viennoise). Words and music by Sam Coslow. Paroles françaises de Louis Hennevé et L. Palex. Featured in the Paramount picture All the king's horses. Chant et piano";"1395";"Paris";"Chappell";"1395";"Null";"Null";"Null"
"http://data.bnf.fr/ark:/12148/cc8097z";"Recueil de textes halachiques";"1395";"Null";"Null";"Null";"Null";"Null";"http://gallica.bnf.fr/ark:/12148/btv1b107212975"
"http://data.bnf.fr/ark:/12148/cb33810083w";"Ordonnance portant que tous les comptes du domaine et aydes seront jugez et affinez, sans que les trésoriers et généraux soient présens";"1395";"(S. l. n. d.)";"Null";"1395";"In-4°, 2 p.";"Null";"Null"
"http://data.bnf.fr/ark:/12148/cb33849759r";"Règlement de la Chambre des comptes concernant la recette et dépense de l'argenterie du Roy";"1395";"(S. l. n. d.)";"Null";"1395";"In-4°, 4 p.";"Null";"Null"
