id;title;date;place;publisher;firstyear;description;subject;gallica
"http://data.bnf.fr/ark:/12148/cb33802355r";"Statuts de la Chapelle, ou église de Saint Jacques de l'Hôpital aux Pelerins, faits par le révérend Pere en Dieu, Messire Pierre Evêque de Paris, l'an 1388, le 10e jour de Décembre";"1388";"(S. l. n. d.)";"Null";"1388";"In-4°. Pièce";"Null";"Null"
"http://data.bnf.fr/ark:/12148/cb33810076m";"Ordonnance portant réduction du nombre des officiers de la Chambre des comptes, des trésoriers de France, etc.";"1388";"(S. l. n. d.)";"Null";"1388";"In-4°, 5 p.";"Null";"Null"
"http://data.bnf.fr/ark:/12148/cb338100758";"(Lettres patentes de Charles VI confirmant l'acte de fondation par son père de la Sainte Chapelle du bois de Vincennes, en date du mois de novembre 1379, et portant assignation définitive de bien pour l'entretien du chapitre.)";"1388";"(S. l. n. d.)";"Null";"1388";"In-fol., 11 p.";"Null";"Null"
"http://data.bnf.fr/ark:/12148/cb35335454f";"Sahîh-i Muslim ve tercemesi... 4";"1388";"Istanbul";"İrfan yayinevi; A. Sait matbaasi";"1388";"499 p";"Null";"Null"
"http://data.bnf.fr/ark:/12148/cb35335455s";"Sahîh-i Muslim ve tercemesi... 5";"1388";"Istanbul";"İrfan yayinevi; A. Sait matbaasi";"1388";"517 p";"Null";"Null"
