id;title;date;place;publisher;firstyear;description;subject;gallica
"http://data.bnf.fr/ark:/12148/cb30007626d";"Sermones notabiles Alberti Magni de tempore et de sanctis";"1475";"[Köln";"Ulrich Zell";"1475";"Null";"Null";"Null"
"http://data.bnf.fr/ark:/12148/cb30007537s";"Secreta mulierum ac virorum, ab Alberto Magno composita";"1475";"[Köln]";"[Nicolaus Goetz]";"1475";"Car. goth. 46 ff.";"Null";"http://gallica.bnf.fr/ark:/12148/bpt6k131670f"
"http://data.bnf.fr/ark:/12148/cb30007474q";"De Patientia beati Job. Trad. Lelius Tifernas";"1475";"[Esslingen";"Konrad Fyner";"1475";"Null";"Null";"Null"
"http://data.bnf.fr/ark:/12148/cb30009873z";"Opus Alexandri de Ales super tertium Sententiarum";"1475";"Venetiis";"impensis Johannis de Colonia sociique ejus Johannis Manthen";"1475";"In-fol. (Pellechet, 433.)";"Null";"Null"
"http://data.bnf.fr/ark:/12148/cb30009928d";"Dn. Justiniani Institutionum libri, per Carolum de Alexandris de Perusio correcti";"1475";"Roma";"Ulrich Han";"1475";"Null";"Null";"Null"
"http://data.bnf.fr/ark:/12148/cb300140445";"Fortalitium fidei contra fidei christianae hostes, auctore Alphonso de Spina";"1475";"[Basel";"Bernhard Richel";"1475";"Null";"Null";"Null"
"http://data.bnf.fr/ark:/12148/cb30019520r";"Tractatus de quaestionibus et tormentis";"1475";"Parisiis";"Null";"1475";"In-4° . (Pellechet, 1750.)";"Null";"Null"
"http://data.bnf.fr/ark:/12148/cb30019904m";"Quaestiones Antonii Andreae de tribus principiis rerum naturalium, cum sancti Thomae de Aquino tractatu de Ente et essentia, emendatae a Thoma Pinchet";"1475";"Paduae";"impr. per Laurentium de Lendenaria";"1475";"In-fol. (Pellechet, 634.)";"Null";"Null"
"http://data.bnf.fr/ark:/12148/cb30019546f";"Summula Joannis Andreae de sponsalibus et matrimoniis, sive Summa super quarto Decretalium";"1475";"(Basileae";"per Martinum Flach,)";"1475";"In-fol. (Pellechet, 662.)";"Null";"Null"
"http://data.bnf.fr/ark:/12148/cb30019525g";"Additiones Johannis Andreae ad Speculum judiciale Guillelmi Duranti";"1475";"[Strasbourg";"Georg Husner";"1475";"Null";"Null";"Null"
"http://data.bnf.fr/ark:/12148/cb30019583n";"Metamorphoseon libri XV";"1475";"(Lovanii";"Null";"1475";"In-fol. (Campbell, 1347.)";"Null";"Null"
"http://data.bnf.fr/ark:/12148/cb300195782";"Opera latine";"1475";"Romae";"Null";"1475";"In-fol. (Hain, *8470.)";"Null";"Null"
"http://data.bnf.fr/ark:/12148/cb30019567d";"Joannis Andreae quaestiones mercuriales super regulis juris";"1475";"(Argentorati, H. Eggesteyn.)";"Null";"1475";"In-fol. (Pellechet, 652.)";"Null";"Null"
"http://data.bnf.fr/ark:/12148/cb30023097q";"S. Antonini confessionale, et S. Joannis Chrysostomi sermo de poenitentia";"1475";"[Mainz";"Peter Schöffer";"1475";"Null";"Null";"Null"
"http://data.bnf.fr/ark:/12148/cb30023114g";"Confessionale volgare di frate Antonino, arcivescovo di Firenze, intitolato Medicina dell'anima, ovvero Curam illius habe";"1475";"Mantuae";"(P. de Putzbach)";"1475";"In-4° . (Pellechet, 862.)";"Null";"Null"
"http://data.bnf.fr/ark:/12148/cb300231134";"Confessionale volgare di frate Antonino, arcivescovo di Firenze, intitolato Medicina dell'anima, ovvero Curam illius habe";"1475";"Bononiae";"Null";"1475";"In-4° . (Pellechet, 861.)";"Null";"Null"
"http://data.bnf.fr/ark:/12148/cb30027622f";"Physicorum libri VIII";"1475";"[Louvain";"Conradus Braem";"1475";"68 ff.";"Null";"Null"
"http://data.bnf.fr/ark:/12148/cb300273369";"Analytica priora Aristotelis, latine";"1475";"(Lovanii,)";"per Conradum Braem";"1475";"In-fol. (Pellechet, 1182.)";"Null";"Null"
"http://data.bnf.fr/ark:/12148/cb30027413x";"Ethica Aristotelis ad Eudemium, a Leonardo Aretino in latinum translata";"1475";"Lovanii";"per J. de Westphalia";"1475";"In-fol. (Pellechet, 1242.)";"Null";"Null"
"http://data.bnf.fr/ark:/12148/cb30027410w";"Aristotelis Ethica, Politica, Oeconomica, Leonardo Aretino interprete";"1475";"Argentinae";"per J. Mentelin";"1475";"In-fol. (Pellechet, 1238.)";"Null";"Null"
"http://data.bnf.fr/ark:/12148/cb30027769c";"Aristotelis Problemata, Theodoro Gaza interprete, cum praefatione Nicolai Gupalatini";"1475";"Romae";"impr. per J. Reynhardt de Eningen";"1475";"In-4° . (Pellechet, 1218.)";"Null";"Null"
"http://data.bnf.fr/ark:/12148/cb300278805";"Secreta secretorum Aristotelis";"1475";"[Köln";"Arnold Therhoernen";"1475";"[72] ff. non signés [a-i]8";"Null";"Null"
"http://data.bnf.fr/ark:/12148/cb300294153";"Tractatus magistri Arnaldi de Villa Nova de arte cognoscendi venena. Tractatus de epidimia et peste domini Valasci de Tarenta";"1475";"[Roma";"Bartholomaeus Guldinbeck ou Windelinus de Wila. - ante 30 VIII 1475]";"1475";"Null";"http://data.bnf.fr/ark:/12148/cb119329264";"Null"
"http://data.bnf.fr/ark:/12148/cb30039062q";"Transito di sancto Hieronimo...";"1475";"(Venetiis,)";"Null";"1475";"In-4° . (Hain-Copinger, 8639.)";"Null";"Null"
"http://data.bnf.fr/ark:/12148/cb30039422k";"Divi Aurelii Angustini de Vanitatibus saeculi. De Vita christiana";"1475";"(Esslingae";"C. Fyner";"1475";"In-4° . (Pellechet, 1590.)";"Null";"Null"
"http://data.bnf.fr/ark:/12148/cb300388395";"Divi Aurelii Augustini de Civitate Dei";"1475";"Venetiis";"Gabriel Petri de Tarvisio";"1475";"In-fol. (Pellechet, 1551.)";"Null";"Null"
"http://data.bnf.fr/ark:/12148/cb30038838t";"Divi Aurelii Augustini de Civitate Dei";"1475";"Venetiis";"Nicolaus Jenson";"1475";"In-fol. (Pellechet, 1550.)";"Null";"Null"
"http://data.bnf.fr/ark:/12148/cb300391113";"Homiliae Divi Augustini, seu liber qui vocatur Quinquaginta";"1475";"Augustae Vindelicorum";"per A. Sorg";"1475";"In-fol. (Pellechet, 1498.)";"Null";"Null"
"http://data.bnf.fr/ark:/12148/cb30038883n";"D. Aurelii Augustini Confessionum libri XIII";"1475";"Mediolani";"Johannes Bonus";"1475";"In-4° . (Pellechet, 1537.)";"Null";"Null"
"http://data.bnf.fr/ark:/12148/cb30040149t";"Suetonius Tranquillus, vel potius Aurelius Victor. De praeclare gestis Romanorum. De Viris illustribus Romae. Petrus Melleus edidit";"1475";"[Milano";"Filippo da Lavagna";"1475";"Null";"Null";"Null"
"http://data.bnf.fr/ark:/12148/cb30040446m";"Opusculum in Pythagorae aureos versus";"1475";"Romae";"Null";"1475";"In-4° . (Hain, 8546.)";"Null";"Null"
"http://data.bnf.fr/ark:/12148/cb30041951t";"Canonis libri V Avicennae, in latinum translati a Gerardo Cremonensi";"1475";"(S. l.)";"Null";"1475";"In-fol. (Pellechet, 1657.)";"Null";"Null"
"http://data.bnf.fr/ark:/12148/cb300518732";"Libellus recollectorius auctoritatum de veritate conceptionis beatae Virginis Mariae, auctore Vincentio Bandello";"1475";"Mediolani";"per C. Valdarfer";"1475";"In-4° . (Pellechet, 1755.)";"Null";"Null"
"http://data.bnf.fr/ark:/12148/cb30063151h";"Processus Satanae contra D. Virginem coram judice Jesu, compositus a Bartolo de Saxoferrato";"1475";"Romae";"per B. Guldinbeck";"1475";"In-4° . (Pellechet, 1963.)";"Null";"Null"
"http://data.bnf.fr/ark:/12148/cb30063158x";"Tractatus de quaestionibus";"1475";"Parisiis";"Null";"1475";"In-4° . (Pellechet, 1750.)";"Null";"Null"
"http://data.bnf.fr/ark:/12148/cb300764967";"Historia ecclesiastica gentis Anglorum Bedae Venerabilis";"1475";"[Strasbourg";"Heinrich Eggestein";"1475";"Null";"Null";"Null"
"http://data.bnf.fr/ark:/12148/cb300801218";"Tractatus permutationum beneficiorum ecclesiasticorum domini Egidii de Bellamere";"1475";"(Lovanii";"per Johannem de Westphalia";"1475";"In-fol. (Pellechet, 2026.)";"Null";"Null"
"http://data.bnf.fr/ark:/12148/cb30084957f";"Libellus de valetudine conservanda, auctore Benedicto de Nursia, cum Johannis Philippi de Lignamine epistola ad S. D. N. Sixtum Quartum, Pontificem maximum";"1475";"Roma";"Giovanni Filippo La Legname";"1475";"Null";"Null";"Null"
"http://data.bnf.fr/ark:/12148/cb30090016m";"Sermo S. Bernardi de Humana miseria";"1475";"[Burgdorf";"imprimeur de Jacobus de Jüterbog, De Apparitiones animarum (H 9349)";"1475";"[8] ff. non signés";"Null";"Null"
"http://data.bnf.fr/ark:/12148/cb30089997w";"Sermones S. Bernardi de tempore et de sanctis";"1475";"Mainz";"Peter Schöffer";"1475";"Null";"Null";"Null"
"http://data.bnf.fr/ark:/12148/cb300916302";"Sancti Bernardini de Senis sermo de Virgine Maria";"1475";"(Coloniae";"U. Zell";"1475";"In-4° . (Pellechet, 2082.)";"Null";"Null"
"http://data.bnf.fr/ark:/12148/cb301169449";"La Teseide";"1475";"Ferrariae";"A. Carnerius";"1475";"[326] p.";"Null";"http://gallica.bnf.fr/ark:/12148/bpt6k70419x"
"http://data.bnf.fr/ark:/12148/cb30123385q";"Determinatio Dominici Bollani beatam Virginem ab originali culpa esse praeservatam";"1475";"[Strasbourg";"imprimeur à l’R (= Adolf Rusch ?)";"1475";"Null";"Null";"Null"
"http://data.bnf.fr/ark:/12148/cb301265014";"Liber sextus Decretalium. - (Q)uia preposterus est ordo... Incipit liber sextus decretalium Bonifacii pape octavi... - A la fin : Sextus liber decretalium haud modica diligentia correctus. Parisius impressus per Martinum, Udalricum et Michaelem finit feliciter. Anno M CCCC LXXV, die X aprilis";"1475";"Paris";"Null";"1475";"In-fol., car. goth., 2 col., commentaire encadrant le texte, sans sign. ni fol.";"Null";"http://gallica.bnf.fr/ark:/12148/btv1b86042593"
"http://data.bnf.fr/ark:/12148/cb301364899";"Casus longi super quinque libros Decretalium, a domino Bernardo (Bottoni), earumdem precipuo glossatore, utiliter compilati";"1475";"Parisius";"per P. Cesaris et J. Stoll";"1475";"In-fol. (Pellechet, 2193.)";"Null";"Null"
"http://data.bnf.fr/ark:/12148/cb30176395s";"Elegantiarum compendium";"1475";"Mediolani";"Null";"1475";"In-4° . (Hain, *63.)";"Null";"Null"
"http://data.bnf.fr/ark:/12148/cb30176392r";"Metamorphoseon libri";"1475";"Mediolani";"Null";"1475";"In-fol. (Hain, 12157.)";"Null";"Null"
"http://data.bnf.fr/ark:/12148/cb30183739w";"Dialogus miraculorum Caesarii, Cisterciensis monachi in Heysterbacho";"1475";"Köln";"Ulrich Zell";"1475";"Null";"Null";"Null"
"http://data.bnf.fr/ark:/12148/cb30186064w";"Silvarum libri V";"1475";"Romae";"A. Pannartez";"1475";"170 ff.";"Null";"http://gallica.bnf.fr/ark:/12148/bpt6k703843"
"http://data.bnf.fr/ark:/12148/cb30195009q";"Roberti Caraccioli de Licio sermones per Adventum et de festivitatibus a Nativitate usque ad Epiphaniam cum ejusdem tractatu de divina caritate";"1475";"Null";"Null";"1475";"In-fol. (Hain-Copinger, *4470.)";"Null";"Null"
"http://data.bnf.fr/ark:/12148/cb301949941";"Roberti Caraccioli De licio opus quadragesimale quod de penitentia dictum est";"1475";"(Bâle)";"Null";"1475";"In-fol. (Hain, *4422.)";"Null";"Null"
"http://data.bnf.fr/ark:/12148/cb30194989f";"Roberti Caraccioli de Licio opus quadragesimale quod de penitentia dictum est";"1475";"Basileae";"per Bernhardum Richel, cum Michaele Wensel";"1475";"In-fol. (Hain, *4432.)";"Null";"Null"
"http://data.bnf.fr/ark:/12148/cb30206651q";"Catonis Disticha de moribus ad filium, cum commentario Philippi Bergomensis";"1475";"Augustae Vindelicorum";"A. Sorg";"1475";"In-fol. (Pellechet, 3429.)";"Null";"Null"
"http://data.bnf.fr/ark:/12148/cb302087206";"Dialogo di sam Gregorio";"1475";"Venezia. - 20 IV 1475";"[Filippo di Pietro]";"1475";"[115] ff. non signés [a]-[i]8, [k] 8-1 (-k 10), [l]-[o]8, [p]4";"Null";"Null"
"http://data.bnf.fr/ark:/12148/cb30212114c";"Bartholomei Cepole, Veronensis. Libellus de contractibus emptionum et locationum cum pacto de retrovendendo simulatis";"1475";"[Milano";"Christoph Valdarfer";"1475";"[28] ff.";"Null";"Null"
"http://data.bnf.fr/ark:/12148/cb302121162";"Tractatus de servitutibus urbanorum prediorum Bartholomei Cepollae";"1475";"Romae";"Null";"1475";"In-fol. (Hain, *4852.)";"Null";"Null"
"http://data.bnf.fr/ark:/12148/cb30212105d";"Tractatus cautelarum Bartholomaei Cepollae";"1475";"Mediolani";"C. Valdarfer";"1475";"In-fol. (Pellechet, 3477.)";"Null";"Null"
"http://data.bnf.fr/ark:/12148/cb30212117d";"Tractatus servitutum rusticorum praediorum Bartholomei Cepollae";"1475";"Mediolani";"Null";"1475";"In-fol. (Pellechet, 3494-3495.)";"Null";"Null"
"http://data.bnf.fr/ark:/12148/cb30216076m";"Bartholomaei de Chaimis Interrogatorium, sive Confessionale";"1475";"(Basileae";"M. Flach.)";"1475";"In-fol. (Pellechet, 1855.)";"Null";"Null"
"http://data.bnf.fr/ark:/12148/cb30241670m";"Cosmographia...";"1475";"Vicentiae";"Null";"1475";"In-fol. (Hain, * 13536.)";"Null";"Null"
"http://data.bnf.fr/ark:/12148/cb302431414";"M. Tullii Ciceronis Rhetoricae veteris sive de inventione libri. Edidit Omnibonus Leonicenus";"1475";"(Venetiis";"per Philippum quondam Petri,)";"1475";"In-fol. (Pellechet, 3647.)";"Null";"Null"
"http://data.bnf.fr/ark:/12148/cb302429622";"Marci Tullii Ciceronis Epistolarum familiarium liber primus (-XVI). - A la fin : Mediolani anno M CCCC LXXV duo decimo kalendas octobres, duce Galeacio Maria gloriosissimo, hoc opus diligenter emendatum non negligenter impressit Antonius Zarotthus Parmensis, artifex eximius";"1475";"Mediolani";"Null";"1475";"In-fol., 145 ff., car. rom.";"Null";"Null"
"http://data.bnf.fr/ark:/12148/cb30242963d";"M. T. Ciceronis Epistolae ad familiares";"1475";"Venetiis";"Null";"1475";"In-fol. (Pellechet, 3597.)";"Null";"Null"
"http://data.bnf.fr/ark:/12148/cb30242964r";"M. T. Ciceronis Epistolae ad familiares";"1475";"Venetiis";"impr. a N. Jenson";"1475";"In-4° . (Pellechet, 3598.)";"Null";"Null"
"http://data.bnf.fr/ark:/12148/cb302440026";"De Conjuratione Catilinae et de Bello Jugurthino";"1475";"(S. l.,)";"Null";"1475";"In-fol.";"Null";"Null"
"http://data.bnf.fr/ark:/12148/cb30244455w";"M. Tullii Ciceronis ad Herennium Rhetoricorum novorum libri";"1475";"[Venezia ?";"imprimeur du Datus (GW 8038)";"1475";"Null";"Null";"Null"
"http://data.bnf.fr/ark:/12148/cb30243453z";"M. Tullii Ciceronis Orationes";"1475";"[Bologna";"imprimeur de Barbatia, Johannina (GW 3379)";"1475";"In-fol. (Pellechet, 3686.)";"Null";"Null"
"http://data.bnf.fr/ark:/12148/cb30244454j";"M. Tullii Ciceronis Rhetorica ad Herennium";"1475";"[Milano ?";"imprimeur de Cicero, Rhetorica (GW 6715)";"1475";"Null";"Null";"Null"
"http://data.bnf.fr/ark:/12148/cb30264487x";"Repertorium vocabulorum exquisitorum oratorie, poesis et historiarum, editum a magistro Conrado, Turicensis ecclesiae cantore";"1475";"Basel";"Berthold Ruppel";"1475";"Null";"Null";"Null"
"http://data.bnf.fr/ark:/12148/cb30264535z";"Concordantiae Bibliorum, a fratre Conrado de Alemannia confectae";"1475";"(Argentorati";"Null";"1475";"In-fol. (Hain, *5629.)";"Null";"Null"
"http://data.bnf.fr/ark:/12148/cb30293893b";"Speculum sapientie beati Cirilli episcopi alias quadripartitus apologeticus...";"1475";"[Basel";"Michael Wenssler";"1475";"Null";"Null";"Null"
"http://data.bnf.fr/ark:/12148/cb303021072";"Augustini Dati isagogicus libellus in eloquentiae praecepta ad Andream Christophori filium";"1475";"Mediolani";"per Ph. de Lavagnia";"1475";"In-4° . (Hain, *5989.)";"Null";"Null"
"http://data.bnf.fr/ark:/12148/cb30307944p";"Candidus, de Genitura hominis. ('Au bas de la dernière page' :) Angelus Typhernas colendo patri D. Petro de // Nigionibus, nobili januensi ac sancti Gregorii mona//sterii dignissimo abbati, salutem";"1475";"[Roma";"Bartholomaeus Guldinbeck";"1475";"[8] ff.";"http://data.bnf.fr/ark:/12148/cb11942202d";"Null"
"http://data.bnf.fr/ark:/12148/cb30343794j";"Vitae et sententiae philosophorum, Diogene Laertio auctore, opus editum ab Elio Francisco Marchisio";"1475";"(Romae";"Null";"1475";"In-fol. (Pellechet, 4274. Hain, 6196.)";"Null";"Null"
"http://data.bnf.fr/ark:/12148/cb30343795w";"Vitae et sententiae philosophorum, Diogene Laertie auctore, opus editum a Benedicto Brognolo, Ambrosio Camaldulensi interprete";"1475";"Venetiis";"per N. Jenson";"1475";"In-fol. (Pellechet, 4275. Hain, 6199.)";"Null";"Null"
"http://data.bnf.fr/ark:/12148/cb303471418";"S. Gregorii magni Moralia in Job";"1475";"Roma";"apud Sanctum Marcum (= Vitus Puecher)";"1475";"[366] ff. non signés [a]12, [b]8, [c]-[d]10, [e]8, [f]10, [g]-[h]8, [i]-[k]10, [l]8, [m]10, [n]-[o]8, [p]-[q]10, [r]8, [s]-[t]10, [v]8, [x]-[z]10, [A]-[B]10, [C]8, [D]10, [E]8, [F]-[K]10, [L]8, [M]-[P]10, [Q]8, le f. [Q]8 blanc";"Null";"Null"
"http://data.bnf.fr/ark:/12148/cb303848012";"Guilelmi Durandi Rationale divinorum officiorum";"1475";"Paris";"Ulrich Gering, Martin Crantz et Michæl Friburger";"1475";"Null";"Null";"http://gallica.bnf.fr/ark:/12148/btv1b86042615"
"http://data.bnf.fr/ark:/12148/cb303848461";"Guilelmi Durandi Repertorium aureum super toto corpore juris canonici";"1475";"[Köln";"Ulrich Zell";"1475";"Null";"Null";"Null"
"http://data.bnf.fr/ark:/12148/cb30384800q";"Guilelmi Durandi Rationale divinorum officiorum";"1475";"Ulm";"Johann Zainer";"1475";"Ill.";"Null";"Null"
"http://data.bnf.fr/ark:/12148/cb30384818s";"Guilelmi Durandi Rationale divinorum officiorum";"1475";"[Köln";"Ulrich Zell";"1475";"Null";"Null";"Null"
"http://data.bnf.fr/ark:/12148/cb304053859";"Andreae de Escobar Modus confitendi";"1475";"[Roma";"Ulrich Han";"1475";"Null";"Null";"Null"
"http://data.bnf.fr/ark:/12148/cb30406048h";"Esopi moralitas, de greco in latinum traducta";"1475";"Romae";"[s.n.]";"1475";"[Ca 40] p.";"Null";"http://gallica.bnf.fr/ark:/12148/bpt6k70109s"
"http://data.bnf.fr/ark:/12148/cb30410477z";"Opuscula varia...";"1475";"Mediolani";"Null";"1475";"In-4° . (Hain-Copinger, 8588.)";"Null";"Null"
"http://data.bnf.fr/ark:/12148/cb304105537";"Historia ecclesiastica";"1475";"[Strasbourg";"Heinrich Eggestein";"1475";"Null";"Null";"Null"
"http://data.bnf.fr/ark:/12148/cb304118988";"Margarita poetica, opus clarissimum feliciter incipit Albertus de Eyb,...";"1475";"Roma";"Ulrich Han";"1475";"[324] ff. non signés [a]10, [b]8, [c-g]10, [h]8, [i-m]10, [n]6, [o]8, [p-z]10, [A]12, [B-I]10, [K]12, les ff. [a]1 et [c]1 blancs";"Null";"Null"
"http://data.bnf.fr/ark:/12148/cb304212964";"Johannis Fabri Breviarium super Codicem";"1475";"Lovanii";"Null";"1475";"In-fol. (Pellechet, 4712.)";"Null";"Null"
"http://data.bnf.fr/ark:/12148/cb30427305q";"Lucii Fenestellae de Romanorum magistratibus liber";"1475";"[Venezia";"Filippo di Pietro";"1475";"Null";"Null";"Null"
"http://data.bnf.fr/ark:/12148/cb30432103g";"Pompei Festi Collectanea priscorum verborum";"1475";"Romae";"J. Reynhard";"1475";"In-fol. (Pellechet, 4782.)";"Null";"Null"
"http://data.bnf.fr/ark:/12148/cb304342842";"M. Ficino. Della cristiana religione";"1475";"Firenze";"Nicolò di Lorenzo";"1475";"Null";"Null";"Null"
"http://data.bnf.fr/ark:/12148/cb30435510k";"Consolatio Francisci Philelphi ad Jacobum Antonium Marcellum de obitu Valerii filii";"1475";"[Milano";"Filippo da Lavagna]";"1475";"Null";"Null";"Null"
"http://data.bnf.fr/ark:/12148/cb30439185b";"Defensorium curatorum contra eos qui privilegiatos se dicunt. In nomine Patris et Filii et Spiritus Sancti. Amen. Incipit propositio Ricardi [Fitzralph], archiepiscopi armachani,... super materia mendicitatis... - A la fin : Nolite judicare secundum faciem, sed justum judicium judicate. Deo gratias";"1475";"(Louvain";"Null";"1475";"In-4° , car. goth., 34 ff. n. c., sign. a-e, 30 l.";"Null";"Null"
"http://data.bnf.fr/ark:/12148/cb30444408q";"Lucii Annaei Flori Epitome rerum romanarum";"1475";"(S. l.,)";"Null";"1475";"In-fol. (Pellechet, 4859.)";"Null";"Null"
"http://data.bnf.fr/ark:/12148/cb304975887";"Georgii Trapezuntii Commentarii in Ciceronis Philippicas";"1475";"Venezia";"[Filippo di Pietro";"1475";"[30] ff. non signés [a-c8, d6]";"Null";"Null"
"http://data.bnf.fr/ark:/12148/cb305014477";"Collectorium Johannis Gerson super Magnificat";"1475";"[Köln]";"N[icolaus] G[oetz]";"1475";"[162] ff. non signés [a-p]10, [q]12";"Null";"Null"
"http://data.bnf.fr/ark:/12148/cb30501440t";"Opuscula diversa Johannis Gerson. [Tractatus de potestate ecclesiastica. Resolutiones quorundam dubiorum. Dyalogus inter Sophiam et Naturam. Questio theologica utrum aurora mane rutilans solem ediderit. Tractatus de verbo et hymno gloriae. Quedam lectiones super Marcum. Sermones. Tres tractatus super scismate. Instructio in morum reformatione. Tractatus super Cantica canticorum... Quedam carmina super epytalamia. Testamentum peregrini. Epitaphium Joh. Gerson. Responsio super quatuor questionibus. Apologetica ad quemdam monachum. Epistola de religionis perfectione. Epistola ad provincialem ordinis Celestinorum. Scriptum circa materiam obligationis. De gravatis publicis debitis et intrantibus religionem. Consultatio super casu quondam domini de Breedrode ingressi ordinem carthusiensem. Tractatulus contra professum inobedientem. Admonitio necessaria quomodo caute legendi sunt quorundam libri propter errores occultos. Admonitio super librum qui dicitur Climacus. Tractatus contra sectam Valdensium. Epistola de...";"1475";"[Bruxelles";"Frères de la Vie commune]";"1475";"Null";"Null";"Null"
"http://data.bnf.fr/ark:/12148/cb30513615v";"Opusculum de vita beati Laurentii, patriarchae Venetiarum. - Fol. 1 recto : Bernardi Justiniani oratoris in Beati Laurentii, patriarchae Venetiarum, vitam ad monachos Carthusienses prohoemium incipit. - A la fin : Clarissimi oratoris Bernardi Justiniani Opusculum de vita beati Laurentii, patriarchae Venetiarum, impressum Venetiis, labore et industria Jacobi de Rubeis, gallici, duce inclyto Petro Mocenico, sexto idus maias MCCCCLXXV";"1475";"Venezia";"Jacques Le Rouge";"1475";"[40] ff. n. s., rubriques";"Null";"Null"
"http://data.bnf.fr/ark:/12148/cb305136433";"Laude, del excellentissimo misser Lunardo Justiniano,... - A la fin : Lunardo Basilea el trasse al lume facendone copiosi dezio mille cum suo mirabel stampa in più volume, Vincencie MCCCCLXXV";"1475";"Vicentie";"Null";"1475";"In-4° , 71 ff. n. c.";"Null";"Null"
"http://data.bnf.fr/ark:/12148/cb30538051p";"Sancti Gregorii papae Homeliae XL super Evangeliis";"1475";"Paris";"Ulrich Gering, Martin Crantz et Michael Friburger";"1475";"[142] ff. non signés [a]-[n]10, [o]12, le premier et le dernier blanc";"Null";"Null"
"http://data.bnf.fr/ark:/12148/cb30538030q";"Primo [- quarto] libro del dyalogo";"1475";"Venezia";"Johannes de Colonia et Johannes Manthen";"1475";"[122] ff. signés a10, b-n8, o10, p6, le f. a1 et le f. p6 blancs";"Null";"Null"
"http://data.bnf.fr/ark:/12148/cb30538053c";"Sancti Gregorii papae Homiliae XL super Evangeliis";"1475";"[Köln";"Bartholomaeus von Unckel]";"1475";"[134] ff. non signés [a]-[k]10, [l]8, [m]10, [n]-[o]8";"Null";"Null"
"http://data.bnf.fr/ark:/12148/cb30538143b";"Compilatio Decretalium Gregorii IX [cum glossa Bernardo Bottoni. Edita a Petro Albignano]";"1475";"Venezia";"Nicolas Jenson";"1475";"[306] ff. non signés [a]-[d]10, [e]-[g]8, [h]-[i]10, [k]8, [l]-[o]10, [p]-[r]8, [s]-[t] 10, [v] 8, [x-z]10, [A]10, [B]-[K]8, [L]10";"Null";"Null"
"http://data.bnf.fr/ark:/12148/cb305553489";"Manipulus curatorum Guidonis de Monte Rocherio";"1475";"[Basel";"Martin Flach";"1475";"[112] ff. non signés [a-c10, d-l8, m10, n8], le premier blanc";"Null";"Null"
"http://data.bnf.fr/ark:/12148/cb368140869";"Missale Ambrosianum. - (Titre de départ, écrit à la main au haut de la première page du missel, après le calendrier :) In nomine Yhesu Christi, incipit Missale per totius anni circulum more Ambrosiano compositum. - (Souscription finale au bas du feuillet numéroté CCXIII :) Antoni, patria Parmensis, gente Zarotte, // Primus missales imprimis arte libros. // Nemo repertores nimium se jactet : in arte // Addere plus tantum quam peperisse valet. // Impressum in alma civitate Mediolani, // M.CCCC.LXXV, decimo kalendas aprilis, per // Antonium Zarottum Parmensem";"1475";"Milan";"Null";"1475";"In-folio. Caractères gothiques";"Null";"Null"
"http://data.bnf.fr/ark:/12148/cb368189006";"Breviarium Constantiense";"1475";"S. l.";"l'imprimeur du Remigius";"1475";"In-fol., 16 ff., car. goth.";"Null";"Null"
"http://data.bnf.fr/ark:/12148/cb36819099v";"Breviarium Moguntinum";"1475";"[Marienthal";"Frères de la Vie commune";"1475";"8 parties";"Null";"Null"
"http://data.bnf.fr/ark:/12148/cb36824727x";"[Horae ad usum Romanum.]";"1475";"Venezia";"Nicolas Jenson";"1475";"16 °";"Null";"Null"
"http://data.bnf.fr/ark:/12148/cb30592767s";"Praeceptorium Henrici de Vrimaria. Accedit tractatus de operibus misericordiae";"1475";"[Köln";"Nicolaus Goetz?";"1475";"Null";"Null";"Null"
"http://data.bnf.fr/ark:/12148/cb30597931j";"Herodoti Historiarum libri IX, interprete Laurentio Valla, Andreae episcopi Aleriensis cura";"1475";"Romae";"P. de Maximis";"1475";"In-fol. (Hain, *8470.)";"Null";"Null"
"http://data.bnf.fr/ark:/12148/cb30604140w";"Hieroclis In aureos versus Pythagorae opusculum, Johanne Aurispa interprete";"1475";"Romae";"per A. Pannartz";"1475";"In-4° . (Hain, 8546.)";"Null";"Null"
"http://data.bnf.fr/ark:/12148/cb30616966g";"Horatii. Odarum libri IV, Epodon liber, Carmen saeculare et Ars poetica, cum commentariis Acronis et Porphyrionis, curis Joannis Aloïsii tuscani";"1475";"(Romae";"Barth. Guldinbeck";"1475";"In-fol. (Hain, 8899.)";"Null";"Null"
"http://data.bnf.fr/ark:/12148/cb30631812g";"Hyginus. Poeticon astronomicon";"1475";"[Ferrara]";"Augustino Carnerio";"1475";"[60] ff. non signés [a]-[g]8, [h]4, le premier blanc";"Null";"Null"
"http://data.bnf.fr/ark:/12148/cb30639079g";"Tractatus de apparitionibus animarum post exitum earum a corporibus et de earundem receptaculis... ab excellentissimo viro Jacobo de Clusa...";"1475";"Burgdorf";"Null";"1475";"In-fol. (Hain. *9349.)";"Null";"Null"
"http://data.bnf.fr/ark:/12148/cb30639073d";"Sermones dominicales notabiles et formales per anni circulum compilati per eximium... dominum Jacobum, domus carthusiensis extra muros erfordensis vicarium...";"1475";"(Speyer)";"Null";"1475";"In-fol. (Hain, *9334.)";"Null";"Null"
"http://data.bnf.fr/ark:/12148/cb30639071q";"Incipiunt Sermones auctorisan [sic] a domino Nicolao papa quinto, per eximium dominum doctorem sacre theoloye [sic] patrem Jacobum Cartusiensem, domus extra muros erfordensis vicarium";"1475";"(Strasbourg)";"Null";"1475";"In-fol. (Hain, *9332.)";"Null";"Null"
"http://data.bnf.fr/ark:/12148/cb30650144b";"Tractatus de pluralitate beneficiorum ecclesiasticorum, auctore Joanne de Legnano. Responsio ac decisio questionis quodlibetice, auctore Guilielmo Bont";"1475";"(Lovanii";"J. de Westfalia, c.";"1475";"In-fol. (Campbell, 1038.)";"Null";"Null"
"http://data.bnf.fr/ark:/12148/cb30649521r";"Sancti Johannis Chrysostomi Sermones XXV, e graeco in latinum versi a Christophoro Persona";"1475";"(Coloniae";"U. Zell.)";"1475";"In-fol. (Hain, *5041 ; Vouillième, 652.)";"Null";"Null"
"http://data.bnf.fr/ark:/12148/cb30650030c";"Sermones dominicales, auctore Johanne de Franckfordia";"1475";"Ulmae";"(C. Dinckmuth";"1475";"In-fol. (Hain-Copinger, *7352.)";"Null";"Null"
"http://data.bnf.fr/ark:/12148/cb30649520d";"Sancti Johannis Chrysostomi Sermones XXV, e graeco in latinum versi a Christophoro Persona";"1475";"(S. l.,)";"ex off. B. Azzoguidi, Bononiensis";"1475";"In-4° . (Hain, *5043.)";"Null";"Null"
"http://data.bnf.fr/ark:/12148/cb30652733t";"Chronicon... edidit B. Mombritius";"1475";"(Mediolani";"Null";"1475";"In-fol. (Hain, 6716.)";"Null";"Null"
"http://data.bnf.fr/ark:/12148/cb306525380";"Flosculi sive Aureola, Transitus cum testamento, miracula sancti Hieronymi, cum quibusdam epistolis sancti Augustini de laudibus sancti Hieronymi ad Cyrillum, episcopum hipponensem, et Cyrilli ad Augustinum";"1475";"Mediolani";"per P. de Lavagnia";"1475";"In-4° . (Hain, 8588.)";"Null";"Null"
"http://data.bnf.fr/ark:/12148/cb306526833";"Vitae patrum sancti Hieronymi";"1475";"Casellis";"J. Fabri";"1475";"In-fol. (Hain, 8596.)";"Null";"Null"
"http://data.bnf.fr/ark:/12148/cb306517191";"צרים נרפת. Nôfet ṣûfîm (Rhétorique)";"1475";"[Mantova]";"Abraham ben Salomon Conat";"1475";"[172] ff. sans pagination ni signatures";"Null";"Null"
"http://data.bnf.fr/ark:/12148/cb30652537n";"Flosculi sive Aureola, Transitus cum testamento, miracula sancti Hieronymi, cum quibusdam epistolis sancti Augustini de laudibus sancti Hieronymi ad Cyrillum, episcopum hipponensem, et Cyrilli ad Augustinum";"1475";"Mediolani";"per P. de Lavagnia";"1475";"In-4° . (Hain, 8588.)";"Null";"Null"
"http://data.bnf.fr/ark:/12148/cb30652714j";"Vite de' santi padri [da S. Girolamo], per diversi eloquentissimi doctori vulgarizate";"1475";"In Venetia";"impr. da G. di Pietro di Trivisio";"1475";"In-fol. (Hain, 8615.)";"Null";"Null"
"http://data.bnf.fr/ark:/12148/cb30652682r";"Vitae patrum sancti Hieronymi";"1475";"Coloniae";"A. Therhoernen";"1475";"In-fol. (Voulliéme, 1250.)";"Null";"Null"
"http://data.bnf.fr/ark:/12148/cb30660848v";"Historiarum Josephi libri numero VII. - A la fin : Impressit clarus ac diligentiss. artifex Arnoldus Pannartz... in domo viri nobilis Petri de Max., civis romani, anno incarnati Verbi M. CCCCLXXV, die vero XXV. novem. ... Platyna emendavit";"1475";"Romae";"Null";"1475";"In-fol., 176 ff. non ch.";"Null";"Null"
"http://data.bnf.fr/ark:/12148/cb30670078s";"Justini et L. Flori Epithome";"1475";"(Venetiis";"Null";"1475";"In-fol. (Hain-Copinger, *9654.)";"Null";"Null"
"http://data.bnf.fr/ark:/12148/cb30670535w";"Justiniani imp. Codicis repetitae praelectionis libri IX, cum glossa";"1475";"Mainz";"Peter Schöffer";"1475";"Null";"Null";"Null"
"http://data.bnf.fr/ark:/12148/cb306703569";"Dn. Justiniani Institutiones, cum apparatu";"1475";"Lovani";"J. de Paderborn";"1475";"In-fol. (Hain-Copinger, 9496.)";"Null";"Null"
"http://data.bnf.fr/ark:/12148/cb30670748s";"Junii Juvenalis Satirae, cum commentario Domitii Calderini et ejusdem defensione adversus Brotheum";"1475";"Venetiis";"J. de Rubeis";"1475";"In-fol. (Hain, *9688.)";"Null";"Null"
"http://data.bnf.fr/ark:/12148/cb30670747f";"Juvenalis et Persii Saturae";"1475";"Lovanii";"per Joannem de Westfalia";"1475";"In-fol. (Hain, 9681.)";"Null";"Null"
"http://data.bnf.fr/ark:/12148/cb307388052";"[Trionfi]";"1475";"Null";"Null";"1475";"[240] f.";"Null";"Null"
"http://data.bnf.fr/ark:/12148/cb307788512";"Sophologium";"1475";"Paris";"Ulrich Gering, Martin Crantz, Michael Friburger";"1475";"Null";"Null";"http://gallica.bnf.fr/ark:/12148/btv1b8604264d"
"http://data.bnf.fr/ark:/12148/cb30791965r";"Leonis magni, papae, Sermones curante G. Andrea";"1475";"[Köln]";"[Bartholomaeus von Unckel]";"1475";"Null";"Null";"Null"
"http://data.bnf.fr/ark:/12148/cb307929817";"Omniboni Leoniceni Commentum in Lucani Pharsaliam";"1475";"Venetiis";"Vindelinus de Spira";"1475";"In-fol. (Hain-Copinger, *10029.)";"Null";"Null"
"http://data.bnf.fr/ark:/12148/cb30792986z";"Omniboni Leoniceni Grammatica latina, seu de Octo partibus orationis liber de Arte metrica";"1475";"Rome";"in domo J. P. de Lignamine";"1475";"In-4° . (Hain, 10026.)";"Null";"Null"
"http://data.bnf.fr/ark:/12148/cb30818997k";"Tractatus de venenis";"1475";"Romae";"Null";"1475";"In-4° . (Pellechet, 1.)";"http://data.bnf.fr/ark:/12148/cb12651597b";"Null"
"http://data.bnf.fr/ark:/12148/cb308433949";"De veris narrationibus libelli duo";"1475";"Napoli";"[s.n.]";"1475";"1 vol. ([3]-49 f.)";"Null";"http://gallica.bnf.fr/ark:/12148/bpt6k71742h"
"http://data.bnf.fr/ark:/12148/cb308448373";"Summa theologica, secundi libri secunda pars";"1475";"Mantuae";"Null";"1475";"In-fol. (Pellechet, 1048.)";"Null";"Null"
"http://data.bnf.fr/ark:/12148/cb30857544g";"Juniani Maii Parthenopeii... de Priscorum proprietate verborum. - A la fin : Impressere Mathias Moravus, impressor solertissimus, et venerabilis monachus Blasius... MCCCCLXXV";"1475";"Neapoli";"Null";"1475";"In-fol. (Hain, 10539.)";"Null";"Null"
"http://data.bnf.fr/ark:/12148/cb30892915m";"M. Valerii Martialis Epigrammata [edente Georgio Alexandrino]";"1475";"Venetiis";"impensis J. de Colonia et J. Manthen de Gherretzen";"1475";"In-fol. (Hain-Copinger, 10812.)";"Null";"Null"
"http://data.bnf.fr/ark:/12148/cb30892916z";"M. Valerii Martialis Epigrammata [edente Georgio Alexandrino]";"1475";"Venetiis";"impensis J. de Colonia et J. Manthen de Gherretzen";"1475";"In-fol.";"Null";"Null"
"http://data.bnf.fr/ark:/12148/cb393058325";"Supplementum Summae Pisanellae";"1475";"Nürnberg";"Andreas Frisner et Johann Sensenschmidt";"1475";"Null";"Null";"Null"
"http://data.bnf.fr/ark:/12148/cb30907519d";"Sermones aurei de sanctis, fratris Leonardi de Utino";"1475";"Venetiis";"per J. de Colonia sociumque ejus J. Manthen de Gherretzem";"1475";"In-4° . (Hain-Copinger, *16132.)";"Null";"Null"
"http://data.bnf.fr/ark:/12148/cb30907511n";"Sermones quadragesimales de legibus";"1475";"(Coloniae";"N. Zell)";"1475";"In-fol. (Hain, *16116.)";"Null";"Null"
"http://data.bnf.fr/ark:/12148/cb30907520m";"Sermones aurei de sanctis, fratris Leonardi de Utino [per tabulam Felicis Fabri, vulgo Schmid, O. P., studio ordinatam roborati]";"1475";"Ulm";"per J. Zeiner de Rütling";"1475";"In-fol. (Hain, *16133.)";"Null";"Null"
"http://data.bnf.fr/ark:/12148/cb309083778";"Tractatus clarissimi philosophi et medici Matheoli Perusini de memoria. - A la fin : Hec igitur sunt viri digni medicinalia que inter alia sunt electissima pro conservanda memoria ; et ita finem facio. Amen. Petrus Maufer, Nömanus [sic], rothomagensis diocesis";"1475";"(Padoue";"Null";"1475";"In-4° , 6 ff. non ch., sans sign. ni récl., car. rom., à longues lignes";"Null";"Null"
"http://data.bnf.fr/ark:/12148/cb309075182";"Sermones aurei de sanctis, fratris Leonardi de Utino";"1475";"(Parisiis";"U. Gering,)";"1475";"In-fol. (Hain, *16131.)";"Null";"http://gallica.bnf.fr/ark:/12148/btv1b86042667"
"http://data.bnf.fr/ark:/12148/cb39338430q";"Margarita poetica de arte, dictandi epistolarum...";"1475";"Paris";"Au soufflet vert (Louis Symonel et socii)";"1475";"[167] f. ; f °";"Null";"Null"
"http://data.bnf.fr/ark:/12148/cb39376627q";"De duobus amantibus Euryalo et Lucretia";"1475";"[Sant'Orso]";"[Johannes de Reno]";"1475";"Sign. a-d ; 4 °";"Null";"Null"
"http://data.bnf.fr/ark:/12148/cb309345090";"Practica Joannis Mesuae de medicinis particularium aegritudinum. - Petri Apponi,... in librum Joannis Mesuae Additio...";"1475";"Neapoli";"Null";"1475";"In-fol. (Hain, 11117.)";"Null";"Null"
"http://data.bnf.fr/ark:/12148/cb309470055";"Reportorium [sic] Milis de Verona";"1475";"(Coloniae,)";"N. Gotz";"1475";"In-fol. (Hain-Copinger, 11153.)";"Null";"Null"
"http://data.bnf.fr/ark:/12148/cb309470086";"[Repertorium juris Johannis Milis.] - Fol. 1, recto : Absenti filio acquiritur actio ex contractu per patrem celebrato... - A la fin, fol. O2 : Liber presens finit feliciter. Deo gratias. - Fol. O2 verso : Tabula hujus libri";"1475";"[Albi";"imprimeur de Pius II, Epistola de remedio amoris (H 183)";"1475";"368 ff. non signés [a-h10, i12, k-r10, s8, t-z10, A-N10, O8]";"Null";"Null"
"http://data.bnf.fr/ark:/12148/cb30947004t";"Repertorium juris Johannis Milis";"1475";"Lovanii";"J. de Westphalia";"1475";"In-fol. (Hain-Copinger, 11154.)";"Null";"Null"
"http://data.bnf.fr/ark:/12148/cb31017266w";"Praeceptorium divinae legis, seu Expositio Decalogi Johannis Nyder";"1475";"Argentorati";"J. Husner";"1475";"In-fol. (Hain, *11790.)";"Null";"Null"
"http://data.bnf.fr/ark:/12148/cb31017229p";"Johannis Nyder Formicarius";"1475";"(Coloniae";"Ulricus Zell";"1475";"In-fol. (Hain-Copinger, 11831 ; Voullième, 848.)";"Null";"Null"
"http://data.bnf.fr/ark:/12148/cb31017260t";"Manuale confessorum Johannis Nyder";"1475";"(Basileae";"M. Wenssler.)";"1475";"In-fol.";"Null";"Null"
"http://data.bnf.fr/ark:/12148/cb310172499";"Tractatus de morali lepra Johannis Nyder";"1475";"(Basileae";"M. Wenssler)";"1475";"In-fol. (Hain 11816.)";"Null";"Null"
"http://data.bnf.fr/ark:/12148/cb31017268k";"Praeceptorium divinae legis, seu Expositio Decalogi Johannis Nyder";"1475";"(Coloniae";"Ulricus Zell.)";"1475";"In-fol. (Reichling, 642 ; Proctor, 900 ; Voullième, 858.)";"Null";"Null"
"http://data.bnf.fr/ark:/12148/cb310172677";"Praeceptorium divinae legis, seu Expositio Decalogi Johannis Nyder";"1475";"(Coloniae";"Ulricus Zell.)";"1475";"In-fol. (Hain-Copinger, *11780 ; Voullième, 856.)";"Null";"Null"
"http://data.bnf.fr/ark:/12148/cb31018838j";"Opus praeclarissimum astrolabii";"1475";"(Ferrariae,)";"Null";"1475";"In-fol. (Hain, 967.)";"Null";"Null"
"http://data.bnf.fr/ark:/12148/cb310436101";"Legenda sancti Wolfgangi, auctore Othlone";"1475";"Burgdorf";"Null";"1475";"In-fol. (Hain, n  16221.)";"Null";"Null"
"http://data.bnf.fr/ark:/12148/cb31046595p";"[Publii Ovidii Nasonis Metamorphoses, edente Johanne Bono Accursio.]";"1475";"(Mediolani";"impr. P. de Lavagnia";"1475";"In-fol. (Hain-Reichling, 12157.)";"Null";"Null"
"http://data.bnf.fr/ark:/12148/cb310470408";"Publii Ovidii Nasionis [sic] liber de Vetula";"1475";"[Perugia";"Petrus Petri";"1475";"Null";"Null";"Null"
"http://data.bnf.fr/ark:/12148/cb310465961";"[Publii Ovidii Nasonis Metamorphoses, edente Johanne Andrea.]";"1475";"(Lovanii";"Null";"1475";"In-fol. (Campbell, 1347.)";"Null";"Null"
"http://data.bnf.fr/ark:/12148/cb31068084j";"Dialogus, qui vocatur scrutinium Scripturarum, compositus per Paulum de Sancta Maria. - Tractatulus... utilis ad convincendum Judeos de errore... - Epistola Rabbi Samuelis ad Rabbi Ysaak";"1475";"Mantoue";"Jean Schellus";"1475";"In-fol. (Hain-Copinger, 10765.)";"Null";"Null"
"http://data.bnf.fr/ark:/12148/cb310679587";"Homiliarius doctorum ...";"1475";"[Pays-Bas]";"[imprimeur du 'Breviarium Sarum' (GW 5445)";"1475";"2 parties";"Null";"Null"
"http://data.bnf.fr/ark:/12148/cb31077832g";"Questiones... de tribus principiis rerum naturalium...";"1475";"Paduae";"Null";"1475";"In-fol.";"Null";"Null"
"http://data.bnf.fr/ark:/12148/cb310790035";"Summa de virtutibus";"1475";"[Basel";"Michael Wenssler";"1475";"[430] ff. non signés [a8, b-k10, l8, m6, n-v10, x8, y-z10, A-C10, D8, E6, F-M10, N12, O-T10, V-X12]";"Null";"Null"
"http://data.bnf.fr/ark:/12148/cb31079005v";"Tractatus de vitiis";"1475";"[Basel";"Michael Wenssler";"1475";"[352] ff. non signés [a12, b-d10, e-f8, g-i10, k8, l-r10, s-t8, v-x10, y-z8, A-D10, E12, F-L10, M12, N10], le dernier f. blanc";"Null";"Null"
"http://data.bnf.fr/ark:/12148/cb310836414";"Nicolai Perotti Rudimenta grammatices";"1475";"Romae";"per W. de Willa";"1475";"In-fol. (Hain-Copinger, 12647.)";"Null";"Null"
"http://data.bnf.fr/ark:/12148/cb31083642g";"Nicolai Perotti Rudimenta grammatices, cum epistola Calphurnii Brixiensis Antonio Moretto";"1475";"(Venetiis,)";"per G. Petri de Tarvisio";"1475";"In-fol. (Hain-Copinger, 12648.)";"Null";"Null"
"http://data.bnf.fr/ark:/12148/cb31083640s";"Nicolai Perotti Rudimenta grammatices";"1475";"In studio Patavino";"per mag. Albertum de Stendalia";"1475";"In-fol. (Hain-Copinger, 12645.)";"Null";"Null"
"http://data.bnf.fr/ark:/12148/cb31088587c";"Juvenalis et Persii Satyrae";"1475";"Lovanii";"per Joannem de Westfalia";"1475";"In-fol. (Hain, 9681 ; Morgan, 10.)";"Null";"Null"
"http://data.bnf.fr/ark:/12148/cb31095541j";"Tractatus Petri de Abano de remediis venenorum";"1475";"Romae";"Null";"1475";"In-4° . (Pellechet, 8.)";"http://data.bnf.fr/ark:/12148/cb119329264";"Null"
"http://data.bnf.fr/ark:/12148/cb310955406";"Tractatus Arnaldi de Villa Nova de arte cognoscendi venena. - Tractatus Valasti de Tarenta de epidemia et peste. [Tractatus Petri de Abano de venenis.]";"1475";"Milano";"Christoph Valdarfer";"1475";"Null";"http://data.bnf.fr/ark:/12148/cb119329264";"Null"
"http://data.bnf.fr/ark:/12148/cb31095528b";"Expositio problematum Aristotelis quam Petrus edidit paduanus";"1475";"Mantuae";"Null";"1475";"In-fol. (Pellechet, 11.)";"Null";"Null"
"http://data.bnf.fr/ark:/12148/cb31099235r";"Epistolae";"1475";"Sant-Orso";"Johannes de Reno";"1475";"Null";"Null";"Null"
"http://data.bnf.fr/ark:/12148/cb31107307m";"Enee Silvii Piccolominei, qui et Pius secundus fuit, Dialogus";"1475";"Romae";"Null";"1475";"In-fol. (Pellechet, 131.)";"Null";"Null"
"http://data.bnf.fr/ark:/12148/cb31107311v";"Sompnium Enee Silvii de fortuna";"1475";"[Roma";"Bartholomaeus Guldinbeck ou Wendelinus de Wila";"1475";"Null";"Null";"Null"
"http://data.bnf.fr/ark:/12148/cb31107197v";"Tractatus pulcherrimus Enee Silvii sive Pii pape II, de Curialium miseria";"1475";"[Roma]";"[Bartholomaeus Guldinbeck ou Wendelinus de Wila]";"1475";"Null";"Null";"Null"
"http://data.bnf.fr/ark:/12148/cb311073099";"Sompnium Enee Silvii, poete laureati, de fortuna";"1475";"[Roma";"Bartholomaeus Guldinbeck ou Wendelinus de Wila";"1475";"Null";"Null";"Null"
"http://data.bnf.fr/ark:/12148/cb31107245w";"Enee Silvii Piccolominei Epistole in cardinalatu edite";"1475";"Rome";"Null";"1475";"In-fol. (Pellechet, 102.)";"Null";"Null"
"http://data.bnf.fr/ark:/12148/cb31107259k";"Pii secundi, pontificis maximi, ad Mahumetem epistola";"1475";"Treviso";"G. F. [= Gerardus de Lisa]";"1475";"Null";"Null";"Null"
"http://data.bnf.fr/ark:/12148/cb31107265h";"Enee Silvii Historia bohemica";"1475";"Romae";"Null";"1475";"In-4° . (Pellechet, 177.)";"Null";"Null"
"http://data.bnf.fr/ark:/12148/cb31109006x";"Liber Petri Damasceni de laudibus ac festis gloriose Virginis matris Marie";"1475";"[Köln";"Nicolaus Goetz";"1475";"In-fol.";"Null";"Null"
"http://data.bnf.fr/ark:/12148/cb31121440p";"Platyne de Honesta voluptate et valitudine...";"1475";"Venezia";"Lorenzo dell'Aquila et Sibillino Umbro";"1475";"Null";"Null";"Null"
"http://data.bnf.fr/ark:/12148/cb31134880z";"Singularia [in causis animalibus] Domini Lodovici Pontani";"1475";"Venetiis";"Null";"1475";"In-fol. (Hain-Copinger, *13270.)";"Null";"Null"
"http://data.bnf.fr/ark:/12148/cb311539614";"Carmina Tibulli, Catulli et Propertii, quibus Sylvae Statii accessere";"1475";"Venetiis";"Null";"1475";"In-fol. (Hain-Copinger, 4759.)";"Null";"Null"
"http://data.bnf.fr/ark:/12148/cb311541855";"Responsiones Prosperi contra objectiones Vincentianas et alii tractatus";"1475";"(Coloniae";"Null";"1475";"In-fol. (Copinger, 4892.)";"Null";"Null"
"http://data.bnf.fr/ark:/12148/cb31154166w";"Chronicon Eusebii, a sancto Hieronymo latine versum et ab eo, Prospero Britannico et Matthaeo Palmerio continuatum. Edidit B. Mombritius";"1475";"(Mediolani";"P. de Lavagnia";"1475";"In-fol. (Hain-Copinger, 6716.)";"Null";"Null"
"http://data.bnf.fr/ark:/12148/cb311558631";"Liber venerabilis Prudencii de septem peccatis mortalibus et virtutibus septem oppositis";"1475";"(Nurembergae";"Koburger";"1475";"In-fol. (Hain-Copinger, 13437.)";"Null";"Null"
"http://data.bnf.fr/ark:/12148/cb31157083x";"Claudii Ptolemaei. Cosmographia, latino interprete Jacobo Angelo";"1475";"Vicentiae";"ab Hermanno Levilapide";"1475";"In-fol. (Hain-Copinger, *13536. - Eames, p. 1.)";"Null";"http://gallica.bnf.fr/ark:/12148/btv1b55010480t"
"http://data.bnf.fr/ark:/12148/cb31165819r";"M. F. Quintiliani Declamationes tres";"1475";"Romae";"Null";"1475";"In-fol. (Hain, 13662.)";"Null";"Null"
"http://data.bnf.fr/ark:/12148/cb311755101";"Liber manualis ac introductorius in Biblie historias figurasque Veteris ac Novi Testamenti peroptimus Aurea biblia vocitatus [auctore Antonio Rampegollis]";"1475";"Ulme";"J. Zainer de Reutlingen";"1475";"In-fol. (Hain-Copinger, *13681.)";"Null";"Null"
"http://data.bnf.fr/ark:/12148/cb311875085";"[Calendarium ductu Johannis de Monte Regio.]";"1475";"(Norimbergae";"Null";"1475";"In-4° de 30 ff. (Hain-Copinger *13775.)";"Null";"Null"
"http://data.bnf.fr/ark:/12148/cb312113453";"Richardi de Mediavilla. Commentum super quartum Sententiarum";"1475";"(Venise";"C. Arnold.)";"1475";"In-fol. (Hain-Copinger, 10985.)";"Null";"Null"
"http://data.bnf.fr/ark:/12148/cb312378847";"De Laude antiquae Saxonie, nunc Westphalie dicte";"1475";"[Coloniae]";"[A. Therhoernen]";"1475";"In-4, 78 ff. n. ch., sign. a-k.";"Null";"Null"
"http://data.bnf.fr/ark:/12148/cb31237912n";"Tractatulus de contractibus [auctore W. Rolevinck]";"1475";"(Coloniae";"A. Therhoernen";"1475";"In-4° , sign. a-b. (Voullième, 1053.)";"Null";"Null"
"http://data.bnf.fr/ark:/12148/cb312379119";"Sermo capitularis sive refectorialis de sancto Benedicto abbate diligenter conscriptus";"1475";"(Coloniae";"A. Therhoernen";"1475";"In-4° , 16 ff. n. ch., sign. a-b, 21 l., car. goth. (Voullième, 785.)";"Null";"Null"
"http://data.bnf.fr/ark:/12148/cb312379130";"Tractatulus de forma visitationum monasticarum";"1475";"[Coloniae]";"[A. Therhoernen]";"1475";"In-4, sign. a-b, car. goth.";"Null";"Null"
"http://data.bnf.fr/ark:/12148/cb312379041";"Paradisus conscientiae [auctore W. Rolevinck]";"1475";"Köln";"Arnold Therhoernen";"1475";"128 ff. n. ch., sans sign. ni récl., à 2 col., car. goth., incipit et explicit en rouge";"Null";"Null"
"http://data.bnf.fr/ark:/12148/cb31237903p";"Tractatus pulcherrimus de origine nobilium tam fidelium quam infidelium, tam spiritualium quam temporalium, et de diferentia verorum principum et tiranorum et de principatu ex successione aut electione vel violentia procedente [auctore W. Rolevinck]";"1475";"[Paris";"atelier du Soufflet vert";"1475";"[40] ff. sans sign.";"Null";"Null"
"http://data.bnf.fr/ark:/12148/cb31288665p";"De conjuratione Catilinae. De Bello Jugurthino. In Ciceronem invectiva...";"1475";"Valentie";"[Lambert Palmart]";"1475";"In-4° . (Hain, 14202.)";"Null";"Null"
"http://data.bnf.fr/ark:/12148/cb31288664b";"[Sallustii Opera.]";"1475";"Brixiae";"per Eustacium Gallum";"1475";"In-fol. (Hain, 14203.)";"Null";"Null"
"http://data.bnf.fr/ark:/12148/cb312886661";"[Sallustii Opera.] - Fol. 1r. Omnis homines qui se se student praestare caeteris animantibus. - Fol. 20r. Falso queritur de natura sua genus humanum quod aetas imbecilla. - Fol. 56r. Explicit MCCCCLXXV. - Fol. 57r. Crispi Salustii oratoris clarissimi vita. - Fol. 63r. Invectivae M. T. C. quatuor in Catilinam, prima incipit, lege foeliciter. - À la fin : Explitiunt invectivae M. T. C. quatuor in Catilinam, foeliciter finis";"1475";"(S. l.";"Null";"1475";"In-fol., 87 ff. n. ch.";"Null";"Null"
"http://data.bnf.fr/ark:/12148/cb31289003q";"Ex libris Historiarum C. Crispi Salustii. Oratio Lepidi consulis ad R. P.";"1475";"(Mantuae";"Null";"1475";"In-4° . (Hain, *14243.)";"Null";"Null"
"http://data.bnf.fr/ark:/12148/cb31292540t";"Epistola quam misit Rabi Samuel Israhelita, oriundus de civitate regis Morochorum, ad Rabi Ysaac... translata de hebreo vel de arabico in latinum per fratrem Alfunsium Boni Hominis...";"1475";"[Sant'Orso";"Johannes de Reno";"1475";"Null";"Null";"Null"
"http://data.bnf.fr/ark:/12148/cb31292927q";"[Speculum vitae humanae, auctore Rodorico Sanctio de Arevalo.]";"1475";"(Basileae,)";"a M. Flachen arte impressoria in medium deditus";"1475";"In-fol. (Hain-Copinger, *13944.)";"Null";"Null"
"http://data.bnf.fr/ark:/12148/cb312929282";"[Speculum vitae humanae, auctore Rodorico Sanctio de Arevalo.]";"1475";"Parisiis";"impressum per M. Crantz, U. Gering et M. Friburger";"1475";"In-fol. (Hain-Copinger, 13945.)";"Null";"http://gallica.bnf.fr/ark:/12148/btv1b8604280h"
"http://data.bnf.fr/ark:/12148/cb31292938c";"Der Spiegel des menschlichen Lebens von dem hochwirdigen Rodorico von Hyspania...";"1475";"(Augustae Vindelicorum";"G. Zainer";"1475";"In-fol. (Hain, *13948.)";"Null";"Null"
"http://data.bnf.fr/ark:/12148/cb31351569n";"Incipit Lucii Annei Senecae Cordubensis liber de Moribus... - (Fol. 145, v° :) In hoc volumine continentur infrascripti libri Senecae : primum liber unus de Moribus... liber unus de Formula honeste vitae vel de IIII. virtutibus car., liber unus... de Remediis fortuitorum, libri decem Declamationum, libri duo de Clementia... libri septem de Beneficiis... libri tres de Ira,... liber unus de Mundi gubernatione divina providentia et quare multa mala bonis viris accidant... liber unus de Consolatione ad Martiam, liber unus de Consolatione ad Albinam, matrem suam, liber unus de Tranquillitate vitae... liber unus Quomodo in sapientem non cadit injuria... liber unus de Brevitate vitae... cui continuatur liber unus de Consolatione fratris ad Pollibium sine inscriptione et intervallo, ex incuria famuli componentis... Proverbia Senecae. Ultimo : ejusdem Epistole ad Lucillum centum vigintiquinque. (2e partie, fol. 1, r° :) Incipit Prologus beati Hieronymi super Epistolis Pauli ad Senecam et Senecae ad Paulum... I...";"1475";"Neapoli";"sub. B. Romero, impr. per M. Moravum";"1475";"2 parties en 1 vol. in-fol.";"Null";"Null"
"http://data.bnf.fr/ark:/12148/cb31351803j";"[Epistolae Senecae ad Lucilium. His praemittuntur : Prologus beati Hieronymi super Epistolis Pauli ad Senecam et Senecae ad Paulum, Epistolae Pauli ad Senecam et Senecae ad Paulum, Epitaphium Senecae, Rubricae ad libros XXIV Epistolarum ad Lucilium.]";"1475";"Romae";"A. Pannartz";"1475";"Gr. in-4° . (Hain, 14601.)";"Null";"Null"
"http://data.bnf.fr/ark:/12148/cb313518026";"Lutii Annei Senece, Cordubensis, Ad Lucillium Epistole feliciter incipiunt. [His praemittuntur : Prologus beati Hieronymi super Epistolas Pauli ad Senecam et Senecae ad Paulum, Epistolae Pauli et Senecae, Epitaphium Senecae in morte.]";"1475";"Parisiis";"P. Caesaris et J. Stol";"1475";"In-4° . (Hain, 14600.)";"Null";"Null"
"http://data.bnf.fr/ark:/12148/cb314219308";"Opus Caroli Surrhentini de modo augendi orationem per singula verba a Cicerone extracta";"1475";"(Neapoli";"Null";"1475";"In-4° , sans sign. (Van Praet, T. IV, n  37.)";"Null";"Null"
"http://data.bnf.fr/ark:/12148/cb314337950";"Guillermi Tardivi aniciensis Rhetorica";"1475";"[Parisiis]";"[s.n.]";"1475";"31 ff.";"Null";"http://gallica.bnf.fr/ark:/12148/bpt6k8507068"
"http://data.bnf.fr/ark:/12148/cb31433794n";"Guillermi Tardivi aniciensis Rhetorice artis... compendium";"1475";"(Parisiis";"au Soufflet vert";"1475";"In-4° . (Hain, *15241.)";"Null";"Null"
"http://data.bnf.fr/ark:/12148/cb31439883q";"[Lectura Nicolai Tedeschi super IV. et V. Decretalium.]";"1475";"Rome";"impressa per G. Lauer de Herbipoli";"1475";"In-fol. (Hain-Reichling, 12331.)";"Null";"Null"
"http://data.bnf.fr/ark:/12148/cb31439864f";"[Apparatus domini Panormitani [N. Tedeschi] in Clementinas, Hymberti Paterii opera castigatus.]";"1475";"Parisii";"(P. César et J. Stoll)";"1475";"In-fol. (Proctor, 7893 ; Reichling, IV, 1305.)";"Null";"Null"
"http://data.bnf.fr/ark:/12148/cb31439858h";"[Consilia Nicolai de Tudeschis nec non tria vel quatuor alia aliorum... doctorum, videlicet Hugohinis de Marischalchis, Johannis de Bandinis, Dyonisii Nicolai de Barigeanis, Ludovicique Bolognini, per eundem Ludovicum Bologninum edita.]";"1475";"(Argentorati";"H. Eggesteyn";"1475";"In-fol. (Hain-Copinger, *12343.)";"Null";"Null"
"http://data.bnf.fr/ark:/12148/cb31439859v";"[Consilia Nicolai de Tudeschis nec non tria vel quatuor alia aliorum... doctorum, videlicet Hugohinis de Marischalchis, Johannis de Bandinis, Dyonisii Nicolai de Barigeanis, Ludovicique Bolognini, per eundem Ludovicum Bologninum edita.]";"1475";"Ferrarie";"P. de Aranceyo et J. de Tornaco";"1475";"In-fol. (Hain, *12345.)";"Null";"Null"
"http://data.bnf.fr/ark:/12148/cb314398842";"[Ordo judiciarus domini Panormitani, N. Tedeschi.]";"1475";"Lovanii";"J. de Westfalia";"1475";"In-fol. (Hain-Copinger, 12363 ; Campbell, *1355 ; Proctor, 9214.)";"Null";"Null"
"http://data.bnf.fr/ark:/12148/cb314433895";"[Terentii Comoediae sex : Andria, Eunuchus, Heautontimorumenos, Adelphi, Phormio, Ecyra.] - (Fol. [1,] r° :) Terentii vita ex Donati comentariis excerpta. - (Fol. [2,] v° :) Natus in excelsis tectis Carthaginis altae... [i. e. Epitaphium Terentii.] - (Fol. [3,] r° :) Andria. Publii Terentii Afri, poetae comici, Andriae argumentum [auctore Sulpicio Apollinari]. - (À la fin :) M. CCCC. LXXV. In Sancto Ursio Vincenti district. Johannes de Reno impressit, die ultimo aprilis. Finis";"1475";"Sant'Orso";"Johannes de Reno";"1475";"[104] ff. sans signatures";"Null";"Null"
"http://data.bnf.fr/ark:/12148/cb314433833";"[Terentii Comoediae sex : Andria, Ennuchus (sic, et : Eunuchus), Eautontimerumenon (sic), Adelphe, Hechira, Phormio. Cum Terentii vita anonymi auctoris, et epitaphio.]";"1475";"(Rome";"J. P. de Lignamine";"1475";"Gr. in-4° , 106 ff. n. ch., s. sign. n. récl., car. rom. (Reichling, V, p. 72, n  1639 ; Brunet, V, col. 703, n  v des éditions s. d. ; Lawton, 20.)";"Null";"Null"
"http://data.bnf.fr/ark:/12148/cb31461778j";"Questiones... sancti Thome de Aquino circa confessionem seu sacramentum penitentie";"1475";"[Roma";"Johannes Reinhard";"1475";"Null";"Null";"Null"
"http://data.bnf.fr/ark:/12148/cb31461754j";"[Secundus liber Secunde partis beati Thome de Aquino.] D. Frater Ludovicus de Cremona,... perficiendum opus hoc curavit...";"1475";"Mantuae";"P. de Puzpach";"1475";"In-fol. (Hain-Copinger, 1458 ; Pellechet, 1048.)";"Null";"Null"
"http://data.bnf.fr/ark:/12148/cb31461755w";"Summa theologica. [Secundus liber Secunde partis beati Thome de Aquino.]";"1475";"Venetiis";"per F. (Renner) de Hailbrun et N. de Frankfordia socios";"1475";"In-fol. (Hain-Copinger, *1462 ; Pellechet, 1052.)";"Null";"Null"
"http://data.bnf.fr/ark:/12148/cb314620138";"Summa edita a sancto Thoma de Aquino, de Articulis fidei et Ecclesie sacramentis";"1475";"(Romae";"J. Schurener,)";"1475";"In-4° . (Hain, *1431 ; Copinger, II, 563 ; Pellechet, 1030 ; Polain, 3738.)";"Null";"Null"
"http://data.bnf.fr/ark:/12148/cb314620289";"Quaestiones super tribus principiis rerum naturalium et formalitates... ab excellentissimo... professore Thoma Pinchet,... emendate...";"1475";"Padue";"Null";"1475";"In-fol. (Hain, 990 ; Pellechet, 634.)";"Null";"Null"
"http://data.bnf.fr/ark:/12148/cb314619543";"Beati Thome de Aquino Glosa continua super quatuor evangelistas...";"1475";"Nurmberge";"A. Coberger";"1475";"In-fol. (Hain-Copinger, *1331 ; Pellechet, 935 ; Polain, 3693.)";"Null";"Null"
"http://data.bnf.fr/ark:/12148/cb31461899s";"Questiones de quodlibet sancti Thome de Aquino,...";"1475";"Ulm";"per J. Czainer";"1475";"In-fol. (Hain-Copinger, *1403 ; Pellechet, 1007.)";"Null";"Null"
"http://data.bnf.fr/ark:/12148/cb31461838k";"Liber de Veritate catholicae fidei contra errores gentilium, editus a fratre Thoma de Aquino,... [Cura Joannis Francisci Veneti.]";"1475";"Romae";"A. Pannartz";"1475";"In-fol. (Hain-Copinger, *1387 ; Pellechet, 988.)";"Null";"Null"
"http://data.bnf.fr/ark:/12148/cb31461890p";"[Quaestiones de Veritate, disputatae a fratre Thoma de Aquino.]";"1475";"Colonie";"per J. Koelhoeff";"1475";"In-fol. (Hain, *1419 ; Pellechet, 1018 ; Vouillième, 1148 ; Polain, 3724.)";"Null";"Null"
"http://data.bnf.fr/ark:/12148/cb31469171d";"[Gaietani Thienensis Expositio in libros Aristotelis de Anima.]";"1475";"Patavii";"P. Maufer";"1475";"In-fol. (Hain, 15502 ; Pellechet, 4940.)";"Null";"Null"
"http://data.bnf.fr/ark:/12148/cb31468539s";"[Tibulli, Catulli Propertiique Carmina, quibus accessere Statii Sylvae.]";"1475";"Venetiis";"impensis J. de Colonia et J. Manthen";"1475";"In-fol. (Hain-Copinger, 4759 ; Dibdin, Bibliotheca Spenceriana, I, 297.)";"Null";"Null"
"http://data.bnf.fr/ark:/12148/cb314685400";"[Tibulli Elegiarum libri IV, cum commentario Bernardini Cillenii, Veronensis.]";"1475";"Romae (per G. Lauer)";"impensis G. Tibulli de Amidanis";"1475";"In-4° . (Hain-Copinger, 15522 ; Dibdin, op. cit., IV, 568.)";"Null";"Null"
"http://data.bnf.fr/ark:/12148/cb314813060";"[Johannis de Turrecremata, cardinalis Sancti Sixti vulgariter nuncupati, Explanatio in Psalterium.]";"1475";"Cracis";"Null";"1475";"In-fol. (Hain, 15692 ; K. v. Różycki, Die Inkunabeln des Druckers des Turrecremata in Krakau.)";"Null";"Null"
"http://data.bnf.fr/ark:/12148/cb314812897";"[Tractatus de aqua benedicta, editus per... Johannem de Turrecremata,...]";"1475";"(Romae,)";"per B. Guldinbeck de Sultz";"1475";"In-4° . (Hain-Copinger, *15744 ; Br. Mus., Books pr. XVth c., t. IV, p. 69.)";"Null";"Null"
"http://data.bnf.fr/ark:/12148/cb31481290f";"[Tractatus de efficacia aque benedicte, per... Johannem de Turrecremata,... compilatus...]";"1475";"(Augustae Vindelicorum";"A. Sorg";"1475";"In-fol. (Hain, *15739 ; Br. Mus., Books pr. XVth c., t. II, p. 342.)";"Null";"Null"
"http://data.bnf.fr/ark:/12148/cb31491322f";"In hoc codice continentur : Caius Suetonius Tranquillus, de XII Caesaribus";"1475";"Mediolani";"Null";"1475";"3 vol. in fol.";"Null";"Null"
"http://data.bnf.fr/ark:/12148/cb31496679f";"Summa de ecclesiastica potestate, edita a fratre Augustino de Ancona,...";"1475";"Colonie Agrippine";"apud A. Therhoernen";"1475";"In-fol. (Pellechet, 617.)";"Null";"Null"
"http://data.bnf.fr/ark:/12148/cb31508956d";"Tractatus de questionibus secundum Baldum. [Opusculum de carceribus, editum per Do. Baldum de Perusio, cum aliis tractatulis judiciis.]";"1475";"Parisius";"(, P. Bonhomme)";"1475";"In-4° . (Pellechet, 1750.)";"Null";"Null"
"http://data.bnf.fr/ark:/12148/cb31508950b";"Baldus de Ugubaldis,... Super usibus feudorum et pace Constantiʿe... emendatissimus ut si conferatur cum his qui Romę impressi sunt, procul dubio illi non Baldi sed cujusdam inepti glosatori videbitur propter corruptionem tex. et additionum quingentis in locis suis defectionem";"1475";"Parmę";"per S. Corallum de Lugduno";"1475";"In-fol. (Hain, *2318 ; Pellechet, 1741.)";"Null";"Null"
"http://data.bnf.fr/ark:/12148/cb315089254";"Lectura Bal. super secunda parte FF. V";"1475";"Exii";"Fredericus de Comitibus";"1475";"In-fol. (Hain, 2304 ; Pellechet, 1732.)";"Null";"Null"
"http://data.bnf.fr/ark:/12148/cb315147176";"[Rudimentum novitiorum.]";"1475";"In urbe Lubicana";"Lucas Brandis";"1475";"In-fol. (Hain, *4996 ; Polain, 3404 ; Br. Mus., Books pr. XVth c., II, 550.)";"Null";"Null"
"http://data.bnf.fr/ark:/12148/cb43510203j";"Commentarii in Vergilii opera";"1475";"Milano";"[imprimeur du Servius, H 14704 (= Domenico da Vespolate) pour Giovanni da Legnano et Ambrogio de’ Caimi]";"1475";"Null";"Null";"Null"
"http://data.bnf.fr/ark:/12148/cb31520435j";"Valerii Maximi Factorum et dictorum memorabilium... liber I [-IX. Accedit decimi libri Caii Titi Probi de prenomine Epithoma et tabula super Valerium de propriis nominibus]";"1475";"Parisius";"(P. Caesaris et J. Stol,)";"1475";"In-fol. (Hain, 15778.)";"Null";"Null"
"http://data.bnf.fr/ark:/12148/cb315204346";"Valerii Maximi Factorum ac dictorum memorabilium liber...";"1475";"Mediolani";"(, A. Zarotus)";"1475";"In-fol. (Hain, *15777 ; É. Maignien, Cat. des incunables de la bibliothèque de Grenoble, 576 ; Br. Mus., Books pr. XVth c., t. VI, p. 713.)";"Null";"Null"
"http://data.bnf.fr/ark:/12148/cb31522494j";"Laurencii Vallensis,... De libero arbitrio et providencia divina tractatus feliciter incipit";"1475";"(Argentorati)";"(G. Husner)";"1475";"In-fol.";"Null";"Null"
"http://data.bnf.fr/ark:/12148/cb315225010";"Facetiarum liber...";"1475";"Paris";"[atelier du Soufflet vert";"1475";"Null";"Null";"http://gallica.bnf.fr/ark:/12148/bpt6k53144m"
"http://data.bnf.fr/ark:/12148/cb315224758";"Laurentii Vallensis,... Elegantiae ad breve quoddam ac perutile redactae compendium";"1475";"Mediolani";"per P. de Lavagnia";"1475";"In-4° . (Hain, *63 ; Copinger, 5937 ; Gesamtkatalog der Wiegendrucke, 168.)";"Null";"Null"
"http://data.bnf.fr/ark:/12148/cb31522446p";"Laurentii Vallae,... de Romani sermonis elegantia liber primus [-sextus]";"1475";"Romae";"A. Pannartz";"1475";"In-fol. (Hain-Copinger-Reichling, 15804 ; Br. Mus., Books pr. XVth c., t. IV, p. 61.)";"Null";"Null"
"http://data.bnf.fr/ark:/12148/cb315529549";"Vegetius. De Re militari. In vulgari. Dem wolgebornen Herren Herren Johansen Graven von Lupffen, Landgraven zu Stielingen und Herren zu Hewen Embeut, ich Ludwig Hohenwanng von Tal Elchingen gehorsam mit Diensten";"1475";"(Augsbourg";"J. Wiener";"1475";"In-fol., pl. gr. s. bois coloriées. (*Hain, 15916 ; Polain, 3912 ; Br. Mus., Books pr. XVth c., II, 357.)";"Null";"Null"
"http://data.bnf.fr/ark:/12148/cb31553011s";"Mafei Veggii,... De morte Astyanactis";"1475";"Callii";"[R. de Fano et B. de Bergamo]";"1475";"390 p.";"Null";"Null"
"http://data.bnf.fr/ark:/12148/cb315593201";"[Petri Pauli Vergerii,...] Ad Ubertinum Carariensem de Ingenuis moribus opus preclarissimum. [Accedunt : Basilii Magni de Legendis antiquorum libris opusculum, latine Leonardo Bruni Aretino interprete ; Xenophontis de Tirannide ; Plutarchi de Liberis educandis, latine Guarino Veronense interprete ; Hieronymi Sancti de Officiis liberorum erga parentes brevis admonitio]";"1475";"[Padova";"Domenico Siliprandi";"1475";"Null";"Null";"Null"
"http://data.bnf.fr/ark:/12148/cb31559321c";"In isto volumine duo sunt egregiissimi rarissimique tractatus, scilicet Petri Pauli Vergerii [de Ingenuis moribus] et Basilii Magni [Ad nepotes quo pacto gentilium libros legere christianos oporteat] per Leonardum Aretinum de greco in latinum... translatus... [Accedit : Leonardi Aretini In libros morales Aristotilis ysagogicus ad Galeotum liber.]";"1475";"(Lovanii";"J. de Westfalia";"1475";"In-4° . (Hain, 15984 ; Campbell, 1724 ; Br. Mus., Books pr. XVth c., t. IX, p. 138.)";"Null";"Null"
"http://data.bnf.fr/ark:/12148/cb438116638";"Explicit Po[n]tificalis liber";"1475";"Null";"Null";"Null";"Null";"Null";"Null"
"http://data.bnf.fr/ark:/12148/cb31587758z";"Mirabile opusculum sancti Vincentii,... de fine mundi...";"1475";"(S. l.,)";"Null";"1475";"In-4° , car. goth. (Hain, 7018 ; Br. Mus., Cat. of books pr. XVth c., t. VI, p. 884 ; Polain, t. IV, n  3950.)";"Null";"Null"
"http://data.bnf.fr/ark:/12148/cb31588549p";"[Constitutiones et confirmationes constitutionum et capitulorum regni Siciliae.]";"1475";"Neapoli";"Null";"1475";"In-fol. (Hain, 5665 ; Pellechet, 3952.)";"Null";"Null"
"http://data.bnf.fr/ark:/12148/cb315913489";"[Publii Virgilii Maronis Opera.]";"1475";"Mediolani";"ab A. Zarotho";"1475";"In-fol. (Copinger, 6017 et 23 ; Mambelli, 25 ; Goff, p. 622, V-159.)";"Null";"Null"
"http://data.bnf.fr/ark:/12148/cb31591349n";"[P. Virgilii Maronis Opera.]";"1475";"Venetiis";"per N. Jenson";"1475";"In-fol. (Copinger, 6015 et *21 ; Br. Mus., Books pr. XVth c., t. V, p. 175 ; Mambelli, 27 ; Goff, p. 622, V-158.)";"Null";"Null"
"http://data.bnf.fr/ark:/12148/cb31591355k";"[Omnia... quae Virgilius composuit, una cum Servii Honorati commentariis.]";"1475";"Venetiis";"per J. Rubeum";"1475";"In-fol.";"Null";"Null"
"http://data.bnf.fr/ark:/12148/cb31591347z";"[Publii Virgilii Maronis Opera.]";"1475";"Mutine";"per J. Vurster de Campidona";"1475";"In-fol. (Copinger, 6016 et *22 ; Br. Mus., Books pr. XVth c., t. VII, p. 1059 ; Mambelli, 23.)";"Null";"Null"
"http://data.bnf.fr/ark:/12148/cb315918987";"[Bucolicorum, Georgicorum et quorumdam tractatulorum opus Virgilii.]";"1475";"Lovanii";"J. de Paderborne";"1475";"In-fol., effigie de l'imprimeur à la fin. (Copinger, 6084 et 91 ; Campbell, 1731 ; Mambelli, 584.)";"Null";"Null"
"http://data.bnf.fr/ark:/12148/cb316068962";"Legenda aurea per fratrem Jacobum de Voragine";"1475";"Toulouse";"Johann Parix";"1475";"[366] ff.";"Null";"http://gallica.bnf.fr/ark:/12148/bpt6k858662q"
"http://data.bnf.fr/ark:/12148/cb316068722";"[Legendae sanctorum quas compilavit frater Jacobus Januensis natione.]";"1475";"Parisius";"per U. Gering, M. Cranz et M. Friburger";"1475";"In-fol. (A. Claudin, Histoire de l'imprimerie en France au XVe et au XVIe siècle, t. I, p. 79 ; Copinger, 6409 ; Br. Mus., Books pr. XVth c., t. VIII, p. 7 ; Goff, J-83.)";"Null";"http://gallica.bnf.fr/ark:/12148/btv1b8604262k"
"http://data.bnf.fr/ark:/12148/cb316069710";"Legende de tutti li sancti et le sancte della Romana sedia acceptati et honorati [, raccolti da Jacobus de Voragine]";"1475";"Venetia";"N. Jenson";"1475";"In-fol.";"Null";"Null"
"http://data.bnf.fr/ark:/12148/cb31617169p";"Galensis Summa... Summa collectionum alio nomine, sive Communiloquium vocitata...";"1475";"(Augustae,)";"Ab A. Sorg opidanum Augustensem (sic)";"1475";"In-fol. (Hain, *7442 ; Br. Mus., Books pr. XVth c., t. II, p. 342 ; Polain, 2281.)";"Null";"Null"
"http://data.bnf.fr/ark:/12148/cc622267";"Psalterium ad usum Fratrum Minorum
        , dit
        
          Psautier-hymnaire de Ferdinand I
          
        .
      er
          d'Aragon";"1475";"Null";"Null";"Null";"I + 282 ff.";"Null";"http://gallica.bnf.fr/ark:/12148/btv1b8452656h"
"http://data.bnf.fr/ark:/12148/cc57418f";"Historia ecclesiastica";"1475";"Null";"Null";"Null";"195 ff. foliotés 1-194 plus f. 186 bis à longues lignes";"Null";"http://gallica.bnf.fr/ark:/12148/btv1b8446963n"
"http://data.bnf.fr/ark:/12148/cb317420183";"De civitate Dei. - (A la fin :) Aurelii Augustini opus de civita//te Dei feliciter explicit, confectum Vene//tiis ab egregio et diligenti magistro Ni//colao Jenson gallico, Petro Mozenicho // principe, anno a nativitate Domini mile//simo quadringentesimo septuagesimo // quinto, sexto nonas octobres";"1475";"Venise";"Null";"1475";"Null";"Null";"Null"
"http://data.bnf.fr/ark:/12148/cb31770176p";"Summa preceptorum ad eam partem compositionis pertinentium que ad ordinem et collacionem spectant";"1475";"[Paris";"atelier du Soufflet vert";"1475";"[6] ff.";"Null";"http://gallica.bnf.fr/ark:/12148/bpt6k71135k"
"http://data.bnf.fr/ark:/12148/cb317829935";"Epistolae familiares";"1475";"[Napoli]";"[Sixtus Riessinger]";"1475";"Null";"Null";"Null"
"http://data.bnf.fr/ark:/12148/cb318009680";"Incipiunt meditaciones beati Bernardi - 'A la fin' : Expliciunt meditaciones beati Bernardi, seu liber de contemplacione : Deo gracias";"1475";"[Paris";"atelier du Soufflet vert";"1475";"26 ff.";"Null";"Null"
"http://data.bnf.fr/ark:/12148/cb318429956";"Tractatus de pluritate beneficiarum ecclesiasticarum...";"1475";"S. l. [Lovanii] ";"Null";"1475";"Null";"Null";"Null"
"http://data.bnf.fr/ark:/12148/cb31889748n";"[Laurentii Vallae Compendium elegantiarum, edente Bono Accursio pisano.]";"1475";"(Paris, au Soleil d'or";"Null";"1475";"Null";"Null";"Null"
"http://data.bnf.fr/ark:/12148/cb31906225d";"[Roberti Caraccioli Sermones quadragesimales.]";"1475";"(Mantua, J. Schall";"Null";"1475";"Null";"Null";"Null"
"http://data.bnf.fr/ark:/12148/cb32087786g";"Sermones aurei de sanctis,... (cum tabula)";"1475";"Ulm";"Null";"1475";"Null";"Null";"Null"
"http://data.bnf.fr/ark:/12148/cb32546920w";"Factorum et dictorum memorabilium...";"1475";"Parisius";"Null";"1475";"Null";"Null";"Null"
"http://data.bnf.fr/ark:/12148/cb32582337t";"[Opera philosophica et Epistolae.]";"1475";"Neapoli";"Null";"1475";"Null";"Null";"Null"
"http://data.bnf.fr/ark:/12148/cb326707033";"Compendiosum scriptum Psalterii intentionem declarans";"1475";"(Coloniae, Johann Schilling";"Null";"1475";"Null";"Null";"Null"
"http://data.bnf.fr/ark:/12148/cb33246951s";"Ars moriendi « Quamvis secundum philosophum … »";"1475";"[Allemagne du Sud (Ulm ?)";"Ludwig von Ulm ?";"1475";"24 ff.";"Null";"http://gallica.bnf.fr/ark:/12148/bpt6k1040408z"
"http://data.bnf.fr/ark:/12148/cb333372396";"Débat entre trois valeureux princes";"1475";"[Bruges";"Colard Mansion";"1475";"Null";"Null";"http://gallica.bnf.fr/ark:/12148/bpt6k1075206t"
"http://data.bnf.fr/ark:/12148/cb33351671r";"Disputacio inter clericum et militem : [suivi de:] Compendium de vita Antichristi";"1475";"[Köln]";"[Goswin Gops]";"1475";"In-4°. Pièce";"Null";"Null"
"http://data.bnf.fr/ark:/12148/cb33351673f";"Disputacio inter clericum et militem : [suivi de:] Compendium de vita Antichristi";"1475";"[Köln]";"[Goswin Gops]";"1475";"In-4°. Pièce";"Null";"Null"
"http://data.bnf.fr/ark:/12148/cb33351674s";"Disputacio inter clericum et militem : [suivi de:] Compendium de vita Antichristi";"1475";"[Köln]";"[Goswin Gops]";"1475";"In-4°. Pièce";"Null";"Null"
"http://data.bnf.fr/ark:/12148/cb33381403b";"Vitae patrum. - Casellis, 1475, in-fol.";"1475";"Null";"Null";"Null";"Null";"Null";"Null"
"http://data.bnf.fr/ark:/12148/cb335929819";"Rudimentum novitiorum. - [Martyrologium]";"1475";"Lübeck";"Lucas Brandis";"1475";"2°, ill.";"Null";"Null"
"http://data.bnf.fr/ark:/12148/cb336128430";"Statuta civitatis Veronae";"1475";"Vicence";"Null";"1475";"In-fol.";"Null";"Null"
"http://data.bnf.fr/ark:/12148/cb33612842n";"Statuta civitatis Veronae";"1475";"Vicence";"Null";"1475";"In-fol.";"Null";"Null"
"http://data.bnf.fr/ark:/12148/cb33613104d";"Statuta Veronae. In nomine [...]";"1475";"[S. l. ?]";"Null";"1475";"Vol. in-f°";"Null";"Null"
"http://data.bnf.fr/ark:/12148/cb33627825g";"Tractatus de judaeorum et christianorum communione et conversatiōne";"1475";"Null";"Null";"1475";"In-fol.";"Null";"Null"
"http://data.bnf.fr/ark:/12148/cb33769410t";"Cōclusiones sive decisiones an=//tique dn̄o@ audito@ de rota. - (à la fin :) Anno dn̄i. Mccccl xxvij. pridie nonis // Januariis... Romanā post impressionem // opus iterū emēdatū :... In civitate Magunti//na... Petrus Schoyffer de Gerns//heym... finivit";"1475";"[Mayence";"Schoeffer, petrus, de Gernsheym";"1475";"In-fol.";"Null";"Null"
"http://data.bnf.fr/ark:/12148/cb35951138v";"[Sans titre]";"1475";"Null";"Null";"Null";"[481] f.";"Null";"Null"
"http://data.bnf.fr/ark:/12148/cb35951143f";"[Sans titre]";"1475";"Null";"Null";"1475";"2 parties";"Null";"Null"
"http://data.bnf.fr/ark:/12148/cb359511396";"[Sans titre]";"1475";"Null";"Null";"Null";"[458] f.";"Null";"Null"
"http://data.bnf.fr/ark:/12148/cb35951141r";"[Sans titre]";"1475";"Null";"Null";"Null";"[288 + 108] f.";"Null";"Null"
"http://data.bnf.fr/ark:/12148/cb35951108x";"[Sans titre]";"1475";"Null";"Null";"1475";"[456] f.";"Null";"Null"
"http://data.bnf.fr/ark:/12148/cb35951140d";"[Sans titre]";"1475";"Null";"Null";"1475";"[460] f.";"Null";"Null"
"http://data.bnf.fr/ark:/12148/cb359511423";"[Sans titre]";"1475";"Null";"Null";"Null";"[455] f.";"Null";"Null"
