id;title;date;place;publisher;firstyear;description;subject;gallica
"http://data.bnf.fr/ark:/12148/cc13036q/ca59795749107633";"Loyson, Paul-Hyacinthe";"0110";"Null";"Null";"Null";"2 lettres";"Null";"Null"
"http://data.bnf.fr/ark:/12148/cc13036q/ca59795760635643";"Leconte, Sébastien-Charles";"0110";"Null";"Null";"Null";"2 lettres";"Null";"Null"
"http://data.bnf.fr/ark:/12148/cc13036q/ca59801271458847";"Gleize, Lucien";"0110";"Null";"Null";"Null";"1 lettre";"Null";"Null"
"http://data.bnf.fr/ark:/12148/cc13036q/ca59800071776038";"Harvitt, Hélène";"0110";"Null";"Null";"Null";"1 lettre";"Null";"Null"
"http://data.bnf.fr/ark:/12148/cc13036q/ca59796361311961";"Koch, Ursula (?)";"0110";"Null";"Null";"Null";"1 lettre";"Null";"Null"
"http://data.bnf.fr/ark:/12148/cc13036q/ca59798412865550";"Karsenty, Marcel";"0110";"Null";"Null";"Null";"1 lettre";"Null";"Null"
"http://data.bnf.fr/ark:/12148/cc98705k/ca59812336486865";"Ehrenbourg, Ilya";"0110";"Null";"Null";"Null";"Null";"Null";"Null"
"http://data.bnf.fr/ark:/12148/cc98705k/ca59812679785307";"Kotalik, Jiri";"0110";"Null";"Null";"Null";"Null";"Null";"Null"
"http://data.bnf.fr/ark:/12148/cc573082/ca59878860175505";"Zay, Jean";"0110";"Null";"Null";"Null";"2 f.";"Null";"Null"
"http://data.bnf.fr/ark:/12148/cc127939/ca59799988168729";"BALLU, Camille.";"0110";"Null";"Null";"Null";"Null";"Null";"Null"