id;title;date;place;publisher;firstyear;description;subject;gallica
"http://data.bnf.fr/ark:/12148/cb406780404";"Portulans";"1400";"[S.l.]";"[s.n.]";"1400";"Null";"Null";"Null"
"http://data.bnf.fr/ark:/12148/cb40698662h";"Portulans : reproduct. photogr.";"1400";"[S.l.]";"[s.n.]";"1400";"Null";"Null";"Null"
"http://data.bnf.fr/ark:/12148/cc34814j";"Breviari d'Amor";"1400";"Null";"Null";"Null";"215 feuillets précédés d'une garde. Foliotation du XV
          e
          siècle en chiffres arabes à l’encre rouge";"Null";"http://gallica.bnf.fr/ark:/12148/btv1b8438673b"
"http://data.bnf.fr/ark:/12148/cc80667";"Bernard de Gordon. Recueil de traités médicaux";"1400";"Null";"Null";"Null";"Null";"http://data.bnf.fr/ark:/12148/cb11933390t";"http://gallica.bnf.fr/ark:/12148/btv1b10539515m"
"http://data.bnf.fr/ark:/12148/cb33715475d";"Arrêt du parlement de Paris, entre Jeanne de Tournon, fille de Jacques I, et Guillaume IV, son oncle";"1400";"(S. l. n. d.)";"Null";"1400";"In-fol.";"Null";"Null"
"http://data.bnf.fr/ark:/12148/cb338100878";"Ordonnance portant que tous les receveurs et vicomtes donneront cautions avant que d'estre reçus, même ceux qui auroient esté reçus cy-devant";"1400";"(S. l. n. d.)";"Null";"1400";"In-4°, 2 p.";"Null";"Null"
