id;title;date;place;publisher;firstyear;description;subject;gallica
"http://data.bnf.fr/ark:/12148/cc51143h/cd0e324";"22 Lettres du roi Jean, qui octroie aux habitants d'Auxonne la faculté d'élire leur maire, avec quatre échevins, 1363.";"1363";"Null";"Null";"Null";"Null";"Null";"Null"
"http://data.bnf.fr/ark:/12148/cc100875z";"39 n° (40 à 78) pour 41 pièces. Anjou.";"1363";"Null";"Null";"Null";"Null";"Null";"Null"
"http://data.bnf.fr/ark:/12148/cc31261d/cd0e84";"Ṣad kalame";"1363";"Null";"Null";"Null";"Null";"Null";"Null"
"http://data.bnf.fr/ark:/12148/cb33849740b";"Litterae regis, quibus procuratori generali mandatur quatenus omnes et singulae causae Sacro-Sanctam Capellam tangentas in parlamento parisiensi defendere et sustinere faciat, nec non et easdem prosequatur, et thesaurario et canonicis ve adjungat. Datum in domo S. Andonii, die vigesima tertia julii 1363";"1363";"[S. l. n. d. ?]";"Null";"1363";"Manuscrit, in-fol";"Null";"Null"
