id;title;date;place;publisher;firstyear;description;subject;gallica
"http://data.bnf.fr/ark:/12148/cb30000469f";"Liber isagogicus Abdilazi seu Alchabitii de planetarum conjunctionibus. Latine vertit Joannes Hispalensis";"1482";"Venetiis";"impressit E. Rātdolt";"1482";"In-4° . Car. goth. (Hain, *616)";"Null";"Null"
"http://data.bnf.fr/ark:/12148/cb300044818";"Aegidii Romani in secundum librum Sententiarum";"1482";"Venetiis";"apud Lucam Venetum";"1482";"In-fol. (Hain, *127.)";"Null";"Null"
"http://data.bnf.fr/ark:/12148/cb300044980";"Aegidii Romani de Regimine principum libri III";"1482";"Romae";"per S. Plannck";"1482";"In-fol. (Hain, *108.)";"Null";"Null"
"http://data.bnf.fr/ark:/12148/cb30007536f";"Secreta mulierum ac virorum, ab Alberto Magno composita, cum commento";"1482";"[Ulm";"Johann Zainer";"1482";"[76] ff.";"Null";"Null"
"http://data.bnf.fr/ark:/12148/cb30007554c";"Alberti Magni Liber Aggregationis, seu Secretorum de virtutibus herbarum et animalium quorundam. Ejusdem de mirabilibus mundi seu de secretis naturae et alia opuscula";"1482";"Bologna";"Petrus de Heydelberga";"1482";"[30] ff.";"Null";"Null"
"http://data.bnf.fr/ark:/12148/cb300195949";"Historiae romanae decades";"1482";"Tarvisii";"Null";"1482";"In-fol. (Hain, *10135.)";"Null";"Null"
"http://data.bnf.fr/ark:/12148/cb30019565q";"Hieronymianus Johannis Andreae, in quo sancti Hieronymi vitam, facta, dicta atque prodigia perscrutatus est";"1482";"[Köln";"Konrad Winters]";"1482";"Null";"Null";"Null"
"http://data.bnf.fr/ark:/12148/cb300230800";"S. Antonini, archiepiscopi Florentini, confessionale, aliter dictum Defecerunt, seu summula confessionis, seu tractatus de instructione simplicium confessorum";"1482";"Venetiis";"impendio A. de Strata";"1482";"In-4° . (Pellechet, 845.)";"Null";"Null"
"http://data.bnf.fr/ark:/12148/cb30027610f";"Aristotelis opera de Naturali philosophia";"1482";"Venetiis";"per Philippum Venetum";"1482";"In-fol. (Pellechet, 1194.)";"Null";"Null"
"http://data.bnf.fr/ark:/12148/cb30029419g";"Tractat Arnoldi de Nova Villa von Bewarung und Beraitung der Wein (in Deutsch gebrächt durch Wilhelm von Hirnnkofen genannt Renwart)";"1482";"(Argentinae";"typ. M. Schott";"1482";"In-fol. (Pellechet, 1318.)";"Null";"Null"
"http://data.bnf.fr/ark:/12148/cb30033977s";"D. Athanasii libri contra Arrianos et contra gentiles. Latine vertit Omnibonus Leonicenus. Ediderunt Petrus Brutus, episcopus Catharensis, et Barnabas Celsanus";"1482";"Vicentiae";"impressum a Leonardo Basilensi";"1482";"In-fol. (Pellechet, 1413.)";"Null";"Null"
"http://data.bnf.fr/ark:/12148/cb300390036";"Divi Aurelii Augustini de Consensu Evangelistarum";"1482";"Lovanii";"J. de Westphalia.)";"1482";"In-fol. (Pellechet, 1493.)";"Null";"Null"
"http://data.bnf.fr/ark:/12148/cb300391593";"Divi Aurelii Augustini de Moribus Ecclesiae catholicae";"1482";"(Coloniae";"per B. de Unckel";"1482";"In-4° . (Pellechet, 1591.)";"Null";"Null"
"http://data.bnf.fr/ark:/12148/cb300388840";"D. Aurelii Augustini Confessionum libri XIII";"1482";"(Coloniae.)";"Null";"1482";"In-4° . (Pellechet, 1538.)";"Null";"Null"
"http://data.bnf.fr/ark:/12148/cb30043454z";"Summa super novem libris Codicis et quatuor Institutionum";"1482";"Spire";"Null";"1482";"In-fol. (Pellechet, 1679.)";"Null";"Null"
"http://data.bnf.fr/ark:/12148/cb30062203p";"De Proprietatibus rerum fratris Bartholomaei Anglici, de Ordine Fratrum minorum";"1482";"[Lyon";"Nicolaus Philippi et Marcus Reinhart]";"1482";"Null";"Null";"Null"
"http://data.bnf.fr/ark:/12148/cb30062202b";"De Proprietatibus rerum fratris Bartholomaei Anglici, de Ordine Fratrum minorum";"1482";"[Lyon]";"Pierre Hongre";"1482";"Null";"Null";"Null"
"http://data.bnf.fr/ark:/12148/cb30062212n";"Le Propriétaire en françoys, par Barthélemy de Glanville. Traduction de Jean Corbichon, revue par Pierre Ferget";"1482";"Lyon";"Matthias Huss";"1482";"Null";"Null";"Null"
"http://data.bnf.fr/ark:/12148/cb300635012";"Gasparini Pergamensis epistolae";"1482";"Reutlingae";"J. Otmar";"1482";"In-4° . (Pellechet, 1978.)";"Null";"Null"
"http://data.bnf.fr/ark:/12148/cb30063500q";"Gasparini Pergamensis epistolae";"1482";"(Lovanii";"J. de Westphalia.)";"1482";"In-4° . (Pellechet, 1976.)";"Null";"Null"
"http://data.bnf.fr/ark:/12148/cb300855567";"Consilia medica Ugonis Bencii, a Laurentio de Gozadinis correcta";"1482";"(Bononiae,)";"Null";"1482";"In-fol. (Hain, *9020.)";"Null";"Null"
"http://data.bnf.fr/ark:/12148/cb30089861m";"Florum S. Bernardi nobiliorum libri X (auctore Guillelmo, S. Martini Tornacensis monacho). De quibusdam sermonibus venerabilis patris Bernardi";"1482";"Köln";"Johannes Koelhoff der Ältere";"1482";"[162] ff. signés .j.6, a-q8, r-s6, t-v8, le premier, le septième et le dernier blancs";"Null";"Null"
"http://data.bnf.fr/ark:/12148/cb30089482g";"Geographia di Francesco Berlinghieri,...";"1482";"Firenze";"Nicolò di Lorenzo";"1482";"Null";"Null";"Null"
"http://data.bnf.fr/ark:/12148/cb30092779x";"Annotationes in Commentarios Servii in Virgilium";"1482";"Bononiae";"per H. de Colonia";"1482";"In-4° . (Pellechet, 2207.)";"Null";"Null"
"http://data.bnf.fr/ark:/12148/cb301183951";"De Disciplina scholarium. M. CCCC. LXXXII";"1482";"(Toulouse";"Jean Parix,)";"1482";"In-fol. (Pellechet, 2553.)";"Null";"Null"
"http://data.bnf.fr/ark:/12148/cb30118279h";"Boetii de consolatione philosophiae, cum commento sancti Thome";"1482";"Coloniae";"Johann Koelhoff";"1482";"In-fol. (Pellechet, 2518.)";"Null";"Null"
"http://data.bnf.fr/ark:/12148/cb301265165";"Liber sextus Decretalium Bonifacii Papae VIII, cum novellis et declararatione Joannis Andreae de arboribus consanguinitatis et affinitatis. Clementinae ac Extravagantes";"1482";"Mediolani";"per J. A. de Honate, impensis Petri An. de Castelliono et Ambrosii de Caymis";"1482";"In-fol. (Hain, *3602 et 5429.)";"Null";"Null"
"http://data.bnf.fr/ark:/12148/cb301701488";"Historii von einer edlen jungen Frawen Sigismunda genanntt... und von ihrem Liebhaber Gwysgardo geuanntt (sic), von L. Aretin";"1482";"Augspurg";"Johannes Baemler";"1482";"In-fol. (Pellechet, 1137.)";"Null";"Null"
"http://data.bnf.fr/ark:/12148/cb30186054k";"P. Ovidii Nasonis Heroides";"1482";"Venetiis";"[T. de Alexandria]";"1482";"[160] p.";"Null";"http://gallica.bnf.fr/ark:/12148/bpt6k5421161v"
"http://data.bnf.fr/ark:/12148/cb301950040";"Quadragesimale di fra Ruberto (Caraccioli)";"1482";"Venetia";"per Thomaso de Alexandria";"1482";"In-fol. (Hain, 4451.)";"Null";"Null"
"http://data.bnf.fr/ark:/12148/cb30195012m";"Roberti Caraccioli de Licio sermones quadragesimales de Adventu et de timore Dei, cum quibusdam aliis annexis";"1482";"Venetiis";"per Octavianum Scotum Modoctiensem";"1482";"In-4° . (Hain, 4463.)";"Null";"Null"
"http://data.bnf.fr/ark:/12148/cb30201598w";"Sermo in die Omnium Sanctorum, in capella domini nostri Sixti pape Quarti, astante Sanctitate Sua et sacro cetu cardinalium, habitus per reverendum dominum Bernardinum Carvajal, arcium et theologie professorem, anno salutis millesimo quadringentesimo octuagesimo secundo, intestinis bellis universa pene Italia laborante";"1482";"(Romae";"Null";"1482";"In-4° . (Hain, 4548.)";"Null";"Null"
"http://data.bnf.fr/ark:/12148/cb30213392z";"Caesaris Commentarii de bello Gallico et de bello civili. Auli Hirtii libri de bello Alexandrino, de bello Africo et de bello Hispaniensi. Index commentariorum a Raimundo Marliano inventum. Edente Hieronymo Bononio";"1482";"Venetiis";"Null";"1482";"In-fol. (Pellechet, 3145.)";"Null";"Null"
"http://data.bnf.fr/ark:/12148/cb30242975d";"M. T. Ciceronis Epistolae ad familiares. Edidit Petrus Justinus Philelfus";"1482";"Mediolani";"J. Legnanus opera sua imprimi curavit per A. Zarotum";"1482";"In-fol. (Pellechet, 3606.)";"Null";"Null"
"http://data.bnf.fr/ark:/12148/cb302429742";"M. T. Ciceronis Epistolae ad familiares, cum Huberti clerici Crescentinatis commento";"1482";"Venetiis";"per B. de Tortis";"1482";"In-fol. (Hain, 15189.)";"Null";"Null"
"http://data.bnf.fr/ark:/12148/cb302436943";"M. T. Ciceronis orationes : pro lege Manilia, pro Archia, pro Ligario, pro Marcello, de Lege agraria tertia, ad Senatum post reditum";"1482";"[Paris. - Louis Martineau";"Null";"1482";"Null";"Null";"Null"
"http://data.bnf.fr/ark:/12148/cb30243244f";"M. Tullii Ciceronis de Officiis libri, cum Omniboni Leoniceni commento ; de Senectute dialogus, cum Martini Philetici commento ; Paradoxa, cum anonymi commento";"1482";"[Venezia";"imprimeur du Columella (GW 7186)] pour Antonio Moretti";"1482";"Null";"Null";"Null"
"http://data.bnf.fr/ark:/12148/cb30247678t";"Cl. Claudiani Carmina, edidit Barnabas Celsanus";"1482";"Vicentia";"impressit Jacobus Dusensis";"1482";"In-fol. (Pellechet, 3801.)";"Null";"Null"
"http://data.bnf.fr/ark:/12148/cb302491767";"Clementis papae V Constitutiones ; decretales extravagantes, una cum apparatu Johannis Andreae";"1482";"Mediolani";"per J. A. de Honate, pro Petro de Castelliono et Ambrosio de Caynis";"1482";"In-fol. (Pellechet, 2747.)";"Null";"Null"
"http://data.bnf.fr/ark:/12148/cb30324393x";"Speculum aureum animae peccatricis, auctore Dionysio Carthusiano";"1482";"[Metz";"Johannes Colini et Gerhard von Neustadt]";"1482";"Null";"Null";"Null"
"http://data.bnf.fr/ark:/12148/cb30347644p";"Aelii Donati ars minor";"1482";"[Nürnberg]";"Friedrich Creussner";"1482";"Null";"Null";"Null"
"http://data.bnf.fr/ark:/12148/cb30349613w";"Postillae...";"1482";"Argentine";"Null";"1482";"4 vol. in-fol. (Hain, *3169.)";"Null";"Null"
"http://data.bnf.fr/ark:/12148/cb304060475";"Esopi vita et fabulae, latinae factae a Rinuntio";"1482";"[Roma";"Eucharius Silber";"1482";"Null";"Null";"Null"
"http://data.bnf.fr/ark:/12148/cb30409419r";"[Elementa geometriae Euclidis, latine, cum annotationibus Campani Novariensis]";"1482";"Venezia";"Erhard Ratdolt";"1482";"Ill.";"Null";"Null"
"http://data.bnf.fr/ark:/12148/cb30434295q";"Platonica theologia";"1482";"Florentiae";"A. Miscomini";"1482";"In-4° . (Pellechet, 4793.)";"Null";"Null"
"http://data.bnf.fr/ark:/12148/cb30493430p";"Oratio habita in sinodo argentoratensi in praesentia episcopi et cleri, anno millesimo CCCC. LXXXII, feria quinta post dominicam Quasi modo, per doctorem Johannem Geiler de Keisersperg";"1482";"[Strasbourg";"Heinrich Eggestein";"1482";"[6] ff.";"Null";"Null"
"http://data.bnf.fr/ark:/12148/cb305015465";"Johan Gerson. Der Menschen Salicheit";"1482";"Delft";"[Jacob Jacobszoon Van der Meer]";"1482";"[44] ff. signés a-d8, e-f6";"Null";"Null"
"http://data.bnf.fr/ark:/12148/cb30501539w";"Livre de Jehan Gerson, appelé en latin : Opus tripartitum, en français : Un livre de trois parties, c'est assavoir des commandements de Notre Seigneur, de confession et de la science de bien mourir";"1482";"[Genève";"Louis Cruse";"1482";"[40] ff. non signés[a-e]8, le 1er f. blanc";"Null";"Null"
"http://data.bnf.fr/ark:/12148/cb30538093m";"Libri pastoralis beati Gregorii pape ...";"1482";"[Köln";"Konrad Winters]";"1482";"[108] ff. signés a-k8, l6, m-n8, o6, le f. a1 blanc";"Null";"Null"
"http://data.bnf.fr/ark:/12148/cb30539025c";"Gregorii Ariminensis Lectura super primum librum Sententiarum [Guilielmi Militis diligentia emendata]";"1482";"Paris";"[Louis Martineau]";"1482";"[332] ff. signés A10, B-X8, y-z8, τ8, c[renversé]10, a-n8, o-p6, q4, r6, [s]2";"Null";"Null"
"http://data.bnf.fr/ark:/12148/cb30548864f";"Ars diphthongandi Guarini Veronensis. Item compendiosus dialogus de arte punctandi [auctore Johanne de Lapide]. Item tractatus utilis de accentu. Item breviloquus vocabularius [auctore J. Reuchlin]";"1482";"Lugduni";"P. Ungarus";"1482";"In-fol. (Copinger, 6289.)";"Null";"Null"
"http://data.bnf.fr/ark:/12148/cb305488633";"Ars diphthongandi Guarini Veronensis. Item compendiosus dialogus de arte punctandi [auctore Johanne de Lapide]. Item tractatus utilis de accentu. Item breviloquus vocabularius [auctore J. Reuchlin]";"1482";"Basileae";"(J. de Amerbach)";"1482";"In-fol. (Copinger, 6288.)";"Null";"Null"
"http://data.bnf.fr/ark:/12148/cb30557496x";"Fol. 1 r° : [V]itam bonam et exitum beatum. Ego frater Gwillermus, sacre theologie professor minimus Parisius...  - A la fin : Postille super evangelia dominicalia et de sanctis... Impresse anno salutis millesimoquadringentsimooctuagesimo secundo decimosexto Kal'. Augusti: finiunt feliciter in sancta Colonia...";"1482";"Köln";"[Ulrich Zell]";"1482";"126 ff. foliotés et signés a-p8, q6, le dernier blanc";"Null";"Null"
"http://data.bnf.fr/ark:/12148/cb36816086s";"Incipit agenda. Et primo dñicis diebus ad aspergendu...";"1482";"(S. l.)";"Null";"1482";"In-fol., gr., mus.";"Null";"Null"
"http://data.bnf.fr/ark:/12148/cb36817416z";"(Missale Carnotense.)";"1482";"Carnoti";"J. Dupré";"1482";"In-fol.";"Null";"Null"
"http://data.bnf.fr/ark:/12148/cb36820171s";"[Psalterium cum canticis et litaniis.]";"1482";"Köln";"Konrad Winters";"1482";"4 °, 126 ff.";"Null";"Null"
"http://data.bnf.fr/ark:/12148/cb36821221r";"[Missale.]";"1482";"(S. l. n. d.)";"Null";"1482";"In-8 °, 205 ff. à 2 col., car. goth., 35 lignes,";"Null";"Null"
"http://data.bnf.fr/ark:/12148/cb36821224s";"Missale Romanum";"1482";"Venezia";"Ottaviano Scoto";"1482";"4 °, musique";"Null";"Null"
"http://data.bnf.fr/ark:/12148/cb36823113b";"Auslegung der heiligen Messe";"1482";"[Nürnberg";"Friedrich Creussner";"1482";"2 °, ill.";"Null";"Null"
"http://data.bnf.fr/ark:/12148/cb30616423t";"Horatii Opera, cum commentariis Christophori Landini";"1482";"Florentiae";"impressum per Antonium Miscominum";"1482";"In-fol. (Hain-Copinger, 8881.)";"Null";"Null"
"http://data.bnf.fr/ark:/12148/cb306257317";"Sermones dominicales super evangelia et epistolas per totum annum";"1482";"(Strasbourg)";"Null";"1482";"In-fol. (Hain, *9003.)";"Null";"Null"
"http://data.bnf.fr/ark:/12148/cb306263274";"Hugonis de Sancto Charo Postilla super IV Evangelia";"1482";"Basileae";"per B. Richel";"1482";"In-fol. (Hain, *8975.)";"Null";"Null"
"http://data.bnf.fr/ark:/12148/cb30631813t";"Clarissimi viri Iginii Poeticon astronomicon";"1482";"Venetiis";"E. Ratdolt";"1482";"In-4° . (Hain-Copinger, *9062.)";"Null";"Null"
"http://data.bnf.fr/ark:/12148/cb306318145";"Clarissimi viri Iginii Poeticon astronomicon";"1482";"Venetiis";"E. Ratdolt";"1482";"In-4°";"Null";"Null"
"http://data.bnf.fr/ark:/12148/cb30635269r";"Liber Lotharii de vilitate conditionis humanae. - De Proprietatibus Romanorum";"1482";"Paris";"[Antoine Caillaut (et Louis Martineau ?)]";"1482";"30 ff., signés A-C8, D6";"Null";"Null"
"http://data.bnf.fr/ark:/12148/cb30636632r";"La Cronicha de sancto Isidoro Menore, con alchune adjonctioni chavate dal texto et historia della Biblia e del libro de Paulo Orosio e delle passioni delli sancti ; correcta e revista per Baptista Alexandro Jaconello,...";"1482";"Stampata in Aquila";"per Adam de Rothwil";"1482";"In-4° . (Hain, *9309.)";"Null";"Null"
"http://data.bnf.fr/ark:/12148/cb30649024d";"De Ritu et moribus Indorum";"1482";"[Strasbourg";"Heinrich Knoblochtzer";"1482";"Null";"Null";"Null"
"http://data.bnf.fr/ark:/12148/cb306493874";"Tractatus de cupiditate, auctore Johanne de Capistrano";"1482";"(Coloniae";"J. Koelhof";"1482";"In-fol. (Hain-Copinger, 4376 ; Voulliéme, 640.)";"Null";"Null"
"http://data.bnf.fr/ark:/12148/cb30650055q";"Das Buch genannt Summa confessorum Johannis Friburgensis, von Latein in Teutsch gemacht durch Berthold, Prediger Ordens";"1482";"Augustae Vindelicorum";"A. Sorg";"1482";"In-fol. (Hain, *7370.)";"Null";"Null"
"http://data.bnf.fr/ark:/12148/cb30650383s";"Liber isagogicus... de planetarum conjunctionibus";"1482";"Venetiis";"Null";"1482";"In-4° . (Pellechet, 417.)";"Null";"Null"
"http://data.bnf.fr/ark:/12148/cb30655584w";"Joannis de Sacro Bosco Sphaera mundi. Joannis de Monteregio Disputationes contra Cremonensia in planetarum theoricas deliramenta. Georgii Purbachii In motus planetarum theoricae";"1482";"(Venetiis,)";"E. Ratdolt";"1482";"In-4° . (Hain-Copinger, *14110.)";"Null";"Null"
"http://data.bnf.fr/ark:/12148/cb30670751p";"Junii Juvenalis Satirae, cum commentario Domitii Calderini et ejusdem defensione adversus Brotheum";"1482";"Venetiis";"per Baptistam de Tortis";"1482";"In-fol. (Hain, 9692.)";"Null";"Null"
"http://data.bnf.fr/ark:/12148/cb307919663";"Leonis magni, papae, Sermones et epistolae curante G. Andrea";"1482";"Null";"Null";"1482";"Null";"Null";"Null"
"http://data.bnf.fr/ark:/12148/cb30792991j";"Libri contra Arrianos et contra gentiles...";"1482";"Vicentiae";"Null";"1482";"In-fol. (Pellechet, 1413.)";"Null";"Null"
"http://data.bnf.fr/ark:/12148/cb30793002v";"Factorum dictorumque memorabilium libri IX";"1482";"Venetiis";"Null";"1482";"In-fol. (Hain-Copinger, 15786.)";"Null";"Null"
"http://data.bnf.fr/ark:/12148/cb38497142x";"[Illustrations de Le Propriétaire des choses]";"1482";"Lyon";"Mathieu Huss";"1482";"19 est. : gravures sur bois : n. et b.";"Null";"http://gallica.bnf.fr/ark:/12148/btv1b2200015s"
"http://data.bnf.fr/ark:/12148/cb30841720c";"[M. A. Lucani Pharsalia. Lucani vita, ex commentario antiquissimo.]";"1482";"[Vicenza]";"Johannes de Reno";"1482";"Null";"Null";"Null"
"http://data.bnf.fr/ark:/12148/cb308458151";"Arbor scientiae R. Lullii";"1482";"Barcelona";"Pedro Posa";"1482";"Null";"Null";"Null"
"http://data.bnf.fr/ark:/12148/cb308526091";"[Liber Macri philosophi de virtutibus herbarum.]";"1482";"Mediolani";"Antonius Zarotus Parmensis impressit";"1482";"In-4° , (Hain, 10421.)";"Null";"Null"
"http://data.bnf.fr/ark:/12148/cb30858875t";"Regimen sanitatis Magnini Mediolanensis";"1482";"Louvain";"Johannes de Westfalia";"1482";"Null";"Null";"Null"
"http://data.bnf.fr/ark:/12148/cb30879421f";"Incipit vocabularius in Mamotrectum secundum ordinem alphabeti... Prologus autoris in Mamotrectum... - la fin : Expliciunt expositiones et correctiones vocabulorum libri qui appellatur Mamotrectum... Impresse Venetiis, per Franciscum de Hailbrun et Nicholaum de Franckfordia socios...";"1482";"Venetiis";"per A. Jacobi de Catthara";"1482";"In-4° . (Hain, *10562.)";"Null";"Null"
"http://data.bnf.fr/ark:/12148/cb308929190";"Martialis Epigrammata, cum Domitii Calderini commentariis";"1482";"Venetiis";"per Thomam Alexandrinum et socios ejus";"1482";"In-fol. (Hain-Copinger, *10815.)";"Null";"Null"
"http://data.bnf.fr/ark:/12148/cb308929206";"M. Valerii Martialis Epigrammata, cum commentario Domitii Calderini";"1482";"Venetiis";"per B. de Tortis";"1482";"In-fol. (Hain-Copinger, 10816.)";"Null";"Null"
"http://data.bnf.fr/ark:/12148/cb39302520m";"Postillae Nicolai de Lyra super totam Bibliam. - Ejusdem quaestiones judaicam perfidiam in catholica fide improbantes. - Additiones Pauli burgensis et replicae Matthiae Doringk super Bibliam";"1482";"Venetiis";"per Franciscum Renner de Hailbrun";"1482";"2 vol. in-fol.";"Null";"Null"
"http://data.bnf.fr/ark:/12148/cb393062035";"Sermones Discipuli de tempore. Sermones Discipuli de sanctis. Promptuarium exemplorum. Promptuarium de miraculis Beatæ Mariæ";"1482";"Basel";"[Johann Amerbach]";"1482";"Null";"Null";"Null"
"http://data.bnf.fr/ark:/12148/cb39308704c";"Inghen Abbreviationes libri physicorum";"1482";"[Papiae]";"Null";"1482";"In-fol.";"Null";"Null"
"http://data.bnf.fr/ark:/12148/cb30926692x";"Formulae epistolarum per Karolum Viruli";"1482";"Rutlingen";"per J. Othmar";"1482";"In-4° . (Hain, 10665.)";"Null";"Null"
"http://data.bnf.fr/ark:/12148/cb31002958s";"Glosa super Apocalipsim de statu Ecclesie ab anno salutis... M. CCCC.LXXXI usque ad finem mundi et de... triumpho Christianorum in Turcos... - A la fin : Explicit opus magistri Johannis Nannis...";"1482";"Coloniae";"[Heinrich Quentell]";"1482";"In-4° et in-8°. (Hain, 1128 ; Voullième, 826.)";"Null";"Null"
"http://data.bnf.fr/ark:/12148/cb31017272t";"Praeceptorium divinae legis, seu Expositio Decalogi Johannis Nyder";"1482";"Parisiis";"Ulricus Gering";"1482";"In-4° . (Hain-Copinger, 11794.)";"Null";"Null"
"http://data.bnf.fr/ark:/12148/cb31031187j";"Expositio in Aristotelis Ethicam...";"1482";"Brixie";"Null";"1482";"Null";"Null";"Null"
"http://data.bnf.fr/ark:/12148/cb31067957w";"Homiliarius doctorum...";"1482";"Spire";"Null";"1482";"In-fol. (Hain-Copinger, 8790.)";"Null";"Null"
"http://data.bnf.fr/ark:/12148/cb310698422";"Relatio Johannis Francisci de Pavinis circa canonizationem beati Bonaventure. - Oratio in vitam et merita divi Bonaventure, per insignem juris utriusque doctorem dominum Octavianum [de Martinis], sacri palacii apostolici advocatum consistorialem. - Sermo magistri Roberti de laudibus sancti Bonaventure, ordinis Minorum. - Bulla canonizationis Sixti pape quarti";"1482";"(S. l. n. d.";"Null";"1482";"In-4° . (Hain, n  12531.)";"Null";"Null"
"http://data.bnf.fr/ark:/12148/cb310885939";"Auli Persii Flacci Satirarum opus";"1482";"Venetiis";"per B. de Tortis";"1482";"[56] p.";"Null";"http://gallica.bnf.fr/ark:/12148/bpt6k5421212q"
"http://data.bnf.fr/ark:/12148/cb31088594n";"Auli Persii Flacci Satirarum opus, cum commentario Bartholomaei Fontii, et cum Vita Persii ab eodem";"1482";"Venetiis";"per Renaldum de Novimagio";"1482";"In-fol. (Hain-Copinger, *12722 ; Morgan, 26.)";"Null";"Null"
"http://data.bnf.fr/ark:/12148/cb31095172q";"Duodecim panaegyrici veteres...";"1482";"(Mediolani";"Null";"1482";"In-4°";"Null";"Null"
"http://data.bnf.fr/ark:/12148/cb31095529p";"Expositio preclarissimi atque eximii artium ac medicine doctoris Petri de Ebano patavini in libros problematum Aristotelis";"1482";"Paduae";"Null";"1482";"In-fol. (Pellechet, 12.)";"Null";"Null"
"http://data.bnf.fr/ark:/12148/cb40717426c";"Portulans : Bertran (Joyme) (reprod. photogr.)";"1482";"[S.l.]";"[s.n.]";"1482";"Null";"Null";"Null"
"http://data.bnf.fr/ark:/12148/cb40750141k";"Portulans";"1482";"[S.l.]";"[s.n.]";"1482";"Null";"Null";"Null"
"http://data.bnf.fr/ark:/12148/cb31122461w";"Plautinae viginti comoediae... emendatae per Georgium Alexandrinum";"1482";"Tarvisii";"Null";"1482";"In-fol. (Hain-Copinger, *13076.)";"Null";"Null"
"http://data.bnf.fr/ark:/12148/cb40781929s";"[Voyage en terre sainte]";"1482";"Nureinberg";"[s.n.]";"1482";"Null";"Null";"Null"
"http://data.bnf.fr/ark:/12148/cb31125404s";"Vite de Plutarcho, traducte de latino in vulgare per Batista Alessandro Jaconello de Riete";"1482";"In Aquila";"stamp. per A. de Rotwil";"1482";"In-fol. (Hain, 13132.)";"Null";"Null"
"http://data.bnf.fr/ark:/12148/cb311327957";"Pomponii Mellae cosmographi Geographia. Prisciani quoque ex Dyonisio Thessalonicensi de Situ orbis interpretatio";"1482";"Venetiis";"Null";"1482";"In-4° . (Hain-Copinger, *11019.)";"Null";"Null"
"http://data.bnf.fr/ark:/12148/cb31152632g";"Pomponii Mellae cosmographi Geographia. Prisciani quoque ex Dionysio Thessalonicensi de Situ orbis interpretatio";"1482";"Venetiis";"Null";"1482";"In-4° . (Hain-Copinger, *11019.)";"Null";"Null"
"http://data.bnf.fr/ark:/12148/cb311539645";"Propertii Carmina ; recognovit Antonius Volscus";"1482";"Romae";"Null";"1482";"In-4° . (Hain, *13402.)";"Null";"Null"
"http://data.bnf.fr/ark:/12148/cb31157086z";"Claudii Ptholomei Cosmographie libri octo [cura Donni Nicolai Germani]. - Ejusdem Donni Nicolai De locis ac mirabilibus mundi et primo de tribus orbis partibus";"1482";"Ulme";"per Leonardum Hol";"1482";"In-fol.";"Null";"http://gallica.bnf.fr/ark:/12148/btv1b55005954p"
"http://data.bnf.fr/ark:/12148/cb31157350s";"Oratoriae artis epitomata, sive Quae ad consumatum spectant oratorem, ex antiquo rhetorum gymnasio dicendi scribendique breves rationes ; nec non et aptus optimo cuiquam viro titulus, insuper et per quam facilis memorie artis modus Jacobi Publicii Florentini lucubratione in lucem editus, foelici numine inchoat. Oratoriae institutiones, ex veterum instituto, per Jacobum Publicium...";"1482";"(Venetiis";"Null";"1482";"In-4° . (Hain, *13545.)";"Null";"Null"
"http://data.bnf.fr/ark:/12148/cb31165822n";"M. F. Quintiliani Declamationes, J. Grasolario editore";"1482";"Venetiis";"Null";"1482";"In-fol. (Hain-Copinger, 13658.)";"Null";"Null"
"http://data.bnf.fr/ark:/12148/cb31224453x";"Histori wie die Türchen...";"1482";"Augsburg";"Null";"1482";"Fol.";"Null";"Null"
"http://data.bnf.fr/ark:/12148/cb31237861k";"Fasciculus temporum [auctore W. Rolevinck]";"1482";"Memmingen";"impr. per A. Kune de Duderstat";"1482";"In-fol., 11 ff. non ch., sign. a-k, fig. (Hain-Copinger, *6931.)";"Null";"Null"
"http://data.bnf.fr/ark:/12148/cb312378607";"Fasciculus temporum [auctore W. Rolevinck]";"1482";"(Venetiis,)";"impr. arte mira E. Rodolt [sic] de Augusta";"1482";"In-fol., 8 ff. non ch., 64 ff. ch., sans sign. ni récl., car. goth., lettrines, fig. (Polain, Belg. 3374.)";"Null";"Null"
"http://data.bnf.fr/ark:/12148/cb41614171m";"Pomponii Mellae cosmographi geographia. Prisciani quoq[ue] ex Dionysio Thessalonicensi de situ orbis interpretatio. Pomponii Mellae de orbis situ liber primus. Prooemium";"1482";"Venetiis";"Erhardus Ratdolt Augustensis impressit";"1482";"Null";"Null";"Null"
"http://data.bnf.fr/ark:/12148/cb31265474z";"Le Doctrinal de Sapience, par Guy de Roye";"1482";"Promenthoux";"impr. de L. Guerbin de la Cruse";"1482";"In-fol. (Hain-Copinger, 14014.)";"Null";"Null"
"http://data.bnf.fr/ark:/12148/cb42061494h";"[L'adoration des rois] : [estampe]";"1482";"[S.l.]";"[s.n.]";"1482";"1 est. : burin ; 25,6 x 16,8 cm (f.)";"http://data.bnf.fr/ark:/12148/cb119635784";"http://gallica.bnf.fr/ark:/12148/btv1b6951439s"
"http://data.bnf.fr/ark:/12148/cb31288672z";"[Sallustii Opera.]";"1482";"Mediolani";"per Leonardum Parhel, una cum Ulderico Scinzenzeller";"1482";"In-4° . (Hain-Copinger, 14212.)";"Null";"Null"
"http://data.bnf.fr/ark:/12148/cb312929371";"Le Miroir de la vie humaine, translaté du latin de Rodorique [par Pierre Farget]";"1482";"(Lyon,)";"impr. de N. Philippi et M. Reinhardi";"1482";"In-fol. (Hain-Copinger, 13953.)";"Null";"http://gallica.bnf.fr/ark:/12148/btv1b7300075b"
"http://data.bnf.fr/ark:/12148/cb427076876";"Corpus juris civilis. Digesta. Digestum vetus. Comm. Accursius Florentinus";"1482";"Lyon";"Johann Siber";"1482";"Null";"Null";"Null"
"http://data.bnf.fr/ark:/12148/cb42707715m";"Corpus juris civilis. Codex Justinianus. Comm. Accursius Florentinus";"1482";"[Lyon]";"Johann Siber";"1482";"Null";"Null";"Null"
"http://data.bnf.fr/ark:/12148/cb31422169b";"[Das Buch genannt der Seusse.] - Fol. II : Hie seind geschriben die Capitel des Büchs daz do der Seüsse heisset... - Fol. VI : Das ist der Prologus ; das ist die Vorrede des Büchlins das da heisset der Seüsse. In disem Exemplar stand geschriben vier gute Bücher [Seuses Leben, Büchlein der ewigen Weisheit, Büchlein der Wahrheit, Brief Büchlein]. - Fol. VII v° : Hie vahet an das erst Teyl dises Buches, das da heysset der Seüsse. - 2e partie. Fol. I : Hie hebt sich an die Vorrede in das ander Büch. - Fol. LXVI v° : Hie hebt an das dritt Buch... - Fol. LXXXII v° : Ein Vorrede des vierden Büchlins... Hie vahet an das vierd Büchlin... - Fol. CIII v° : Das hernach geschriben stat, das ist ze teutsche Braucht von der Weiszheit Buche in Latein und ist von der Bruderschaft der ewygen Weiszheit... - Fol. CX v° : Hie vahet an das Biechlin von den nein Velszen. - À la fin : gedruckt und vollendet ist dicz Büch (des geleich, noch bessers den Laien nit kund ist sein Leben zebessern, genant der Seüsse) ...";"1482";"Augsburg";"Null";"1482";"In-fol., 108-146 ff., car. goth., fig. sur bois enluminées. (Copinger, 5688";"Null";"Null"
"http://data.bnf.fr/ark:/12148/cb314277901";"Panegyrici veteres";"1482";"Mediolani";"Null";"1482";"In-4° , (Hain, 13119.)";"Null";"Null"
"http://data.bnf.fr/ark:/12148/cb31443397s";"[Terentii Comoediae sex, cum Donati interpretatione et expositione Calphurnii.]";"1482";"Venetiis";"(B. de Tortis)";"1482";"In-fol., sign. a-z, & et @ , car. rom. (Hain, 15410-Reichling, III, p. 196 ; Lawton, 45.)";"Null";"Null"
"http://data.bnf.fr/ark:/12148/cb31462141s";"Libri quinque de Consolatione philosophie Boetii,... una cum commentaria editione [sancti Thome de Aquino]...";"1482";"In civitate Colonia";"per J. Koelhoff";"1482";"In-fol. (Hain-Copinger, 3375 ; Vouillième, 261 ; Pellechet, 2518 ; Gesamtkatalog der Wiegendrucke, IV, 4531 ; Polain, 728.)";"Null";"Null"
"http://data.bnf.fr/ark:/12148/cb31461956s";"Beati Thome Aquinatis Continuum in quattuor evangelistas...";"1482";"Venetiis";"impensa H. Lichtensteyn et J. Hammam";"1482";"In fol. (Hain-Copinger, *1334 ; Pellechet, 937.)";"Null";"Null"
"http://data.bnf.fr/ark:/12148/cb31462224g";"De Disciplina scholarium. [Cum commento.]";"1482";"(Toulouse";"Jean Parix,)";"1482";"In-fol. (Pellechet, 2553.)";"Null";"Null"
"http://data.bnf.fr/ark:/12148/cb31474519d";"[Titi Livii Historiae romanae decades I, III-IV, recognitae a Luca Porro, cum Johannis Andreae Epistola et L. Flori Epitome decadum XIV.]";"1482";"Tarvisii";"J. Vercellius impressit";"1482";"In-fol. (Hain-Copinger, *10135 ; Br. Mus., Books pr. XVth c., t. VI, p. 896.)";"Null";"Null"
"http://data.bnf.fr/ark:/12148/cb31481312x";"[Laudabilis expositio (Johannis de Turrecremata) super Psalterium.]";"1482";"(Taurini,)";"per Johannem Fabri";"1482";"In-fol. (Hain-Copinger, 15705 ; Br. Mus., Books pr. XVth c., t. VII, p. 1054.)";"Null";"Null"
"http://data.bnf.fr/ark:/12148/cb314813138";"[Laudabilis expositio (Johannis de Turrecremata) super Psalterium.]";"1482";"(Taurini,)";"per Johannem Fabri";"1482";"In-fol.";"Null";"Null"
"http://data.bnf.fr/ark:/12148/cb314966810";"Summa de ecclesiastica potestate, edita a fratre Augustino de Ancona,...";"1482";"(Lugduni";"apud P. Hungarum.)";"1482";"In-fol. (Hain, 959 ; Pellechet, 615.)";"Null";"Null"
"http://data.bnf.fr/ark:/12148/cb31504684v";"Boeck van Tondalus vysioen";"1482";"Tantwerpen";"M. Vander Goes";"1482";"In-4° . (Hain, 15547 ; Campbell, 1687.)";"Null";"Null"
"http://data.bnf.fr/ark:/12148/cb31520346x";"Comiença la Corónica de España dirigida ala muy alta... princesa... donna Ysabel, reyna de Espanna... abreviada, por su mandado, por mosén Diego de Valera,...";"1482";"Sevilla";"impr. por A. del Puerto";"1482";"In-fol. (Hain-Copinger, 15766 ; Haebler, 654.)";"Null";"Null"
"http://data.bnf.fr/ark:/12148/cb31520439x";"Valerii Maximi Dictorum et factorum memorabilium liber... [cum Omniboni Leoniceni interpretatione.]";"1482";"Venetiis";"impressum per J. de Forlivio et socios ejus";"1482";"In-fol. (Hain, 15786 ; Br. Mus., Books pr. XVth c., t. V, p. 339.)";"Null";"Null"
"http://data.bnf.fr/ark:/12148/cb31553037g";"[Quae Virgilius composuit unacum Servii Honorati commentariis.]";"1482";"Venetiis";"Null";"1482";"In-fol. (Copinger, 6047 ; Br. Mus., Books pr. XVth c., V, 257.)";"Null";"Null"
"http://data.bnf.fr/ark:/12148/cb315564181";"[Rudimenta grammatices Francisci Venturini.]";"1482";"Florentiae";"impressum per A. B. Mischomini";"1482";"In-fol. (Hain, 15938.)";"Null";"Null"
"http://data.bnf.fr/ark:/12148/cb31587752w";"Sermones quadragesimales santi Vincentii,... cum thematibus et introductionibus dominicalibus per totum annum";"1482";"(Coloniae";"J. Koelhoff";"1482";"In-fol. à 2 col., car. goth. (Hain-Copinger 7015 ; Voullième, Der Buchdruck Kölns, n  411.)";"Null";"Null"
"http://data.bnf.fr/ark:/12148/cb31591358m";"[Omnia... quae Virgilius composuit, una cum Servii Honorati commentariis.]";"1482";"Venetiis";"per Renaldum de Novimagio";"1482";"In-fol. (Copinger, 6047 et *54 ; Br. Mus., Books pr. XVth c., t. V, p. 257 ; Polain, 3962 ; Mambelli, 46 ; Goff, p. 622, V-171.)";"Null";"Null"
"http://data.bnf.fr/ark:/12148/cb31591353w";"[Publii Virgilii Maronis Opera.]";"1482";"Mediolani";"A. Zarothus imprimi curavit, impendio J. Legnani";"1482";"In-fol. (Copinger, 6028 et *34 ; Mambelli, 42.)";"Null";"Null"
"http://data.bnf.fr/ark:/12148/cb31606880p";"[Legendae sanctorum per anni circuitum venientium, quas compilavit frater Jacobus de Voragine.] - Au f. [325 :] Iste legende que hic sequuntur non habentur in Hystoria lombardica, sed addite sunt ex aliis legendis et libris...";"1482";"In Colonia";"(, per U. Zell)";"1482";"In-fol. (Copinger, 6428 ; Voullième, 622 ; Brit, Mus., Books pr. XVth c., t. I, p. 196 ; Polain, 2195 ; Goff, J-102.)";"Null";"Null"
"http://data.bnf.fr/ark:/12148/cb31606898r";"[Legendae sanctorum quas collegit in unum frater Jacobus, natione Jauuensis,...]";"1482";"(Argentine,)";"Null";"1482";"Goff J-104";"Null";"Null"
"http://data.bnf.fr/ark:/12148/cb31606979r";"Aurea legenda [van Jacobus de Voragine], dat beduut in duetsche die Gulden legende of dat Passionael... [somerstuc ende winterstuc.]";"1482";"Delff";"(J. Jacobszoon Van der Meer)";"1482";"2 tomes en 1 vol. in-fol. (Campbell, 1758-1759 ; Copinger, 6511-6512 ; Polain, 2215.)";"Null";"Null"
"http://data.bnf.fr/ark:/12148/cb31606888f";"[Legendae sanctorum quas collegit in unum frater Jacobus Januensis,...]";"1482";"Nurnbergii";"A. Koberger";"1482";"In-fol. (Copinger, 6429 ; Brit. Mus., Books pr. XVth c., t. II, p. 423 ; Goff, J-103.)";"Null";"Null"
"http://data.bnf.fr/ark:/12148/cb31606885d";"Incipit liber preclarissimi religiosi fratris Jacobi de Voragine,... de vitis sanctorum";"1482";"Venetiis";"per A. J. de Catthara, impensis O. Scoti";"1482";"In-4° . (Copinger-Reichling, 6426-6427 ; Brit. Mus., Books pr. XVth c., t. V, p. 353 ; Goff, J-101.)";"Null";"Null"
"http://data.bnf.fr/ark:/12148/cc8638z/ca100";"שער השמים";"1482";"Null";"Null";"Null";"Null";"Null";"Null"
"http://data.bnf.fr/ark:/12148/cc8638z/ca103";"Rpwʾat hagwiyah";"1482";"Null";"Null";"Null";"Null";"Null";"Null"
"http://data.bnf.fr/ark:/12148/cb32090611t";"Tractatus sollemnis et utilis editus per... Philippum Syculum...";"1482";"[Roma]";"Sixtus Riessinger [et Georgius Teutonicus ? (= Georg Herolt ?)";"1482";"Null";"Null";"Null"
"http://data.bnf.fr/ark:/12148/cb32116496f";"Auli Persii Flacci satyrarum opus...";"1482";"Venetiis, per Renaldum de Novimagio";"Null";"1482";"Null";"Null";"Null"
"http://data.bnf.fr/ark:/12148/cb322017245";"Guarini Veronensis,... Grammaticales regulae incipiunt. - (A la fin :) Venetiis, per Baptistam de Tortis, MCCCCLXXXII, die IX. augusti";"1482";"Venezia";"Battista Torti";"1482";"[42] ff.";"Null";"Null"
"http://data.bnf.fr/ark:/12148/cb324862031";"Eximii sacre theologie professoris fratris Johannis Nyder,... in expositionem preceptorum Decalogi";"1482";"In urbe Parisiana, per U. Gering";"Null";"1482";"Null";"Null";"Null"
"http://data.bnf.fr/ark:/12148/cb33274517n";"Relatio Johannis Francisci de Pavinis circa canonizationem beati Bonaventure...";"1482";"(S. l. n. d.";"Null";"1482";"In-4°. (Hain, n° 12531.)";"Null";"Null"
"http://data.bnf.fr/ark:/12148/cb33345867t";"Dialogue des créatures moralisé";"1482";"Gouda";"Gerard Leeu";"1482";"Sign. A-L.";"Null";"http://gallica.bnf.fr/ark:/12148/bpt6k70057c"
"http://data.bnf.fr/ark:/12148/cb33426479q";"Thomas a Kempis. Imitatio Christi";"1482";"Null";"Null";"1482";"[24] f. (sig. a-c8)";"Null";"Null"
"http://data.bnf.fr/ark:/12148/cb334268205";"Thomas a Kempis Dela imitacio de Iesuchrist";"1482";"Null";"Null";"1482";"108 f. (sig. a-n8, o4)";"Null";"Null"
"http://data.bnf.fr/ark:/12148/cb33518889k";"Olivier de Castille et Artus d'Algarbe";"1482";"Genève";"[Louis Cruse]";"1482";"Null";"Null";"http://gallica.bnf.fr/ark:/12148/btv1b8600048c"
"http://data.bnf.fr/ark:/12148/cb33593738v";"Sachsenspiegel";"1482";"Augsburg";"Johann Schönsperger";"1482";"Null";"Null";"Null"
"http://data.bnf.fr/ark:/12148/cb335987936";"Scriptores rei rusticae, ex recolatione Georgii Merula Alexandrini";"1482";"Reggio Emilia";"Bartolomeo Bruschi";"1482";"2 parties, 2°";"Null";"Null"
"http://data.bnf.fr/ark:/12148/cb33610702n";"Cy commence le Mirouer de la redemption de l'umain lignage [...]";"1482";"[Lyon]";"Null";"1482";"In-fol.";"Null";"http://gallica.bnf.fr/ark:/12148/btv1b73000011"
"http://data.bnf.fr/ark:/12148/cb33612863m";"Statuta communis Paduae";"1482";"Vicence";"Null";"1482";"In-fol.";"Null";"Null"
"http://data.bnf.fr/ark:/12148/cb336109324";"(Fol. 2°. r°.) Das Register über das bůch der spiegel // des Sünders genamte... [Table du livre intitulé : Le Miroir du pécheur. Manière dont chaque chrétien doit par la méditation, le repentir et la prière, se préparer à la confession et raconter ses péchés à son confesseur. De la gravité de chaque faute aux yeux de Dieu et de l'Eglise chrétienne. Livre tiré des traités sur la confession des directeurs spirituels, de S. Thomas dans l'opuscule sur la Sainte vérité, d'Henri de Hassia, de Jean Gerson, et d'Antoine, archevêque de Florence... (A la fin) Imprimé et achevé dans la ville impériale d'Augsbourg par Joan Schönsperger, la veille de la saint-Mathias de 1482";"1482";"Augsburg";"Johann Schönsperger";"1482";"Null";"Null";"Null"
"http://data.bnf.fr/ark:/12148/cb33630956j";"Le Trésor des humains";"1482";"Paris";"[Antoine Caillaut]";"1482";"[84] ff.";"Null";"Null"
"http://data.bnf.fr/ark:/12148/cb337151042";"(Sentence des requêtes du palais qui adjuge à l'archidiacre de Paris les lits, surplis et autres effets de Yves Porcel, décédé curé de St-Pierre-des-Arcs ; contre les exécuteurs testamentaires dudit Porcel.)";"1482";"(S. l. n. d.)";"Null";"1482";"4°";"Null";"Null"
"http://data.bnf.fr/ark:/12148/cb33764930m";"Declaratio et determinatio. Summaria declaratio bulle indulgentiarum ecclesie Xanctonensi ejusdem et pro tuitione fidei concessarum";"1482";"[Köln]";"[Ulrich Zell]";"1482";"8 ff., dont le premier est blanc. A longues lignes. Caractères gothiques";"Null";"Null"
"http://data.bnf.fr/ark:/12148/cb33810293r";"Édit du roy Louis XI... portant confirmation de tous les privilèges accordez aux secrétaires du Roy et attribution de nouveaux";"1482";"(S. l. n. d.)";"Null";"1482";"In-fol., 18 p.";"Null";"Null"
"http://data.bnf.fr/ark:/12148/cb33810292d";"Lettres patentes octroyées par le roy Louis unzième, à ses conseillers notaires et secrétaires du collège ancien";"1482";"(S. l. n. d.)";"Null";"1482";"In-4°, 22 p.";"Null";"Null"
"http://data.bnf.fr/ark:/12148/cb352657641";"Annual housing survey 1975 [3]: Supplementary reports 2";"1482";"Washington. - 2 vol.";"Government printing office";"1482";"Null";"Null";"Null"
"http://data.bnf.fr/ark:/12148/cb359510702";"[Sans titre]";"1482";"Null";"Null";"Null";"[1]-CCCCXXVII-[34] f.";"Null";"Null"
"http://data.bnf.fr/ark:/12148/cb35951069v";"[Sans titre]";"1482";"Null";"Null";"1482";"[486] f.";"Null";"Null"
"http://data.bnf.fr/ark:/12148/cb35951068h";"[Sans titre]";"1482";"Null";"Null";"1482";"[572] f.";"Null";"Null"
"http://data.bnf.fr/ark:/12148/cb35951207v";"[Sans titre]";"1482";"Null";"Null";"Null";"[126] f.";"Null";"Null"
"http://data.bnf.fr/ark:/12148/cb35951171p";"[Sans titre]";"1482";"Null";"Null";"Null";"[220] f.";"Null";"Null"
"http://data.bnf.fr/ark:/12148/cb36043872t";"Tractat Arnoldi de Nova Villa von Bewarung und Beraitung der Wein";"1482";"[Argentinae]";"[typis M. Schott]";"1482";"[11] f.";"Null";"Null"
"http://data.bnf.fr/ark:/12148/cb365800717";"Legenda sanctorum...";"1482";"[Strasbourg";"imprimeur de la Legenda aurea (C 6423)]";"1482";"Null";"Null";"Null"
