id;title;date;place;publisher;firstyear;description;subject;gallica
"http://data.bnf.fr/ark:/12148/cb386439089";"Carte // servant à trouver les lieux contenus // dans les deux volumes. // La Couleur jaune est pour le I.r Volume // la Rouge est pour le II. Vol. : [dessin]";"175";"Null";"Null";"Null";"1 carte ms. : plume, encre de Chine et encres de couleur ; 31,7 x 53 cm (filet intérieur)";"http://data.bnf.fr/ark:/12148/cb11958033s";"Null"
"http://data.bnf.fr/ark:/12148/cb41514139z";"M.r Spéroni, Nonce Apostolique, Porte-Croix de Notre Saint Pére le Pape : [estampe]";"175";"Null";"Null";"Null";"1 est. : gravure à l'eau-forte et à la roulette, coloriée ; 18,3 x 26,3 cm";"http://data.bnf.fr/ark:/12148/cb11942378x";"http://gallica.bnf.fr/ark:/12148/btv1b69408296"
"http://data.bnf.fr/ark:/12148/cb33553374s";"Programme de la compagnie, sous le titre d'Assurances générales, établie à Paris par acte, d'association enregistré à l'Amirauté générale de France... par sentence du 15 décembre 1753 pour les assurances maritimes et au Châtelet de Paris le 6 mars 1754, pour les assurances des maisons contre les incendies";"175";"(S. l. n. d.,) ";"Null";"Null";"In-4°. Pièce";"Null";"Null"
"http://data.bnf.fr/ark:/12148/cb33553373f";"Programme de la compagnie, sous le titre d'assurances générales, établie à Paris par acte d'association homologué à l'Amirauté générale de France... par sentence du 15 décembre 1753";"175";"(S. l. n. d.,) ";"Null";"Null";"In-4°. Pièce";"Null";"Null"
