id;title;date;place;publisher;firstyear;description;subject;gallica
"http://data.bnf.fr/ark:/12148/cb300011090";"Albubather (Liber de nativitatibus), et Centiloquium divi Hermetis. (De arabico in latinum vertit Antonius Laurus, Paduanus. Accedunt Almansoris Judicia, a Platone Tyburtino translata.)";"1501";"Venetiis";"impressum per J.-B. Sessam";"1501";"In-fol.";"Null";"Null"
"http://data.bnf.fr/ark:/12148/cb30004492x";"Quaestiones metaphysicales (a Johanne Baptista Tholentinate editae)";"1501";"Venetiis";"per S. de Luere, mandato A. Torresani de Asula";"1501";"In-fol. Car. goth.";"Null";"Null"
"http://data.bnf.fr/ark:/12148/cb30009467x";"Constitutiones Alexandrine ordinis Minorum, edite anno domini MCCCCCI";"1501";"Romae";"per Eucharium Silber, alias Franck";"1501";"In-4° , car. goth., 95 ff.";"Null";"Null"
"http://data.bnf.fr/ark:/12148/cb30009836r";"Problemata Alexandri Aphrodisei, per Georgium Vallam in latinum translata";"1501";"Venezia";"Albertino Rosso";"1501";"Null";"Null";"Null"
"http://data.bnf.fr/ark:/12148/cb30009959p";"Le grant blason de faulses amours";"1501";"Null";"Null";"1501";"[22] f. (sign. A-B6 C4 D6)";"Null";"http://gallica.bnf.fr/ark:/12148/bpt6k990544f"
"http://data.bnf.fr/ark:/12148/cb300127647";"Fuero real de España, hecho por el rey don Alonso noveno, glosado por el doctor Alonso Díaz de Montalvo";"1501";"Sarragosse";"Null";"1501";"In-fol., car. goth.";"Null";"Null"
"http://data.bnf.fr/ark:/12148/cb30019800z";"Buccollica Fausti";"1501";"Null";"Null";"1501";"48 f. (sig. a-h6)";"Null";"Null"
"http://data.bnf.fr/ark:/12148/cb30021336v";"Compotus cum commento accurate noviter impressus et recognitus additis nonnullis lateralibus annotacionibus";"1501";"Null";"Null";"1501";"[32] f. (sig. a-d6 e8)";"Null";"Null"
"http://data.bnf.fr/ark:/12148/cb30024219q";"Fol. a II : Incipiunt sermones aurei quadragesimales, compilati per venerabiles patres fratrem Joannem Aquilanum et fratrem Danielem Vincentinum... ordinis Praedicatorum de Observantia. - A la fin : Impressum Lugd. per Franciscum Fradin, anno Domini M. quingentesimo primo, die XXX augusti";"1501";"Lugduni";"Null";"1501";"In-8° , car. goth.";"Null";"Null"
"http://data.bnf.fr/ark:/12148/cb30027881h";"Aristotelis, philosophorum maximi, Secretum secretorum ad Alexandrum ; de Regum regimine ; de Sanitatis conservatione ; de Physionomia. Ejusdem de Signis tempestatum, ventorum et aquarum. Ejusdem de Mineralibus. Alexandri Aphrodisei, clarissimi peripatetici, de Intellectu. Averrois, magni commentatoris, de Anime beatitudine. Alexandri Achillini, Bononiensis, de Universalibus. Alexandri Macedonis, in septentrione monarche, de Mirabilibus Indiae, ad Aristotelem. - A la fin : Et impressus Bononiae, impensis Benedicti Hectoris, anno Domini 1501... 26 octobris, illustrissimo Joanne secundo Bentivolo rei publicae Bononiensis habenas foeliciter moderante. Marque de l'imprimeur";"1501";"Bologne";"Null";"1501";"In-fol., 36 ff. à 2 col.";"Null";"Null"
"http://data.bnf.fr/ark:/12148/cb30039349b";"Sermones sancti Augustini ad heremitas.";"1501";"Null";"Null";"1501";"[112] f. (sig. a-o8)";"Null";"Null"
"http://data.bnf.fr/ark:/12148/cb30040155r";"Epistolae, per Philippum Beroaldum emendatae...";"1501";"Venetiis";"Null";"1501";"In-4°";"Null";"Null"
"http://data.bnf.fr/ark:/12148/cb30040527m";"Opera Ausonii nuper reperta (a Thadaeo Ugoleto recognita). - A la fin : Impressum Venetiis anno M CCCCC I, die XXX octobris";"1501";"Venetiis";"Null";"1501";"In-8° , sign. a-n.";"Null";"Null"
"http://data.bnf.fr/ark:/12148/cb300455045";"In hoc codice contenta Ascensii de epistolis componendis compendium";"1501";"Null";"Null";"1501";"Sign. A-B, a-k, A-B";"Null";"http://gallica.bnf.fr/ark:/12148/bpt6k71730h"
"http://data.bnf.fr/ark:/12148/cb30092788w";"Philippi Beroaldi carmen de duobus amantibus";"1501";"Leipzig";"Wolfgang Stoeckel";"1501";"Null";"Null";"Null"
"http://data.bnf.fr/ark:/12148/cb30092823k";"Philippi Beroaldi opusculum eruditum quo continetur declamatio philosophi, medici et oratoris, de excellentia disputantium. - A la fin : Trium Fratrum Declamationem Beroaldinam Beateque virginis laudes Theodericus Martini Alostensis accuratissime impressit in preclarissimo Lovaniensium gymnasio, anno a natali christiano millesimo quingentesimo primo, ad duodecimum calendas septembris";"1501";"Lovanii";"Null";"1501";"In-4° , sig. A-B";"Null";"Null"
"http://data.bnf.fr/ark:/12148/cb300928645";"Epistolae... et unus est adjunctus liber... Etiam... panegaericus in laudem Trayani imperatoris, et de viris illustribus libellus";"1501";"Venetiis";"Null";"1501";"In-4°";"Null";"Null"
"http://data.bnf.fr/ark:/12148/cb30103834s";"Inventarium generale breve et succinctum contentorum in quattuor collectoriis Gabrielis (Biel). - Gabriel super primo (-in quartum librum) Sententiarum. (Edidit W. Steinbach.)";"1501";"Tubingae";"Null";"1501";"5 parties en 2 vol. in-fol., car. goth., à 2 col., sign. A-B, A-X, a-X, AA-XX, 1-6, a-z, aa-Il, 1-3, marque typogr. de Frédéric Meynberger à la fin des parties 2-5";"Null";"Null"
"http://data.bnf.fr/ark:/12148/cb30130365k";"Ovidio Metamorphoseos vulgare";"1501";"Venetia";"C. de Pensa";"1501";"141 ff.";"Null";"http://gallica.bnf.fr/ark:/12148/bpt6k71107b"
"http://data.bnf.fr/ark:/12148/cb30155508x";"Appologi sive mythologi...";"1501";"Basileae";"Null";"1501";"In-4°";"Null";"Null"
"http://data.bnf.fr/ark:/12148/cb30168206b";"(Bruliferi Reportata). - A la fin : Reportata... in sancti Bonaventure doctoris seraphici Primum sententiarum... Impressa vero per magistrum Jacobum de Pfortzenheim, civem Basiliensem, anno... millesimo quingentesimo primo";"1501";"(Basileae)";"Null";"1501";"In-4° sign. a-z. ? ï, 4, est, car. goth., 2 col.";"Null";"Null"
"http://data.bnf.fr/ark:/12148/cb301784094";"Gualteri Burlei in Physicam Aristotelis expositio et questiones, ac etiam questio de primo et ultimo instanti denuo revisa ac mendis purgata... (curante Mattheo de Randatio.)  -  A la fin : Venetijs impressa per Simonem de Luere, jussu domini Andree Torresani de Asula, 25 augusti 1501";"1501";"Venetiis";"Null";"1501";"In-fol., 268 ff., car. goth., 2 col.";"Null";"Null"
"http://data.bnf.fr/ark:/12148/cb30247755f";"(Claudii Claudiani de raptu Proserpinae, cum Jani Parrhasii commentariis.)  -  A la fin : Impressum Mediolani in aedibus clarissimi viri Lutii Cottae, pridie kal. sextiles M. DI, dexteritate Guillelmorum Le Signerre fratrum";"1501";"Mediolani";"Null";"1501";"In-fol., cah. sign. a, A-I";"Null";"Null"
"http://data.bnf.fr/ark:/12148/cb303245479";"Dionysius de Situ orbis";"1501";"Null";"Null";"Null";"[16] f. (sig. A-B6 C4)";"Null";"Null"
"http://data.bnf.fr/ark:/12148/cb303476618";"Aelii Donati Ars minor";"1501";"[Pays-Bas]";"[s. n.]";"1501";"In-4°";"Null";"Null"
"http://data.bnf.fr/ark:/12148/cb304018088";"Sermones beati Ephrem der [sic] fratrem Ambrosium de greco in latinum conversi. - A la fin, avant la table : Impressum Venecis per Christophorum de Pensiis anno Domini 1501, die 21. martius [sic]";"1501";"Venetiis";"Null";"1501";"In-4° , sign. A-O, car. rom.";"Null";"Null"
"http://data.bnf.fr/ark:/12148/cb304018146";"Le livre de la compunction du cueur, entre les aultres devot et proffitable";"1501";"Null";"Null";"1501";"[54] f. (sig. A-I6)";"Null";"Null"
"http://data.bnf.fr/ark:/12148/cb304060235";"Mythologi Esopi, clarissimi fabulatoris, una cum Aviani et Remicii quibusdam fabulis per Sebastianum Brant nuper revisi, additisque per eum ex variis autoribus centum circiter et quadraginta elegantissimis fabellis, facetis dictis et versibus, ac mundi monstruosis compluribus creaturis, impressi Basilee, opera et impensa magistri Jacobi de Phortzheim, anno dominice incarnationis primo post quindecim centesimum, feliciter finiunt";"1501";"Basileae";"Null";"1501";"In-4° , sign. a-s, A-M, fig. sur bois";"Null";"Null"
"http://data.bnf.fr/ark:/12148/cb30430123m";"Singularis practica conspicui domini Joannis Petri de Ferrariis, cum apostillis j. u. doctoris domini Bernardini de Landriano et trigintanovem vel circa domini Francisci de Curte ab impressoribus papiensibus antea appositis. - A la fin : Venetiis, per Baptistam de Tortis, M.CCCCC.I., die XXVIIII. decembris";"1501";"Venetiis";"Null";"1501";"In-fol., car. goth. 2 col., 7 ff. n. ch., 145 ff.";"Null";"Null"
"http://data.bnf.fr/ark:/12148/cb30434301t";"Marsilii Ficini,... de Triplici vita libri tres : primus de vita sana, sive de cura valitudinis eorum qui incumbunt studio litterarum ; secundus de vita longa ; tertius de vita coelitus comparanda. Apologia quaedam in qua de medicina, astrologia, vita mundi, item de magis qui Christum statim natum salutaverunt. Quod necessaria sit ad vitam securitas et tranquillitas animi. Praeclarissimarum sententiarum hujus operis brevis annotatio. - A la fin du cahier A : Impressum hoc opus Bononiae a Benedicto Hectoris, impressore solertissimo... anno salutis MCCCCCI. die XXVII. mai";"1501";"Bononiae";"Null";"1501";"In-4° , sign. a-z, &, C, R, A-C, car. rom., longues lignes";"Null";"Null"
"http://data.bnf.fr/ark:/12148/cb30459415d";"Titre : Quodlibetica decisio perpulchra et devota de septem doloribus Christifere Virginis Marie ac communi et saluberrima confraternitate desuper instituta ad ejus honorem et gloriam. - Fol. A 1 du texte : Prologus quodlibetice decisionis fratris Michaelis Francisci,... - Fol. F. 4 recto : Sequitur officium de doloribus seu compassione beatissime Virginis Marie. - A la fin : Impressum Schratenthal in Austria, anno Domini M. quingentesimo primo, vicesimo die mensis marci";"1501";"Schratenthal";"Null";"1501";"In-4° , 1 fol. non signé et sign. A 1-8 et A-F, car. goth. à longues lignes et à 2 col., fig. sur bois";"Null";"Null"
"http://data.bnf.fr/ark:/12148/cb30477924p";"Cornelii Galli Fragmenta, cum gratia et privilegio";"1501";"Venise";"B. de Vitalibus";"1501";"Sign. A-C à longues lignes";"Null";"http://gallica.bnf.fr/ark:/12148/bpt6k70337k"
"http://data.bnf.fr/ark:/12148/cb304987959";"Les quatre novissimes";"1501";"Null";"Null";"1501";"[114] f. (sig. a8 b6 c10 d-s6)";"Null";"Null"
"http://data.bnf.fr/ark:/12148/cb30501644r";"De Passionibus anime";"1501";"[Paris]";"Gaspard Philippe [pour lui-même et pour Jean I Petit]";"1501";"[20] f. (sig. [a]-b8, c4)";"Null";"Null"
"http://data.bnf.fr/ark:/12148/cb305348737";"Francisci Marii Grapaldi de Partibus aedium libellus... - A la fin : 1501 mai. kal.";"1501";"(Parmae,)";"Null";"1501";"In-4° , pièces limin., 132 ff.";"Null";"Null"
"http://data.bnf.fr/ark:/12148/cb305380583";"Les omelies Saint Gregoyre";"1501";"Null";"Null";"1501";"CXI f. (sig. A2, B-T6, V3)";"Null";"Null"
"http://data.bnf.fr/ark:/12148/cb30538147q";"Decretalium copiosum argumentum";"1501";"Null";"Null";"1501";"330 f. (sig. aa-dd)";"Null";"Null"
"http://data.bnf.fr/ark:/12148/cb305432381";"Le Château de labour";"1501";"Paris";"Philippe Pigouchet pour Simon Vostre";"1501";"[60] ff.";"Null";"http://gallica.bnf.fr/ark:/12148/bpt6k72156s"
"http://data.bnf.fr/ark:/12148/cb30548867g";"Erotemata Guarini";"1501";"Null";"Null";"Null";"[82] f.";"Null";"Null"
"http://data.bnf.fr/ark:/12148/cb36816529b";"Ces presentes heures a lusaige de Chartres";"1501";"Null";"Null";"1501";"[128] f. (sig. a-c8, d4, e-q8, r4)";"Null";"Null"
"http://data.bnf.fr/ark:/12148/cb368170176";"Hore intemerate Virginis Marie, secundum usum Rothomagensem";"1501";"Null";"Null";"1501";"[76] f. (sig. A-I8, K4)";"Null";"Null"
"http://data.bnf.fr/ark:/12148/cb36817102f";"Ces presentes heures a lusaige de Verdun sont au long sans require";"1501";"Paris";"Ph. Pigouchet pour. - Simon Vostre";"1501";"Null";"Null";"Null"
"http://data.bnf.fr/ark:/12148/cb368176720";"Missale parvum ad usum insignis ecclesie Parisiensis";"1501";"Null";"Null";"1501";"[VIII]-220-54 f.";"Null";"Null"
"http://data.bnf.fr/ark:/12148/cb36818664m";"Breviarium Secundum usum Ecclesiae Arelatensis correctum et Emendatum. impensis capituli impressum";"1501";"Arelati";"Null";"1501";"In-8 °";"Null";"Null"
"http://data.bnf.fr/ark:/12148/cb368187239";"[Breviarum Bambergense.] (f ° 1 ro :) Pars estivalis de type nove rubrice // cum choru ecclesie Bambergensis // (f ° CLXXVIII... au bas de la 1ere col. :) Pars maioris breviarii estivalis...";"1501";"Bamberge impressa";"Impensis M. Joannis Pfeyl";"1501";"In-fol.";"Null";"Null"
"http://data.bnf.fr/ark:/12148/cb36819834g";"Breviarium Treverense";"1501";"Basel";"Jacob Wolff";"1501";"5 parties, 8 °, ill.";"Null";"Null"
"http://data.bnf.fr/ark:/12148/cb36821050s";"Diurnale ad usum ordinis Cisterciensis";"1501";"Null";"Null";"1501";"242 f.";"Null";"Null"
"http://data.bnf.fr/ark:/12148/cb36824823t";"Officium beatae Mariae secundum usum Romanum noviter impressum";"1501";"Impressum Venetiis";"impensis Luce Antonii de Giunta, Florentini";"1501";"In-8 °";"Null";"Null"
"http://data.bnf.fr/ark:/12148/cb368243839";"Officium de passione domini nostri Jesu Christi / secundum consuetudinum Confratrie quinqz plagarum / ad utilitatem quorumcūqz Christianorū pie uinere / AE delictorum veniam consequi volentiū nuper contextum. (A la fin :) Predicto modo finitur Officium de passione domini. Lugduni / Excudebat Cornelius a Septemgrangijz / impensis hanesti viri Theobaldi Pagani, Anno domini (1)";"1501";"[S. l. n. d. ?]";"Null";"1501";"In-8 °";"Null";"http://gallica.bnf.fr/ark:/12148/btv1b73000471"
"http://data.bnf.fr/ark:/12148/cb36824780c";"Officium beate ma//rie virginis pm cõ//suetudinem ro//mane curie";"1501";"Lugduni";"Boninus de Boninis";"1501";"8 °";"Null";"Null"
"http://data.bnf.fr/ark:/12148/cb36828038m";"Ces presentes heures a lusaige de Romme";"1501";"Null";"Null";"1501";"[96] f. (sig. a-l8, A8)";"Null";"Null"
"http://data.bnf.fr/ark:/12148/cb368280091";"Ces presentes heures a lusaige de Romme ...";"1501";"Null";"Null";"1501";"[92] f. (sig. a-l8, m4)";"Null";"Null"
"http://data.bnf.fr/ark:/12148/cb368280107";"Ces presentes heures a lusaige de Romme";"1501";"Null";"Null";"1501";"[124] f. (sig. a-c8, d4, e-q8)";"Null";"Null"
"http://data.bnf.fr/ark:/12148/cb30592713v";"Secreta sacerdotum magistri Henrici de Hassia. - Fol. I v° : Incipiunt Secreta sacerdotum, magistri Henrici de Hassia, que sibi placent vel displicent in missa... per... Michaelem Lochmeyer correcta. - A la fin : Impressum Daventrie per me Richardum Pafraet, anno M. CCCCC. I, decima quinta septembris";"1501";"Deventer";"Null";"1501";"In-4° , sign. A-B, car. goth.";"Null";"Null"
"http://data.bnf.fr/ark:/12148/cb305926901";"Dits die groote enn nieuwe spieghel der volcomenheit enn heeft ghemaect een zeer devoct minderbroeder... Heynric Herp,... Enn is een zeer devoct ende profitelike materie bride voer gheesttelyc enn weerlic personen, om the comen tot rechter kennisse gods enn ons selfs. - A la fin : Gheprent t'Antwerpen... bi die weduwe Roelants van den Dorpe, int iaer ons Heren duzent vijfhondt ende een inden mey";"1501";"Anvers";"Null";"1501";"In-8° , sign. a-Z, aa-dd, car. goth., fig. gravées sur bois";"Null";"Null"
"http://data.bnf.fr/ark:/12148/cb30616432s";"Horatius";"1501";"Venetiis";"apud Aldum Romanum";"1501";"In-8° , sign. a-s";"Null";"Null"
"http://data.bnf.fr/ark:/12148/cb306200464";"De Immortalitate anime";"1501";"Null";"Null";"1501";"[24] f. (sig. a-c)";"Null";"Null"
"http://data.bnf.fr/ark:/12148/cb30621694w";"Opera Hrosvite,... nuper a Conrado Celte inventa";"1501";"Norimbergae";"impr. sub privilegio sodalitatis celticae";"1501";"In-fol., sign. a-k, fig.";"Null";"Null"
"http://data.bnf.fr/ark:/12148/cb373040046";"Compilation quedam terminorum astronomie";"1501";"Montpellier";"Jean Du Pré";"1501";"8 f.";"http://data.bnf.fr/ark:/12148/cb119342438";"http://gallica.bnf.fr/ark:/12148/bpt6k79285b"
"http://data.bnf.fr/ark:/12148/cb30639668g";"Lavacrum conscientie. [Auctore Jacobo a Gruytroede.] - Fol. 57 v° : Explicit Lavacrum conscientie omnibus sacerdotibus summe utile ac necessarium, impressum Colonie, impensis honesti viri Henrici Quentell, anno salutis 1501, die octavo mensis januarii. Incipit registrum. - A la fin : Finit registrum";"1501";"Coloniae";"H. Quentell";"1501";"In-4° , 58 ff., car. goth., à 2 col., fig. au titre";"Null";"Null"
"http://data.bnf.fr/ark:/12148/cb30650117f";"Questiones Joannis Jandoni de celo et mundo [in tres libros Aristotelis. Emendavit N. Vernia]... - Fol. 30, col. 2 : Joannis Jandoni de Gandavo Questionum in libros de Celo et Mundo Aristotelis finis. Bonetus Locatellus... cura sua... impressione complevit, anno a partu virginali salutifero 1501, 9° kalendas octobres, mandato et expensis heredum... Octaviani Scoti,...";"1501";"(Venetiis,)";"Null";"1501";"In-fol., 30 ff. ch., car. goth., à 2 col., marque typogr. à la fin";"Null";"Null"
"http://data.bnf.fr/ark:/12148/cb306501252";"Questiones Joannis Jandoni de anima [in tres libros Aristotelis. Edidit H. Surianus]. - Fol. 96, col. 2 : Venetiis, impendio heredum... Octaviani Scoti, per Bonetum Locatellum... 1501";"1501";"Venetiis";"Null";"1501";"In-fol., 96 ff. ch., car. goth., à 2 col., marque typogr. à la fin";"Null";"Null"
"http://data.bnf.fr/ark:/12148/cb306504205";"Sermones dominicales cum expositionibus Evangeliorum per annum satis notabiles et utiles omnibus sacerdotibus pastoribus et Capellanis qui dormi secure vel dormi sine cura sunt nuncupati eo que absque magno studio faciliter possunt corporari et populo predicari";"1501";"Null";"Null";"1501";"[232] f. (sig. a-z8, ƨ8, ɥ8, ӈ8 , A-D8)";"Null";"Null"
"http://data.bnf.fr/ark:/12148/cb30652727w";"Incipiunt vite sanctorum per Divum Hieronymum traducte [Fol. a 1]";"1501";"Salamanque";"[s.n.]";"1501";"Sign. a-b";"Null";"http://gallica.bnf.fr/ark:/12148/bpt6k702181"
"http://data.bnf.fr/ark:/12148/cb30655596w";"Titre, fol. 1 : Sphaera mundi [Johannis de Sacro Bosco]. - Fol. 22 : Disputationum Joannis de Monte Regio contra Cremonensia in planetarum theoricas deliramenta praefatio. - Fol. 30 v° : Theoricae novae planetarum Georgii Purbachii,... - A la fin : Hoc quoque sideralis scientiae singulare opusculum impressum est Venetiis per Jo. Baptista Sessa, anno salutis 1501, die vero 3 decembris";"1501";"Venetiis";"Null";"1501";"In-4° , 47 ff. ch., car. rom., à longues lignes, fig. sur bois au titre et dans le vol., marque de J. B. Sessa gravée sur bois à la fin";"Null";"Null"
"http://data.bnf.fr/ark:/12148/cb306555528";"Quaestiones metaphysicales super libros metaphysicae Aristotelis";"1501";"Venetiis";"Null";"1501";"In-fol.";"Null";"Null"
"http://data.bnf.fr/ark:/12148/cb306621759";"Reformationis monastice vindicta seu defensio, noviter edita a... Guidone Juvenali,... necnon per eundem diligentissime castigata. - A la fin : Reformationis monastice vindicta, noviter edita, feliciter finit. Impensis quidem Dyonisii Roce nuper impressa, necnon diligentissime castigata";"1501";"[Paris";"Gaspard Philippe ? pour] Denys Roce";"1501";"Sign. A-J";"Null";"Null"
"http://data.bnf.fr/ark:/12148/cb30670770z";"Juvenalis. Persius. - A la fin : Venetiis, in aedibus Aldi, mense augusto 1501...";"1501";"Venetiis";"Null";"1501";"In-8° , sign. A-II, a-b";"Null";"Null"
"http://data.bnf.fr/ark:/12148/cb30738561q";"Resolutorium dubiorum circa celebrationem missarum occurrentium, per venerabilem dominum Joannem de Lapide,... ex sacrorum canonum probatorumque doctorum sententiis diligenter collectum. - A la fin : Explicit Resolutorium dubiorum circa celebrationem missarum occurentium, impressum Colonie, per Henricum Quentell, anno Domini M.CCCCCI";"1501";"Cologne";"Null";"1501";"In-4° , sign. A-D, car. goth., à longues lignes";"Null";"Null"
"http://data.bnf.fr/ark:/12148/cb30773703q";"In hoc opere continentur totius philosophie naturalis paraphrases,";"1501";"Null";"Null";"1501";"[2]-32 f.";"Null";"Null"
"http://data.bnf.fr/ark:/12148/cb30773674z";"Fol. a, v° : Compendiaria in Aristotelis Ethicen introductio, rei litterarie studiosis apprime utilis. Jacobi Stapulensis introductio in Ethicen Aristotelis... - A la fin : Presens artificialis introductio in decem libros morales Aristotelis feliciter suum finem assecuta est, in alma Viennesiium [sic] Academia";"1501";"(S. l.,)";"Null";"1501";"In-4° , 14 ff. non ch., car. goth. et rom., à longues lignes";"Null";"Null"
"http://data.bnf.fr/ark:/12148/cb38495329s";"[Illustration de Albubather [Liber Nativitatum] et centiloquium divi hermetis...]";"1501";"Venetiis";"J. B. Sessa";"1501";"1 est. : noir et blanc";"http://data.bnf.fr/ark:/12148/cb11932843f";"http://gallica.bnf.fr/ark:/12148/btv1b26000699"
"http://data.bnf.fr/ark:/12148/cb38498353c";"[Illustrations de Métamorphose vulgare]";"1501";"Venise";"Christoforo de Pensa";"1501";"56 est. : gravures sur bois : Noir et blanc";"Null";"http://gallica.bnf.fr/ark:/12148/btv1b22000507"
"http://data.bnf.fr/ark:/12148/cb30799414d";"Le livre de la femme forte et vertueuse";"1501";"Null";"Null";"Null";"[184] f. (sig. a-z8)";"Null";"Null"
"http://data.bnf.fr/ark:/12148/cb386198123";"[Illustrations de Le jardin de santé]";"1501";"Paris";"Antoine Vérard";"1501";"758 est. : gravures sur bois : Noir et blanc";"http://data.bnf.fr/ark:/12148/cb11933834q";"http://gallica.bnf.fr/ark:/12148/btv1b2100150b"
"http://data.bnf.fr/ark:/12148/cb386915914";"Commentarii a Philippo Beroaldo condi|ti in Asinu[m]aureu[m]|Lucii Apuleii, [cum ejusdem textu] : A la fin : Impressum Venetiis per Simonem Papiensem dictum Bivilaquam, anno... MCCCCCI...";"1501";"Venise";"Null";"1501";"6 ff. non ch., 235 ff. paginés à la main, et 1 f. non ch.";"Null";"Null"
"http://data.bnf.fr/ark:/12148/cb38793614m";"Versus Psalmorum penitentie cum letaniis";"1501";"Null";"Null";"1501";"Sig. A6, B4";"Null";"Null"
"http://data.bnf.fr/ark:/12148/cb387932553";"[Sans titre]";"1501";"Null";"Null";"1501";"Placard anopisthographe";"Null";"Null"
"http://data.bnf.fr/ark:/12148/cb308417311";"M. Annei Lucani,... Bellum civile Pharsalicum";"1501";"Null";"Null";"1501";"Sign. A-X";"Null";"http://gallica.bnf.fr/ark:/12148/bpt6k858912x"
"http://data.bnf.fr/ark:/12148/cb30845826p";"Ars magna. - Fol. a II : Deus Cum tua summa perfectione. Incipit Ars generalis ultima, edita a magistro Raymundo Lull. - A la fin : Deo gratias. Barchinone impressum per Petrum Posa, completumque anno Domini M. D. primo, decima mensis aprilis, die sabbato sancto, fuit opus istud";"1501";"Barcinonae";"Null";"1501";"In-fol., 92 ff. non ch., sign. a-p, car. goth., à 2 col., lettres ornées, fig. s. bois. (Rogent, 30.)";"Null";"Null"
"http://data.bnf.fr/ark:/12148/cb308496759";"Provinciale seu Constitutiones Anglie";"1501";"Null";"Null";"1501";"2 parties en 1 vol. (CXCII f. ; [20] f.)";"Null";"Null"
"http://data.bnf.fr/ark:/12148/cb308702195";"Donatus melior. Catonis Carmen de moribus. De Arte libellus. - Fol. 1 v° : Ant. Mancinellus Veliternus, Pindaro, Quinto et Festo filiolis suis. - A la fin : Impressum Mediolani per magistrum Leonardum Pachel, anno 1501, die 18 maii";"1501";"Mediolani";"Null";"1501";"In-4° , 39 ff., marque de J. Legnano au titre";"Null";"Null"
"http://data.bnf.fr/ark:/12148/cb308740543";"Horatius";"1501";"Venetiis";"Null";"1501";"In-8°";"Null";"Null"
"http://data.bnf.fr/ark:/12148/cb308739294";"Reverendi Fratris Baptistae Mantuani,... de Patientia aurei libri tres. [Edidit Joannes Taberius.] - Sign. Miiivo : Impressum Daventrię per Richardum Pafraet, anno Domini MCCCCCI";"1501";"Daventriae";"Null";"1501";"In-4° , sign. A-M, car. goth., initiale peinte";"Null";"Null"
"http://data.bnf.fr/ark:/12148/cb30887229c";"Joannis Marliani Questio de caliditate corporum humanorum tempore hyemis et estatis et de antiparistasi";"1501";"Impressum Venetiis";"per Bonetum Locatellum";"1501";"In-fol., 28 ff.";"http://data.bnf.fr/ark:/12148/cb119789659";"Null"
"http://data.bnf.fr/ark:/12148/cb30892928z";"Martialis";"1501";"Null";"Null";"1501";"[191, 1 bl.] f. (sig. A-Z8 &8)";"Null";"Null"
"http://data.bnf.fr/ark:/12148/cb308929299";"Martialis Epigrammata. - Fol. A i, r° : Martialis. - Fol. A i, v° : Plinius junior Cornelio Prisco, s. - Fol. A ii : M. V. Martialis Epigrammata. - A la fin : Venetiis, in aedibus Aldi, mense decembri MDI. Quisquis es qui quoquo modo hujusce excusionis ergo adversus ieris, damnatus esto et reus. III. s. v. ne dicas tibi non praedictum. Cave";"1501";"Venetiis";"Null";"1501";"In-8° , sign. A-Z, &. (Van Praet, T. IV, p. 91, n  114.)";"Null";"Null"
"http://data.bnf.fr/ark:/12148/cb392655839";"Horologium devotionis circa vitam Christi";"1501";"Null";"Null";"1501";"[52] f. (sig. A-F8 G4)";"Null";"Null"
"http://data.bnf.fr/ark:/12148/cb393034766";"[Missale ad usum insignis ecclesie Bajocense...]";"1501";"Null";"Null";"1501";"[7]-CXXIV-[6] f., f. CXXV-CCI, [1] f.";"Null";"Null"
"http://data.bnf.fr/ark:/12148/cb39306249g";"Sermones quadragesimales epistolares Bertrandi";"1501";"Null";"Null";"1501";"[6]-CCV f.";"Null";"Null"
"http://data.bnf.fr/ark:/12148/cb309075120";"Sermones quadragesimales de legibus";"1501";"Lugduni";"Null";"1501";"In-4° , sign. ij-iiij, a-z, A-Z, AA-EE, texte à deux col., car. goth., marque typographique de J. Cleyn à la fin";"Null";"Null"
"http://data.bnf.fr/ark:/12148/cb39326203k";"Laurentii Valle de lingua latina cumque optime meriti : de ejusdem elegantia libri sex : deque reciprocatione libellus cum Antonii Mancellini lima suis locis apposita";"1501";"Null";"Null";"1501";"[6]-CXVII-[1] f.";"Null";"Null"
"http://data.bnf.fr/ark:/12148/cb393262089";"[Laurentii Valle In elegantias latine lingue liber emendatus nuper ac recognitus : cum tabula perque accurate collecta diligenterque admodum alphabetica serie litterarum ordinata]";"1501";"Null";"Null";"1501";"Sig. A2-7, B-X8, [12] f.";"Null";"Null"
"http://data.bnf.fr/ark:/12148/cb39328220n";"Aeneis Vergiliana";"1501";"Null";"Null";"Null";"[6]-CCCXCIII-[1] f.";"Null";"Null"
"http://data.bnf.fr/ark:/12148/cb393376692";"Epistole Francisci Philelfi nuper lima acriori castigate cum quibusdam orationibus videlicet divi Ambrosii vignati... Alanique aurige de bello gallico. Cum aliis ejusdemque epistola de miseria curialium : et de egressu Karoli regis ex urbe Parrhista superadditis. Litteris grecis undique suis in locis impositis.";"1501";"Null";"Null";"Null";"228 f.";"Null";"Null"
"http://data.bnf.fr/ark:/12148/cb30929214r";"[Exhortationes in Barbaros, Thurcos, Sciithas";"1501";"In Civitate Lugd.";"in officina Claudii Davost impressum est";"1501";"[31] p., sign. a-d., à 2 col.";"Null";"http://gallica.bnf.fr/ark:/12148/bpt6k5400710r"
"http://data.bnf.fr/ark:/12148/cb30933296p";"Les lunettes des princes";"1501";"Null";"Null";"1501";"90 f. (sig. a-p6)";"Null";"http://gallica.bnf.fr/ark:/12148/btv1b7300352c"
"http://data.bnf.fr/ark:/12148/cb309428969";"Quadragesimale bige salutis. - A la fin : Quadragesimale, sive Preceptorium a quodam fratre Hungaro... impensis quoque et sumptibus Joannis Rynman... in imperiali oppido Hagenaw... finit feliciter, anno ab incarnatione Domini millesimo quingentesimo primo, in vigilia nativitatis Christi";"1501";"Hagwena";"Null";"1501";"In-4° , sign. a-z, 7⁽5-7⁽2, car. goth.";"Null";"Null"
"http://data.bnf.fr/ark:/12148/cb31016086q";"Preceptorium Nycolai de Lyra, sive Expositio tripharia perutilis in decalogum legis divine, cum multis pulcerrimis [sic] tractatulis... videlicet : De decimis tribuendis. De duodecim articulis fidei. De septem peccatis mortalibus. De triplici modo peccandi in Deum. De operibus misericordie. De nativitate, vita et morte Antichristi. De fine mundi et extremo judicio. Exhortationes faciende infirmo morienti. Dyalogus Anselmi et Marie de passione Christi. Bernardus de Planctu beate Marie virginis. Colloquium peccatoris et crucifixi. Dyalogus Isidori de homine et ratione. Utiles doctrine pro lucrandis animabus. - A la fin : Explicit Preceptorium Nycolai de Lyra cum additionibus... Colonie retro fratres Minores Anno dominice geniture, MCCCCCI, die XVIII mensis martii faustissime impressis";"1501";"Coloniae";"Null";"1501";"In-8° , car. goth., sign. A-S, fig. sur bois au verso du titre et au dernier verso";"Null";"Null"
"http://data.bnf.fr/ark:/12148/cb40235499n";"De Mundicia et castitate sacerdotum";"1501";"[Paris";"Étienne Jehannot pour] Denys Roce";"1501";"Null";"Null";"Null"
"http://data.bnf.fr/ark:/12148/cb310464288";"Ovidius de Fastis per Faustum recognitus annotatusque";"1501";"(Parrhisiis";"impensis et arte Joannis de Prato";"1501";"sig. A-S.";"Null";"Null"
"http://data.bnf.fr/ark:/12148/cb31046604t";"Ovidii Quindecim Metamorphoseos libri diligentius recogniti";"1501";"Null";"Null";"Null";"CCVIII f.";"Null";"http://gallica.bnf.fr/ark:/12148/bpt6k71315h"
"http://data.bnf.fr/ark:/12148/cb31088605g";"Juvenalis. Persius";"1501";"Null";"Null";"1501";"[1], 76[i.e.78], [1] f. (sig.A-G8 H10 a8 b4)";"Null";"Null"
"http://data.bnf.fr/ark:/12148/cb31094508g";"Le Cose volgari di messer Francesco Petrarcha. - Au v° du titre : Sonetti et canzoni di messer Francesco Petrarcha in vita di madonna Laura. - Sign. niii v° : Sonetti et canzoni di messer Francesco Petrarcha in morte di madonna Laura. - Fol. 141 v° : Triomphi di messer Francesco Petrarcha. - Sign. ziii v° : Impresso in Vinegia nelle case d'Aldo Romano nel anno MDI del mese di luglio, et tolto con sommissima diligenza dallo scritto di mano medesima del poeta, havuto da M. Piero Bembo... - Sign. A r° : [Table]. - Sign. B r° : Aldo a gli lettori. - Sign. Biii v° : [Errata]";"1501";"Vinegia";"Null";"1501";"In-8° , car. ital., sign. a-z, A-B. (Fiske, p. 84-85.)";"Null";"Null"
"http://data.bnf.fr/ark:/12148/cb310943303";"[Opera latina. I.] Librorum Francisci Petrarche impressorum annotatio. De ignorantia sui ipsius et multorum liber I. De ocio religiosorum liber I. Itinerarium. Propositum factum coram rege Ungarie. De vita solitaria libri II. De remediis utriusque fortune libri II. Libri quem secretum sive de conflictu curarum suarum inscripsit colloquium trium dierum. De vera sapientia dialogi II. De rebus memorandis libri IIII. Contra medicum objurgantem Invectivarum libri IIII. Epistolarum de rebus familiaribus libri VIII. Ad quosdam ex illustribus quasi sui contemporanei forent epistole V. Epistolarum sine titulo liber I. Ad Karolum quartum Romanorum regem epistola I. Septem psalmi penitentiales. Invectiva contra Gallum. Epitoma illustrium virorum ad Franciscum de Carrharia. Ejusdem Epitomatis, post obitum Francisci Petrarche : Lorbardi de Siricho supplementum. Benevenuti Rombaldis libellus qui Augustalis dicitur. Annotatio principalium sententiarum. Principalium sententiarum ac materiarum memoria dignarum ex libris F...";"1501";"Null";"Null";"Null";"2 tomes en 1 vol. in-fol. à 2 col., car. goth., sign. a-z, A-O ; +, 1-24";"Null";"Null"
"http://data.bnf.fr/ark:/12148/cb31102240z";"Philostratus, De Vita Apollonii Tyanei, scriptor luculentus, a Philippo Beroaldo castigatus";"1501";"Bononiae";"a B. Hectoris";"1501";"In-fol., 1 fol. non ch., 93 ff.";"Null";"Null"
"http://data.bnf.fr/ark:/12148/cb31106121c";"Joannis Francisci Pici Liber de imaginatione. - (A la fin :) Venetiis, apud Aldum Romanum, mense aprili MDI";"1501";"Venetiis";"Null";"1501";"In-4° , sign. *, A-E";"Null";"Null"
"http://data.bnf.fr/ark:/12148/cb31109003w";"Celeberrimi viri domini Petri, artium et medicinarum doctoris Cracoviensis, Computus ecclesiasticus, vel astronomicus, universis scholasticis et viris ecclesiasticis non minus utilis quam necessarius, incipit feliciter. - A la fin : Explicit Compotus Cracoviensis, anno nativitatis dominice quingentesimo primo, mensis martii victoimo quin..";"1501";"(Coloniae Aggripinae";"impressum per C. Van Zurichzee,)";"1501";"In-4° , car. goth., longues lignes, sign. A-G";"Null";"Null"
"http://data.bnf.fr/ark:/12148/cb311215628";"Albubather (liber de nativitatibus.)";"1501";"Venetiis";"Null";"1501";"In-fol.";"Null";"Null"
"http://data.bnf.fr/ark:/12148/cb31123636g";"Quae in isto continentur opusculo : C. Plinii Junioris Epistolae per Philippum Beroaldum emendatae, et unus est adjunctus liber quae in aliis super impressis minime continebatur. Etiam ejusdem auctoris panegyricus in laudem Trajani imperatoris, et de Viris illustribus libellus. - À la fin : Impressum Venetiis per Albertinum Vercellencem ; anno ab incarnatione Domini MCCCCCI";"1501";"Venetiis";"Null";"1501";"In-4° , sign. a-n";"Null";"Null"
"http://data.bnf.fr/ark:/12148/cb31125265f";"Epithome Plutarchi. - Fol. I : Marii Tiberti, poetae et equitis cesenatis... in Plutarchi vitis epithome. - À la fin : Impressum Ferrarie, per magistrum Laurentium de Valentia, die 17 februarii 1501";"1501";"Ferrarie";"Null";"1501";"In-4° , 3 ff. non ch., CCCLIIII ff.";"Null";"Null"
"http://data.bnf.fr/ark:/12148/cb311327748";"Romanae historiae compendium";"1501";"Null";"Null";"1501";"sign. A-I6, K8";"Null";"Null"
"http://data.bnf.fr/ark:/12148/cb311348203";"Joannis Joviani Pontani Opera. De Fortitudine libri duo, de Principe liber unus, Dialogus qui Charon inscribitur, Dialogus qui Antonius inscribitur, de Liberalitate liber unus, de Beneficentia liber unus, de Magnificentia liber unus, de Splendore liber unus, de Conviventia liber unus, de Obedientia libri quinque. - À la fin : Impressum Venetiis, per Bernardinum Vercellensem, anno salutis MCCCCCI, die primo kalendas martii";"1501";"Venetiis";"Null";"1501";"In-fol., sign. A-Q";"Null";"Null"
"http://data.bnf.fr/ark:/12148/cb31155810f";"Sedulii Carmen paschale. Aurelii Prudentii Poemata Decretorum distinctione XV : Venerabilis viri Sedulii paschale opus... insigni laude proferimus. - Fol. a2 : Civilis et pontificii jurisconsultiss. Insubriaeque regio senatori domino Michaeli Riccio,... Janus Parhasius. s. p. d. [Mediolani, idibus juniis 1501.] - Fol. p2 : Ornatissimo... Francisco Medullae Areltano,... Janus Parrhasius felicitatem. - À la fin : Impressum Mediolani, sumptibus Jani et Catelliani Cottae, dexteritate Guillelmorum Le Signerre fratrum";"1501";"Mediolani";"Null";"1501";"In-8° , sign. a-p";"Null";"Null"
"http://data.bnf.fr/ark:/12148/cb40986744p";"Instituta cum summariis";"1501";"Null";"Null";"1501";"152 [i.e. 140] f. (sig. a-b8 c-e4 f-t8)";"Null";"Null"
"http://data.bnf.fr/ark:/12148/cb31176379p";"In physicam Aristotelis expositio et quaestiones...";"1501";"Venetiis";"Null";"1501";"In-fol.";"Null";"Null"
"http://data.bnf.fr/ark:/12148/cb31183542c";"Incipit clarificatorium Johannis de Tornamira super nono Almansoris cum textu ipsius Rasis";"1501";"Lugduni";"per J. Bachalarium";"1501";"160 f.";"Null";"Null"
"http://data.bnf.fr/ark:/12148/cb41243977k";"Postilles et expositions des epistres et evangilles dominicales";"1501";"Null";"Null";"1501";"Sign. a-z6 A-B6 C8";"Null";"Null"
"http://data.bnf.fr/ark:/12148/cb31211299r";"Castigatorium Aegidii de Roma in corruptorium librorum sancti Thome de Aquino, a quodam emulo depravatorum";"1501";"Argentine";"impressum in officina Martini Flach junioris";"1501";"In-fol., car. goth., sign. A-N";"Null";"Null"
"http://data.bnf.fr/ark:/12148/cb31237154c";"Comedia de Calisto y Melibea [por F. de Rojas], con sus argumentos nuevamente añadidos, la qual contiene de mas de su agradable y dulce estilo muchas sentencias filosofales y avisos muy necessarios para mancebos, monstrandoles los engaños que estan encerrados en sirvientes y alcahuetas. - (À la fin :) Descrive el tiempo en que la obra se imprimio. El carro phebeo despues de aver dado mill quinjentas y una bueltas en rueda, ambos entonces los hijos de Leda a Phebo en su casa tenien posentado, quando este muy dulce y breve tractado despues de revisto y bien corregido, con gran vigilancia puntado y leydo fue en Sevilla impresso y acabado. A Dios gracias";"1501";"Sevilla";"S. Polonus";"1501";"In-4° , 76 ff. n. c., 34 Il. à la page, car. goth., fig. gr. au titre, armoiries, marque typogr. de S. Polonus";"Null";"Null"
"http://data.bnf.fr/ark:/12148/cb312378998";"De Valore missarum. (Marque de Robert de Gourmont). - Fol. a⁽2 : Libellus de venerabili sacramento et valore missarum [auctore W. Rolevinck]. - Fol. a⁽2 : ... De Vita dulcissimi Jesu ad contemplendum per ebdomadam ordo devotissimus editus ab Ubertino. - À la fin : Libellus de venerabili sacramento et valore missarum Parisius noviter impressus per Antonium Chappiel impressorem finit feliciter";"1501";"[Paris]";"Antoine Chappiel pour Robert de Gourmont";"1501";"[28] ff. signés a-c8, d4, le dernier blanc";"Null";"Null"
"http://data.bnf.fr/ark:/12148/cb41621511b";"Vergiliana opuscula familiariter exposita in hoc volumine hoc ordine contenta...";"1501";"Null";"Null";"Null";"LXXII f.";"Null";"Null"
"http://data.bnf.fr/ark:/12148/cb41873094b";"♦ De remedio amoris";"1501";"Paris";"Michel Le Noir. - Georges Mittelhus";"1501";"Null";"Null";"Null"
"http://data.bnf.fr/ark:/12148/cb41873028j";"Philippi Beroaldi Libellus De optimo statu";"1501";"Paris";"Denis Roce";"1501";"Null";"Null";"Null"
"http://data.bnf.fr/ark:/12148/cb41873053r";"Manipulus curatorum";"1501";"Paris";"les Frères de Marnef";"1501";"Null";"Null";"Null"
"http://data.bnf.fr/ark:/12148/cb41873088d";"Provinciale seu Constitutiones Anglie";"1501";"Paris";"André Bocard";"1501";"Null";"Null";"Null"
"http://data.bnf.fr/ark:/12148/cb41873098q";"Regimen sanitatis en francois";"1501";"Paris";"Michel Le Noir";"1501";"Null";"Null";"Null"
"http://data.bnf.fr/ark:/12148/cb41873019k";"Compotus cum commento accurate noviter impressus et recognitus...";"1501";"Paris";"[Gaspard Philippe]. - Jean I Trepperel";"1501";"Null";"Null";"Null"
"http://data.bnf.fr/ark:/12148/cb41873022g";"Tractatus de arte bene vivendi et bene moriendi";"1501";"Paris";"Alexandre Aliate. - Antoine Denidel. - Denis Roce";"1501";"Null";"Null";"Null"
"http://data.bnf.fr/ark:/12148/cb41873031f";"Speculum discipline";"1501";"Paris";"Pierre Le Dru. - Jean Petit";"1501";"Null";"Null";"Null"
"http://data.bnf.fr/ark:/12148/cb41873090z";"Les Lunettes des princes";"1501";"Paris";"Michel Le Noir";"1501";"Null";"Null";"Null"
"http://data.bnf.fr/ark:/12148/cb41873020s";"Sequitur Opus novum... super Epistolas totius Quadragesime quod dicitur Anima fidelis";"1501";"Paris";"André Bocard. - Jean Petit";"1501";"Null";"Null";"Null"
"http://data.bnf.fr/ark:/12148/cb41873095p";"Ovidii Quindecim Metamorphoseos libri";"1501";"Paris. - Lyon";"Jacques I Huguetan. - Jacques I Huguetan. - Nicolas Wolff";"1501";"Null";"Null";"Null"
"http://data.bnf.fr/ark:/12148/cb41873103g";"[Laurentii Valle In elegantias latine lingue liber";"1501";"Paris";"Denis Roce";"1501";"Null";"Null";"Null"
"http://data.bnf.fr/ark:/12148/cb418730601";"Hore dive Virginis Marie secundum verum usum Romanum";"1501";"Paris";"Thielman Kerver";"1501";"Null";"Null";"Null"
"http://data.bnf.fr/ark:/12148/cb41873106h";"P. Virgilii Maronis,...  Buccolicca et Georgica";"1501";"Paris. - Angers?";"Jean de Coblencz. - Thielman Kerver. - Jean Petit. - Jean Alexandre?";"1501";"Null";"Null";"Null"
"http://data.bnf.fr/ark:/12148/cb418730961";"Postilles et expositions des Epistres et Evangiles dominicales...";"1501";"Paris";"Le Petit Laurens. - Jean Petit";"1501";"Null";"Null";"Null"
"http://data.bnf.fr/ark:/12148/cb41873046g";"Dionysius De situ orbis";"1501";"Paris";"[Jean I Petit]. - [Gaspard Philippe]. - Denis Roce";"1501";"Null";"Null";"Null"
"http://data.bnf.fr/ark:/12148/cb41873025h";"La Nef des folles";"1501";"Paris";"Jean I Trepperel";"1501";"Null";"Null";"Null"
"http://data.bnf.fr/ark:/12148/cb418730721";"Hore presentes ad usum Sarum";"1501";"Paris";"Philippe Pigouchet. - Simon Vostre";"1501";"Null";"Null";"Null"
"http://data.bnf.fr/ark:/12148/cb418730245";"Jodoci Badii Ascensii De recte scribendi ratione compendiosa traditio";"1501";"Paris";"Thielman Kerver";"1501";"Null";"Null";"Null"
"http://data.bnf.fr/ark:/12148/cb41873070b";"Hore intemerate Virginis Marie secundum usum Rothomagensem";"1501";"Paris. - Caen";"Thielman Kerver. - Pierre Regnault";"1501";"Null";"Null";"Null"
"http://data.bnf.fr/ark:/12148/cb41873071p";"Ces presentes Heures a lusaige de Rouan";"1501";"Paris";"Simon Vostre";"1501";"Null";"Null";"Null"
"http://data.bnf.fr/ark:/12148/cb41873026v";"Regula";"1501";"Paris. - Bourges";"Geoffroy de Marnef. - Geoffroy de Marnef";"1501";"Null";"Null";"Null"
"http://data.bnf.fr/ark:/12148/cb418730632";"Hore intemerate Virginis Marie secundum usum Romanum";"1501";"Paris";"Thielman Kerver. - Gilles Remacle";"1501";"Null";"Null";"Null"
"http://data.bnf.fr/ark:/12148/cb418731055";"Aeneis";"1501";"Paris. - Angers";"Jean de Coblencz. - Thielman Kerver. - Jean Petit. - Jean Alexandre";"1501";"Null";"Null";"Null"
"http://data.bnf.fr/ark:/12148/cb41873086q";"Les Ordonnances royaulx nouvellement publies... ♦ le XIII. jour du moys de juing lan mil. CCCC. XCIX";"1501";"Paris";"[Le Petit Laurens]. - Jean Petit";"1501";"Null";"Null";"Null"
"http://data.bnf.fr/ark:/12148/cb41873068s";"Ces presentes Heures a lusaige de Romme";"1501";"Paris";"Philippe Pigouchet. - Simon Vostre";"1501";"Null";"Null";"Null"
"http://data.bnf.fr/ark:/12148/cb418730365";"Breviarium seu Portiforium ad usum Sarum";"1501";"Paris. - Rouen";"Johann Philippi. - Jean Huvin";"1501";"Null";"Null";"Null"
"http://data.bnf.fr/ark:/12148/cb41873052d";"Les Omelies";"1501";"Paris";"Antoine Vérard";"1501";"Null";"Null";"Null"
"http://data.bnf.fr/ark:/12148/cb41873029w";"Philippi Beroaldi Opusculum eruditum quo continetur Declamatio philosophi, medici et oratoris de excellentia disceptantium";"1501";"Paris";"Denis Roce";"1501";"Null";"Null";"Null"
"http://data.bnf.fr/ark:/12148/cb418730187";"Buccollica Fausti";"1501";"Paris";"Raoul Laliseau. - [Michel Tholoze ?]";"1501";"Null";"Null";"Null"
"http://data.bnf.fr/ark:/12148/cb41873076d";"Magistri Jacobi de Lenda,... Sermones quadragesimales";"1501";"Paris";"André Bocard. - Jean Petit";"1501";"Null";"Null";"Null"
"http://data.bnf.fr/ark:/12148/cb41873085c";"Le livre des consolacions contre toutes tribulacions";"1501";"Paris";"Durand Gerlier. - Pierre Le Dru. - Jean Petit";"1501";"Null";"Null";"Null"
"http://data.bnf.fr/ark:/12148/cb41873067f";"Ces presentes Heures a lusaige de Romme";"1501";"Paris";"Philippe Pigouchet. - Simon Vostre";"1501";"Null";"Null";"Null"
"http://data.bnf.fr/ark:/12148/cb41873065r";"Ces presentes Heures a lusaige de Romme";"1501";"Paris";"Philippe Pigouchet. - Simon Vostre";"1501";"Null";"Null";"Null"
"http://data.bnf.fr/ark:/12148/cb41873041r";"Decretum aureum divi Gratiani in quo est discordantium canonum concordia.";"1501";"Paris";"Ulrich Gering. - Berthold Rembolt";"1501";"Null";"Null";"Null"
"http://data.bnf.fr/ark:/12148/cb418730276";"Regula beatissimi patris Benedicti...";"1501";"Paris. - Bourges";"les Frères de Marnef. - les Frères de Marnef";"1501";"Null";"Null";"Null"
"http://data.bnf.fr/ark:/12148/cb418730694";"Heures a lusaige de Rome";"1501";"Paris";"Jean I Poytevin";"1501";"Null";"Null";"Null"
"http://data.bnf.fr/ark:/12148/cb41873040d";"Extravagantes communes";"1501";"Paris";"Ulrich Gering. - Berthold Rembolt";"1501";"Null";"Null";"Null"
"http://data.bnf.fr/ark:/12148/cb418730512";"De passionibus anime";"1501";"Paris";"Jean Petit. - Gaspard Philippe";"1501";"Null";"Null";"Null"
"http://data.bnf.fr/ark:/12148/cb418730841";"Le livre de la femme forte et vertueuse";"1501";"Paris";"Philippe Pigouchet. - Simon Vostre";"1501";"Null";"Null";"Null"
"http://data.bnf.fr/ark:/12148/cb41873023t";"Sermones sancti Augustini ad heremitas";"1501";"Paris";"Denis Roce";"1501";"Null";"Null";"Null"
"http://data.bnf.fr/ark:/12148/cb41873059t";"Hore dive Virginis Marie secundum verum usum Romanum";"1501";"Paris";"Thielman Kerver";"1501";"Null";"Null";"Null"
"http://data.bnf.fr/ark:/12148/cb41873044s";"Le Coustumier des pays danjou et du Maine";"1501";"Paris. - Angers";"Le Petit Laurens. - Jean Petit. - Jean Alexandre";"1501";"Null";"Null";"Null"
"http://data.bnf.fr/ark:/12148/cb418730454";"In hoc codice contenta Ascensii De epistolis componendis compendium";"1501";"Paris";"Thielman Kerver. - les Frères de Marnef. - Jean Petit";"1501";"Null";"Null";"Null"
"http://data.bnf.fr/ark:/12148/cb41873050q";"Epistole";"1501";"Paris";"Johann Philippi. - Denis Roce";"1501";"[228] f.";"Null";"Null"
"http://data.bnf.fr/ark:/12148/cb418730810";"Habes, optime lector, in hoc libello... Primo De Fornoviensi conflictu carmen";"1501";"Paris";"Jacques Moerart";"1501";"Null";"Null";"Null"
"http://data.bnf.fr/ark:/12148/cb418730872";"M. Annei Lucani,... Bellum civile Pharsalicum,";"1501";"Paris";"Jean I Du Pré";"1501";"Null";"Null";"Null"
"http://data.bnf.fr/ark:/12148/cb418730930";"Ovidius De fastis";"1501";"Paris";"Jean I Du Pré";"1501";"Null";"Null";"Null"
"http://data.bnf.fr/ark:/12148/cb418730485";"Le Livre de la compunction du cuer";"1501";"Paris";"Michel Le Noir";"1501";"Null";"Null";"Null"
"http://data.bnf.fr/ark:/12148/cb41873089r";"[Liber terminorum magistri Johannis Majoris]";"1501";"Paris";"Guy Marchant. - Denis Roce";"1501";"Null";"Null";"Null"
"http://data.bnf.fr/ark:/12148/cb41873092n";"Guillelmi de Monserrat... Perutile Commentum super Pragmatica Sanctione quinque partes continens...";"1501";"Paris";"Jean I Du Pré";"1501";"Null";"Null";"Null"
"http://data.bnf.fr/ark:/12148/cb41873082b";"In hoc opere continentur Totius philosophie naturalis paraphrases";"1501";"Paris";"Wolfgang Hopyl";"1501";"Null";"Null";"Null"
"http://data.bnf.fr/ark:/12148/cb418730214";"Confessionale";"1501";"Paris";"Pierre Le Dru. - Jean Petit";"1501";"Null";"Null";"Null"
"http://data.bnf.fr/ark:/12148/cb418730752";"Sermones";"1501";"Paris";"André Bocard. - Jean Petit";"1501";"Null";"Null";"Null"
"http://data.bnf.fr/ark:/12148/cb418730423";"Decretalium copiosum argumentum";"1501";"Paris";"Ulrich Gering. - Berthold Rembolt";"1501";"Null";"Null";"Null"
"http://data.bnf.fr/ark:/12148/cb41873049h";"Regula decimarum";"1501";"Paris";"Guy Marchant";"1501";"Null";"Null";"Null"
"http://data.bnf.fr/ark:/12148/cb418730334";"Libellus De constitutione et utilitate artium humanarum...";"1501";"Paris";"Jean Petit. - Gaspard Philippe";"1501";"Null";"Null";"Null"
"http://data.bnf.fr/ark:/12148/cb41873079f";"Guidonis Juvenalis... In latine lingue elegantias tam a Laurentio Valla quam a Gelio memorie proditas Interpretatio dilucida thematis... adhibitis noviter emendata impressaque";"1501";"Paris";"Gaspard Philippe. - Jean Richard. - Denis Roce";"1501";"Null";"Null";"Null"
"http://data.bnf.fr/ark:/12148/cb41873035t";"Diurnale ad usum ordinis Cisterciensis";"1501";"Paris";"Thielman Kerver. - Geoffroy de Marnef";"1501";"Null";"Null";"Null"
"http://data.bnf.fr/ark:/12148/cb41873097c";"Romanae historiae compendium";"1501";"Paris";"Jean I Du Pré";"1501";"Null";"Null";"Null"
"http://data.bnf.fr/ark:/12148/cb41873100f";"Statuta synodalia civitatis et diocesis Trecensis";"1501";"Paris. - Troyes";"[André Bocard ?]. - Macé Panthoul";"1501";"Null";"Null";"Null"
"http://data.bnf.fr/ark:/12148/cb418730574";"Ces presentes Heures a lusaige de Evreux";"1501";"Paris";"Philippe Pigouchet. - Simon Vostre";"1501";"Null";"Null";"Null"
"http://data.bnf.fr/ark:/12148/cb41873062q";"Die Ghetijden van Onser Lieuer vrou wen [sic]";"1501";"Paris";"Thielman Kerver. - Gilles Remacle";"1501";"Null";"Null";"Null"
"http://data.bnf.fr/ark:/12148/cb41873107v";"Vergiliana Opuscula";"1501";"Paris. - Angers";"Jean de Coblencz. - Thielman Kerver. - Jean Petit. - Jean Alexandre";"1501";"Null";"Null";"Null"
"http://data.bnf.fr/ark:/12148/cb418730303";"Biblia cum summariis concordantiis";"1501";"Paris";"Jean I Petit";"1501";"Null";"Null";"Null"
"http://data.bnf.fr/ark:/12148/cb41873032s";"In artem oppositorum Introductio";"1501";"Paris";"Wolfgang Hopyl";"1501";"Null";"Null";"Null"
"http://data.bnf.fr/ark:/12148/cb41873104t";"Laurentii Valle De lingua latina...";"1501";"Paris";"André Bocard. - Jean de Coblencz. - Jean Petit";"1501";"Null";"Null";"Null"
"http://data.bnf.fr/ark:/12148/cb418730396";"Les Quatre novissimes";"1501";"Paris";"Jean Hérouf";"1501";"Null";"Null";"Null"
"http://data.bnf.fr/ark:/12148/cb41873014v";"Conceptus et insolubilia Petri de Alyaco";"1501";"Paris";"Durand Gerlier";"1501";"Null";"Null";"Null"
"http://data.bnf.fr/ark:/12148/cb41873016j";"Le grant blason de faulses amours fait et composé par frere Guillaume Alexis, religieux de Lyre et de Bussy";"1501";"Paris";"Michel Le Noir";"1501";"Null";"Null";"Null"
"http://data.bnf.fr/ark:/12148/cb41873055f";"Ces presentes Heures a lusaige de Besenson";"1501";"Paris";"Simon Vostre";"1501";"Null";"Null";"Null"
"http://data.bnf.fr/ark:/12148/cb418730919";"Missale parvum ad usum ecclesie Parisiensis nuper... impressum";"1501";"Paris";"Thielman Kerver";"1501";"Null";"Null";"Null"
"http://data.bnf.fr/ark:/12148/cb41873077r";"Le Codicille et testament de maistre Jehan de Meun";"1501";"Paris";"Michel Le Noir";"1501";"Null";"Null";"Null"
"http://data.bnf.fr/ark:/12148/cb41873064d";"Ces presentes Heures a lusaige de Romme";"1501";"Paris";"Philippe Pigouchet. - Simon Vostre";"1501";"Null";"Null";"Null"
"http://data.bnf.fr/ark:/12148/cb41873058g";"Ces presentes Heures a lusaige de Lengres";"1501";"Paris";"Philippe Pigouchet. - Simon Vostre";"1501";"Null";"Null";"Null"
"http://data.bnf.fr/ark:/12148/cb418731024";"Processus judiciarius";"1501";"Paris";"Pierre Le Dru. - Jean Petit";"1501";"Null";"Null";"Null"
"http://data.bnf.fr/ark:/12148/cb41873080n";"Casus in quibus judex secularis potest manus in personas clericorum sine metu excommunicationis imponere";"1501";"Paris";"Jean Petit";"1501";"Null";"Null";"Null"
"http://data.bnf.fr/ark:/12148/cb41873073c";"De immortalitate anime";"1501";"Paris";"Jean Petit. - Gaspard Philippe";"1501";"Null";"Null";"Null"
"http://data.bnf.fr/ark:/12148/cb418730663";"Ces presentes Heures a lusaige de Romme";"1501";"Paris";"Philippe Pigouchet. - Simon Vostre";"1501";"Null";"Null";"Null"
"http://data.bnf.fr/ark:/12148/cb418730783";"Vocabularius perutilis utriusque juris tam civilis quam canonici";"1501";"Paris. - Angers";"Pierre Le Dru. - Jean Petit. - Jean Alexandre ou/et Charles de Bougne";"1501";"Null";"Null";"Null"
"http://data.bnf.fr/ark:/12148/cb41873074q";"De imitatione Christi";"1501";"Paris";"Jean Petit. - Gaspard Philippe";"1501";"Null";"Null";"Null"
"http://data.bnf.fr/ark:/12148/cb41873017w";"Buccollica Fausti";"1501";"Paris";"Jean Antoine. - Jean I Du Pré";"1501";"Null";"Null";"Null"
"http://data.bnf.fr/ark:/12148/cb41873047t";"La Fleur des batailles Doolin de Maience";"1501";"Paris";"Antoine Vérard";"1501";"Null";"Null";"Null"
"http://data.bnf.fr/ark:/12148/cb41873101s";"[Expositiones ♦ in Summulas Petri Hyspani... una cum textu. ]";"1501";"Paris";"Pierre Levet. - Geoffroy de Marnef";"1501";"Null";"Null";"Null"
"http://data.bnf.fr/ark:/12148/cb41873037h";"Officia Ciceronis...";"1501";"Paris";"Johann Philippi. - Denis Roce";"1501";"Null";"Null";"Null"
"http://data.bnf.fr/ark:/12148/cb41873034g";"Breviarium magnum ad usum insignis ecclesie metropolitane Bisuntinensis";"1501";"Paris";"Jean I Du Pré";"1501";"Null";"Null";"Null"
"http://data.bnf.fr/ark:/12148/cb418730156";"Tertia pars Doctrinalis Alexandri...";"1501";"Paris";"André Bocard. - Jean Petit";"1501";"Null";"Null";"Null"
"http://data.bnf.fr/ark:/12148/cb418730992";"Sermones dominicales";"1501";"Paris";"Jacques I Huguetan. - Philippe Pigouchet. - François Regnault";"1501";"Null";"Null";"Null"
"http://data.bnf.fr/ark:/12148/cb418730543";"Ces presentes Heures a lusaige de Amiens";"1501";"Paris";"Philippe Pigouchet. - Simon Vostre";"1501";"Null";"Null";"Null"
"http://data.bnf.fr/ark:/12148/cb41873061c";"Hore intemerate Virginis Marie secundum usum Romanum";"1501";"Paris";"Thielman Kerver. - Gilles Remacle";"1501";"Null";"Null";"Null"
"http://data.bnf.fr/ark:/12148/cb41873043f";"Extravagantes XX";"1501";"Paris";"Ulrich Gering. - Berthold Rembolt";"1501";"Null";"Null";"Null"
"http://data.bnf.fr/ark:/12148/cb41873083p";"Tractatus consequentiarum";"1501";"Paris";"Antoine Denidel. - Robert de Gourmont. - Jean Richard";"1501";"Null";"Null";"Null"
"http://data.bnf.fr/ark:/12148/cb41873056s";"Ces presentes heures a lusaige de Chartres";"1501";"Paris";"Philippe Pigouchet. - Simon Vostre";"1501";"Null";"Null";"Null"
"http://data.bnf.fr/ark:/12148/cb31274852q";"Theologia naturalis, sive Liber creaturarum, ac specialiter de homine et de natura ejus in quantum homo, et de his que sunt ei necessaria ad cognoscendum seipsum et Deum et omne debitum ad quod homo tenetur et obligatur tam Deo quam proximo. - Fol. 2 : Tabula alphabetica. - Fol. [6], r° : Finit Tabula. - Fol. [7] sign. a : Prologus. Incipit Theologia naturalis, sive Liber creaturarum... compositus a venerabili viro magistro Raymundo de Sabunde, in artibus et medicina doctore, in Sacra pagina egregio professore. - A la fin : Liber creaturarum, seu Theologia naturalis, specialiter de homine et de natura ejus... finit feliciter, ex officina Martini Flach junioris, civis Argentinensis, anno Domini millesimo quingentesimo primo, septimo kalendas februarii";"1501";"Strasbourg";"Null";"1501";"In-fol. à 2 col., car. goth., titre, 5 ff. de table, le reste sign. a-z, r, ?";"Null";"Null"
"http://data.bnf.fr/ark:/12148/cb42053755q";"[La déploration] : [estampe]";"1501";"[S.l.]";"[s.n.]";"1501";"1 est. : burin ; 11,5 x 7,1 cm (tr. c.)";"http://data.bnf.fr/ark:/12148/cb119503221";"http://gallica.bnf.fr/ark:/12148/btv1b69512059"
"http://data.bnf.fr/ark:/12148/cb42056422n";"[La Vierge, l'Enfant Jésus et sainte Anne] : [estampe]";"1501";"[S.l.]";"[s.n.]";"1501";"1 est. : burin ; 11,5 x 7,2 cm (tr. c.)";"http://data.bnf.fr/ark:/12148/cb119517451";"http://gallica.bnf.fr/ark:/12148/btv1b69512237"
"http://data.bnf.fr/ark:/12148/cb420574446";"[Saint Eustache] : [estampe]";"1501";"[S.l.]";"[s.n.]";"1501";"1 est. : burin ; 35,7 x 26 cm (tr. c.)";"http://data.bnf.fr/ark:/12148/cb11931175w";"http://gallica.bnf.fr/ark:/12148/btv1b69512556"
"http://data.bnf.fr/ark:/12148/cb42079019s";"[Saint Eustache] : [estampe]";"1501";"[S.l.]";"[s.n.]";"1501";"1 est. : burin ; 35,7 x 25,5 cm (tr. c.)";"http://data.bnf.fr/ark:/12148/cb11931175w";"http://gallica.bnf.fr/ark:/12148/btv1b525066194"
"http://data.bnf.fr/ark:/12148/cb31306408b";"Reverendi Patris F. Ieronymi Savonarole de Ferr..... Expositio in psalmum Miserere mei Deus. Orazione fatta il 23 maggio 1498 innanzi al santissimo Sacramento";"1501";"[Louvain]";"Thierry Martens";"1501";"12 feuillets";"Null";"Null"
"http://data.bnf.fr/ark:/12148/cb42555682p";"Le Débat de l'eau et du vin";"1501";"[Paris]";"Michel Le Noir";"1501";"Null";"Null";"Null"
"http://data.bnf.fr/ark:/12148/cb42555774b";"Les menus propos : composés // nouvellement";"1501";"[Rouen";"Richard Auzoult ? pour] Robert Macé [à Caen";"1501";"Null";"Null";"Null"
"http://data.bnf.fr/ark:/12148/cb313741539";"Opera latina...";"1501";"Venetiis";"Null";"1501";"In-fol.";"Null";"Null"
"http://data.bnf.fr/ark:/12148/cb31439873d";"Prima [-Secunda] pars [super I. Decretalium. - Prima [-Tertia] pars super II. Decretalium... - Lectura super III. Decretalium] abbatis [N. Tedeschi] cum suppletionibus Antonii de But. [Butrio] et cum additionibus... Antonii Corseti [interpositis casibus longis Bernardini glosatoris]... necnon cum apostilis... Andree Barbace Siculi, noviter impressis et cum summariis et additionibus [Bartholomei de Bellenzinis]... noviter editis per... Bernardinum ex Capitaneis de Landriano,... - À la fin du T. I : Impressa per magistrum Nicolaum de Benedictis, die XXII. octobris M. CCCCCI. - À la fin du T. III. : Impressa... M. CCCCCI, die XIX. junii. - À la fin du T. V : Impressa... M. CCCCCI. die IX. augusti. - À la fin du T. VI : Impressa... M. CCCCCI. die XIX. julii";"1501";"(Mediolani,)";"Null";"1501";"6 tomes en 3 vol. in-fol., texte encadré de gloses, titre en rouge au 1er et au 2e tomes et marque typogr. à la fin des tomes 1, 2, 5 et 6";"Null";"Null"
"http://data.bnf.fr/ark:/12148/cb314519259";"Prudentii poetae Opera";"1501";"Null";"Null";"1501";"[234] f.";"Null";"Null"
"http://data.bnf.fr/ark:/12148/cb31462162r";"Boetius de Philosophico consolatu, sive de Consolatione philosophię, cum figuris ornatissimis noviter expolitus. - Fol. A v° : Boetii,... Libri de Consolatione philosophię et commentatoris eximii pręclarisque doctoris sancti Thomę super eosdem incipiunt foeliciter. - À la fin : Impressum Argentinę per Johannem Grüninger, anno Incarnationis Domini millesimo quingentesimo primo, kalendas vero VIII. septembris";"1501";"Argentinae";"Null";"1501";"In-fol., commentaire encadrant le texte, 6 ff. n. sign. et 4-126 [sic pour 128] ff. sign. A-Y par 6 sauf A par 4 et Y par 8, fig., marque typogr. à la fin";"Null";"Null"
"http://data.bnf.fr/ark:/12148/cb314685075";"Epithome Plutarchi. - Fol. I : Darii Tiberti,... in Plutarchi vitis epithome. - À la fin : Impressum Ferrarie per magistrum Laurentium de Valentia, die 17. februarii 1501";"1501";"Ferrarie";"Null";"1501";"In-4° , 3 ff. n. ch., CLIIII ff., car. goth., marque typogr. à la fin";"Null";"Null"
"http://data.bnf.fr/ark:/12148/cb31482371p";"Joannis Tortelii,... Orthographia. Joannis Tortelii Lima quaedam per Georgium Vallam tractatum de Orthographia";"1501";"Venetiis";"per B. de Zanis de Portesio";"1501";"In-fol., 173 ff.";"Null";"Null"
"http://data.bnf.fr/ark:/12148/cb31485657p";"Tractatus de febribus... magistri Johannis de Tornamira,... - À la fin : Impressum Lugdunum per Johannem Bachelier,... anno 1501";"1501";"Lugduni";"Null";"1501";"In-8° à 2 col., 27 ff., car. goth. (Baudrier, VII, 19.)";"Null";"Null"
"http://data.bnf.fr/ark:/12148/cb31509055t";"Opera di Faccio degli Uberti,... chiamato Ditta mundi, vuolgare... - À la fin : Impresso in Venetia per Christofaro di Pensa da Mandelo adi IIII. setembrio MCCCCCI";"1501";"Venetia";"Null";"1501";"In-8° , sign. a-z⁽8, &⁽8, @ , A-G⁽8, H⁽4";"Null";"Null"
"http://data.bnf.fr/ark:/12148/cb315204090";"Habes, optime lector, in hoc libello que digesto sequuntur ordine. Primo. De Fornoviensi conflictu carmen";"1501";"Null";"Null";"1501";"Sign. a-d6, e ̃";"Null";"http://gallica.bnf.fr/ark:/12148/bpt6k70596n"
"http://data.bnf.fr/ark:/12148/cb43517057m";"Buccollica Fausti";"1501";"Null";"Null";"1501";"[48] f. (sig. a-h6)";"Null";"Null"
"http://data.bnf.fr/ark:/12148/cb315223661";"Georgii Vallae,... de Expetendis et fugiendis rebus opus... - À la fin : Venetiis, in aedibus Aldi romani, impensa ac studio Joannis Petri Vallae filii pientiss., mense decembri M. D. I.";"1501";"Venetiis";"Null";"1501";"2 vol.";"Null";"Null"
"http://data.bnf.fr/ark:/12148/cb43666886c";"Le livre des consolacions contre toutes tribulacions";"1501";"Null";"Null";"Null";"[72] f. (sign. a-i8)";"Null";"Null"
"http://data.bnf.fr/ark:/12148/cb315659903";"Questiones librorum de anima magistri Johannis Versoris ad impensas... civis Cracoviensis... Johannis Haller per... Johannem Glogowiensem, alme universitatis studii Cracoviensis majoris collegii collegiatum, pro juniorum in philosophie studiis institutione... resolute. - À la fin : Impressum Metis per Casparum Hochffeder anno Domini millesimo quingentesimo primo";"1501";"Metis";"Null";"1501";"In-4° , sign. a-g⁽8, hh⁽4, h-z⁽8, A-F⁽8, G⁽7, car. goth., figure sur bois";"Null";"Null"
"http://data.bnf.fr/ark:/12148/cb315913756";"P. Virgilii Maronis,... Buccolicca et Georgica";"1501";"Null";"Null";"1501";"[6]-CLXXXIIII f.";"Null";"Null"
"http://data.bnf.fr/ark:/12148/cb315913845";"Vergilius";"1501";"Null";"Null";"1501";"Sign. a-f8, A-X8, Y4";"Null";"Null"
"http://data.bnf.fr/ark:/12148/cb316560888";"Declamatio... de tribus fratribus, ebrioso, scortatore et lusore...";"1501";"(Argentinae,)";"Null";"1501";"In-4° . (F. Ritter, I, 190.)";"Null";"Null"
"http://data.bnf.fr/ark:/12148/cb31791134d";"Le Cose volgari...";"1501";"(Vinegia";"Null";"1501";"Null";"Null";"Null"
"http://data.bnf.fr/ark:/12148/cb318027547";"[Sermones.] - A la fin : Impressum Lugduni... pro... M. Johanne Diamantiers bibliopola, labore et industria M. Nicolai Wuolff, Alemani, anno... M. quingentesimo primo...";"1501";"Lugduni, N. Wuolff";"Null";"1501";"Null";"Null";"Null"
"http://data.bnf.fr/ark:/12148/cb31831264j";"Boetius. De philosophico consolatu, sive de consolatione philosophie : cum figuris ornatissimis noviter expolitus";"1501";"Argentine, per Johannem Gruninger";"Null";"1501";"Null";"Null";"Null"
"http://data.bnf.fr/ark:/12148/cb32259827f";"Opera Hrosvita,... nuper a Conrado Celte inventa";"1501";"Norimbergae, impr. sub privilegio sodalitatis celticae";"Null";"1501";"Null";"Null";"Null"
"http://data.bnf.fr/ark:/12148/cb32275946f";"Jacobi de Lenda,... Sermones quadragesimales...";"1501";"Null";"Null";"1501";"LXXIX-[2] f. (sig. A-I8, K6, L4)";"Null";"Null"
"http://data.bnf.fr/ark:/12148/cb322759422";"Sermones magistri Jacobi de Lenda,... ab eodem circiter adventum ad Pararhisios habiti...";"1501";"Null";"Null";"1501";"XCVI-[2] f. (sig. a-m8, n6)";"Null";"Null"
"http://data.bnf.fr/ark:/12148/cb32592995v";"Saint François d'Assise et la légende des trois compagnons";"1501";"Paris";"Null";"1501";"Null";"Null";"Null"
"http://data.bnf.fr/ark:/12148/cb32632594b";"Quae hoc libro continentur Sedulii Mirabilium divinorum libri quatuor carmine heroico";"1501";"Null";"Null";"1501";"[294] f. (sig. [-]8, a-c8, d4, e-i8, k10, 2a-2d8, 2e6, 2f-2g8, 2h6, A-F8, G4, H-I8, K4, 2α4a8,8 4b2β10,8 2γ4c8,8 4d2δ10,8 2ε4e4,4)";"Null";"Null"
"http://data.bnf.fr/ark:/12148/cb333324088";"Le coustumier des pays danjou et du Maine";"1501";"Null";"Null";"1501";"[1]-lxxxxv-[10] f. (sig. [a]-m8 n10)";"Null";"Null"
"http://data.bnf.fr/ark:/12148/cb33345050w";"Le livre des consolacions contre toutes tribulacions";"1501";"Null";"Null";"Null";"[72] f. (sign. a-i8)";"Null";"Null"
"http://data.bnf.fr/ark:/12148/cb333557501";"La fleur des batailles Doolin de Maience";"1501";"Null";"Null";"1501";"[4]-56 f.";"Null";"http://gallica.bnf.fr/ark:/12148/btv1b8600181b"
"http://data.bnf.fr/ark:/12148/cb33437902z";"Constantini Lascaris Byzantini de octo partibus orationis Liber primus. Ejusdem de constructione Liber secundus. Ejusdem de nomine & verbo Liber tertius. Ejusdem de pronomine secundum omnem linguam, & poeticum usum opusculum. Haec omnia habent e regione latinam interpretationem ad verbum fere propter rudes, ita tamen ut & amoveri, & addi possit pro cujuscunque arbitrio. Cebetis tabula & graeca & latina, opus morale, & utile omnibus, & praecipue adulescentibus. De literis graecis ac diphtongis & quemadmodum ad nos veniant. Abbrevationes, quibus frequentissime graeci utuntur. Oratio dominica & duplex salutatio ad Beatiss. Virginem. Symbolum apostolorum. Evangelium divi Joannis Evangelistae. Carmina aurea Pythagorae. Phocylidis poema ad bene, beateque vivendum. Omnia haec cum interpretatione latina. Introductio perbrevis ad hebraicam linguam";"1501";"Null";"Null";"1501";"2 parties en 1 vol. ( [220], [20] f.)";"Null";"Null"
"http://data.bnf.fr/ark:/12148/cb33612989k";"Statuta magnifice // communitatis // Regii. // - (A la fin :) Hoc divinorum institutionum opus Rhegii Lingobardiae noviter // instauratum propriis sumptibus nobilis civis Simon Bambasius ad pa//hiae suae splendorem mandavit et gloriam sempiternam torcularibus suis pro//mulgari. Vincentius vero Berthochus in eadem Rhegiensi civitate impressit accuratissime. M.CCCCC.I. XI. septembris";"1501";"Reggio";"Null";"1501";"In-fol.";"Null";"Null"
"http://data.bnf.fr/ark:/12148/cb33751687t";"Statuts et ordonnances pour la communauté des maîtres paveurs de Paris. (10 mars 1501.)";"1501";"(S. l. n. d.)";"Null";"1501";"In-4°. Pièce";"Null";"Null"
"http://data.bnf.fr/ark:/12148/cb33800618w";"Statuta synodalia civitatis et diocesis Trecensis";"1501";"Null";"Null";"1501";"lxiii-[4]-[1 bl.] f. (sig. a-k6, l8)";"Null";"Null"
"http://data.bnf.fr/ark:/12148/cb33810347v";"Les Ordonnances royaulx publiées à Paris le 13 juin 1499";"1501";"[Paris";"le Petit Laurens pour] Jean Petit";"1501";"[56]f. (sig. a-g8)";"Null";"Null"
"http://data.bnf.fr/ark:/12148/cb33810358h";"Déclaration du Roy concernant la justice et auctorité de la Chambre des comptes";"1501";"(S. l.)";"Null";"1501";"In-4°, 4 p.";"Null";"Null"
"http://data.bnf.fr/ark:/12148/cb35132597x";"Katalog der Handschriften der Staats- und Universitäts-bibliothek Hamburg 8";"1501";"Hamburg. - 2 vol.";"E. Hanswedell und Co.";"1501";"Null";"Null";"Null"
"http://data.bnf.fr/ark:/12148/cb35285720t";"Libellus de optimo statu";"1501";"Null";"Null";"Null";"In-4°, 20 cm, [14] f., sign. Aa⁸, Bb⁶, car. rom";"Null";"Null"
"http://data.bnf.fr/ark:/12148/cb35949541k";"[Liber de imitatione Christi";"1501";"Null";"Null";"1501";"Sig. A-D8, E4, F-H8, I4, K-M8";"Null";"Null"
"http://data.bnf.fr/ark:/12148/cb35950331r";"Regimen sanitatis en francois";"1501";"Null";"Null";"Null";"Sig. a-n8, O6, p4";"Null";"Null"
"http://data.bnf.fr/ark:/12148/cb361226378";"Biblia";"1501";"Null";"Null";"1501";"Sig. A-B6, a8, b-z6, aa-zz6, A-Z6, AA-BB6, CC8, a-d6";"Null";"Null"
"http://data.bnf.fr/ark:/12148/cb36151460m";"[Sans titre]";"1501";"Null";"Null";"Null";"Placard anopistographe";"Null";"Null"
"http://data.bnf.fr/ark:/12148/cb363433948";"Guillelmi de Monserrat, in decretis licentiati, perutile commentum super Pragmatica Sanctione, quinque partes continens.";"1501";"Null";"Null";"1501";"54 f. (sign. a8, b-h6, i4)";"Null";"Null"
"http://data.bnf.fr/ark:/12148/cb366744927";"Katalog der Handschriften der Staats- und Universitätsbibliothek Hamburg 8, I-II";"1501";"Stuttgart. - 2 vol.";"E. Hauswedell";"1501";"Null";"http://data.bnf.fr/ark:/12148/cb13318362m";"Null"
