id;title;date;place;publisher;firstyear;description;subject;gallica
"http://data.bnf.fr/ark:/12148/cb300029172";"Adelardi Bathoniensis Quaestiones naturales";"1484";"(Louvain";"Jean de Westphalie";"1484";"In-4° . (Campbell, 4.)";"Null";"Null"
"http://data.bnf.fr/ark:/12148/cb300060553";"Liber de septem gradibus scale, continens Meditationes devotas super septem psalmos poenitentiales, a domino Petro de Ayliaco";"1484";"[Paris";"Louis Martineau";"1484";"[22] ff.";"Null";"Null"
"http://data.bnf.fr/ark:/12148/cb300076372";"Alberti Magni Summa de Eucharistiae sacramento";"1484";"Winterperg";"per J. Alacraw";"1484";"In-fol. (Pellechet, 294.)";"Null";"Null"
"http://data.bnf.fr/ark:/12148/cb30009902q";"Doctrinale";"1484";"Mediolani";"per L. Pachel et U. Smezenzeller";"1484";"In-fol.";"Null";"Null"
"http://data.bnf.fr/ark:/12148/cb30023081b";"S. Antonini, archiepiscopi Florentini, confessionale, aliter dictum Defecerunt, seu summula confessionis, seu tractatus de instructione simplicium confessorum";"1484";"(Neapoli";"apud M. Moravum ?)";"1484";"In-4° . (Pellechet, 847.)";"Null";"Null"
"http://data.bnf.fr/ark:/12148/cb300230684";"Domini Antonini, archiepiscopi Florentini, chronica, sive opus trium partium historialium";"1484";"Nurembergae";"per A. Koberger";"1484";"3 vol. in-fol. (Pellechet, 813.)";"Null";"Null"
"http://data.bnf.fr/ark:/12148/cb30039326p";"Sermones beati Augustini de clericorum vita et moribus. (Edidit Eusebius Corradus.)";"1484";"Paduae";"per M. Cerdonis";"1484";"In-4° . (Pellechet, 1507.)";"Null";"Null"
"http://data.bnf.fr/ark:/12148/cb300393469";"Sermones divi Aurelii Augustini ad heremitas";"1484";"Milano";"« Teutonici » [= Leonhard Pachel et Ulrich Scinzenzeler] pour Gaspare Lampugnani";"1484";"[110] ff. signés a-i8, K8, l-n8, o6, le premier et le dernier blancs";"Null";"Null"
"http://data.bnf.fr/ark:/12148/cb30038765f";"Opuscula plurima";"1484";"Venezia";"Andrea Bonetti";"1484";"Null";"Null";"Null"
"http://data.bnf.fr/ark:/12148/cb300451131";"Commentum super I librum Sententiarum Johannis Baconis, opera Francisci de Medicis de Brixia correctus et emendatus";"1484";"Paris";"Louis Martineau";"1484";"Null";"Null";"Null"
"http://data.bnf.fr/ark:/12148/cb30062215p";"Le Propriétaire en françoys, par Barthélemy de Glanville. Traduction de Jean Corbichon, revue par Pierre Ferget";"1484";"Lyon";"Johann Siber";"1484";"Null";"Null";"Null"
"http://data.bnf.fr/ark:/12148/cb30091412k";"Lilium, sive Elucidarius difficultatum circa officium misse (auctore Bernardo de Parentis)";"1484";"Köln";"Johann Guldenschaff";"1484";"Null";"Null";"Null"
"http://data.bnf.fr/ark:/12148/cb30118280q";"Boetii de consolatione philosophiae, cum commento sancti Thome";"1484";"Lovanii";"Johannes de Westfalia";"1484";"In-fol. (Pellechet, 2520.)";"Null";"Null"
"http://data.bnf.fr/ark:/12148/cb30125245p";"Opuscula sancti Bonaventurae. - Fol. A 1 : Incipit Parvum bonum, vel Regimen consciencie sancti Bonaventure, quod vocatur Fons vite. - Fol. A 8 : Explicit Parvum bonum, vel Regimen conscientie sancti Bonaventure, quod vocatur Fons vite. - Fol. B 1 : Incipit Soliloquium sancti Bonaventure. - Fol. E 6 : Explicit Soliloquium Bonaventure de quatuor exercitiis, Deo gratias. - Fol. F 1 : Incipit tractatus sancti Bonaventure qui vocatur Lignum vite. - Fol. G 5 : Explicit tractatus sancti Bonaventure qui vocatur Lignum vite. Deo gratias. - Fol. H 1 : Centiloquium sancti Bonaventure. - Fol. P 2 v°¸ : Et sic est finis Centiloquii venerabilis Bonaventure, duce et generali magistro Fratrum minorum, cardinali episcopo tituli Albanensis et sacre theologie doctore eximio, finitique anno Domini MCCCCLXXXIIII in vigilia Petri et Pauli apostolorum, etc.";"1484";"(S. l.,)";"Null";"1484";"In-4° , car. goth., 2 col., 38 l., sign. A-P, et 27 ff. de table non sign. ni ch.";"Null";"Null"
"http://data.bnf.fr/ark:/12148/cb301265196";"Liber sextus Decretalium Bonifacii Papae VIII, cum novellis et declaratione Joannis Andreae de arboribus consanguinitatis et affinitatis. Decretales extravagantes quae emanarunt post Sextum";"1484";"Venetiis";"per Baptistam de Tortis";"1484";"In-fol. (Hain, *3607.)";"Null";"Null"
"http://data.bnf.fr/ark:/12148/cb30153693s";"Vocabularius rerum. Brevia de modo epistolandi. Didascolon Hugonis de Sancto Victore. Auctore W. Brack";"1484";"[Strasbourg";"Johannes Grüninger";"1484";"2 vol.";"Null";"Null"
"http://data.bnf.fr/ark:/12148/cb30176572p";"Laurentii Bonincontrii in Manilium Comentum...";"1484";"Romae";"Null";"1484";"In-fol. (Hain, 10706.)";"Null";"Null"
"http://data.bnf.fr/ark:/12148/cb30193182k";"Regimen contra pestilentiam. - Fol. a 1 : Ad honorem sancte et individue Trinitatis glorioseque Virginis Marie et ad utilitatem reipublice, pro conservatione sanorum ac reformatione lapsorum, volo aliqua de pestilentia que nos frequentius invadit... scribere... - A la fin : Tractatus de regimine pestilentico domini Kamiti (sic), episcopi Arusiensis civitatis, regni Dacie, artis medicine expertissimi professoris, finem habet";"1484";"[Anvers";"Mathias Van der Goes";"1484";"sign. a";"Null";"Null"
"http://data.bnf.fr/ark:/12148/cb302109023";"L'Acerba di Cecco d'Ascoli";"1484";"Venetiis";"per B. de Tortis";"1484";"In-4° . (Pellechet, 3460.)";"Null";"Null"
"http://data.bnf.fr/ark:/12148/cb30210903f";"L'Acerba di Cecco d'Ascoli";"1484";"Mediolani";"per A. Zarotum";"1484";"In-4° . (Pellechet, 3461.)";"Null";"Null"
"http://data.bnf.fr/ark:/12148/cb30225701m";"Les faiz maistre Alain Charetier";"1484";"Paris";"P. Le Caron";"1484";"2 parties en 1 vol.";"Null";"http://gallica.bnf.fr/ark:/12148/bpt6k70936w"
"http://data.bnf.fr/ark:/12148/cb302416562";"Emmanuelis chrysolorae Grammatica graecolatina";"1484";"Venezia";"Pellegrino Pasquali [et Dionisio Bertocchi]";"1484";"[32] ff.";"Null";"Null"
"http://data.bnf.fr/ark:/12148/cb302432344";"M. Tullii Ciceronis de Officiis libri cum Petri Marsi commento ; de Amicitia dialogus cum Omniboni Leoniceni interpretatione ; de Senectute dialogus, cum Martini Philetici commento ; Paradoxa, cum anonymi commento";"1484";"Venetiis";"per B. de Tortis";"1484";"In-fol. (Pellechet, 3751.)";"Null";"Null"
"http://data.bnf.fr/ark:/12148/cb30249178x";"Clementis papae V Constitutiones ; decretales extravagantes, una cum apparatu Johannis Andreae";"1484";"Venetiis";"B. de Tortis";"1484";"In-fol. (Pellechet, 3846.)";"Null";"Null"
"http://data.bnf.fr/ark:/12148/cb302992636";"Divina Commedia, col commento di Christoforo Landino";"1484";"Venezia";"Ottaviano Scoto";"1484";"Null";"Null";"Null"
"http://data.bnf.fr/ark:/12148/cb30324407s";"Spiegel der armen sündigen Seele, aus dem Speculum aureum animae peccatricis von Dionysius von Leeuwis übersetzt";"1484";"Ulm";"Konrad Dinckmut";"1484";"72 ff. signés a-i8";"Null";"Null"
"http://data.bnf.fr/ark:/12148/cb30390923w";"Roberti de Valle,... Libellus de dispositione ad bene beateque moriendum";"1484";"[Paris";"Antoine Caillaut";"1484";"Null";"Null";"Null"
"http://data.bnf.fr/ark:/12148/cb30406103t";"Fables d'Ésope";"1484";"Lyon";"Matthias Huss et Johann Schabeler";"1484";"112 ff.";"Null";"http://gallica.bnf.fr/ark:/12148/bpt6k701042"
"http://data.bnf.fr/ark:/12148/cb30434285d";"M. Ficino. Della cristiana religione";"1484";"Pisa";"Lorenzo et Agnolo fiorentini";"1484";"In-4° . (Pellechet, 4788.)";"Null";"Null"
"http://data.bnf.fr/ark:/12148/cb30434899r";"Stephani Flisci Variationes sententiarum, seu Synonyma, latine et germanice";"1484";"(Spirae";"P. Drach.)";"1484";"In-4° . (Pellechet, 4832.)";"Null";"Null"
"http://data.bnf.fr/ark:/12148/cb304987970";"Die vier uterste ofte die leste dinghen die ons anstaende ende toecomende sijn. [Door Gerard van Vliederhoven]";"1484";"Haarlem";"[Jacob Bellaert]";"1484";"[54] ff. signés a-f8, g6, 4 ill. gr. s. b.";"Null";"Null"
"http://data.bnf.fr/ark:/12148/cb30501611s";"Johannis Gerson Tractatus de ecclesiastica potestate et origine juris ac legum";"1484";"[Paris";"Jean Bonhomme";"1484";"[28] ff. signés a-c8, d4";"Null";"Null"
"http://data.bnf.fr/ark:/12148/cb30507014m";"Tractatus de pulsibus";"1484";"Paduae";"M. Cerdonis";"1484";"In-4° . (Pellechet, 64.)";"Null";"Null"
"http://data.bnf.fr/ark:/12148/cb305134546";"Jacobi comitis Juliarii Panthea actio";"1484";"Veronae";"impressum per Ant. Cavalchabovem et Joannem. Ant. Novelli";"1484";"26 n. ch. à 29 ll., car. rom., sig. a-c.";"Null";"Null"
"http://data.bnf.fr/ark:/12148/cb30535870f";"Decretum Gratiani, cum apparatu Bartholomaei Brixiensis";"1484";"Strasbourg";"Johannes Grüninger";"1484";"[452] ff. signés A-K10, L8, a8, b-r10, ſ10, s-v10, u10, x-z10, τ10, aa-gg10, hh-ii8, le f. A1 blanc";"Null";"Null"
"http://data.bnf.fr/ark:/12148/cb30543745p";"Quadragesimale fratris Johannis Gritsch,...";"1484";"[Strasbourg";"imprimeur des Vitas patrum (H 8597)]";"1484";"[266] ff.";"Null";"Null"
"http://data.bnf.fr/ark:/12148/cb368120786";"(F ° 2 ° r ° :) Liber Horarum Canonicarum sed'm nouam Imperialis Ecclesie Bambergen//sis rubricam Incipit";"1484";"(Bambergae)";"J. Sensenschmidt et H. petzensteiner";"1484";"In-fol.";"Null";"Null"
"http://data.bnf.fr/ark:/12148/cb368130324";"Epistole. Lectione ed Evangelii che si leggono alla Messa secundo l'uso de la S. Chiesa Romana";"1484";"Romae";"Null";"1484";"Fol.";"Null";"Null"
"http://data.bnf.fr/ark:/12148/cb36814223z";"Missale Romanum";"1484";"Venezia et Pavia";"Francesco Girardengo";"1484";"2 °, 240 ff., mus.";"Null";"Null"
"http://data.bnf.fr/ark:/12148/cb368142020";"Missale Romanum. Ed. Philippus de Rotingo";"1484";"Venezia";"Bernardino Benagli";"1484";"2 °, musique";"Null";"Null"
"http://data.bnf.fr/ark:/12148/cb368142249";"(F °. 1 °. r °.) Incipit ordo missalis Sm // consuetudinem romane curie // Nurmberge per georgium stuchs de sultzbach";"1484";"[S. l. ?]";"Null";"1484";"Null";"Null";"Null"
"http://data.bnf.fr/ark:/12148/cb36818721m";"Breviarium Bambergense";"1484";"Bamberg";"Johann Sensenschmidt et Heinrich Petzensteiner";"1484";"2 parties, 8 °";"Null";"Null"
"http://data.bnf.fr/ark:/12148/cb36818775j";"Breviarium Bisuntinum. Pars aestivalis. - (Souscription à la fin du Propre du temps :) Impressoris manus que presens perfecit opus. Eacide similis Vulcanique arma capessans. De Pratis hujus artis veri productus Achiles. Que sunt digna suis interdum gaudia curis. Anno milleno bis quater velut centeno. Salinis in valle herculeo nomine clara. Dedit Bisuntinis hoc presens munus aptum";"1484";"Salins";"Jean Des Prés";"1484";"Très petit in-4 °. Caractères gothiques. A deux colonnes";"Null";"Null"
"http://data.bnf.fr/ark:/12148/cb36818895f";"Breviarium Coloniense. - (A la fin :) Explicit Breviarius de tempore et de sanctis secundum chorum majoris // ecclesie Coloniensis, anno Domini 1484, quinta die mensis junii";"1484";"Cologne";"Theodoricus Molner";"1484";"Petit in-8 °. Caractères gothiques";"Null";"Null"
"http://data.bnf.fr/ark:/12148/cb368187208";"Liber horarum canonicarum secundam novem (?) ecclesie Bambergensis...";"1484";"Bamberg";"Null";"1484";"In-fol.";"Null";"Null"
"http://data.bnf.fr/ark:/12148/cb36823114p";"Auslegung der heiligen Messe";"1484";"Augsburg";"[Johann Bämler]";"1484";"2 °, ill.";"Null";"Null"
"http://data.bnf.fr/ark:/12148/cb368247466";"(Fol. 18. r °. Sign. [...]) Hier beghinnen die ghetiden von onser // lieuer vrouwen //... [Ici commencent les heures de Notre Dame... (A la fin :), Le présent livre été imprimé à Delff en Hollande le 19 juillet 1484]";"1484";"[S. l. n. d. ?]";"Null";"1484";"In-4 ° - car. goth.";"Null";"Null"
"http://data.bnf.fr/ark:/12148/cb30649392q";"Buch der Weisshait oder der alten Weisen";"1484";"Ulm";"Lienhart Holl";"1484";"204 f.";"Null";"Null"
"http://data.bnf.fr/ark:/12148/cb30650124q";"Johannis de Janduno Quaestiones super tres libros Aristotelis de Anima";"1484";"Venetiis";"impendio Johannis Colonie Johannisque Manthen Gheretzen sociorum";"1484";"In-fol. (Hain-Copinger, *7460.)";"Null";"Null"
"http://data.bnf.fr/ark:/12148/cb30737970j";"Sermones Thesauri novi de sanctis. [Petro de Palude auctore.]";"1484";"Argentinae";"Null";"1484";"In-fol. (Copinger, 5421.)";"Null";"Null"
"http://data.bnf.fr/ark:/12148/cb307509661";"Summe le Roy of de conincs Summe... [Traduit du français de Frère Laurent en flamand par Jean de Bréderode, chartreux]";"1484";"Harlem";"[Jacob Bellaert]";"1484";"Null";"Null";"Null"
"http://data.bnf.fr/ark:/12148/cb30792992w";"De Officiis...";"1484";"Venetiis";"Null";"1484";"In-fol. (Pellechet, 3751.)";"Null";"Null"
"http://data.bnf.fr/ark:/12148/cb38498362b";"[Illustrations de Les Métamorphoses]";"1484";"Bruges";"Colard Mansion";"1484";"33 est. : gravures sur bois : Noir et blanc";"Null";"http://gallica.bnf.fr/ark:/12148/btv1b2200017m"
"http://data.bnf.fr/ark:/12148/cb308289864";"Antonii Lollii... Oratio habita in funere domini Philiberti, reverendissimi cardinalis Matisconensis...";"1484";"Romae";"S. Plannck";"1484";"In-4°";"Null";"Null"
"http://data.bnf.fr/ark:/12148/cb30872121x";"Laurentii Bonincontrii in L. Manilium commentum, cum textu";"1484";"Rome impressum";"Null";"1484";"In-fol. (Hain, 10706.)";"Null";"Null"
"http://data.bnf.fr/ark:/12148/cb30870675r";"Itinerarius Johannis de Mandeville a terra Angliae in partes ierosolimitanas et in ulteriores transmarinas editus... anno incarnacionis Domini 1355...";"1484";"(Gonda";"G. Leen";"1484";"In-4° . (Hain-Copinger *10644.)";"Null";"Null"
"http://data.bnf.fr/ark:/12148/cb308706763";"Das Buch des Ritters Herr Johannsen von Montevilla. - Fol. a II : Das erste Buch. - A la fin : Getruckt zu Strassburg Johannes Prussz, anno Domini 1484";"1484";"(Strassburg";"Null";"1484";"In-fol., sign. A-M, fig. sur bois";"Null";"Null"
"http://data.bnf.fr/ark:/12148/cb30897322f";"Sermones Martini, ordinis predicatorum, de tempore et de sanctis super Epistolas et Evangelia";"1484";"Argentinae";"Null";"1484";"In-fol. (Hain-Copinger, *10854.)";"Null";"Null"
"http://data.bnf.fr/ark:/12148/cb393027298";"Hugonis de Sancto Charo. Postilla super Evangelia";"1484";"Basileae";"per B. Richel";"1484";"2 vol.";"Null";"Null"
"http://data.bnf.fr/ark:/12148/cb39303305d";"[Psalterium cum canticis...]";"1484";"Firenze";"[monasterio di San Jacopo di Ripoli]";"1484";"Null";"Null";"Null"
"http://data.bnf.fr/ark:/12148/cb393059971";"Liber discipuli de eruditione Christifidelium";"1484";"[Basel]";"[Johannes Amerbach]";"1484";"Null";"Null";"Null"
"http://data.bnf.fr/ark:/12148/cb393616995";"Historiarum ab inclinatione romanorum imperii decades";"1484";"Venezia";"Tommaso de'Blavi";"1484";"In-fol.";"Null";"Null"
"http://data.bnf.fr/ark:/12148/cb30912135j";"[Les expositions des évangiles et des épistres]";"1484";"Chambéry";"A. Neyret";"1484";"1 vol. (sign. a-c, A-E [ca 124 p.])";"Null";"http://gallica.bnf.fr/ark:/12148/bpt6k110659d"
"http://data.bnf.fr/ark:/12148/cb309344896";"Opera Joannis Mesue";"1484";"Venetiis";"sumptu D. de Bertochis";"1484";"In-fol. (Hain., 11109.)";"Null";"Null"
"http://data.bnf.fr/ark:/12148/cb310172317";"Johannis Nyder Formicarius";"1484";"Augustae";"per Anthonium Sorg";"1484";"In-fol. (Hain-Copinger, *11832.)";"Null";"Null"
"http://data.bnf.fr/ark:/12148/cb310469368";"Cy commence Ovide,... son livre intitulé Métamorphose, contenant XV livres particuliers moralisié par maistre Thomas Waleys,... translaté et compilé par Colard Mansion...";"1484";"Bruges";"Colard Mansion";"1484";"Null";"Null";"http://gallica.bnf.fr/ark:/12148/bpt6k8523959"
"http://data.bnf.fr/ark:/12148/cb40346016n";"Wakasyu. [Anthologie de la poésie japonaise]";"1484";"[Edo]";"Devant Yusima Tenzin";"1484";"3 vol.";"Null";"Null"
"http://data.bnf.fr/ark:/12148/cb31069035k";"Breviarium totius juris canonici, Paulo Florentino auctore";"1484";"Lyon";"Matthias Huss et Johannes Schabeler";"1484";"Null";"Null";"Null"
"http://data.bnf.fr/ark:/12148/cb31081217p";"[D. Jacobi Parez de Valentia. Commentaria in Psalmos]";"1484";"Valencia";"Null";"1484";"In-fol. (Hain, 12597)";"Null";"Null"
"http://data.bnf.fr/ark:/12148/cb310885950";"Auli Persii Flacci Satirarum opus, cum commentario Bartholomaei Fontii, et cum Vita Persii ab eodem";"1484";"Venetiis";"per D. de Bertochis et Pelegrinum de Paschalibus";"1484";"In-fol. (Hain-Copinger, *12724 ; Morgan, 28.)";"Null";"Null"
"http://data.bnf.fr/ark:/12148/cb31095542w";"Tractatus de venenis a magistro Petro de Abbano editus";"1484";"Romae";"Null";"1484";"In-4° . (Pellechet, 9.)";"http://data.bnf.fr/ark:/12148/cb12651597b";"Null"
"http://data.bnf.fr/ark:/12148/cb31099238s";"Epistolae";"1484";"Milano";"Antonio Zarotto";"1484";"Null";"Null";"Null"
"http://data.bnf.fr/ark:/12148/cb311071986";"Eneas Silvius poeta. [De Miseria curialium.]";"1484";"(Lovanii";"Null";"1484";"In-4° . (Pellechet, 135.)";"Null";"Null"
"http://data.bnf.fr/ark:/12148/cb31107298g";"Epistula Pii summi pontificis de remedio amoris. - Tractatus Elegii poete laureati de duobus amantibus";"1484";"(Antverpiae";"Null";"1484";"In-4° . (Pellechet, 119.)";"Null";"Null"
"http://data.bnf.fr/ark:/12148/cb311215837";"Platonis Opera latine, interprete Marsilio Ficino, cum Vita Platonis ab eodem Ficino";"1484";"Florentie";"impr. per Laurentium Venetum [Lorenzo d'Alopa]";"1484";"2 parties";"Null";"Null"
"http://data.bnf.fr/ark:/12148/cb31121560k";"Opus quadripartitum...";"1484";"Venetiis";"Null";"1484";"In-4° (Hain-Copinger, *13543.)";"Null";"Null"
"http://data.bnf.fr/ark:/12148/cb311327717";"Pomponii Laeti Grammaticae compendium";"1484";"Venetiis";"Null";"1484";"In-4° . (Hain-Copinger, 9834.)";"Null";"Null"
"http://data.bnf.fr/ark:/12148/cb409545174";"Sermones Dormi secure de tempore";"1484";"[Basel]";"[Johannes Amerbach]";"1484";"Null";"Null";"Null"
"http://data.bnf.fr/ark:/12148/cb311570519";"Liber Quadripartiti Ptolemaei, id est Quatuor tractatuum [a Platone Tiburtino latine versus], cum Centiloquio ejusdem et commento Haly [Aboul Hasan]";"1484";"Venetiis";"per E. Ratdolt";"1484";"In-4° , 68 ff. à 2 col. (Hain-Copinger, 13543.)";"Null";"Null"
"http://data.bnf.fr/ark:/12148/cb31198015h";"L'Abuzé en cour, par le roi René";"1484";"Vienne";"Peter Schenck";"1484";"[59] p.";"Null";"http://gallica.bnf.fr/ark:/12148/bpt6k70245x"
"http://data.bnf.fr/ark:/12148/cb414241499";"Cy commence ung petit & utile tractie des eaues artifficieles et les vertus et proprietes dicelles";"1484";"Null";"Null";"1484";"[52] f. (sig. a-d8, e-f10)";"Null";"http://gallica.bnf.fr/ark:/12148/btv1b86158160"
"http://data.bnf.fr/ark:/12148/cb312378638";"Fasciculus temporum [auctore W. Rolevinck]";"1484";"Venetiis";"E. Ratdolt impressioni paravit";"1484";"In-fol., 8 ff. non ch., 66 ff. ch., lettrines, fig. coloriées. (Hain, *6734.)";"Null";"Null"
"http://data.bnf.fr/ark:/12148/cb312876403";"Anthidotarius anime [N. Saliceto auctore]";"1484";"Louvain";"[Johannes de Westfalia]";"1484";"In-fol. (Campbell, 1495.)";"Null";"Null"
"http://data.bnf.fr/ark:/12148/cb313078107";"Oratio Bartholomei Scale, Florentini oratoris, ad... Innocentium VIII";"1484";"[Romae";"S. Planneck.]";"1484";"In-4° , 5 ff. non ch., car. goth. (Hain, 14501.)";"Null";"Null"
"http://data.bnf.fr/ark:/12148/cb31443150k";"Reverendi patris domini Jacobi de Theramo Compendium perbreve Consolatio peccatorum nuncupatum et apud nonnullos Belial vocitatum...";"1484";"[Strasbourg";"Heinrich Knoblochtzer]";"1484";"Null";"Null";"Null"
"http://data.bnf.fr/ark:/12148/cb31443162k";"Alle deghene die dit tegenwoirdige bouck lesen... sullen weten dat dese selve materie... geset is in latijn... bij... Jacop de Theramo,... ende is noemende der Sonderen troest, ende is een proces... tusschen Belial... ende Moyses...";"1484";"Haarlem";"[Jacob Bellaert]";"1484";"fig. gr. sur bois, marque typogr. à la fin";"Null";"Null"
"http://data.bnf.fr/ark:/12148/cb314621424";"Boecii,... Libri de Consolatione philosophie et commentarius... sancti Thome super eosdem...";"1484";"Lovanii";"J. de Westfalia";"1484";"In-fol. (Hain-Copinger, 3377 ; Campbell, 307 ; Pellechet, 2520 ; Gesamtkatalog der Wiegendrucke, IV, 4534 ; Polain, 729.)";"Null";"Null"
"http://data.bnf.fr/ark:/12148/cb314625489";"Cy commence Ovide,... son livre intitulé Métamorphose, contenant XV livres particuliers, moralisié par maistre Thomas Waleys,... translaté et compilé par Colard Mansion...";"1484";"Bruges";"C. Mansion";"1484";"In-fol. (Hain-Copinger, 12164 ; Polain, 2955.)";"Null";"Null"
"http://data.bnf.fr/ark:/12148/cb31481353h";"Tractatns [sic] de Venerabili scacramento [sic]... per fratrem Johannem de Turrecremata,...";"1484";"Delf in Hollandia";"(, J. Jacobszoon van der Meere";"1484";"In-4° , marque typogr. à la fin. (Hain, 15745 ; Campbell, 1695 ; Polain, 3876.)";"Null";"Null"
"http://data.bnf.fr/ark:/12148/cb31481330v";"Meditationes... Johannis de Turrecremata,... posite et depicte de ipsius mandato in ecclesie ambitu Sancte Marie de Minerva Rome";"1484";"(Romae,)";"per S. Planck";"1484";"In-fol., fig. (Reichling, III, p. 89, n  1100.)";"Null";"Null"
"http://data.bnf.fr/ark:/12148/cb31481342v";"[Materia aurea enucleata ex originalibus virtutum et vitiorum, Flos theologie nuncupata, secundum ordinem alphabeti pro sermonibus applicabilis tam de tempore quam de sanctis totius anni. (Per Johannem de Turrecremata. Cum registro thematum et tabula alphabetica omnium materiarum in libro contentarum.) - Questiones Evangeliorum tam de tempore quam de sanctis, collecte per reverendum dominum Johannem de Turrecremata,... (Cum tabula.)]";"1484";"Davantriae";"per Richardum (Paffraet)";"1484";"Null";"Null";"Null"
"http://data.bnf.fr/ark:/12148/cb31482368s";"[Joannis Tortellii,... Commentariorum grammaticorum de orthographia dictionum e graecis tractarum opus...]";"1484";"Venetiis";"per H. Lichtenstein";"1484";"In-fol. (Hain, *15569 ; Br. Mus., Books pr. XVth c., t. V, p. 357 ; Polain, 3794.)";"Null";"Null"
"http://data.bnf.fr/ark:/12148/cb31500587n";"Summa casuum utilissima, per... fratrem Baptistam de Salis,... que Baptistiana nuncupatur";"1484";"Novis";"per N. Girardengum";"1484";"In-4° . (Hain, 14176 ; Gesamtkatalog der Wiegendrucke, 3321 ; Br. Mus., Books pr. XVth c., t. VII, p. 1105.)";"Null";"Null"
"http://data.bnf.fr/ark:/12148/cb31528782t";"[Summarium textuale et conclusiones super Clementinas Johannis de Vanckel.]";"1484";"(Coloniae,)";"per J. Koelhoff de Lubec";"1484";"In-fol. (Hain-Copinger, *9786 ; Voullième, Der Buchdruck Kölns bis zum Ende des XV. Jahrhunderts, n  692.)";"Null";"Null"
"http://data.bnf.fr/ark:/12148/cb315530395";"[Quae Virgilius composuit unacum Servii Honorati commentariis.]";"1484";"Venetiis";"Null";"1484";"In-fol. (Copinger, 6052 ; Br. Mus., Books pr. XVth c., V, 317.)";"Null";"Null"
"http://data.bnf.fr/ark:/12148/cb31565989w";"Johannis Versoris,... In divi Aristotelis Philosophie libros glosule exactissime. - Au fol. [C 11 v°] : Finit opus preclarum Glosularum Johannis Versoris,... in Aristotelis philosophie libros, exactissime impressum Tholose, anno natalis Christi quarto et octoagesimo quadringentesimoque supra millesimum. Deo gratias. - Au fol. [C 12 r°] : Incipit registrum foliorum";"1484";"Tholose";"Null";"1484";"In-fol. à 2 col., sign. AA-FF⁽8, FFG⁽8, GG-II⁽8, LL⁽8, MM⁽6, aa-cc⁽8, dd⁽6, ee⁽4, a-k⁽8, l⁽10, A-B⁽8, C⁽12, car. goth.";"Null";"Null"
"http://data.bnf.fr/ark:/12148/cb315913605";"[Omnia... quae Virgilius composuit, una cum Servii Honorati commentariis.]";"1484";"Venetiis";"per Tomam de Alexandria";"1484";"In-fol. (Copinger, 6052 et *59 ; Br. Mus., Books pr. XVth c., t. V, p. 317 ; Mambelli, 50 ; Goff, p. 622, V-176.)";"Null";"Null"
"http://data.bnf.fr/ark:/12148/cb316069892";"Jacobi de Voragine,... Opus sermonum de sanctis per anni circulum...";"1484";"Auguste";"per H. Kestlin";"1484";"In-fol. (Copinger, 6550 ; Br. Mus., Books pr. XVth c., t. II, p. 362 ; Polain, 2231 ; Goff, J-188.)";"Null";"Null"
"http://data.bnf.fr/ark:/12148/cb316069908";"Jacobi de Voragine Sermones dominicales per anni circulum predicabiles... [Opus sermonum de sanctis per anni circulum.]";"1484";"(S. l.,)";"Null";"1484";"2 parties en 1 vol. in-fol. (M. Gisi, Verzeichniss der Incunabeln der Kantons-Bibliothek Solothurn, 568-569 ; Copinger, 6534 ; Voullième, Die Inkunabeln der Preussischen Staatsbibliothek... Neuerwerbungen, 2738, 3-4 ; Goff, J-183.)";"Null";"Null"
"http://data.bnf.fr/ark:/12148/cb31606980z";"Aurea legenda [van Jacobus de Voragine], dat beduut in duetsche die Gulden legende of dat Passionael... [somerstuc ende winterstuc.]";"1484";"Delff";"(J. Jacobszoon Van der Meer)";"1484";"In-fol. (Campbell, 1761 ; Copinger, 6513.)";"Null";"Null"
"http://data.bnf.fr/ark:/12148/cb31674014n";"[Lo Dotzen libre de regiment dels princeps e de comunitats appellat Crestia.]";"1484";"Valencia";"L. Palmart";"1484";"In-fol. (Hain, 16242 ; Hain-Copinger, 16242 ; Pellechet, 11853 ; Polain, 4057 ; Goff, X-8 ; Indice generale degli incunaboli delle biblioteche d'Italia, 10409 ; Haebler, op. cit., 701 ; Vindel Angulo, III, 42-44 ; Proctor, 9498 ; Bruner y Prieto, 103.)";"Null";"Null"
"http://data.bnf.fr/ark:/12148/cc915186";"Super primo libro Sententiarum";"1484";"Null";"Null";"Null";"216 ff.";"Null";"http://gallica.bnf.fr/ark:/12148/btv1b84540154"
"http://data.bnf.fr/ark:/12148/cc60750";"Moïse ben Naḥman de Gérone. Commentaire sur la Torah. ‫ משה בן נחמן. ‫ פרוש התורה לרמבן";"1484";"Null";"Null";"Null";"Null";"Null";"http://gallica.bnf.fr/ark:/12148/btv1b90648852"
"http://data.bnf.fr/ark:/12148/cb317072526";"(A la fin :) Explicit liber de doctrina loquendi et // tacendi, ab Albertano causidico Brixi//ensi, ad instructionem suorum filiorum, compositus. // Impressum per me Gerardum Leeu, per Del // gratiam, in oppido Antwerpiensi, an//no Domini M.CCCC.LXXXIV, die quarta octobris";"1484";"Anvers";"Gerard Leeu";"1484";"[12] ff.";"Null";"Null"
"http://data.bnf.fr/ark:/12148/cb317204754";"Das Buch Ovidii von der Liebe zu erwerben durch Hartlieb verteutscht";"1484";"Augspurg A. Sorg";"Null";"1484";"Null";"Null";"Null"
"http://data.bnf.fr/ark:/12148/cb31838689p";"Seraphici doctoris sancti Bona//venture Sermones de tempore//et sanctis cum communi sanctorum. - ('A la fin, avant la table' :)... Sermones... sancti doctoris Bona//venture... in Reutt//lingen, autumni tempore ; complevimus... //Anno Domini M.CCC.LXXXIIII";"1484";"Reutlingen [J. Otmar]";"Null";"1484";"Null";"Null";"Null"
"http://data.bnf.fr/ark:/12148/cb319472124";"[De Officiis.] Petri Marsi interpretatio in Officia Ciceronis...";"1484";"Venetiis, per Baptistam de Tortis";"Null";"1484";"Null";"Null";"Null"
"http://data.bnf.fr/ark:/12148/cb32061852k";"Rationale divinorum officiorum [Guilhelmi Durandi]";"1484";"[Lyon";"Guillaume Le Roy";"1484";"Null";"Null";"Null"
"http://data.bnf.fr/ark:/12148/cb32116497s";"Pauli Flacci Persii,... satirarum opus...";"1484";"Venetiis, per Dionysium de Bertochis et Felegrinum de Faschalibus";"Null";"1484";"Null";"Null";"Null"
"http://data.bnf.fr/ark:/12148/cb32564973d";"L'Abuzé en court. [Lyon, typographe indéterminé, vers 1484]. Notice de E. Droz";"1484";"Lyon, Association Guillaume Le Roy";"Null";"1484";"Null";"Null";"Null"
"http://data.bnf.fr/ark:/12148/cb33302842x";"Clamades (Le Roman de)";"1484";"Vienne (en Dauphiné)";"Pierre Schenk";"1484";"In-4° goth. fig. sur bois. [...] III, 440 et 539";"Null";"Null"
"http://data.bnf.fr/ark:/12148/cb336128806";"Statuta Cremonae";"1484";"Brescia";"Null";"1484";"In-4°";"Null";"Null"
"http://data.bnf.fr/ark:/12148/cb337536085";"Die guldin Bull Keyser Karlls des vierden";"1484";"Ulm";"Lienhart Hollen";"1484";"Null";"Null";"Null"
"http://data.bnf.fr/ark:/12148/cb33802959s";"(Statuta synodalia Eystettensia cum Statutis synoda libus Moguntinis.) (Fol. 1° recto.) Reverendissimo in xp̄o Patri et Dn̄o Domino Wilhelms... Eystetn Michael Reyser... Ex civitate Eystettn̄ die quinta decima mensis // marcij anno... millesimo q̄dringētesimo octuagesimo // quarto...";"1484";"Eristadii";"Michael Reyser";"1484";"In-fol., car. goth.";"Null";"Null"
"http://data.bnf.fr/ark:/12148/cb33802958f";"Dei gratia Wilhelm. Ep̄us Eysteten̄. Fideli nostro dilecto mgr̄o Mathie Walcker de Reutlingen. Salutē. Statutoru nostroru synodalium ac princialiū volumina... accipe...";"1484";"[S. l. ?]";"Null";"1484";"Null";"Null";"Null"
"http://data.bnf.fr/ark:/12148/cb341654072";"Antonii Lulli Geminianensis Oratio habita in funere domini Philiberti, reverendissimi cardinalis Matisconensis, freqeuenti [sic] reverendissimorum cardinalium senatu";"1484";"Romae";"S. Plannck";"1484";"[6] f.";"Null";"Null"
"http://data.bnf.fr/ark:/12148/cb35771570h";":Cest lordre qui a este gardee atours : pour appeller deuant le roy nostre souuerain seigneur ceulx des troys estatz de ce royaume";"1484";"[Paris";"Antoine Caillaut";"1484";"[60] ff.";"Null";"Null"
"http://data.bnf.fr/ark:/12148/cb35951075s";"[Sans titre]";"1484";"Null";"Null";"Null";"[408] f.";"Null";"Null"
"http://data.bnf.fr/ark:/12148/cb366435841";"Dokumente zur Aussenpolitik der Deutschen Demokratischen Republik 15";"1484";"Berlin [D.D.R.]. - 2 vol.";"Staatsverl. der Deutschen Demokratischen Republik";"1484";"Null";"Null";"Null"
