id;title;date;place;publisher;firstyear;description;subject;gallica
"http://data.bnf.fr/ark:/12148/cb30002837d";"Opera omnia...";"1490";"Venetiis";"Null";"1490";"In-fol. (Hain, *8887.)";"Null";"Null"
"http://data.bnf.fr/ark:/12148/cb30004505f";"Theoremata de hostia consecrata, auctore Aegidio de Roma";"1490";"Coloniae";"per J. Koelhoff de Lubeck";"1490";"In-4° . (Hain, *124.)";"Null";"Null"
"http://data.bnf.fr/ark:/12148/cb30006068f";"Tractatus et sermones Petri de Ailliaco";"1490";"Argentinae";"Null";"1490";"In-fol. (Hain, *848.)";"Null";"Null"
"http://data.bnf.fr/ark:/12148/cb30006053d";"Concordantia astronomie cum theologia ; concordia astronomie cum hystorica narratione, et elucidarium duorum precedentium, domini Petri de Aliaco,...";"1490";"Auguste Vindelicorum";"E. Ratdolt";"1490";"In-4° . (Hain, *834.)";"Null";"Null"
"http://data.bnf.fr/ark:/12148/cb30006072p";"Incipit Tractatus de legibus et sectis, contra superstitiosos astronomos, compilatus a domino Petro de Aylliaco. - Astrologia theologisata a magistro Johanne de Gersonno";"1490";"[Rouen";"Guillaume Le Talleur";"1490";"Car. goth.";"Null";"Null"
"http://data.bnf.fr/ark:/12148/cb30007486q";"Alberti Magni de Caelo et mundo";"1490";"Venetiis";"apud J. de Forlivio et Gregorium fratres";"1490";"In-fol. (Pellechet, 330.)";"Null";"Null"
"http://data.bnf.fr/ark:/12148/cb30007639r";"Alberti Magni Summa naturalium, seu Opus philosophiae naturalis";"1490";"Brescia";"Battista Farfengo";"1490";"Null";"Null";"Null"
"http://data.bnf.fr/ark:/12148/cb30007489r";"Compendium theologicae veritatis, per Albertum Magnum";"1490";"Venezia";"[Boneto Locatello pour] Ottaviano Scoto";"1490";"Null";"Null";"Null"
"http://data.bnf.fr/ark:/12148/cb30007708r";"De Arte loquendi et tacendi";"1490";"Deventer";"Jacobus de Breda";"1490";"Null";"Null";"Null"
"http://data.bnf.fr/ark:/12148/cb30007557d";"Alberti Magni Liber Aggregationis, seu Secretorum de virtutibus herbarum et animalium quorundam. Ejusdem de mirabilibus mundi seu de secretis naturae et alia opuscula";"1490";"[France du Sud-Est";"imprimeur de l'Historia Alexandri Magni (GW 878)";"1490";"[20] ff.";"Null";"Null"
"http://data.bnf.fr/ark:/12148/cb300208438";"Summa angelica de casibus conscientiae, compilata per fratrem Angelum de Clavasio, cum praefatione Hieronymi Tornieli";"1490";"Alosti";"per T. Martini";"1490";"In-fol. (Hain, 5389.)";"Null";"Null"
"http://data.bnf.fr/ark:/12148/cb30019580m";"Opera";"1490";"Venetiis";"Null";"1490";"In-fol. (Hain, 9815.)";"Null";"Null"
"http://data.bnf.fr/ark:/12148/cb30021333t";"Aniani Compotus cum commento";"1490";"[Paris";"Antoine Caillaut et Philippe Pigouchet";"1490";"Null";"Null";"Null"
"http://data.bnf.fr/ark:/12148/cb300230831";"S. Antonini, archiepiscopi Florentini, confessionale, aliter dictum Defecerunt, seu summula confessionis, seu tractatus de instructione simplicium confessorum";"1490";"Argentine";"per M. Flach";"1490";"In-4° . (Pellechet, 850.)";"Null";"Null"
"http://data.bnf.fr/ark:/12148/cb30023126g";"Summa theologica S. Antonini, cum repertorio sive tabula Johannis Molitoris";"1490";"Argentinae";"impensis ac industria J. Reynardi alias Gruninger";"1490";"4 vol. in-fol. (Pellechet, 882.)";"Null";"Null"
"http://data.bnf.fr/ark:/12148/cb300231076";"Confessionale volgare di frate Antonino, arcivescovo di Firenze, intitolato Specchio di coscienza, ovvero Omnis mortalium cura";"1490";"[Firenze";"Bartolomeo de’ Libri";"1490";"Null";"Null";"Null"
"http://data.bnf.fr/ark:/12148/cb30027403m";"Cyromancia Aristotelis cum figuris";"1490";"Ulm";"[Johannes Reger]";"1490";"Null";"Null";"Null"
"http://data.bnf.fr/ark:/12148/cb300293672";"Regimen sanitatis (cum expositione Arnaldi de Villanova, emendatum per doctores Montispessulani regentes)";"1490";"[Lyon";"Jacques Maillet";"1490";"Null";"Null";"Null"
"http://data.bnf.fr/ark:/12148/cb300393480";"Sermones divi Aurelii Augustini ad heremitas";"1490";"Venetiis";"per B. Ricium";"1490";"In-8° . (Pellechet, 1514.)";"Null";"Null"
"http://data.bnf.fr/ark:/12148/cb30038847s";"Divi Aurelii Augustini de Civitate Dei, cum commento Thomae Walleis et Nicolai Triveth";"1490";"Basileae";"arte J. de Amerbach";"1490";"In-fol. (Pellechet, 1561.)";"Null";"Null"
"http://data.bnf.fr/ark:/12148/cb30039410k";"Divi Aurelii Augustini de summa Trinitate libri XV";"1490";"Basileae";"per J. de Amerbach";"1490";"In-fol. (Pellechet, 1542.)";"Null";"Null"
"http://data.bnf.fr/ark:/12148/cb30039064d";"Transito di sancto Hieronimo...";"1490";"Firenze";"Null";"1490";"In-4° , car. rom.";"Null";"Null"
"http://data.bnf.fr/ark:/12148/cb30040197p";"Tractatus de conceptione virginis Mariae";"1490";"[Mainz";"Peter Schöffer";"1490";"Null";"Null";"Null"
"http://data.bnf.fr/ark:/12148/cb300405237";"D. Magni Ausonii Opera, ex recensione Julii Aemilii Ferrarii";"1490";"Mediolani";"U. Scinzenzeler";"1490";"In-fol. (Pellechet, 1646.)";"Null";"Null"
"http://data.bnf.fr/ark:/12148/cb30041953h";"Canonis libri V Avicennae, translati a magistro Gerardo Cremonensi ex arabico in latinum. Ejusdem libellus de Viribus cordis, translatus ab Arnaldo de Villanova. Curantibus Petro Roccabonellae et Mutio Prosdochymo";"1490";"Venetiis";"per D. Bertochum";"1490";"2 vol. in-fol. (Pellechet, 1666.)";"Null";"Null"
"http://data.bnf.fr/ark:/12148/cb30041716r";"Liber Theicrisi dahalmodana vahaltadabir";"1490";"Venetiis";"per J. et G. de Gregoriis";"1490";"In-fol. (Pellechet, 1652)";"Null";"Null"
"http://data.bnf.fr/ark:/12148/cb30041957w";"Canonis libri V Avicennae, in latinum translati a Gerardo Cremonensi. Ejusdem libellus de Viribus cordis, translatus ab Arnaldo de Villanova";"1490";"Venetiis";"per O. Scotum";"1490";"In-4° , impr. sur vélin. (Pellechet, 1665.)";"Null";"Null"
"http://data.bnf.fr/ark:/12148/cb30089909s";"De Contemptu mundi";"1490";"Paris";"Antoine Caillaut";"1490";"Null";"Null";"Null"
"http://data.bnf.fr/ark:/12148/cb30089947b";"Floretus S. Bernardi";"1490";"(Coloniae, H. Quentell.)";"Null";"1490";"In-4° . (Pellechet, 2166.)";"Null";"Null"
"http://data.bnf.fr/ark:/12148/cb300899507";"Summa admodum utilis et fructuosa theologalis et canonica, edita super Floretum sancti Bernardi, per Johannem Jarson";"1490";"[Lyon]";"Guillaume Balsarin";"1490";"Null";"Null";"Null"
"http://data.bnf.fr/ark:/12148/cb30091629v";"Quadragesimale sancti Bernardini de Senis de christiana religione, cum Guidonis de Marchia disputatione inter mundum et religionem";"1490";"[Lyon";"Janon Carcain";"1490";"Null";"Null";"Null"
"http://data.bnf.fr/ark:/12148/cb301182843";"Boetii de consolatione philosophiae, cum commento sancti Thome";"1490";"Daventriae";"per Jacobus de Breda";"1490";"(Pellechet, 2527.)";"Null";"Null"
"http://data.bnf.fr/ark:/12148/cb30118399d";"Boetii de disciplina scholarium cum commento";"1490";"Daventriae";"per Jacobum de Breda";"1490";"In-4° . (Pellechet, 2559.)";"Null";"Null"
"http://data.bnf.fr/ark:/12148/cb30125406b";"Stimulus divini amoris S. Bonaventurae";"1490";"Parisius";"Georgius Mittelhus";"1490";"In-8° . (Hain-Copinger, *3479)";"Null";"Null"
"http://data.bnf.fr/ark:/12148/cb30136496k";"Casus longi super quinque libros Decretalium, a domino Bernardo (Bottoni), earumdem precipuo glossatore, utiliter compilati";"1490";"[Lyon";"imprimeur du Guido, Casus longi (C 1488)";"1490";"Null";"Null";"Null"
"http://data.bnf.fr/ark:/12148/cb301601420";"Bernhardi de Breydenbach opusculum sanctarum peregrinationum ad sepulcrum Christi venerandum";"1490";"(Spirae Nemetum,)";"per Petrum Drach, civem Spirensem";"1490";"In-fol. (Hain-Copinger, *3957.)";"Null";"Null"
"http://data.bnf.fr/ark:/12148/cb30186067x";"Thebais, cum commentariis Placidi Lactantii. Achilleis, cum commentariis Francisci Maturantii. Silvae, cum interpretatione Domitii Calderini...";"1490";"Venetiis";"Null";"1490";"In-fol. (Hain-Copinger, 14978.)";"Null";"Null"
"http://data.bnf.fr/ark:/12148/cb30186061v";"Thebais. Achilleis. Silvae";"1490";"Venetiis";"Null";"1490";"In-fol. (Hain-Copinger, 14978.)";"Null";"Null"
"http://data.bnf.fr/ark:/12148/cb30195015n";"Roberti Caraccioli de Licio sermones de laudibus sanctorum";"1490";"Paris";"Georg Wolf pour Enguilbert, Jean et Geoffroy de Marnef";"1490";"signé a-z, A-I";"Null";"Null"
"http://data.bnf.fr/ark:/12148/cb30195017b";"Roberti Caraccioli de Licio sermones de laudibus sanctorum";"1490";"Spirae";"per Petrum Drach";"1490";"In-fol. (Hain-Copinger, *4484.)";"Null";"Null"
"http://data.bnf.fr/ark:/12148/cb30194999r";"Roberti Caraccioli de Licio quadragesimale de peccatis";"1490";"Venetiis";"per Joannem de Forlivio et Gregorium, fratres";"1490";"In-4° . (Hain-Copinger, *4441.)";"Null";"Null"
"http://data.bnf.fr/ark:/12148/cb30195013z";"Roberti Caraccioli de Licio sermones quadragesimales de Adventu et de timore Dei, cum quibusdam aliis annexis";"1490";"Venetiis";"per Joannem et Gregorium de Forlivio";"1490";"In-4° . (Hain-Copinger, *4464.)";"Null";"Null"
"http://data.bnf.fr/ark:/12148/cb301950160";"Roberti Caraccioli de Licio sermones de laudibus sanctorum";"1490";"Antverpiae";"per Gerardum Leeu";"1490";"In-4° . (Campbell, 397.)";"Null";"Null"
"http://data.bnf.fr/ark:/12148/cb30195018p";"Roberti Caraccioli de Licio sermones de laudibus sanctorum";"1490";"Basileae";"per N. Kesler";"1490";"In-fol. (Hain, *4485.)";"Null";"Null"
"http://data.bnf.fr/ark:/12148/cb30195000m";"Roberti Caraccioli de Licio quadragesimale de peccatis";"1490";"(S. l.)";"Null";"1490";"In-8° . (Hain, *4442.)";"Null";"Null"
"http://data.bnf.fr/ark:/12148/cb30201597j";"Sermo in commemoratione victoriae Bacensis, habitus die dominica 10 januarii 1490, per R. P. D. Bernardinum Carvajal, episcopum Pacensem";"1490";"(Romae";"apud S. Plannck";"1490";"In-4° . (Hain-Copinger, *4549.)";"Null";"Null"
"http://data.bnf.fr/ark:/12148/cb30206663q";"Cato cum commento. - A la fin : Expliciunt glosule Catonis et declinatur explicit, expliciunt, non plus invenitur et est verbum defectivum";"1490";"[Paris";"Antoine Caillaut et Philippe Pigouchet";"1490";"Signé a-i";"Null";"Null"
"http://data.bnf.fr/ark:/12148/cb30208716z";"Trattato contra il peccato della lingua, ovvero il Pungilingua, di D. Cavalca";"1490";"Firenze";"per Lorenzo di Mathio e Giovanni di Piero Thedesco da Maganza";"1490";"In-fol. (Pellechet, 3446.)";"Null";"Null"
"http://data.bnf.fr/ark:/12148/cb30208709p";"Specchio di croce, di D. Cavalca";"1490";"Firenze";"per F. di Dino di Jacapo";"1490";"In-4° . (Pellechet, 3451.)";"Null";"Null"
"http://data.bnf.fr/ark:/12148/cb30212025r";"Sonetti e canzone...";"1490";"Venetia";"Null";"1490";"In-fol. (Hain-Copinger, 12771.)";"Null";"Null"
"http://data.bnf.fr/ark:/12148/cb302133939";"C. Julii Caesaris Commentarii de bello gallico ; Commentarii de bello civili, Pompeiano, Alexandrino, Hispaniensi et Africano. Edente Hieronymo Bononio";"1490";"Venetiis";"Null";"1490";"In-fol. (Pellechet, 3146.)";"Null";"Null"
"http://data.bnf.fr/ark:/12148/cb30237999d";"Leonelli Chieregati propositio habita coram Henrico, Angliae rege VII, Londoniis, anno MCCCCXC, die XXIX martii";"1490";"(Romae";"E. Silber,)";"1490";"In-4° . (Pellechet, 3550.)";"Null";"Null"
"http://data.bnf.fr/ark:/12148/cb302416729";"Cosmographia...";"1490";"Romae";"Null";"1490";"In-fol. (Hain, *13541.)";"Null";"Null"
"http://data.bnf.fr/ark:/12148/cb302429355";"M. T. Ciceronis Epistolae ad Brutum, ad Quintum fratrem, ad Octavium et ad Atticum. Bartholomeus Salicetus et Ludovicus Regius in lucem ediderunt";"1490";"Romae";"impr. per Eucharium Silber alias Franck";"1490";"In-fol. (Pellechet, 3627.)";"Null";"Null"
"http://data.bnf.fr/ark:/12148/cb302443261";"M. Tullii Ciceronis Paradoxa";"1490";"[Paris]";"Pierre Levet";"1490";"Null";"Null";"Null"
"http://data.bnf.fr/ark:/12148/cb30268509c";"Ambrosii Coriolani commentaria super canones sancti Augustini";"1490";"Argentine";"impensis M. Schott";"1490";"In-fol. (Pellechet, 1568.)";"Null";"Null"
"http://data.bnf.fr/ark:/12148/cb30268423n";"L'enqueste de Cocquillart touchant le débat d'entre la simple et la rusée";"1490";"[Paris]";"Antoine Caillaut";"1490";"16 ff.";"Null";"http://gallica.bnf.fr/ark:/12148/bpt6k702061"
"http://data.bnf.fr/ark:/12148/cb30299250v";"Convivio di Dante";"1490";"Firenze";"F. Bonaccorsi";"1490";"181 p.";"Null";"http://gallica.bnf.fr/ark:/12148/bpt6k72589v"
"http://data.bnf.fr/ark:/12148/cb303050739";"Radicum liber, Rabbi Davidis Kimhi ; hebr.]";"1490";"Neapoli";"Null";"1490";"In-fol., 142 ff.";"Null";"Null"
"http://data.bnf.fr/ark:/12148/cb303244022";"Speculum aureum animae peccatricis, auctore Dionysio Carthusiano";"1490";"[Memmingen";"Albrecht Kunne";"1490";"[28] ff.";"Null";"Null"
"http://data.bnf.fr/ark:/12148/cb30335213m";"Chorea ab eximio Macabro versibus alemanicis edita et a petro Desrey emendata";"1490";"Parisiis";"Null";"1490";"In-fol. (Hain-Copinger, 10415.)";"Null";"Null"
"http://data.bnf.fr/ark:/12148/cb303437967";"Vitae et sententiae philosophorum, Diogene Laertie auctore, opus editum a Benedicto Brognolo, Ambrosio Camaldulensi interprete";"1490";"Venetiis";"impensis O. Scoti";"1490";"In-4° . (Pellechet, 4277. Hain, 6202.)";"Null";"Null"
"http://data.bnf.fr/ark:/12148/cb30347181h";"Dominici de Sancto Geminiano Lectura prima super sexto libro Decretalium";"1490";"[Pavia";"Francesco Girardengo et Giovanni Antonio Berretti";"1490";"Null";"Null";"Null"
"http://data.bnf.fr/ark:/12148/cb30377639q";"Quaestiones Johannis Duns Scoti super IV libros Sententiarum, a Gratiano Brixiano emendatae";"1490";"Venezia";"Bernardino Rizzo";"1490";"4 parties + Tabula";"Null";"Null"
"http://data.bnf.fr/ark:/12148/cb303776627";"Quaestiones Johannis Duns Scoti quodlibetales";"1490";"[Venezia";"Bernardino Rizzo";"1490";"Null";"Null";"Null"
"http://data.bnf.fr/ark:/12148/cb30401807x";"Sermones beati Ephrem, e graeco ab Ambrosio Traversari Camaldulensi in latinum translati";"1490";"Brixiae";"B. Farfengo";"1490";"In-4° (Pellechet, 4583.Hain, 6600.)";"Null";"Null"
"http://data.bnf.fr/ark:/12148/cb30405393x";"Andreae de Escobar Modus confitendi";"1490";"[Köln";"Heinrich Quentell";"1490";"Null";"Null";"Null"
"http://data.bnf.fr/ark:/12148/cb30406052r";"Aesopus moralisatus, cum bono commento, quod incipit : Grecia, disciplinarum mater";"1490";"(S. l.)";"Null";"1490";"In-4° . (Pellechet, 213.)";"Null";"Null"
"http://data.bnf.fr/ark:/12148/cb30447893m";"Orationes [Bartholomaei Fontii] in eloquentiam, in historiam, in bonas artis [sic], in poeticen, in sapientiam, in satyram et studia humanitatis ; vita Pauli Ghiacceti ; de pęnitentia";"1490";"Firenze";"Bartolomeo de' Libri";"1490";"52 ff. n. ch.";"Null";"http://gallica.bnf.fr/ark:/12148/bpt6k8532670"
"http://data.bnf.fr/ark:/12148/cb30449464d";"Supplementum chronicarum Jacobi Philippi Bergomensis";"1490";"Venetiis";"per B. Rizum de Novaria";"1490";"In-fol. (Pellechet, 2067.)";"Null";"Null"
"http://data.bnf.fr/ark:/12148/cb30481723j";"Penitentiarius magistri Johannis de Galandia";"1490";"Parisiis";"F. Levet";"1490";"4 ff. n. ch. à 20 ll";"Null";"http://gallica.bnf.fr/ark:/12148/bpt6k705959"
"http://data.bnf.fr/ark:/12148/cb304987808";"Cordiale de quatuor novissimis [a Gerardo de Vliederhoven]";"1490";"[Paris";"Philippe Pigouchet";"1490";"38 ff. signés a-d8, e6";"Null";"Null"
"http://data.bnf.fr/ark:/12148/cb304987839";"Cordiale de quatuor novissimis [a Gerardo de Vliederhoven]";"1490";"[Paris";"Philippe Pigouchet";"1490";"38 ff. signé a-d8, e6";"Null";"Null"
"http://data.bnf.fr/ark:/12148/cb30501598d";"Johannis Gerson Tractatus de pollutione nocturna. Tractatus de cognitione castitatis et pollutionibus diurnis";"1490";"[Rouen";"Guillaume Le Talleur";"1490";"[18] ff. signés A8, B10";"Null";"Null"
"http://data.bnf.fr/ark:/12148/cb305290809";"Stephani Gourlinii,... De Jansenio et jansenismo dissertatio historica...";"1490";"Lovanii";"Null";"1490";"In-4° , 444 p.";"Null";"http://gallica.bnf.fr/ark:/12148/bpt6k310445b"
"http://data.bnf.fr/ark:/12148/cb30543747c";"Quadragesimale fratris Johannis Gritsch,...";"1490";"[Strasbourg";"imprimeur du Jordanus de Quedlinburg, H 9438 (= Georg Husner ?)]";"1490";"[240] ff.";"Null";"Null"
"http://data.bnf.fr/ark:/12148/cb30555340j";"Manipulus curatorum Guidonis de Monte Rocherio";"1490";"Lyon";"Jean Du Pré";"1490";"[100] ff. signés a-l8, m-n6";"Null";"Null"
"http://data.bnf.fr/ark:/12148/cb30555361h";"Manipulus curatorum, translaté de latin en français [de Guido de Monte Rocherio]";"1490";"Orléans";"Mathieu Vivian";"1490";"252 ff.  signés a-r8 , ſ8, s-v8, u8, x-y8, Ʒ8, z8, '9'8, A8, B-C6, D-E8";"Null";"Null"
"http://data.bnf.fr/ark:/12148/cb305553369";"Manipulus curatorum Guidonis de Monte Rocherio";"1490";"Paris";"Pierre Levet";"1490";"126 ff. foliotés et signés a-p8, q6";"Null";"Null"
"http://data.bnf.fr/ark:/12148/cb305553636";"Il Libro chiamato Fiore d'Italia [di fra Guido da Pisa]";"1490";"Bologna";"Ugo Ruggeri";"1490";"[92] ff. signés a-l8, m4, le premier blanc";"Null";"Null"
"http://data.bnf.fr/ark:/12148/cb30557696g";"Guilielmi de Saliceto Summa conservationis et curationis. - Au ff. sign. a 2 : In nomine Domini nostri Jesu Christi... Liber magistri Gulielmi placentini de Saliceto... qui summa conservationis et curationis appellatur... - Au ff. t verso : Incipit cyrugia ejusdem magistri Gulielmi de Saliceto,... - A la fin : Impressus Venetiis anno Domini MCCCCLXXXX...";"1490";"Venezia";"[Marin Sarrazin]";"1490";"[178] ff. signés a-r8, s-z6, τ6, le premier blanc";"Null";"Null"
"http://data.bnf.fr/ark:/12148/cb305574978";"Postilla Guillerini super Epistolas et Evangelia de tempore et de sanctis et pro defunctis";"1490";"[Deventer";"Richardus Pafraet]";"1490";"186 ff. foliotés et signés [✽]4, a-z6, A-F6, G8";"Null";"Null"
"http://data.bnf.fr/ark:/12148/cb36812086t";"Sequentie et hymni per totum annum";"1490";"Deventer";"Jacobus de Breda";"1490";"4 °, 38 ff.";"Null";"Null"
"http://data.bnf.fr/ark:/12148/cb36812080r";"Textus sequentiarum cum commento";"1490";"Reutlingen";"M. Greyff";"1490";"In-4 °, car. goth.";"Null";"Null"
"http://data.bnf.fr/ark:/12148/cb36817331k";"[Missale Bambergense] (fol. 1, r :) Incipit liber missalis s cd'm // ordinẽ ecclesie Bambergñ. (A la fin :) Anno... Mcccc Xc... in civitate Babenbergñ. Per magistrum Johannẽ Sensenschmidt... et H. Petzensteiner";"1490";"Bamberg";"Johann Sensenschmidt et. - Heinrich Petzensteiner";"1490";"2 °, ill., musique";"Null";"Null"
"http://data.bnf.fr/ark:/12148/cb36816899b";"[Heures à l'usage de Paris.]";"1490";"(Paris";"G. Marchant";"1490";"In-8 °, fig.";"Null";"Null"
"http://data.bnf.fr/ark:/12148/cb36817249c";"Martirologium [Ed. Jean Le Munerat]. - Le Munerat (Jean). De Moderatione et concordia grammaticae et musicae";"1490";"Paris";"Guy Marchant";"1490";"2 °";"Null";"Null"
"http://data.bnf.fr/ark:/12148/cb368168980";"(Livre d'heures commençant par ces mots :) Le prologue de la table de ces présentes heures... - (A la fin :) Les présentes heures furent achevées le XX jour de juillet Mil. CCCC. quatre vingts et dix pour Anthoine Verard libraire demourant à Paris...";"1490";"Paris";"Antoine Vérard";"1490";"Null";"Null";"Null"
"http://data.bnf.fr/ark:/12148/cb368195350";"Breviarium Pataviense. Ed. sur la demande de Friedrich von Öttingen et Christoph von Schachner, évêques de Passau";"1490";"Augsburg";"Erhard Ratdolt";"1490";"2 parties, 8 °, ill.";"Null";"Null"
"http://data.bnf.fr/ark:/12148/cb368201964";"[Psalterium Benedictinum :] Psalmorum codex. - [Hymni.]";"1490";"Mainz";"Peter Schöffer";"1490";"2 °, musique";"Null";"Null"
"http://data.bnf.fr/ark:/12148/cb368205053";"[Manuale Carnotense.]";"1490";"Paris";"Guillaume Maynial";"1490";"4 °, 166 ff., ill., musique";"Null";"Null"
"http://data.bnf.fr/ark:/12148/cb36821164r";"Missale Carmelitarum";"1490";"Brescia";"Bonino de'Bonini";"1490";"[14]-CXCVII p.";"Null";"http://gallica.bnf.fr/ark:/12148/bpt6k5578012t"
"http://data.bnf.fr/ark:/12148/cb36821031h";"Diurnale Benedictinum ? (Le dernier feuillet finit par cette ligne : Primis uespis. Deo gratias)";"1490";"(S. l. ?)";"Null";"1490";"In-32";"Null";"Null"
"http://data.bnf.fr/ark:/12148/cb36824772r";"Officium b. Mariae. - Le premier feuillet manque. - (A la fin :) Officium beatissime Virginis Marie // ad usum Romanum, una cum septem // psalmis penitentialibus, officio mor//tuorum, Sancte Crucis et Sancti Spiritus // et pluribus aliis devotissimis oratio//nibus, tam post kalendarium quam in fi//ne, feliciter finit. Impressum Lugduni, // per Johannem de Prato, anno salu//tis M. CCCC. XC, die XI septembris";"1490";"Lyon";"Null";"1490";"In-8 °. Caractères gothiques. Cahiers signés A, B, a-o";"Null";"Null"
"http://data.bnf.fr/ark:/12148/cb36824771d";"[Horae ad usum Romanum.]";"1490";"Paris";"[Philippe Pigouchet ou Pierre Le Rouge] pour Antoine Vérard";"1490";"ill.";"Null";"Null"
"http://data.bnf.fr/ark:/12148/cb30600951s";"Itinerarius Johannis de Hese, presbiteri, a Jherusalem per diversas mundi partes. Tractatus de decem nationibus christianorum";"1490";"(Coloniae";"J. Guldenschaiff";"1490";"In-4° , 12 ff. non chiffrés, car. goth. (Voullième, 543.)";"Null";"Null"
"http://data.bnf.fr/ark:/12148/cb30616428j";"Horatii Flacci Opera, cum commentariis Acronis, Porphyrionis et Landini, edita a Joanne Francisco Philomusa";"1490";"Venetiis";"impressa a Georgio Arrivabene";"1490";"In-fol. (Hain-Copinger, *8887.)";"Null";"Null"
"http://data.bnf.fr/ark:/12148/cb30639503m";"Legenda litteralis Alberti Magni";"1490";"Coloniae";"Null";"1490";"In-4̊";"Null";"Null"
"http://data.bnf.fr/ark:/12148/cb30639017x";"[ @ ]";"1490";"(Soncino,)";"Salomon ben Moses Soncino";"1490";"4 parties en 1 vol. in-fol. (Schwab, 56.)";"Null";"Null"
"http://data.bnf.fr/ark:/12148/cb30639883x";"Laude di frate Jacopone da Todi";"1490";"Firenze";"imp. per S. F. Bonacorsi";"1490";"In-4° . (Hain-Copinger, 9355.)";"Null";"Null"
"http://data.bnf.fr/ark:/12148/cb30652571t";"Epistolae et tractatus S. Hieronymi. Theodorus Laelius edidit. Libellus S. Augustini contra quinque hereses. Epistolae Damasi, Epiphanii, Theophili, S. Augustini ad S. Hieronymum. Sermo Petri Pauli Vergerii in laudem S. Hieronymi. Opuscula Rufini circa Origenem. Homiliarum Origenis translatio. Epistola S. Augustini ad S. Cyrillum de laudibus S. Hieronymi. Epistola S. Cyrilli ad S. Augustinum de miraculis S. Hieronymi. Epistola Eusebii de vita et transitu S. Hieronymi";"1490";"Venetiis";"B. de Benaliis";"1490";"2 vol. in-fol. (Hain, *8560.)";"Null";"Null"
"http://data.bnf.fr/ark:/12148/cb30655587x";"Joannis de Sacro Bosco Sphaera mundi. Joannis de Monteregio Disputationes contra Cremonensia in planetarum theoricas deliramenta. Georgii Purbachii In motus planetarum theoricae";"1490";"Venetiis";"per O. Scotum";"1490";"In-4° . (Hain-Copinger, *14113.)";"Null";"Null"
"http://data.bnf.fr/ark:/12148/cb30670081p";"Justini Historia, ex Trogo Pompeio collecta. L. A. Flori Epitome, a Philippo Beroaldo emendatum";"1490";"(S. l.";"J. Rubeus Vercellensis et F. de Madiis";"1490";"In-fol. (Hain-Copinger, 9655.)";"Null";"Null"
"http://data.bnf.fr/ark:/12148/cb306705367";"Justiniani imp. Codicis repetitae praelectionis libri IX, cum glossa et summariis Hieronymi Clarii";"1490";"Venetiis";"per B. de Tortis";"1490";"In-fol. (Hain, *9614.)";"Null";"Null"
"http://data.bnf.fr/ark:/12148/cb30670754q";"Junii Juvenalis Satirae, cum commentario Domitii Calderini et ejusdem defensione adversus Brotheum";"1490";"Lugduni";"arte Johannis de Prato";"1490";"In-fol. (Copinger, 3412.)";"Null";"Null"
"http://data.bnf.fr/ark:/12148/cb30670995v";"Juvencus presbyter immensam evangelicae legis majestatem heroicis versibus concludens. Hermanni Buschii In presbyterum Juvencum Hispanum epigramma";"1490";"(Daventriae";"R. Pafraet";"1490";"In-4° . (Copinger, 3423.)";"Null";"Null"
"http://data.bnf.fr/ark:/12148/cb30711865t";"Lactantii Firmiani Opera. De Divinis institutionibus ; de Ira Dei : de Opificio hominis ; Phoenix : Dantes Phoenice (Inferno, XXIV, 107-112), Ovidius Phoenix (Metamorph., XV, 391-402.) ; de Resurrectione. Ex recensione fratris Adami Genuensis. Errata per fratrem Antonium Raudensem collecta. Andreas episcopus aleriensis curavit. In Epithomon Lactantii tractatus additus est";"1490";"Venetiis";"per T. de Ragazonibus de Asula";"1490";"In-fol. (Hain, 9815.)";"Null";"Null"
"http://data.bnf.fr/ark:/12148/cb30711955s";"Thebaidos libri XII";"1490";"Venetiis";"Null";"1490";"In-fol.";"Null";"Null"
"http://data.bnf.fr/ark:/12148/cb30733478z";"Alanfranc. En cyrurgie. - Fol. a : Cy commence le premier chappitre de ce présent traicté intitulé le Grant Alanfranc... - A la fin : Icy est consupmi [sic] la Cirurgie du très fameux et excellent philosophe, docteur en médecine maistre Alenfranc, de la cité de Millan, veu et corrigé sus le latin par honnorable homme maistre Guillaume Yvoire, cyrurgien, practiquant à Lyon... et imprimé au dit Lyon, par Jehan de La Fontayne, le XII jour de février en l'an de l'Incarnation Nostre Seigneur mil CCCCLXXXX";"1490";"Lyon";"Null";"1490";"In-4° , sign. A, A-T, car. goth., à 2 col., rubriqué. (Hain, 9880.)";"Null";"Null"
"http://data.bnf.fr/ark:/12148/cb30773523s";"Le recueil des hystoires troyennes, contenant troys livres...";"1490";"Lyon";"Michel Topie et Jacques Heremberck";"1490";"[Ca 215] f.";"Null";"http://gallica.bnf.fr/ark:/12148/bpt6k111572d"
"http://data.bnf.fr/ark:/12148/cb38497387f";"[Illustrations du Grant testament.]";"1490";"Paris";"Pierre Le Caron";"1490";"7 est. : grav. sur bois : noir et blanc";"http://data.bnf.fr/ark:/12148/cb11975832b";"http://gallica.bnf.fr/ark:/12148/btv1b2200024r"
"http://data.bnf.fr/ark:/12148/cb30857548v";"Juniani Maii Parthenopeii... de Priscorum proprietate verborum. - A la fin : Impressere Mathias Moravus, impressor solertissimus, et venerabilis monachus Blasius... MCCCCLXXV";"1490";"(Neapoli";"M. Moravus.)";"1490";"In-fol. (Hain, 10545.)";"Null";"Null"
"http://data.bnf.fr/ark:/12148/cb30870674d";"Johannis de Montevilla Itinerarius in partes iherosolimitanas et in ulteriores transmarinas";"1490";"(Coloniae";"J. Koelhoff";"1490";"In-4° . (Copinger, 3832)";"Null";"Null"
"http://data.bnf.fr/ark:/12148/cb308929237";"Martialis Epigrammata, cum commento D. Calderini";"1490";"Mediolani";"per U. Scinzenzeler";"1490";"In-fol. (Hain, 10820.)";"Null";"Null"
"http://data.bnf.fr/ark:/12148/cb30893080t";"L'amant rendu cordelier";"1490";"Paris";"[s.n.]";"1490";"38 ff., sign. a-g";"Null";"http://gallica.bnf.fr/ark:/12148/bpt6k70341t"
"http://data.bnf.fr/ark:/12148/cb309005140";"Galeotti Marcii [sic],... de Homine liber. - Georgii [Merulae] Alexandrini in librum,... de Homine Galeotti opus. - Galeotti Martii,... refutatio objectorum in librum de Homine a Georgio Merula";"1490";"Mediolani";"impensis A. Lelii et F. Tanti";"1490";"In-fol., 88 ff. n. ch. (Pellechet, 4978.)";"Null";"Null"
"http://data.bnf.fr/ark:/12148/cb393024717";"Moses [Rabbi] Ben Maimonis Oegyptius qui et maimonides et Rambam dicitur : jad Chazzakah, id est, manus fortis col. hammil Suoth, id est, omnia praecepta. [complectitur hic liber explicationem compendiosam operis Talmudici]";"1490";"Soncino";"Null";"1490";"In-fol.";"Null";"Null"
"http://data.bnf.fr/ark:/12148/cb39304503h";"[Beati Hieronymi epistolas... Ed. Theodorus Laelius...]";"1490";"Venetiis";"Bernardinus de Benaliis";"1490";"2 vol.";"Null";"Null"
"http://data.bnf.fr/ark:/12148/cb39304488f";"[Ambrosius, S. Epistolae. De Isaac et anima. Sermones. Orationes...]";"1490";"Milano";"L. Pachel";"1490";"Null";"Null";"Null"
"http://data.bnf.fr/ark:/12148/cb39306195c";"Quadragesimale Roberti [Caraccioli] de peccatis";"1490";"[Strasbourg]";"[Johannes Prüss]";"1490";"Null";"Null";"Null"
"http://data.bnf.fr/ark:/12148/cb39309191q";"Trattati dell'agricoltura";"1490";"Vienne";"Null";"1490";"In-fol.";"Null";"Null"
"http://data.bnf.fr/ark:/12148/cb393386788";"Conclusiones de diversis materiis moralibus";"1490";"[Rouen]";"[Le Talleur]";"1490";"4 °";"Null";"http://gallica.bnf.fr/ark:/12148/bpt6k1043017g"
"http://data.bnf.fr/ark:/12148/cb30926697n";"Formule epistolarum domini Karoli Menniken";"1490";"(Heidelbergae,)";"Null";"1490";"In-4° , car goth. (Hain-Copinger, *10674.)";"Null";"Null"
"http://data.bnf.fr/ark:/12148/cb309428980";"Sermones Michaelis de Ungaria, predicabiles per totum annum, licet breves";"1490";"Argentine";"Null";"1490";"In-4° (Hain, *9047)";"Null";"Null"
"http://data.bnf.fr/ark:/12148/cb39909740h";"Speculum ecclesie";"1490";"Null";"Null";"1490";"[14] f.";"Null";"Null"
"http://data.bnf.fr/ark:/12148/cb31016061c";"Le Psaultier avecques l'exposition sur [sic] de Lira en françoys [traduit par Pierre Desrey]";"1490";"Paris";"Pierre Le Rouge";"1490";"2 vol. in-fol., initiales rubriquées, fig. sur bois, marque de Pierre Le Rouge à la fin du 1er et du 2me vol. (Copinger, 3714.)";"Null";"Null"
"http://data.bnf.fr/ark:/12148/cb31016080n";"Preceptorium Nicolai de Lyra, cum compendio de vita Antichristi. - Fol. 2 r° : Prologus venerabilis fratris Nicholai de Lira, ordinis seraphici francisci. Preceptorium, sive Expositio tripharia brevis et utilis in decalogum legis divine incipit feliciter. - Fol. 78 r° : De Antichristo. Compendium de vita antichristi incipit feliciter. - A la fin : Explicit compendium de vita antichristi";"1490";"(Rothomagi";"G. Le Talleur";"1490";"In-8° , sign. a-k, car. goth., longues lignes, marque de G. Le Talleur à pleine page au fol. 1 r";"Null";"Null"
"http://data.bnf.fr/ark:/12148/cb31017248z";"Tractatus de morali lepra Johannis Nyder";"1490";"Parisiis";"apud J. Bonhomme";"1490";"In-4° . (Hain-Copinger, 11819.)";"Null";"Null"
"http://data.bnf.fr/ark:/12148/cb31018670g";"Speculum stultorum. - Sign. a ii r° : Incipit epistola veteris Vigelli [sic] ad Vuilhelmum amicum suum secretum continens integumentum Speculi stultorum ad eundem directi et inferius scripti. - Sign. a iiii r° : Incipit prologus metricus in Speculum stultorum. - Fol. 58 v° : Explicit Speculum stultorum. Quisquis theologus, quisquis legista peritus... Quisque sibi libros vendicet ergo, vale";"1490";"[Paris";"Philippe Pigouchet";"1490";"58 ff. non ch., sign. a-g";"Null";"Null"
"http://data.bnf.fr/ark:/12148/cb31031169m";"Expositio canonis misse a domino Odone... edita";"1490";"(Parisiis,)";"Null";"1490";"In-4° . (Hain, *11959.)";"Null";"Null"
"http://data.bnf.fr/ark:/12148/cb402818378";"[Fragment de tournoi] : [dessin]";"1490";"Null";"Null";"1490";"1 dess. : plume et encre, lavis d'encre gris-vert ; 270 x 207 mm";"Null";"Null"
"http://data.bnf.fr/ark:/12148/cb31056068m";"Decisiones Parlamenti Delphinalis";"1490";"Gracianopoli";"E. Foret";"1490";"In-fol. (Thierry-Poux, 140.)";"Null";"Null"
"http://data.bnf.fr/ark:/12148/cb31069840c";"Defensorium canonisationis sancti Leopoldi. - [À la fin :] Finis relationis facte per reverendum patrem dominum Johannem Franciscum de Pavinis, de Padua, sacre theologie et juris utriusque doctorem...";"1490";"(Passau";"Null";"1490";"In-4° . (Hain, n  12536.)";"Null";"Null"
"http://data.bnf.fr/ark:/12148/cb31088602f";"Auli Persii Flacci poete Satirarum opus. - Fol. b. VIII r° : Auli Persii Flacci Satyrarum finis. - Fol. b. IX° : Vita Persii. - À la fin : Fol. b. IX° : Finit Vita Persii";"1490";"[Paris";"Antoine Caillaut";"1490";"18 ff. signés a8, b10";"Null";"Null"
"http://data.bnf.fr/ark:/12148/cb40592673j";"Le saint voiage et pelerinage de la cité saincte de hierusalem";"1490";"Null";"Null";"Null";"1 atlas, 29,5 x 20,7 cm, 171 fol. n. ch., sign. a-c, f-g, A-S, 7 vues dépliantes gravées sur bois";"Null";"Null"
"http://data.bnf.fr/ark:/12148/cb31094503r";"[Sonetti con canzoni di Francescho Petrarcha, con la interpretatione di Francescho Philelpho continuata da Girolamo Squarzafico";"1490";"Venetia";"Null";"1490";"In-fol. (Hain-Copinger, 12771 ; Fiske, p. 80-81";"Null";"Null"
"http://data.bnf.fr/ark:/12148/cb31095571g";"Commentaria Petri de Osoma in symbolum : Quicumque vult salvus esse. - À la fin : Commentaria magistri Petri de Osoma in symbolum : Quicumque vult salvus esse : finiunt feliciter. Impressaque Parisius per magistrum Petrum Levet";"1490";"Parisius";"Null";"1490";"In-4° . (Hain-Copinger, 12120.)";"Null";"Null"
"http://data.bnf.fr/ark:/12148/cb311011900";"Philippus de Vitriaco [Le Dit de Franc-Gontier]";"1490";"[Paris";"Guy Marchant]";"1490";"4 ff.";"Null";"http://gallica.bnf.fr/ark:/12148/bpt6k70594z"
"http://data.bnf.fr/ark:/12148/cb311072018";"De Miseria curialium [Aenee Silvii]";"1490";"[Paris]";"Antoine Caillaut";"1490";"Null";"Null";"Null"
"http://data.bnf.fr/ark:/12148/cb31107248x";"Aenee Silvii Picolominei Epistole in cardinalatu edite";"1490";"[Roma";"Stephan Planck";"1490";"Null";"Null";"Null"
"http://data.bnf.fr/ark:/12148/cb311089990";"Tractaculi duo metrici breves, quorum primus continet recommendationem seu defensionem mulierum contra viros seu mares [auctore Johanne Motis] secundus remedium virorum contra concubinas atque conjuges [auctore Petro de Corbolio.]";"1490";"(S. l.";"Null";"1490";"In-4° (Copinger, 4370.)";"Null";"Null"
"http://data.bnf.fr/ark:/12148/cb311193315";"Opuscula...";"1490";"Venetiis";"Null";"1490";"In-4°";"Null";"Null"
"http://data.bnf.fr/ark:/12148/cb311224627";"Plautinae viginti comoediae olim magna ex parte emendatae per Georgium Merulam, nunc recognitae per Eusebium Scutarium";"1490";"Mediolani";"Null";"1490";"In-fol. (Hain-Copinger, 13077.)";"Null";"Null"
"http://data.bnf.fr/ark:/12148/cb311236939";"[Caii Plinii Secundi Epistolae, cura Pomponii Laeti.]";"1490";"Romae";"Null";"1490";"In-fol. 4 . (Hain-Copinger, *13114.)";"Null";"Null"
"http://data.bnf.fr/ark:/12148/cb31132788z";"Liber de conjuratione Catilinae. Liber de bello Jugurthino";"1490";"Romae";"Null";"1490";"In-4°";"Null";"Null"
"http://data.bnf.fr/ark:/12148/cb31134848g";"Joannis Joviani Pontani de Fortitudine bellica";"1490";"Neapoli";"Null";"1490";"In-4° . (Hain-Copinger, 13256.)";"Null";"Null"
"http://data.bnf.fr/ark:/12148/cb311348594";"[Joannis Joviani Pontani De Obedientia";"1490";"Neapoli";"Null";"1490";"In-4° . (Hain-Copinger, *13257.)";"Null";"Null"
"http://data.bnf.fr/ark:/12148/cb311558097";"Opera Aurelii Prudentii Clementis";"1490";"Deventer";"R. Paffroet";"1490";"337 p.";"Null";"http://gallica.bnf.fr/ark:/12148/bpt6k71211v"
"http://data.bnf.fr/ark:/12148/cb311573456";"Ars conficiendi epistolas elegantissime tulliano more noviter in lucem redacta";"1490";"(Coloniae";"Null";"1490";"In-4° , 11 ff. non ch. (Voullième, 991.)";"Null";"Null"
"http://data.bnf.fr/ark:/12148/cb31157088n";"Claudii Ptolemaei Geographia. - De Locis ac mirabilibus mundi et primo de tribus orbis partibus [auctore N. Donis]";"1490";"Romae";"impensis P. de Turre";"1490";"In-fol.";"Null";"http://gallica.bnf.fr/ark:/12148/btv1b55007150j"
"http://data.bnf.fr/ark:/12148/cb31157352g";"Ars oratoria, Ars epistolandi, Suprascriptiones epistolarum, et Ars memorativa Jacobii Publicii Florentini. - À la fin : Erhardus Ratdolt... impressioni mirifice dedit M.CCCCXC, XIIJ. Kal. februarii...";"1490";"(Venetiis";"Null";"1490";"In-4° . (Hain, *13547.)";"Null";"Null"
"http://data.bnf.fr/ark:/12148/cb31172730g";"[Consilia Raphaelis Cumani seu de Raymundis de Cumis, necnon Raphaelis Fulgosii de Placentia, per Johannem Dominicum Patusium correcta.]";"1490";"Brixiae";"Null";"1490";"In-fol. (Pellechet, 4050.)";"Null";"Null"
"http://data.bnf.fr/ark:/12148/cb31182676q";"Raymundi Summa metrificata";"1490";"(Poitiers";"Null";"1490";"In-4° . (Claudin, Bibliographie des livres imprimés à Poitiers, n  LXXVI.)";"Null";"Null"
"http://data.bnf.fr/ark:/12148/cb31183539g";"Almansoris liber nonus cum expositione Sillani. - Fol. uro : Incipit nonus liber Almansoris, cum expositione ejusdem clarissimi doctoris Sillani de nigris de papia. - Fol. kzvo : Incipiunt recepte magistri Petri de Tussignano super nono Almansoris. - À la fin : Excellentissimi doctoris... Petri de Tussignano Recepte super nono Almansoris feliciter finiunt. Impresse Venetiis jussu et impensis nobilis viri Octaviani Scoti, civis modoetiensis, anno salutis MCCCCXC, decima die aprilis";"1490";"(Venetiis";"Null";"1490";"In-fol., sign. a-m, car. goth.";"Null";"Null"
"http://data.bnf.fr/ark:/12148/cb311875263";"Tabella sinus recti, per gradus et singula minuta divisa, ad tabulas directionum magistri Johannis de Regiomonte necessarias...";"1490";"Augsburg";"Erhard Ratdolt";"1490";"16 feuillets non ch., car. goth.";"Null";"Null"
"http://data.bnf.fr/ark:/12148/cb31192955s";"De moribus et facetis mense";"1490";"Basileae";"M. Furter";"1490";"20 ff. n. ch. à 36 ll";"Null";"http://gallica.bnf.fr/ark:/12148/bpt6k70228b"
"http://data.bnf.fr/ark:/12148/cb31237892v";"Libellus de regimine rusticorum, qui etiam valde utilis est curatis, capellanis, drossatis, schultetis ac aliis officiariis iisdem in utroque statu presidentibus [auctore W. Rolevinck]";"1490";"Impr. Lovanii";"in domo J. de Westfalia";"1490";"In-4° , sign. a-h, car. goth. (Polain, Belg., 3392.)";"Null";"Null"
"http://data.bnf.fr/ark:/12148/cb312378669";"Fasciculus temporum, omnes antiquorum cronicas complectens [auctore W. Rolevinck]";"1490";"(Strasbourg";"J. Prüss";"1490";"In-fol., 6 ff. non ch., 90 ff. ch., titres courants, fig. (Polain, Belg. 3362.)";"Null";"Null"
"http://data.bnf.fr/ark:/12148/cb312743452";"Marci Antonii Sabellici de Situ urbis Venetae. De Praetoris officio. De Latine linguae reparatione, seu de Viris illustribus";"1490";"(Venetiis";"Null";"1490";"In-4° . (Hain-Copinger, *14056.)";"Null";"Null"
"http://data.bnf.fr/ark:/12148/cb31288674n";"[Sallustii Opera, edente Pomponio Laeto.]";"1490";"Romae";"Null";"1490";"In-4° . (Hain-Copinger, *14217.)";"Null";"Null"
"http://data.bnf.fr/ark:/12148/cb31287641f";"Liber meditationum ac orationum devotarum, qui anthidotarius anime dicitur [N. Saliceto auctore]";"1490";"Anvers";"Null";"1490";"In-8° . (Hain, 14158.)";"Null";"Null"
"http://data.bnf.fr/ark:/12148/cb31288935k";"Lucan, Suetoine et Saluste en françois";"1490";"Paris";"Pierre Le Rouge pour Antoine Vérard";"1490";"CCI f.";"Null";"http://gallica.bnf.fr/ark:/12148/bpt6k1112671"
"http://data.bnf.fr/ark:/12148/cb423324908";"Cordiale de quatuor novissimis [a Gerardo de Vliederhoven]";"1490";"Genève";"[Louis Cruse,";"1490";"42 ff. signés a-d8, e10, caractères goth.";"Null";"Null"
"http://data.bnf.fr/ark:/12148/cb42470140d";"[Défet] Les faintises du monde qui resgne";"1490";"[Paris]";"[Antoine Caillaut]";"1490";"4 photogr.";"Null";"Null"
"http://data.bnf.fr/ark:/12148/cb42546496v";"Das Buch von dem Leben und Sitten der heydnischen Maister. Trad. Anton Sorg";"1490";"Augsburg";"Anton Sorg";"1490";"Sig a-v8, [ ]4";"Null";"Null"
"http://data.bnf.fr/ark:/12148/cb31367104m";"Almansoris liber nonus...";"1490";"(Venetiis";"Null";"1490";"In-fol.";"Null";"Null"
"http://data.bnf.fr/ark:/12148/cb31371265v";"La Historia delle cose facte dallo invictissimo duca Francesco Sforza, scripta in latino da Giovanni Simoneta et tradocta in lingua fiorentina da Christophoro Landino,...";"1490";"Milano";"Antonio Zarotto";"1490";"202 ff. signés";"Null";"Null"
"http://data.bnf.fr/ark:/12148/cb427145909";"Artis bene moriendi perutilis tractatus";"1490";"[Paris";"Philippe Pigouchet";"1490";"24 ff. signés a-c8";"Null";"Null"
"http://data.bnf.fr/ark:/12148/cb313966349";"[Statii Opera, cum commentariis Lactantii, F. Matarcatii et D. Calderini.]";"1490";"Venetiis";"apud J. de Paganinis";"1490";"In-fol. (Hain-Copinger, 14978.)";"Null";"Null"
"http://data.bnf.fr/ark:/12148/cb313966798";"[Statii Sylvarum libri V, cum D. Calderini commentario.]";"1490";"(Venetiis";"Null";"1490";"In-fol. (Copinger, 5607.)";"Null";"Null"
"http://data.bnf.fr/ark:/12148/cb31395707f";"[Malleus maleficarum Jacobi Sprengeri et Henrici Institoris.]";"1490";"(Argentorati";"J. Prüss";"1490";"In-fol. (Hain-Copinger, *9238.)";"Null";"Null"
"http://data.bnf.fr/ark:/12148/cb31419870z";"Hoc ex Suida libro graeco decerptum est : quod et judaïca perfidia agnoscit filium Dei esse Jesum Christum D. N.";"1490";"Venetiis";"Null";"1490";"[Format ?]";"Null";"Null"
"http://data.bnf.fr/ark:/12148/cb31441930p";"Varii articuli [in Anglia et] Parisius... condemnati et in quibus Magister in sententiis non tenetur";"1490";"(Coloniae.)";"Null";"1490";"In-4° . (Hain, *1877 ; Voullième, 175.)";"Null";"Null"
"http://data.bnf.fr/ark:/12148/cb314431559";"Belial en françois [compilé par Jacques de Anchorano et translaté de latin en françoys par Pierre Ferget]";"1490";"Lyon";"Jean Fabri";"1490";"Null";"Null";"Null"
"http://data.bnf.fr/ark:/12148/cb31461994b";"[Opuscula divi Thome Aquinatis, edita cura Antonii Pizamani, cum vita sancti Thome per eumdem scripta.]";"1490";"Venetiis";"impensa H. Liechtenstein";"1490";"In-4° . (Hain-Copinger, *1541 ; Pellechet, 1093 ; Polain, 3712.)";"Null";"Null"
"http://data.bnf.fr/ark:/12148/cb31462152f";"Boetii,... De Consolatione philosophie liber, cum optimo commento beati Thome";"1490";"In Daventria";"per J. de Breda";"1490";"In-4° . (Hain, 3381 ; Campbell, *312 ; Pellechet, 2527 ; Gesamtkatalog der Wiegendrucke, IV, 4546 ; Polain, 734.)";"Null";"Null"
"http://data.bnf.fr/ark:/12148/cb31462532x";"Acutissimi Thome de Argentina Scripta super quattuor libros Sententiarum [Petri Lombardi, cum Pallantis Spangel epistola dedicatoria]";"1490";"Argentinae";"M. Flach";"1490";"4 parties en 2 vol. in-fol. (Pellechet, 1164 ; Catalogue of books printed in the XVth century, now in the British Museum, I, p. 151 ; C. Schmidt, Répertoire bibliographique strasbourgeois, VII, p. 6.)";"Null";"Null"
"http://data.bnf.fr/ark:/12148/cb314813316";"Meditationes... Johannis de Turrecremata,... posite et depicte de ipsius mandato in ecclesie ambitu Sancte Marie de Minerva Rome";"1490";"(Romae,)";"per S. Planck";"1490";"In-fol., fig. (Hain, *15727.)";"Null";"Null"
"http://data.bnf.fr/ark:/12148/cb432304886";"Le Goum ! Mélodie arabe, paroles françaises de Théophile Gautier, musique de E. Reyer";"1490";"[S.l.]";"[s.n.]";"1490";"In-fol.";"Null";"Null"
"http://data.bnf.fr/ark:/12148/cb31482812j";"Almansoris Liber nonus cum expositione Sillani";"1490";"Venetiis";"Null";"1490";"In-fol. (Hain, *13896 ; Br. Mus., Books pr. XVth c., t. V, p. 438.)";"Null";"Null"
"http://data.bnf.fr/ark:/12148/cb314856550";"Incipit Clarificatorium Johannis de Tornamira super nono Almansoris, cum textu ipsius Rasis";"1490";"Null";"Null";"1490";"162 f.";"Null";"Null"
"http://data.bnf.fr/ark:/12148/cb31514725t";"Martirologium. [Ex sacro basiliensi concilio canonica regula quomodo divinum officium sit celebrandum. De Moderatione et concordia grammatice et musice.]";"1490";"Parisiis";"per G. Mercatoris";"1490";"In-8° . (Hain, 16112 ; Polain, 2631 ; Br. Mus., Books pr. XVth c., VIII, p. 58.)";"Null";"Null"
"http://data.bnf.fr/ark:/12148/cb315147265";"Lombardica historia quae a plerisque Aurea legenda sanctorum appellatur";"1490";"Coloniae Agrippinae";"Null";"1490";"In-fol. (Hain, 16111 ; Polain, 2202 ; Br. Mus., Books pr. XVth c., I, 229.)";"Null";"Null"
"http://data.bnf.fr/ark:/12148/cb31514727h";"Doctrinale clericorum";"1490";"In Lubeck";"Null";"1490";"In-4° . (Hain, 6318 ; Pellechet, 4389.)";"Null";"Null"
"http://data.bnf.fr/ark:/12148/cb31521524d";"[Liber] Philonii, quem Valescus de Tharantha,... composuit";"1490";"Lugduni";"per M. Husz";"1490";"In-fol. (Hain, *15251.)";"Null";"Null"
"http://data.bnf.fr/ark:/12148/cb315224293";"Laurentii Vallensis,... Antidoti in Pogium liber... primus [-quartus]... Laurentius [sic] Vallensis,... In Pogium florentinum libellus primus [-secundus. Editi a Fabritio Sacco]";"1490";"Senae";"per H. de Harleim";"1490";"In-fol. (Hain-Copinger-Reichling, 15825 ; Br. Mus., Books pr. XVth c., t. VII, p. 1101)";"Null";"Null"
"http://data.bnf.fr/ark:/12148/cb31522452m";"[Laurentii Vallensis,... Opus elegantiarum linguae latinae...]";"1490";"(Parisiis";"W. Hopyl";"1490";"In-fol., marque typogr.";"Null";"Null"
"http://data.bnf.fr/ark:/12148/cb31553080m";"Vita divi Antonii ad... Eugenium Papam quartum per Mapheum Vegium,...";"1490";"Daventrię";"(, per R. Paffraet)";"1490";"In-4° , figure gr. sur b. au titre. (Hain-Copinger, *15922 ; Polain, 3913 ; Br. Mus., Books pr. XVth c., IX, 53.)";"Null";"Null"
"http://data.bnf.fr/ark:/12148/cb31553028h";"Philalethes. - Maffei Vegii, Ad Eustathium prefatio";"1490";"(Basileae";"M. Furter";"1490";"In-4° , figure gr. sur b. coloriée. (Hain-Copinger, 15927 ; Br. Mus., Books pr. XVth c., III, 782.)";"Null";"Null"
"http://data.bnf.fr/ark:/12148/cb31565979k";"Comentum [sic] valde perutile magistri Johannis Versoris super Donatum minorem...";"1490";"Colonie";"per H. Quentel";"1490";"In-4° . (Hain, 16060 ; Voullième, 1237.)";"Null";"Null"
"http://data.bnf.fr/ark:/12148/cb31593525p";"Magistri Hyeronimi Vicecomitis Lamiarum sive striarum opusculum... [ab Alvisio de La Cruce editum.]";"1490";"Mediolani";"per Leonardum Pachel";"1490";"In-4° . (Copinger, II, 6200 ; Br. Mus., Books pr. XVth c., t. VI, p. 778.)";"Null";"Null"
"http://data.bnf.fr/ark:/12148/cb316069114";"Lombardica historia que a plerisque Aurea legenda sanctorum appellatur [quam collegit in unum frater Jacobus de Voragine]. Item Martyrologium Usuardi monachi ad Karolum Magnum";"1490";"Colonie Agrippine";"per J. Koelhoff";"1490";"In-fol. (Hain, 16111 ; Copinger, 6453 ; Brit. Mus., Books pr. XVth c., t. I, p. 229 ; Polain 2202 ; Goff, J-123.)";"Null";"Null"
"http://data.bnf.fr/ark:/12148/cb316069819";"Passionael [van Jacobus de Voragine] mitten Martyrologio [van Usuard]";"1490";"Zwolle";"P. Van Os";"1490";"2 tomes en 1 vol. in-fol. (Campbell, 1766 ; Copinger, 6519 ; Polain, 2221 ; Br. Mus., Books pr. XVth c., t. IX, p. 86 ; Goff, J-142.)";"Null";"Null"
"http://data.bnf.fr/ark:/12148/cb31606912g";"Lombardica historia que a plerisque Aurea legenda sanctorum appellatur [quam collegit in unum frater Jacobus de Voragine]. Item Martyrologium Usuardi monachi ad Karolum Magnum";"1490";"Colonie Agrippine";"per J. Koelhoff";"1490";"In-fol. (Voullième, 625.)";"Null";"Null"
"http://data.bnf.fr/ark:/12148/cb31606892p";"[Legendae sanctorum quas collegit in unum frater Jacobus Januensis,...]";"1490";"Basilee";"(, per M. Wenssler)";"1490";"In-4° . (Proctor, 7587 ; Copinger, 6455 ; Brit. Mus., Books pr. XVth c., t. III, p. 733 ; Indice generale degli incunaboli delle biblioteche d'Italia, 5027 ; Goff, J-125.)";"Null";"Null"
"http://data.bnf.fr/ark:/12148/cb44353305v";"Modus bene vivendi in christianam religionem";"1490";"Venezia";"B. Benagli et M. Capcasa";"1490";"Null";"Null";"Null"
"http://data.bnf.fr/ark:/12148/cb31678015z";"En Cyrurgie";"1490";"Lyon";"Null";"1490";"In-4°";"Null";"Null"
"http://data.bnf.fr/ark:/12148/cc348267";"Alphonse XI
        ,
        Libro de la monteria
        .";"1490";"Null";"Null";"Null";"257 feuillets précédés de cinq gardes  et suivis de trois gardes.";"Null";"http://gallica.bnf.fr/ark:/12148/btv1b8436402z"
"http://data.bnf.fr/ark:/12148/cc19984n";"Kitāb fī al-iṣṭilāḥāt";"1490";"Null";"Null";"Null";"205 feuillets";"Null";"Null"
"http://data.bnf.fr/ark:/12148/cb317206761";"Casus breves super Decretalibus et Clementinis";"1490";"[Lyon";"imprimeur de Guido, Casus longi (C 1488)";"1490";"signé a-h8, i12, k10, l-p8, q10";"Null";"Null"
"http://data.bnf.fr/ark:/12148/cb31720991r";"Livia Fausti";"1490";"Paris";"Guiot Marchant";"1490";"[153] p.";"Null";"http://gallica.bnf.fr/ark:/12148/bpt6k70232k"
"http://data.bnf.fr/ark:/12148/cb31723012v";"Compotus cum commento";"1490";"[Basel";"Lienhart Ysenhut";"1490";"40 ff. signés a-e8";"Null";"Null"
"http://data.bnf.fr/ark:/12148/cb317421489";"Legenda aurea";"1490";"Coloniae";"Null";"1490";"Null";"Null";"Null"
"http://data.bnf.fr/ark:/12148/cb31742111z";"[Meditationes]. F. n. ch. sign. a : Incipiunt meditationes beati augustini";"1490";"[Paris";"Philippe Pigouchet";"1490";"[16] ff. signés a-b8, le dernier blanc";"Null";"Null"
"http://data.bnf.fr/ark:/12148/cb317911123";"In sapientissimi principis Ludovici Mauri Laudes oratio in scholis papienses habita. III cal. Decembres 1490";"1490";"[Milano]";"[Leonhard Pachel]";"1490";"4 ff. non ch. à 36 ll., sig. 8, car. rom.";"Null";"Null"
"http://data.bnf.fr/ark:/12148/cb318386661";"Biblia pauperum a domino Bonaventura edita, omnibus predicatoribus perutilis";"1490";"(Argentinae, J. Prüss)";"Null";"1490";"Null";"Null";"Null"
"http://data.bnf.fr/ark:/12148/cb31918122s";"Sermone e tractato contra li deffecti de molti che hanno apparientia de Spirituali sive Disciplina degli Spirituali. (In fine) Impressum mediolani per Magistrum Leonardum Pachel Anno domini MCCCCXC di XXVI mensis Aprilis. In-4°";"1490";"[Milan]";"Null";"1490";"Null";"Null";"Null"
"http://data.bnf.fr/ark:/12148/cb32025840q";"Questiones super libras sententiarum";"1490";"Argentinae";"Null";"1490";"Null";"Null";"Null"
"http://data.bnf.fr/ark:/12148/cb32086761w";"Grecismus";"1490";"(Lyon, l'imprimeur des Casus longi";"Null";"1490";"Null";"Null";"Null"
"http://data.bnf.fr/ark:/12148/cb32233761g";"Lombardica historia que a plerisque Aurea legenda sanctorum appellatur [quam collegit in unum frater Jacobus de Voragine]. Item Martyrologium Usuardi monachi ad Karolum Magnum";"1490";"Colonie Agrippine, per J. Koelhoff";"Null";"1490";"Null";"Null";"Null"
"http://data.bnf.fr/ark:/12148/cb322337604";"Legenda aurea";"1490";"Coloniae";"Null";"1490";"Null";"Null";"Null"
"http://data.bnf.fr/ark:/12148/cb32486201b";"De Lepra morali Johannis Nyder. - (A la fin :)... Johannis Nyder//... tractatus de Lepra morali...//... feliciter finit. Impressusque Parisius per Johannem Bonhomme, anno//Domini M° CCCC° LXXXX°, die XXX mensis julii";"1490";"Paris";"Null";"1490";"Null";"Null";"Null"
"http://data.bnf.fr/ark:/12148/cb325240168";"Sphœricum opusculum...";"1490";"Venetiis";"Null";"1490";"Null";"Null";"Null"
"http://data.bnf.fr/ark:/12148/cb32667545z";"Comentum [sic] valde perutile... super donatum minorem cum";"1490";"Colonie, impressum per Henricum Quentel";"Null";"1490";"Null";"Null";"Null"
"http://data.bnf.fr/ark:/12148/cb33246989g";"The trayttye abredged of the arte to lerne well to deye. Trad. William Caxton";"1490";"[Westminster";"William Caxton";"1490";"13 f.";"Null";"Null"
"http://data.bnf.fr/ark:/12148/cb332602645";"Pentateuchus, Hebraice, cum Targum, seu paraphrasi chaldaica, absque punctis, quae manu eddita sunt, et cum commentariis R. Salomonis Jarchi";"1490";"[S. l. ?]";"Null";"1490";"In-fol.";"Null";"Null"
"http://data.bnf.fr/ark:/12148/cb334232036";"L'Hôpital d'amours";"1490";"[Lyon";"Gaspar Ortuin";"1490";"[34] ff. signés a-d";"Null";"http://gallica.bnf.fr/ark:/12148/bpt6k72069v"
"http://data.bnf.fr/ark:/12148/cb33484347k";"Le messaigier damours";"1490";"[Paris ?";"Pierre Le Dru ?";"1490";"[16] ff. signés a-b8";"Null";"http://gallica.bnf.fr/ark:/12148/bpt6k1106309"
"http://data.bnf.fr/ark:/12148/cb33528147x";"Pathelin le grant et le petit";"1490";"Paris";"Germain Bineaut";"1490";"[36] ff. signés a-c8, d-f6";"Null";"http://gallica.bnf.fr/ark:/12148/bpt6k71045m"
"http://data.bnf.fr/ark:/12148/cb33538338q";"La belle Maguelonne";"1490";"Lyon";"Guillaume le roy";"1490";"35 ff. non chiffrés, sign. a-eiiji";"Null";"http://gallica.bnf.fr/ark:/12148/bpt6k70535f"
"http://data.bnf.fr/ark:/12148/cb33591324k";"Historia de calumnia novercalis";"1490";"Antwerpiae";"per Gerardum Leeu";"1490";"In-4";"Null";"Null"
"http://data.bnf.fr/ark:/12148/cb33627783c";"Tractatus de arte bene vivendi beneque moriendi";"1490";"Paris";"Guy Marchant";"1490";"32 ff. signés A-D8";"Null";"Null"
"http://data.bnf.fr/ark:/12148/cb33627753f";"(Fol 1 recto titre :) Tractatuli duo metria [sic] breves quorum pri//mus continet recommendationem seu defensio//nem mulierum contra viros seu mares. // Secundus remedium virorum contra // Concubinas atque coniuges et cetera. [auctore Petro de Corbolio]// (Fol. 1 verso :) Innectiuacetus femini contra mares edita // per magistrum Johannem Motis neopolitanemsem. Sancte // sedis apostolice secretarium.// - (Fol. 4 verso.) Remedium contra concubinas et coniuges per modum // abbreuiatoris libri matheoli a petro de Corbo//lio Archidiacono Senonensi et eius socijs com//pilatum feliciter incipit. Et primo Oliuir loquitur. // (Fol. 8 verso :) Pulera meretrix in prostibulo // In aulis dominorum adolator Amen//";"1490";"(S.l.)";"Null";"1490";"In-4° de 8 feuillets non chiffrés. Sans signatures ni réclames. Caractères gothiques 34 vers à la page";"Null";"Null"
"http://data.bnf.fr/ark:/12148/cb33646811z";"In hoc codice continentur : Caius Suetonius Tranquillus de XII Caesaribus, Aelius Spartianus, Julius Capitolinus, Aelius Lampridius [, Vulcatius Gallicanus], Trevellius Pollio, Flavius Vopiscus, Eutropius et Paulus Diaconus de Regum ac imperatorum vita";"1490";"Venezia";"Giovanni Rosso";"1490";"2 parties, fol., caractères romains, longues lignes";"Null";"Null"
"http://data.bnf.fr/ark:/12148/cb337155312";"(Arrêt du parlement qui condamne Collin Vannier, Guillaume Therdet et Anne Goujon, parcheminiers, à porter au lieu de S. Mathurin les parchemins qu'ils ont achetés en Normandie et ailleurs, pour être visités par les jurés parcheminiers de l'Université de Paris, et les droits du recteur payés.)";"1490";"(S. l. n. d.)";"Null";"1490";"4°";"Null";"Null"
"http://data.bnf.fr/ark:/12148/cb33754574x";"(Maximiliaen. Ordinantie van den munten.)";"1490";"Antwerpen";"G. Leeu";"1490";"In-4°";"Null";"Null"
"http://data.bnf.fr/ark:/12148/cb337545758";"(Maximiliaen : Ordinancie van den Munten.)";"1490";"(Antwerpen";"M. Goes";"1490";"In-4°";"Null";"Null"
"http://data.bnf.fr/ark:/12148/cb33773964w";"Statuta synodalia Attrebatensia. (Titre de départ sur le fol. A1 :) Incipiunt constitutiones synodales episcopatus Attrebatensis. - (A la fin, fol. 1 du cahier complémentaire :) Sequuntur quedam instructiones pro curatis seu curam animarum habentibus";"1490";"(S. l. n. d.)";"Null";"1490";"In-4° de 62 feuillets. Cahiers signés A-H et a. Caractères gothiques. 30 lignes à la page";"Null";"Null"
"http://data.bnf.fr/ark:/12148/cb33810320t";"(Ordonnance du Roi sur l'administration de la justice dans le pays de Languedoc.)";"1490";"(S. l. n. d.)";"Null";"1490";"In-8°, 95 p.";"Null";"Null"
"http://data.bnf.fr/ark:/12148/cb33810319m";"Lettres de déclaration en faveur de Pierre Jouvelin, conseiller-correcteur ordinaire (en la Chambre des comptes de Paris), pour pouvoir exercer, conjointement ou séparément, ledit office de correcteur avec Jean François";"1490";"(S. l. n. d.)";"Null";"1490";"In-4°, 4 p.";"Null";"Null"
"http://data.bnf.fr/ark:/12148/cb34051654s";"Incipit secundus liber dialogorum beati Gregorii pape de vita et miraculis beati patris nostri Benedicti. (A la fin) Explicit... anno domini M. CCCC. LXXXX die XVII mensis februarii. Impressum Venetiis per Bernardinum Benalium...";"1490";"Venezia";"Bernardino Benagli";"1490";"[56] ff. signés A-G8";"Null";"Null"
"http://data.bnf.fr/ark:/12148/cb352555001";"Amtliche Sammlung der Acten aus der Zeit der Helvetischen Republik (1798-1803) 9";"1490";"Bern";"Bundesarchiv";"1490";"Null";"Null";"Null"
"http://data.bnf.fr/ark:/12148/cb35284795g";"Liber de eo quod nemo læditur ab alio nisi a semetipso fuerit læsus";"1490";"Paris";"Guy Marchant";"1490";"[16] f., sign. a-b⁸";"Null";"Null"
"http://data.bnf.fr/ark:/12148/cb352851089";"Epistolae heroides";"1490";"[Paris";"Pierre Levet";"1490";"[104] f., sign. a-n⁸, car. goth., à longues lignes, marque de Pierre Levet au titre";"Null";"Null"
"http://data.bnf.fr/ark:/12148/cb35951080c";"Biblia";"1490";"Null";"Null";"1490";"[520] f.";"Null";"Null"
"http://data.bnf.fr/ark:/12148/cb359511245";"Biblia vulgare istoriata";"1490";"Null";"Null";"Null";"2 parties";"Null";"Null"
"http://data.bnf.fr/ark:/12148/cb35951173c";"[Sans titre]";"1490";"Null";"Null";"Null";"[266] f.";"Null";"Null"
"http://data.bnf.fr/ark:/12148/cb36043866w";"Liber Theicrisi dahalmodana vahaltadabir, editus in arabico ab Abumeron";"1490";"Venetiis";"per J. et G. de Gregoriis";"1490";"40-63 f.";"Null";"Null"
"http://data.bnf.fr/ark:/12148/cb36043952g";"Concordantia astronomie cum théologia...";"1490";"Auguste Vindelicorum";"E. Ratdolt";"1490";"Non paginé";"Null";"Null"
