id;title;date;place;publisher;firstyear;description;subject;gallica
"http://data.bnf.fr/ark:/12148/cb367455015";"Fondation de la chapelle royale du Louvre. (Février 1310.)";"1310";"(S. l. n. d.)";"Null";"1310";"In-fol.";"Null";"Null"
"http://data.bnf.fr/ark:/12148/cc30243b";"Al-Mağmūʿa al-Rašīdiyya";"1310";"Null";"Null";"Null";"375 feuillets.";"Null";"Null"
"http://data.bnf.fr/ark:/12148/cc90905t";"六祖大師法寶壇經";"1310";"Null";"Null";"Null";"Null";"Null";"Null"
"http://data.bnf.fr/ark:/12148/cb338024164";"Attendāt universi p̄lati clerici ac xp̄ifideles religiosi necnō se//culares p̄ moguntinā civitatē diocesim ac p̄uinciā p̄ totamqz // germaniā @stituti in p̄nti libello sub certis et @suetis titulis // ordinatas @stitutōes p̄uinciales";"1310";"(S. l. n. d.)";"Null";"1310";"In-fol.";"Null";"Null"
