id;title;date;place;publisher;firstyear;description;subject;gallica
"http://data.bnf.fr/ark:/12148/cb384952254";"[Illustrations de Compost et kalendrier des bergers.]";"1457";"Paris et Genève";"Jean Belot";"1457";"70 est. : gravures sur bois : n. et b.  ; 23,2 X 31,5 cm et moins";"http://data.bnf.fr/ark:/12148/cb11934798x";"http://gallica.bnf.fr/ark:/12148/btv1b21000285"
"http://data.bnf.fr/ark:/12148/cb406745934";"Portulans";"1457";"[S.l.]";"[s.n.]";"1457";"Null";"Null";"Null"
"http://data.bnf.fr/ark:/12148/cb40698663v";"Portulans";"1457";"[S.l.]";"[s.n.]";"1457";"Null";"Null";"Null"
"http://data.bnf.fr/ark:/12148/cc76853";"Lévi ben Gerson. Commentaire sur la Torah (Lévitique-Deutéronome)";"1457";"Null";"Null";"Null";"Null";"Null";"http://gallica.bnf.fr/ark:/12148/btv1b10540848j"
"http://data.bnf.fr/ark:/12148/cb33715509w";"(Arrêt de parlement portant règlement pour l'élection des gardes de l'orfèvrerie.)";"1457";"(S. l. n. d.)";"Null";"1457";"4°";"Null";"Null"
"http://data.bnf.fr/ark:/12148/cb338102316";"Ordonnance portant pouvoir aux baillifs et sénéchaux des pays de Champagne, Brie, Normandie et autres, de recevoir les foy et hommages des vassaux possédans terres et seigneuries valant 50 livres de revenu par chacun an et au-dessous ; et aux lieutenans généraux sur le fait de la guerre, ou au bureau de la Chambre des comptes à la personne du président en icelle, ceux de 50 livres et au-dessus, jusqu'à 100 livres tournois ; et ce pendant 3 années consécutives à compter de la datte des présentes";"1457";"(S. l. n. d.)";"Null";"1457";"In-4°, 3 p.";"Null";"Null"
"http://data.bnf.fr/ark:/12148/cb359511961";"[Psalterium cum canticis :] Psalmorum codex. - [Hymni.]";"1457";"Null";"Null";"Null";"[175] f.";"Null";"Null"
