id;title;date;place;publisher;firstyear;description;subject;gallica
"http://data.bnf.fr/ark:/12148/cb36702164d";"Egenin dibi";"196";"İstanbul";"Yeditepe yay.";"Null";"77 p.";"Null";"Null"
"http://data.bnf.fr/ark:/12148/cb36706457x";"Notes de voyage d'Afrique portugaise";"196";"Lisboa";"Ed. das Semanas de estudos doutrinários";"Null";"59 p.-[8] p. de pl.";"http://data.bnf.fr/ark:/12148/cb119596539";"Null"
"http://data.bnf.fr/ark:/12148/cb369715344";"Bio-bibliographie de Victor Hugo de 1802 à 1825";"196";"New-York";"B. Franklin";"Null";"XIV-240 p.";"http://data.bnf.fr/ark:/12148/cb133183242";"Null"
"http://data.bnf.fr/ark:/12148/cb37012453q";"Teoria de la sensibilitat";"196";"Barcelona";"Ed. 62";"Null";"vol.";"Null";"Null"
"http://data.bnf.fr/ark:/12148/cb370480781";"Berlim entre duas Alemanhas";"196";"[Rio de Janeiro]";"Leitura";"Null";"132 p.";"http://data.bnf.fr/ark:/12148/cb11934736c";"Null"
"http://data.bnf.fr/ark:/12148/cb37049289g";"Excursões escolares e visitas de estudo...";"196";"[Portugal]";"[s.n.]";"Null";"61 p.";"http://data.bnf.fr/ark:/12148/cb119509878";"Null"
"http://data.bnf.fr/ark:/12148/cb37109210j";"İmam-ı Alî Buyruğu : Nahc-Al Balâga";"196";"Ankara";"Emek basımevi";"Null";"252 p.";"Null";"Null"
"http://data.bnf.fr/ark:/12148/cb371227308";"Catalogue...";"196";"Paris";"Goujon frères";"Null";"26 p.";"http://data.bnf.fr/ark:/12148/cb11975664d";"Null"
"http://data.bnf.fr/ark:/12148/cb37208392x";"Hôn em ky̕ niệm : truyện";"196";"Los Alamitos (Calif.)";"Xuân Thu";"Null";"282 p.";"Null";"Null"
"http://data.bnf.fr/ark:/12148/cb37224527g";"Paris mortel";"196";"[S.l.]";"[s.n.]";"Null";"Non paginé";"http://data.bnf.fr/ark:/12148/cb11932931q";"Null"
"http://data.bnf.fr/ark:/12148/cb373309646";"Contributo alla storia degli studi classici e del mondo antico";"196";"Roma";"Ed. di storia e letteratura";"Null";"Null";"Null";"Null"
"http://data.bnf.fr/ark:/12148/cb37335916j";"Psyché";"196";"Paris";"Gallimard";"Null";"3 vol.";"Null";"Null"
"http://data.bnf.fr/ark:/12148/cb37339392z";"Histoire de la spiritualité chrétienne";"196";"Paris";"Aubier";"Null";"Null";"Null";"Null"
"http://data.bnf.fr/ark:/12148/cb373441943";"Die antiken Sarkophag-Reliefs";"196";"Roma";"L'Erma di Bretschneider";"Null";"vol.";"Null";"Null"
"http://data.bnf.fr/ark:/12148/cb37342994t";"Megálī hellīnikī̀ e̓gkyklopaideía : symplī́rōma";"196";"̓Athī̂nai";"̓Ekd. o̓rg. ho Foînix";"Null";"4 vol.";"Null";"Null"
"http://data.bnf.fr/ark:/12148/cb37348535n";"Signets";"196";"Ottawa (Ont.)";"Cercle du livre de France";"Null";"vol.";"Null";"Null"
"http://data.bnf.fr/ark:/12148/cb37404673v";"The cocaine papers";"196";"[USA]";"Afghani oil press";"Null";"64 p.";"http://data.bnf.fr/ark:/12148/cb11967516j";"Null"
"http://data.bnf.fr/ark:/12148/cb374343295";"Le plateau continental des états riverains de la mer du nord et le droit international";"196";"Lyon";"Université de Lyon, Faculté de droit et des sciences économiques";"Null";"183-XIX p.";"http://data.bnf.fr/ark:/12148/cb12651474d";"Null"
"http://data.bnf.fr/ark:/12148/cb37473994v";"Introduction to the study of the Foraminifera";"196";"[Forestburgh (N.Y.)]. - Alexandria (Va.)";"Lubrecht and Cramer. - The McLean paleontological laboratory";"Null";"XXII-319 p.-XXII p. de pl. avec texte en regard";"http://data.bnf.fr/ark:/12148/cb11931432f";"Null"
"http://data.bnf.fr/ark:/12148/cb37482883w";"The history and religion of the Samaritans";"196";"Jerusalem";"Greek convent press";"Null";"37 p.";"http://data.bnf.fr/ark:/12148/cb119517064";"Null"
"http://data.bnf.fr/ark:/12148/cb374860035";"The Zohar : five volumes";"196";"London";"Soncino Press";"Null";"5 vol.";"Null";"Null"
"http://data.bnf.fr/ark:/12148/cb375007693";"Al-luġaẗ al-ʿarabiyyaẗ : maʿnāhā wa mabnāhā";"196";"Al-Dār al-Bayḍāʼ";"Dār al-T̲aqāfaẗ";"Null";"373 p.";"http://data.bnf.fr/ark:/12148/cb11943990p";"Null"
"http://data.bnf.fr/ark:/12148/cb375154868";"Corpus processing for lexical acquisition";"196";"Cambridge (Mass.). - London";"MIT press";"Null";"XI-245 p.";"http://data.bnf.fr/ark:/12148/cb119912564";"Null"
"http://data.bnf.fr/ark:/12148/cb37520538p";"Muḥaḍarāt al-udabāʼ wa muḥāwarāt al-šuʿarāʼ al-bulaġāʼ";"196";"Bayrūt";"Manšūrāt Dār al-Ḥayāt";"Null";"2 vol. (730 p., 727 p.)";"http://data.bnf.fr/ark:/12148/cb11976144n";"Null"
"http://data.bnf.fr/ark:/12148/cb37526982q";"Asās al-balāġaẗ";"196";"Bayrūt";"Dār al-Maʿarifaẗ";"Null";"514 p.";"http://data.bnf.fr/ark:/12148/cb12042781h";"Null"
"http://data.bnf.fr/ark:/12148/cb375268290";"Al-kāmil fi al-luġaẗ wa-l-adab";"196";"Bayrūt";"Dār al-Maʿārif";"Null";"2 t. en 1 vol. (423 p.-400 p.)";"http://data.bnf.fr/ark:/12148/cb11976232x";"Null"
"http://data.bnf.fr/ark:/12148/cb375268170";"Al-Muh̲aṣṣaṣ";"196";"Bayrūt";"Dār Iḥyāʼ al-turāt̲ al-ʿarabī";"Null";"5 vol.";"http://data.bnf.fr/ark:/12148/cb11931877h";"Null"
"http://data.bnf.fr/ark:/12148/cb375546972";"Dīwān";"196";"Bayrūt";"Dār Ṣādir";"Null";"156 p.";"Null";"Null"
"http://data.bnf.fr/ark:/12148/cb37557711h";"Āẖir al-dunyā";"196";"Bayrūt";"Dār al-ʿAwdaẗ";"Null";"1 vol. (168 p.)";"Null";"Null"
"http://data.bnf.fr/ark:/12148/cb375657326";"Dīwān";"196";"Bayrūt";"Dār Ṣādir";"Null";"185 p.";"Null";"Null"
"http://data.bnf.fr/ark:/12148/cb37626684r";"Việt Nam thi nhân tiêǹ chiêń";"196";"Paris";"Institut de l'Asie du Sud-Est";"Null";"6 vol.";"http://data.bnf.fr/ark:/12148/cb11975721d";"Null"
"http://data.bnf.fr/ark:/12148/cb376505521";" Je tourne la tête de tous les côtés... : [maquette]";"196";"[46-Saint-Martin-le-Redon]";"[A. Staritsky]";"Null";"l f.";"Null";"Null"
"http://data.bnf.fr/ark:/12148/cb376514431";" Il y a des jours qui s'ennuient... : [maquette]";"196";"[46-Saint-Martin-le-Redon]";"[A. Staritsky]";"Null";"1 f.";"Null";"Null"
"http://data.bnf.fr/ark:/12148/cb37670137f";"Palmiro Togliatti";"196";"Torino";"UTET";"Null";"XV-638 p.";"http://data.bnf.fr/ark:/12148/cb11975995h";"Null"
"http://data.bnf.fr/ark:/12148/cb376829705";"Phèdre : tragédie en cinq actes, en vers de Jean Racine, représentée pour la première fois à l'Hôtel de Bourgogne le 1er janvier 1677 et pour la première représentation des troupes réunies des Comédiens du roi à l'Hôtel Guénégaud le 25 août 1680";"196";"Paris";"Comédie française";"Null";"40 p.";"Null";"Null"
"http://data.bnf.fr/ark:/12148/cb37685720s";"Achille Chavée";"196";"Paris. - Bruxelles";"L'Audiothèque";"Null";"15 p.";"Null";"Null"
"http://data.bnf.fr/ark:/12148/cb377489494";"Légendaire de l'Ariège : écrits et récits du terroir";"196";"Verniolle (Ariège)";"Ed. de l'auteur";"Null";"III-95 p.";"http://data.bnf.fr/ark:/12148/cb119343515";"Null"
"http://data.bnf.fr/ark:/12148/cb37749241p";"Diverses utilisations du magnétophone dans l'enseignement : rapport de synthèse des différentes réponses reçues par le Service des moyens sonores à l'occasion de l'enquête menée par l'intermédiaire des CRDP sur l'utilisation du magnétophone dans l'enseignement";"196";"[Paris]";"[Institut pédagogique national], Service des moyens sonores";"Null";"64 p.";"http://data.bnf.fr/ark:/12148/cb11978782b";"Null"
"http://data.bnf.fr/ark:/12148/cb39180253k";"[Recueil. Brochures touristiques]";"196";"México";"Litográfica Turmex SA";"Null";"5 brochures non paginées";"http://data.bnf.fr/ark:/12148/cb119758132";"Null"
"http://data.bnf.fr/ark:/12148/cb39688940z";"Orgelsonate : Trio";"196";"Kassel. - Basel";"Bärenreiter";"Null";"24 p. : 24 x 32 cm";"http://data.bnf.fr/ark:/12148/cb12335091x";"Null"
"http://data.bnf.fr/ark:/12148/cb39689851k";"Nuevo album de danzas puertorriqueñas : diez de las mas bellas danzas";"196";"Santurce. - San Juan. - [196.?]";"Giusti distributing porcoration";"Null";"29 p. : couv. orn.  ; 31 cm";"http://data.bnf.fr/ark:/12148/cb11975995h";"Null"
"http://data.bnf.fr/ark:/12148/cb39692443c";"Tombeau de Claude Debussy";"196";"Null";"Null";"Null";"20 p. : 36 cm";"http://data.bnf.fr/ark:/12148/cb11975995h";"Null"
"http://data.bnf.fr/ark:/12148/cb39714189v";"Sonate G-Dur für Orgel : op. 28";"196";"Wiesbaden";"Breitkopf & Härtel";"Null";"33 p. : 31 cm";"http://data.bnf.fr/ark:/12148/cb11975999w";"Null"
"http://data.bnf.fr/ark:/12148/cb39713991c";"Drei Orgelstücke";"196";"Berlin";"Merseburger";"Null";"24 p. : 24 x 32 cm";"http://data.bnf.fr/ark:/12148/cb123006834";"Null"
"http://data.bnf.fr/ark:/12148/cb39714509g";"Berceuse pour orgue";"196";"[S.l.]";"[s.n.]";"Null";"7 p. : 35 cm";"http://data.bnf.fr/ark:/12148/cb14620626h";"Null"
"http://data.bnf.fr/ark:/12148/cb397145309";"Die Meistersinger : Vorspiel";"196";"[S.l.]";"[s.n.]";"Null";"1 partition (23 p.) : 36 cm";"http://data.bnf.fr/ark:/12148/cb11976227b";"Null"
"http://data.bnf.fr/ark:/12148/cb39713989t";"Liturgische Sonate : für Orgel";"196";"Regensburg";"F. Pustet";"Null";"12 p. : 23 x 32 cm";"http://data.bnf.fr/ark:/12148/cb13319434w";"Null"
"http://data.bnf.fr/ark:/12148/cb397472137";"[Hans Van Manen]";"196";"Null";"Null";"Null";"1 photogr. pos. : 20 x 29,5 cm";"http://data.bnf.fr/ark:/12148/cb11932843f";"Null"
"http://data.bnf.fr/ark:/12148/cb39747214k";"[Hans Van Manen]";"196";"Null";"Null";"Null";"1 photogr. pos. : 20 x 29,5 cm";"http://data.bnf.fr/ark:/12148/cb11932843f";"Null"
"http://data.bnf.fr/ark:/12148/cb39747215x";"[Hans Van Manen]";"196";"Null";"Null";"Null";"1 photogr. pos. : 30 x 19,5 cm";"http://data.bnf.fr/ark:/12148/cb11932843f";"Null"
"http://data.bnf.fr/ark:/12148/cb397472168";"[Hans Van Manen]";"196";"Null";"Null";"Null";"1 photogr. pos. : 19,5 x 29,5 cm";"http://data.bnf.fr/ark:/12148/cb11932843f";"Null"
"http://data.bnf.fr/ark:/12148/cb397473841";"Rudolf Noureev";"196";"Null";"Null";"Null";"1 photogr. pos. : 27,5 x 17,5 cm";"http://data.bnf.fr/ark:/12148/cb11932843f";"Null"
"http://data.bnf.fr/ark:/12148/cb39747483z";"[Rudolf Noureev]";"196";"Null";"Null";"Null";"1 photogr. pos. : 27 x 21 cm";"http://data.bnf.fr/ark:/12148/cb11932843f";"Null"
"http://data.bnf.fr/ark:/12148/cb39747328j";"[Margot Fonteyn et Rudolf Noureev dansant dans un restaurant]";"196";"Null";"Null";"Null";"1 photogr. pos. : 18 x 24 cm";"http://data.bnf.fr/ark:/12148/cb11932843f";"Null"
"http://data.bnf.fr/ark:/12148/cb39752837w";"Musique pour orgue : recueil d'extraits thématiques d'oeuvres pour l'orgue";"196";"Paris";"A. Leduc";"Null";"[238] p. : ill.  ; 17 p.";"http://data.bnf.fr/ark:/12148/cb13319434w";"Null"
"http://data.bnf.fr/ark:/12148/cb397528267";"Recueil d'antiennes psalmiques selon les modes grégoriens";"196";"[S.l.]";"[s.d.]";"Null";"41 p. : 14 x 21 cm";"http://data.bnf.fr/ark:/12148/cb11975995h";"Null"
"http://data.bnf.fr/ark:/12148/cb39752900t";"Kleine Sommerkantate : für dreistimmigen Jugendchor und zwei Geigen";"196";"Altötting";"A. Coppenrath";"Null";"1 partition (7 p.) : 15 x 21 cm";"http://data.bnf.fr/ark:/12148/cb146272817";"Null"
"http://data.bnf.fr/ark:/12148/cb39752902h";"Mutterlob : kleine Kantate zum Muttertag";"196";"Altötting";"A. Coppenrath";"Null";"1 partition (7 p.) : 15 x 21 cm";"http://data.bnf.fr/ark:/12148/cb11975995h";"Null"
"http://data.bnf.fr/ark:/12148/cb397529015";"Im Märzen der Bauer... : kleine Frühlingskantate";"196";"Altötting";"A. Coppenrath";"Null";"1 partition (7 p.) : 15 x 21 cm";"http://data.bnf.fr/ark:/12148/cb119329384";"Null"
"http://data.bnf.fr/ark:/12148/cb39772766m";"For me-formidable";"196";"Munich";"Beta Film";"Null";"N. ch.";"Null";"Null"
"http://data.bnf.fr/ark:/12148/cb39773429t";"Yvette Chauviré : plaquette souvenir...";"196";"Paris";"Ed. Star";"Null";"N. ch.";"Null";"Null"
"http://data.bnf.fr/ark:/12148/cb397727658";"Françoise et Udo";"196";"Munich";"Beta Film";"Null";"N. ch.";"Null";"Null"
"http://data.bnf.fr/ark:/12148/cb39773419h";"Maisons de la culture et développement culturel : T.E.P.";"196";"Paris";"Ministère des Affaires culturelles";"Null";"VII-88 p.";"Null";"Null"
"http://data.bnf.fr/ark:/12148/cb39777909j";"Paolo Giacometti, Adelaide Ristori : diritto d'autore, diritto d'attrice";"196";"Novi Ligure";"Gazzuolo, Assessorato alla cultura";"Null";"64 p.";"Null";"Null"
"http://data.bnf.fr/ark:/12148/cb398213176";"Lettre de Lily Pastré à Marie Louise Boellmann, 4 juin (196.?)";"196";"Null";"Null";"Null";"2 f.";"Null";"Null"
"http://data.bnf.fr/ark:/12148/cb40999864h";"Chú Tư Cầu : trường giang tiểu thuyết";"196";"Los Alamitos (Calif.)";"Xuân Thu";"Null";"2 vol. (907 p.)";"Null";"Null"
"http://data.bnf.fr/ark:/12148/cb41037612k";"Hī pápissa 'Iōánna";"196";"̓Athî̄nai";"Pápyros préss";"Null";"1 vol. (202 p.)";"http://data.bnf.fr/ark:/12148/cb11944772f";"Null"
"http://data.bnf.fr/ark:/12148/cb42383291b";"La civilisation minoenne";"196";"Heraklion (Crète)";"V. Kouvidis";"Null";"1 vol. (134 p.-29 p. de pl.)";"http://data.bnf.fr/ark:/12148/cb11934001s";"Null"
"http://data.bnf.fr/ark:/12148/cb43072206f";"Vospominaniâ o V.G.Zaharove. [Sostaviteli P.M.Kazʹmin i V.V.Hvatov. Vstupitelʹnaâ statʹâ i redakciâ T.N.Livanovoj]";"196";"Москва";"Музыка";"Null";"In-16, 271 p., pl., portr., facsim., couv. ill.";"Null";"Null"
"http://data.bnf.fr/ark:/12148/cb43193402f";"Muzykalʹnoe nasledstvo. Sborniki po istorii muzykalʹnoj kulʹtury CCCP. [Redakcionnaâ kollegiâ : M.P.Alekseev, G.B.Bernandt, L.V.Danilevič, V.A.Kiselev, M.S.Pekelis.]. II, 1. Redaktory : G.B.Bernandt, L.V.Danilevič, V.A.Kiselev, M.C.Pekelis";"196";"Москва";"Государственное музыкальное издательство. - [puis : Музыка]";"Null";"In-4°, 300 p., ill., pl., portr., fac-sim., musique";"Null";"Null"
"http://data.bnf.fr/ark:/12148/cb43269162g";"Ça ira. 50 Chansons, Chants, Couplets und Vaudevilles aus der französischen Revolution 1789-1795, herausgegeben und übertragen von Gerd Semmer. [A 1 v.]";"196";"Berlin";"Rütten und Loening";"Null";"In-8°, 257-47 p., titre et couv. ill. en coul., fac-sim.";"Null";"Null"
"http://data.bnf.fr/ark:/12148/cb33010311g";"Agriculture 1er octobre 1968";"196";"Paris";"Journaux officiels";"Null";"In-8° (21 cm), 2 vol. XIII-1077 p. 25 F. [D. L. 18089-18090-68]";"Null";"Null"
"http://data.bnf.fr/ark:/12148/cb342541534";"An information report M";"196";"Washington";"Government printing office";"Null";"Null";"Null";"Null"
"http://data.bnf.fr/ark:/12148/cb342659900";"Pamphlets on American writers";"196";"Minneapolis";"University of Minnesota press";"Null";"Null";"Null";"Null"
"http://data.bnf.fr/ark:/12148/cb342735584";"Cuadernos valencianos de historia de la medicina y de la ciencia : repertorios bio-bibliográficos";"196";"Valencia";"Universidad de Valencia";"Null";"Null";"Null";"Null"
"http://data.bnf.fr/ark:/12148/cb34280903f";"Cuadernos valencianos de historia de la medicina y de la ciencia : monografías";"196";"Valencia";"Universidad de Valencia";"Null";"Null";"Null";"Null"
"http://data.bnf.fr/ark:/12148/cb34321984f";"Vaticanum secundum...";"196";"Leipzig";"St. Benno-Verlag";"Null";"Null";"Null";"Null"
"http://data.bnf.fr/ark:/12148/cb343234162";"Forschungen zur Innsbrucker Universitätsgeschichte";"196";"Innsbruck";"Österreichische Kommissionsbuchhandlung. - [dann] Kommissionsverl. der Wagner'schen Universitätsbuchhandlung";"Null";"Null";"Null";"Null"
"http://data.bnf.fr/ark:/12148/cb34334438t";"Výbor z díla Ignáta Herrmanna";"196";"Praha";"Československý spisovatel";"Null";"Null";"Null";"Null"
"http://data.bnf.fr/ark:/12148/cb343435560";"Silves";"196";"Paris";"les Belles lettres";"Null";"Null";"Null";"Null"
"http://data.bnf.fr/ark:/12148/cb34346887t";"Histoire de la littérature arabe";"196";"Paris";"J. Maisonneuve";"Null";"Null";"Null";"Null"
"http://data.bnf.fr/ark:/12148/cb348930613";"Zamane delikanlisi";"196";"Istanbul";"Habora kitabevi";"Null";"115 p. : couv. ill. ; 19 cm.";"Null";"Null"
"http://data.bnf.fr/ark:/12148/cb34930883t";"Palabra sobre palabra";"196";"Barcelona";"Seix Barral";"Null";"413 p.";"Null";"Null"
"http://data.bnf.fr/ark:/12148/cb35056820c";"Atti";"196";"Lecco";"comune di Lecco";"Null";"352 p.";"http://data.bnf.fr/ark:/12148/cb11942357z";"Null"
"http://data.bnf.fr/ark:/12148/cb35097911r";"[Recueil. Affiches publicitaires concernant l'énergie électrique]";"196";"Paris";"Draeger";"Null";"7 pièces";"http://data.bnf.fr/ark:/12148/cb119761570";"Null"
"http://data.bnf.fr/ark:/12148/cb35127019r";"Obra literária e médico-literária [4] : comentos à sua vida, obra e época : ciclo peninsular";"196";"Lisboa";"[Instituto de alta cultura]";"Null";"278 p.";"Null";"Null"
"http://data.bnf.fr/ark:/12148/cb351316989";"Les Structures industrielles françaises en 1968 7";"196";"Paris (8e). - 92-Courbevoie";"Ministère du développement industruel et scientifique. - C.N.I.P.E.";"Null";"27 p.";"Null";"Null"
"http://data.bnf.fr/ark:/12148/cb352528720";"Etude statistique sur la structure du cheptel bovin au 1er janvier 1963 : principaux résultats";"196";"[Châlons-sur-Marne]";"Service régional de statistique agricole";"Null";"pagination multiple, multigr.";"Null";"Null"
"http://data.bnf.fr/ark:/12148/cb35344458s";"Discurso oficial del Señor ministerio de relaciones exteriores de El Salvador, Dr. Francisco José Guerrero en el XXIV período de sesiones de la Asamblea general de Naciones Unidas, octubre 3 de 1969";"196";"El Salvador";"Secretaria de información de la Presidencia de la Republica";"Null";"43 p.";"Null";"Null"
"http://data.bnf.fr/ark:/12148/cb357826738";"Tôn̉g thôńg Việt Nam Cộng hoà công du Trung hoa dân quôć";"196";"Sài gòn";"[s.n.]";"Null";"34 p.";"http://data.bnf.fr/ark:/12148/cb119758132";"Null"
"http://data.bnf.fr/ark:/12148/cb35818497w";"Tous DRH : pratique de gestion des ressources humaines à l'usage des dirigeants et superviseurs";"196";"Paris";"les Éd. d'Organisation";"Null";"X-356 p.";"http://data.bnf.fr/ark:/12148/cb119314762";"Null"
"http://data.bnf.fr/ark:/12148/cb35820468k";"Trésors du terroir";"196";"Paris";"Stock";"Null";"235 p.";"http://data.bnf.fr/ark:/12148/cb11931547r";"Null"
"http://data.bnf.fr/ark:/12148/cb35875904z";"Une Enquête de Gil Jourdan 2";"196";"Marcinelle-Charleroi. - Paris. - Montréal";"Dupuis";"Null";"Null";"Null";"Null"
"http://data.bnf.fr/ark:/12148/cb361554132";"Maraş düğün âdetleri üzerine bir araştırma denemesi";"196";"İstanbul";"Yurttaş kitabevi";"Null";"64 p.";"http://data.bnf.fr/ark:/12148/cb119324184";"Null"
"http://data.bnf.fr/ark:/12148/cb36180378s";"Probleme des Philosophie-Unterrichts";"196";"Tuttlingen";"J. F. Bofinger";"Null";"112 p.";"http://data.bnf.fr/ark:/12148/cb11934463f";"Null"
"http://data.bnf.fr/ark:/12148/cb36184597k";"La ciencia física y el futuro del hombre europeo";"196";"Madrid";"Ed. Colenda";"Null";"604 p.";"http://data.bnf.fr/ark:/12148/cb11933233q";"Null"
"http://data.bnf.fr/ark:/12148/cb36186632r";"Règles uniformes de la CCI pour les remboursements de banque à banque : en vigueur à partir du 1er juillet 1996";"196";"Paris";"Chambre de commerce internationale";"Null";"32 p.";"http://data.bnf.fr/ark:/12148/cb125320112";"Null"
"http://data.bnf.fr/ark:/12148/cb36593534b";"Sixteenth century bibliography";"196";"St. Louis";"Center for Reformation research";"Null";"Null";"http://data.bnf.fr/ark:/12148/cb11976033q";"Null"
"http://data.bnf.fr/ark:/12148/cb366698852";"L'architecture vietnamienne";"196";"Saigon";"Association vietnamienne pour le développement des relations internationales";"Null";"16 p.-[1] p. dépl.";"http://data.bnf.fr/ark:/12148/cb133183211";"Null"
