id;title;date;place;publisher;firstyear;description;subject;gallica
"http://data.bnf.fr/ark:/12148/cb37123070t";"Catalogue de l'office général de photographie";"188";"Paris";"Nadar";"Null";"172 p.";"http://data.bnf.fr/ark:/12148/cb119443412";"Null"
"http://data.bnf.fr/ark:/12148/cb373973843";"The bibliography of the Foraminifera recent and fossil : including Eozoon and Receptaculites";"188";"St Paul";"J. W. Cunningham";"Null";"P. 178-311 et 33-80";"http://data.bnf.fr/ark:/12148/cb133183242";"Null"
"http://data.bnf.fr/ark:/12148/cb38643725b";"Normandie, Côte d'Azur (vues, escadres, etc. ) : [photographies]";"188";"Null";"Null";"Null";"1 album de 41 photogr. pos., in-8 obl.";"http://data.bnf.fr/ark:/12148/cb119370396";"Null"
"http://data.bnf.fr/ark:/12148/cb39747590h";"Ouverturen für Orchester";"188";"Leipzig";"Breitkopf & Härtel";"Null";"121 p. : 33 cm";"http://data.bnf.fr/ark:/12148/cb11975999w";"Null"
"http://data.bnf.fr/ark:/12148/cb39747308x";"Quintett : [op. 44]";"188";"Braunschweig";"H. Litolff's Verlag";"Null";"45 p. : couv. orn.  ; 31 cm";"http://data.bnf.fr/ark:/12148/cb13601444k";"Null"
"http://data.bnf.fr/ark:/12148/cb397489858";"La berline belge : musique de cavalerie pour danser la Berline ";"188";"Bruxelles";"Schott frères";"Null";"7 p. : couv. ill.  ; 34 cm";"http://data.bnf.fr/ark:/12148/cb119604900";"Null"
"http://data.bnf.fr/ark:/12148/cb39750295x";"Quatuors pour deux violons, alto et violoncelle Vol. III";"188";"Braunschweig";"H. Litolff";"Null";"105 p. : 31 cm";"http://data.bnf.fr/ark:/12148/cb14640376n";"Null"
"http://data.bnf.fr/ark:/12148/cb397502937";"Quatuors pour deux violons, alto et violoncelle Vol. II";"188";"Braunschweig";"H. Litolff";"Null";"32 p. : 31 cm";"http://data.bnf.fr/ark:/12148/cb119604900";"Null"
"http://data.bnf.fr/ark:/12148/cb39750288n";"Corelli-Album N°  2";"188";"Braunschweig";"H. Litolff";"Null";"35 p. : 31 cm";"http://data.bnf.fr/ark:/12148/cb119604900";"Null"
"http://data.bnf.fr/ark:/12148/cb39750763p";"Quatuors pour deux violons, alto et violoncelle Vol. IV";"188";"Braunschweig";"H. Litolff";"Null";"19 p. : 31 cm";"http://data.bnf.fr/ark:/12148/cb13601444k";"Null"
"http://data.bnf.fr/ark:/12148/cb39754973h";"Quatuors pour deux violons, alto et violoncelle Vol. I";"188";"Braunschweig";"H. Litolff";"Null";"117 p. : 31 cm";"http://data.bnf.fr/ark:/12148/cb14640376n";"Null"
"http://data.bnf.fr/ark:/12148/cb39754976j";"Quatuors pour deux violons, alto et violoncelle Vol. IV";"188";"Braunschweig";"H. Litolff";"Null";"99 p. : 31 cm";"http://data.bnf.fr/ark:/12148/cb14640376n";"Null"
"http://data.bnf.fr/ark:/12148/cb397550064";"Kantate für eine Altstimme";"188";"Leipzig";"Breitkopf & Härtel";"Null";"1 partition (12 p.) : 28 cm";"http://data.bnf.fr/ark:/12148/cb11976032c";"Null"
"http://data.bnf.fr/ark:/12148/cb39755007g";"Kantate am Sonntage Quasimodogeniti";"188";"Leipzig";"Breitkopf & Härtel";"Null";"1 partition (28 p.) : 28 cm";"http://data.bnf.fr/ark:/12148/cb11978726v";"Null"
"http://data.bnf.fr/ark:/12148/cb39755002r";"Kantate am Sonntage Jubilate";"188";"Leipzig";"Breitkopf & Härtel";"Null";"1 partition (34 p.) : 28 cm";"http://data.bnf.fr/ark:/12148/cb11976032c";"Null"
"http://data.bnf.fr/ark:/12148/cb39754974v";"Quatuors pour deux violons, alto et violoncelle Vol. II";"188";"Braunschweig";"H. Litolff";"Null";"92 p. : 31 cm";"http://data.bnf.fr/ark:/12148/cb119604900";"Null"
"http://data.bnf.fr/ark:/12148/cb39755008t";"Kantate am Feste der Erscheinung Christi";"188";"Leipzig";"Breitkopf & Härtel";"Null";"1 partition (22 p.) : 28 cm";"http://data.bnf.fr/ark:/12148/cb11976032c";"Null"
"http://data.bnf.fr/ark:/12148/cb397550002";"Kantate am Sonntage Jubilate";"188";"Leipzig";"Breitkopf & Härtel";"Null";"1 partition (46 p.) : 28 cm";"http://data.bnf.fr/ark:/12148/cb11976032c";"Null"
"http://data.bnf.fr/ark:/12148/cb397550033";"Kantate am vierzehnten Sonntage nach Trinitatis";"188";"Leipzig";"Breitkopf & Härtel";"Null";"1 partition (22 p.) : 28 cm";"http://data.bnf.fr/ark:/12148/cb11976032c";"Null"
"http://data.bnf.fr/ark:/12148/cb39755004f";"Kantate am dritten Sonntage nach Epiphanias";"188";"Leipzig";"Breitkopf & Härtel";"Null";"1 partition (18 p.) : 28 cm";"http://data.bnf.fr/ark:/12148/cb11976032c";"Null"
"http://data.bnf.fr/ark:/12148/cb397549756";"Quatuors pour deux violons, alto et violoncelle Vol. III";"188";"Braunschweig";"H. Litolff";"Null";"105 p. : 31 cm";"http://data.bnf.fr/ark:/12148/cb14640376n";"Null"
"http://data.bnf.fr/ark:/12148/cb397578013";"Concertos pour piano";"188";"Brauschweig";"H. Litolff";"Null";"23-25-23 p. : 31 cm";"http://data.bnf.fr/ark:/12148/cb122405240";"Null"
"http://data.bnf.fr/ark:/12148/cb39757857q";"Symphonien Band I";"188";"Leipzig";"Breitkopf & Härtel";"Null";"1 partition (139 p.) : couv. orn.  ; 32 cm";"http://data.bnf.fr/ark:/12148/cb12144214n";"Null"
"http://data.bnf.fr/ark:/12148/cb39757460h";"Robert Schumann's Symphonien N°  4";"188";"Braunschweig";"H. Litolff";"Null";"25 p. : 31 cm";"http://data.bnf.fr/ark:/12148/cb11975999w";"Null"
"http://data.bnf.fr/ark:/12148/cb397574599";"Concertos [Band 1]";"188";"Braunschweig";"H. Litolff";"Null";"109 p. : 31 cm";"http://data.bnf.fr/ark:/12148/cb122405240";"Null"
"http://data.bnf.fr/ark:/12148/cb39757727h";"Das Paradies und die Peri : für Solostimmen, Chor und Orchester";"188";"Braunschweig";"H. Litollf";"Null";"1 partition (142 p.) : 28 cm";"http://data.bnf.fr/ark:/12148/cb133342398";"Null"
"http://data.bnf.fr/ark:/12148/cb397578718";"Symphonien Band II";"188";"Leipzig";"Breitkopf & Härtel";"Null";"1 partition (117 p.) : couv. orn.  ; 32 cm";"http://data.bnf.fr/ark:/12148/cb14640376n";"Null"
"http://data.bnf.fr/ark:/12148/cb39759843h";"Euryanthe : romantische Oper";"188";"Braunschweig";"H. Litolff";"Null";"Null";"http://data.bnf.fr/ark:/12148/cb12490452b";"Null"
"http://data.bnf.fr/ark:/12148/cb397675511";"Les Etoiles : ballet en 4 actes";"188";"Paris";"E. Dentu";"Null";"N. ch.";"Null";"Null"
"http://data.bnf.fr/ark:/12148/cb39769567w";"Der Ring des Nibelungen in Bildern";"188";"Leipzig";"J. J. Weber";"Null";"[14] p. de pl. en coul.";"Null";"Null"
"http://data.bnf.fr/ark:/12148/cb39769812f";"Danses de Paris";"188";"Paris";"Impr. de la Sté des artistes lithographes français";"Null";"[8] p. de pl.";"Null";"Null"
"http://data.bnf.fr/ark:/12148/cb39769626k";"Les Théâtres de la Place du Châtelet : Théâtre du Châtelet, Théâtre lyrique...";"188";"Paris";"Libr. générale de l'architecture";"Null";"42 p.-64 p. de pl.";"Null";"Null"
"http://data.bnf.fr/ark:/12148/cb39814191k";"Lettre de Maurice Kufferath à H. Imbert, de Bruxelles, 19 octobre 188(8)";"188";"Null";"Null";"Null";"2 p.";"Null";"Null"
"http://data.bnf.fr/ark:/12148/cb42295004j";"1r -  Pal. royal -  Maison de Lulli 45 r. Ne. pt. Champs : [dessin]";"188";"Null";"Null";"Null";"1 dessin : crayon noir ; 26,8 x 14,6 cm";"http://data.bnf.fr/ark:/12148/cb119624340";"http://gallica.bnf.fr/ark:/12148/btv1b8456065n"
"http://data.bnf.fr/ark:/12148/cb32457922v";"Tartuffe ou l'Imposteur";"188";"Paris : Librairie universelle";"Null";"Null";"Null";"Null";"Null"
"http://data.bnf.fr/ark:/12148/cb32651823t";"Les Mystères de Paris/Eugène Sue. - Nouv. éd.";"188";"Paris : C. Marpon et E. Flammarion";"Null";"Null";"Null";"Null";"Null"
"http://data.bnf.fr/ark:/12148/cb326518334";"Les Sept péchés capitaux...";"188";"Paris";"Null";"Null";"Null";"Null";"Null"
"http://data.bnf.fr/ark:/12148/cb32651832s";"Les Sept péchés capitaux";"188";"Paris : C. Marpon et E. Flammarion";"Null";"Null";"Null";"Null";"Null"
"http://data.bnf.fr/ark:/12148/cb33259845h";"La Sainte Bible, qui comprend l'Ancien et le Nouveau Testament, traduits sur les textes originaux hébreu et grec par Louis Segond,...";"188";"Oxford";"imp. de l'Université";"Null";"2 part. en 1 vol. in-16";"Null";"Null"
"http://data.bnf.fr/ark:/12148/cb34333186m";"Ipolyi Arnold kisebb munkái";"188";"Budapest";"[Franklin-Társulat]";"Null";"Null";"Null";"Null"
"http://data.bnf.fr/ark:/12148/cb343390696";"Les Deux masques : tragédie-comédie";"188";"Paris";"Calmann-Lévy";"Null";"23 cm";"Null";"Null"
"http://data.bnf.fr/ark:/12148/cb354649980";"Les Franc-maçons dévoilés par eux-mêmes";"188";"Paris";"Société générale de librairie";"Null";"34 p.";"http://data.bnf.fr/ark:/12148/cb119760629";"Null"
"http://data.bnf.fr/ark:/12148/cb35510515j";"Schriftproben von Wilhelm Woellmer's schriftgiesserei : [Catalogue]";"188";"Berlin";"Wilhelm Woellmer";"Null";"n.p.";"http://data.bnf.fr/ark:/12148/cb11953485x";"Null"
"http://data.bnf.fr/ark:/12148/cb357175894";"[Recueil. Documents publicitaires]";"188";"Paris";"Magasin Raoul";"Null";"Null";"http://data.bnf.fr/ark:/12148/cb11976286v";"Null"
"http://data.bnf.fr/ark:/12148/cb35741503r";"Amaury";"188";"Paris";"A. Le Vasseur";"Null";"71-82-45-27-33 p.";"Null";"Null"
"http://data.bnf.fr/ark:/12148/cb36490228p";"La chapelle de Sabar à Tarascon-sur-Ariège";"188";"Saint-Germain";"Impr. de Toinon";"Null";"In-8 °. Pièce";"Null";"Null"
"http://data.bnf.fr/ark:/12148/cb366510595";"Exposition d'aquarelles : catalogue";"188";"Paris";"Arnold et Tripp";"Null";"Null";"http://data.bnf.fr/ark:/12148/cb11932931q";"Null"
