id;title;date;place;publisher;firstyear;description;subject;gallica
"http://data.bnf.fr/ark:/12148/cc51980";"Seper hašwrašiym";"1397";"Null";"Null";"Null";"Null";"Null";"http://gallica.bnf.fr/ark:/12148/btv1b90646253"
"http://data.bnf.fr/ark:/12148/cc96067t";"מלחמות השם";"1397";"Null";"Null";"Null";"f.";"Null";"http://gallica.bnf.fr/ark:/12148/btv1b10720210c"
"http://data.bnf.fr/ark:/12148/cb337154742";"Vidimus d'un arrêt du parlement entre l'évêque de Paris et les notaires du Châtelet";"1397";"(S. l. n. d.)";"Null";"1397";"4°";"Null";"Null"
"http://data.bnf.fr/ark:/12148/cb338100847";"Ordonnance portant qu'il ne sera passé aucune partie ès comptes des receveurs et grenetiers, s'ils ne rapportent mandement et certifications";"1397";"(S. l. n. d.)";"Null";"1397";"In-4°, 2 p.";"Null";"Null"
