id;title;date;place;publisher;firstyear;description;subject;gallica
"http://data.bnf.fr/ark:/12148/cc51143h/cd0e225";"6 Lettres du comte de Flandre, portant quittance des 10,000 livres de terre, moyennant transport à lui fait des villes de Lille, Douai et Orchies, 1369.";"1369";"Null";"Null";"Null";"Null";"Null";"Null"
"http://data.bnf.fr/ark:/12148/cc51143h/cd0e237";"8 Lettres des habitants de Lille, ratifiant le transport fait au comte de Flandre par le roi Charles V des villes Lille, Douai et Orchies, 1369.";"1369";"Null";"Null";"Null";"Null";"Null";"Null"
"http://data.bnf.fr/ark:/12148/cc51143h/cd0e255";"11 Lettres de Marguerite, comtesse de Flandre, ratifiant le transport fait par le roi à son fils desdites villes, 1369.";"1369";"Null";"Null";"Null";"Null";"Null";"Null"
"http://data.bnf.fr/ark:/12148/cb33810048c";"Ordonnance du roy Charles V, sur le fait de la marchandise du poisson de mer";"1369";"(S. l. n. d.)";"Null";"1369";"In-4°, 4 p.";"Null";"Null"
