id;title;date;place;publisher;firstyear;description;subject;gallica
"http://data.bnf.fr/ark:/12148/cb300241094";"L. Apuleii opera, a Joanne Andrea, episcopo Aleriensi, edita. Alcinoi disciplinarum Platonis epitoma, Petro Balbi interprete";"1469";"Rome";"in domo P. de Maximo";"1469";"In-fol. (Pellechet, 923.)";"Null";"Null"
"http://data.bnf.fr/ark:/12148/cb30033502s";"Astesani Summa de casibus conscientiae";"1469";"[Strasbourg";"Johannes Mentelin";"1469";"2 vol.";"Null";"Null"
"http://data.bnf.fr/ark:/12148/cb30039774n";"Auli Gellii Noctes atticae. Edidit Jo. Andreas, episcopus Aleriensis, opitulante Theodoro Gaza";"1469";"Romae";"in domo Petri de Maximis [Konrad Sweynheym et Arnold Pannartz]";"1469";"[202] ff.";"Null";"Null"
"http://data.bnf.fr/ark:/12148/cb300489389";"Summa quae vocatur Catholicon edita a fratre Johanne de Janua (Balbi)";"1469";"Augsburg";"Günther Zainer";"1469";"Null";"Null";"Null"
"http://data.bnf.fr/ark:/12148/cb300995285";"Bessarionis cardinalis adversus calumniatorem Platonis";"1469";"Roma";"Konrad Sweynheym et Arnold Pannartz";"1469";"[234] ff. non signés, le premier et les deux derniers blancs";"Null";"Null"
"http://data.bnf.fr/ark:/12148/cb302133861";"Caesaris Commentarii. Item Auli Hirtii, aut Oppii, libri de bello Alexandrino, de bello Africo et de bello Hispano. Edente Joanne Andrea";"1469";"Romae";"Null";"1469";"In-fol. (Pellechet, 3139. Hain, *4212.)";"Null";"Null"
"http://data.bnf.fr/ark:/12148/cb30242954f";"M. T. Ciceronis Epistolae ad familiares";"1469";"Venetiis";"impr. per Joannem de Spira";"1469";"In-fol. (Pellechet, 3591.)";"Null";"Null"
"http://data.bnf.fr/ark:/12148/cb30242952r";"M. T. Ciceronis Epistolae ad familiares. Joannes Andreae in lucem edidit";"1469";"Romae";"per C. Sweynheim et A. Pannartz";"1469";"In-fol. (Hain-Copinger, 5163.)";"Null";"Null"
"http://data.bnf.fr/ark:/12148/cb302429533";"M. T. Ciceronis Epistolae ad familiares";"1469";"Venetiis";"impr. per Joannem de Spira";"1469";"In-fol. (Pellechet, 3590.)";"Null";"Null"
"http://data.bnf.fr/ark:/12148/cb302432166";"M. Tullii Ciceronis de Officiis libri, Paradoxa, de Amicitia et de Senectute dialogi. Accessere duodecim sapientum versus in Ciceronis epitaphio";"1469";"Romae";"C. Sweynheym et A. Pannartz";"1469";"In-fol. (Pellechet, 3727.)";"Null";"Null"
"http://data.bnf.fr/ark:/12148/cb308417164";"[M. Annaei Lucani Pharsalia. Studio Joannis Andreae, Alariensis episcopi.]";"1469";"Roma";"Konrad Sweynheym et Arnold Pannartz";"1469";"Non signé [a2, b-m10], le f.[a]1 étant blanc";"Null";"Null"
"http://data.bnf.fr/ark:/12148/cb310885819";"Flacci Persii Satyrae";"1469";"(Romae";"Udalr. Gallus";"1469";"In-4° . (Hain, 12714 ; M. H. Morgan, 1.)";"Null";"Null"
"http://data.bnf.fr/ark:/12148/cb31123481r";"[C. Plinii Secundi Naturalis historiae libri XXXVII.]";"1469";"Venezia";"Johannes de Spira";"1469";"Null";"Null";"Null"
"http://data.bnf.fr/ark:/12148/cb31411778h";"Strabonis Geographiae libri XVII";"1469";"Romae";"C. Sweynheym et A. Pannartz impresserunt";"1469";"In-fol. (Hain-Copinger, 15086.)";"Null";"Null"
"http://data.bnf.fr/ark:/12148/cb42852073v";"Jeux de nuages. Pièce pour piano";"1469";"Paris";"Editions Maurice Senart";"1469";"Null";"Null";"Null"
"http://data.bnf.fr/ark:/12148/cb42925128k";"Le Bonhomme. Noël Romance, (J. Couplet), (pour piano), A. Le Carpentier. Op. 278";"1469";"Paris";"Benoît aîné";"1469";"In-fol.";"Null";"Null"
"http://data.bnf.fr/ark:/12148/cb31461871d";"Preclarum hoc opus Quarti scripti sancti Thome de Aquino";"1469";"In urbe Moguntina";"per P. Schoiffher";"1469";"In-fol. (Hain, *1481 ; Pellechet, 1068.)";"Null";"Null"
"http://data.bnf.fr/ark:/12148/cb314745093";"[Titi Livii Historiae romanae decades I, III-IV, cum L. Flori Epitome decadum XIV, cura Johannis Andreae.]";"1469";"Romae";"C. Sweynheym et A. Pannartz impresserunt";"1469";"3 vol. in-fol. (Hain-Copinger, *10128 ; Catalogue of books printed in the XVth century, now in the British Museum, t. IV, p. 8";"Null";"http://gallica.bnf.fr/ark:/12148/bpt6k3123658"
"http://data.bnf.fr/ark:/12148/cb31591335z";"[Publii Virgilii Maronis Opera.]";"1469";"Rome";"C. Sweynheym et A. Pannartz impresserunt";"1469";"In-fol. (Copinger, Supplement to Hain's Repertorium bibliographicum, 5999 et Incunabula Virgiliana, *5 ; G. Mambelli, Gli Annali delle edizione Virgiliane, 1 ; F. R. Goff, Incunabula in American libraries, 3rd cursus, p. 621, V-149.)";"Null";"Null"
"http://data.bnf.fr/ark:/12148/cc8690b";"Averroès. Commentaire moyen sur la Métaphysique d'Aristote";"1469";"Null";"Null";"Null";"113 f.";"Null";"http://gallica.bnf.fr/ark:/12148/btv1b10720083v"
"http://data.bnf.fr/ark:/12148/cc84969";"Moïse Maïmonide. Commentaire sur la michnah (nézikin-taharot)";"1469";"Null";"Null";"Null";"449 f.";"Null";"http://gallica.bnf.fr/ark:/12148/btv1b10540080k"
"http://data.bnf.fr/ark:/12148/cc96089q";"ספר העקרים";"1469";"Null";"Null";"Null";"f.";"Null";"http://gallica.bnf.fr/ark:/12148/btv1b10721338h"
"http://data.bnf.fr/ark:/12148/cb35255487n";"Amtliche Sammlung der Acten aus der Zeit der Helvetischen Republik (1798-1803) 11";"1469";"Bern";"Bundesarchiv";"1469";"Null";"Null";"Null"
