id;title;date;place;publisher;firstyear;description;subject;gallica
"http://data.bnf.fr/ark:/12148/cb40750144m";"Portulans : carte pisane";"1275";"[S.l.]";"[s.n.]";"1275";"Null";"Null";"Null"
"http://data.bnf.fr/ark:/12148/cb33809929j";"Ordinatio vetus super feodis acquisitis facta in parlamento Omnium Sanctorum millesimo ducentesimo septuagesimo quinto";"1275";"(S. l. n. d.)";"Null";"1275";"In-4°, 5 p.";"Null";"Null"
"http://data.bnf.fr/ark:/12148/cb338099286";"Litterae regis Philippi III de liberatione panis, vini, etc. facienda canonicis Sanctae Capellae, praesentibus rege, regina et liberis ipsorum";"1275";"(S. l. n. d.)";"Null";"1275";"In-fol., 2 p.";"Null";"Null"
"http://data.bnf.fr/ark:/12148/cb359042751";"Nutrition and human needs, 1971 5";"1275";"Washington. - VI p.";"Government printing office";"1275";"Null";"Null";"Null"
