id;title;date;place;publisher;firstyear;description;subject;gallica
"http://data.bnf.fr/ark:/12148/cb300394426";"Divi Aurelii Augustini de Vita christiana. De Singularitate clericorum";"1467";"Coloniae";"per U. Zell";"1467";"In-4° . (Pellechet, 1586.)";"Null";"Null"
"http://data.bnf.fr/ark:/12148/cb300388333";"Divi Aurelii Augustini de Civitate Dei";"1467";"[Subiaco";"Konrad Sweynheym et Arnold Pannartz]";"1467";"Null";"Null";"Null"
"http://data.bnf.fr/ark:/12148/cb30242951d";"M. T. Ciceronis Epistolae ad familiares";"1467";"Romae";"per C. Sweynheym et A. Pannartz";"1467";"[492] p.";"Null";"http://gallica.bnf.fr/ark:/12148/bpt6k702468"
"http://data.bnf.fr/ark:/12148/cb30243107z";"M. T. Ciceronis de Finibus bonorum et malorum libri V";"1467";"(Coloniae";"U. Zell";"1467";"In-4° . (Pellechet, 3786.)";"Null";"Null"
"http://data.bnf.fr/ark:/12148/cb30249163w";"Clementis papae V. Constitutiones, cum apparatu Johannis Andreae. Accedunt bullae Clementis V Exivi de Paradiso et Johannis XXII Constitutio execrabilis";"1467";"Moguntiae";"P. Schoeffer";"1467";"In-fol. (Pellechet, 3836.)";"Null";"Null"
"http://data.bnf.fr/ark:/12148/cb30347650m";"Aelii Donati ars minor";"1467";"Mainz";"Peter Schöffer";"1467";"Null";"Null";"Null"
"http://data.bnf.fr/ark:/12148/cb30501526j";"Johannis Gerson Opusculum tripartitum de praeceptis decalogi, de confessione et de arte moriendi";"1467";"[Köln";"Ulrich Zell";"1467";"[32] ff. non signés [a-d]8, le 1er et le dernier blancs";"Null";"Null"
"http://data.bnf.fr/ark:/12148/cb305016422";"Johannis Gerson Tractatus notabilis de passionibus animae. Tractatulus seu regulae de modo vivendi omnium fidelium";"1467";"[Köln";"Ulrich Zell";"1467";"[32] ff. non signés [a-d]8";"Null";"Null"
"http://data.bnf.fr/ark:/12148/cb30501601g";"Johannis Gerson Tractatulus de cognitione castitatis et pollutionibus diurnis. Forma absolutionis sacramentalis";"1467";"[Köln";"Ulrich Zell";"1467";"17 ff. non signés [a]8, [b]8+1";"Null";"Null"
"http://data.bnf.fr/ark:/12148/cb30501448k";"Conclusiones Johannis Gerson de diversis materiis moralibus, sive de regulis mandatorum";"1467";"[Köln";"Ulrich Zell";"1467";"[40] ff. non signés [a-e]8";"Null";"Null"
"http://data.bnf.fr/ark:/12148/cb30501592b";"Johannis Gerson Tractatulus de pollutione nocturna";"1467";"[Köln";"Ulrich Zell";"1467";"[16] ff. non signés [a-b]8";"Null";"Null"
"http://data.bnf.fr/ark:/12148/cb30649764k";"Sancti Johannis Chrysostomi Sermones de patientia in Job, ex interpretatione Lelii Tifernatis";"1467";"[Köln";"Ulrich Zell";"1467";"[48] ff. non signés [a-f]8";"Null";"Null"
"http://data.bnf.fr/ark:/12148/cb30793004j";"Opera varia, latine...";"1467";"Mediolani";"Null";"1467";"In-fol. (Hain, 16225.)";"Null";"Null"
"http://data.bnf.fr/ark:/12148/cb38639872c";"triple-angelot";"1467";"Paris";"Null";"1467";"Null";"Null";"http://gallica.bnf.fr/ark:/12148/btv1b77004088"
"http://data.bnf.fr/ark:/12148/cb386398711";"demi-angelot";"1467";"Paris";"Null";"1467";"Null";"Null";"http://gallica.bnf.fr/ark:/12148/btv1b7700407v"
"http://data.bnf.fr/ark:/12148/cb40670287d";"[Atlas nautique de l'océan Atlantique Nord-Est, de la mer Méditerranée et de la mer Noire]";"1467";"Null";"Null";"Null";"5 cartes ; reliure montée sur ais de bois, estampée et renforcée de boulons métalliques : ms. col. sur vélin, contrecollé sur carton ; 35 x 22,5 cm fermé, chaque double flle : 34 x 43 cm";"Null";"http://gallica.bnf.fr/ark:/12148/btv1b5901110p"
"http://data.bnf.fr/ark:/12148/cb406724147";"[Atlas nautique de l'océan Atlantique Nord-Est, de la mer Méditerranée et de la mer Noire]";"1467";"Rome";"Null";"1467";"5 flles vélin enluminées collées dos à dos sur des feuilles de carton : ms. col., enluminé ; 34,5 x 22 cm, chaque double page : 34,5 x 44 cm";"Null";"http://gallica.bnf.fr/ark:/12148/btv1b55000050r"
"http://data.bnf.fr/ark:/12148/cb314617478";"[Summa theologica.] Secunda Secunde beati Thome de Aquino";"1467";"In urbe Moguntina";"per P. Schoiffher";"1467";"In-fol. (Hain, *1459 ; Pellechet, 1049, I.)";"Null";"Null"
"http://data.bnf.fr/ark:/12148/cb31461749z";"[Summa theologica.] Secunda Secunde beati Thome de Aquino";"1467";"In urbe Moguntina";"per P. Schoiffher";"1467";"In-fol.";"Null";"Null"
"http://data.bnf.fr/ark:/12148/cb31461748m";"[Summa theologica.] Secunda Secunde beati Thome de Aquino";"1467";"In urbe Moguntina";"per P. Schoiffher";"1467";"In-fol. (Pellechet, 1049, II.)";"Null";"Null"
"http://data.bnf.fr/ark:/12148/cb31462008p";"Summa de Articulis fidei et Ecclesie sacramentis, edita a fratre Thoma de Aquino,...";"1467";"[Mainz";"Peter Schoeffer";"1467";"Null";"Null";"Null"
"http://data.bnf.fr/ark:/12148/cb31462007b";"Summa de Articulis fidei et Ecclesie sacramentis, edita a fratre Thoma de Aquino,...";"1467";"(Altavillae";"N. Bechtermunze.)";"1467";"In-4° . (Hain, *1426 ; Pellechet, 1027.)";"Null";"Null"
"http://data.bnf.fr/ark:/12148/cb314620091";"Summa edita a sancto Thoma de Aquino, De articulis fidei et Ecclesie sacramentis";"1467";"[Coloniae]";"[U. Zell]";"1467";"[31] p.";"Null";"http://gallica.bnf.fr/ark:/12148/bpt6k5674903z"
"http://data.bnf.fr/ark:/12148/cc1017278";"Portulan de la Méditerranée";"1467";"Null";"Null";"Null";"5 ff.";"Null";"Null"
"http://data.bnf.fr/ark:/12148/cb317826684";"(Appel par Jean de Beauvau, évêque d'Angers, de la sentence de Paul II qui le privait de son évêché, 2 juin 1467)";"1467";"[S. l. n. d. ?]";"Null";"1467";"Null";"Null";"Null"
"http://data.bnf.fr/ark:/12148/cb319517488";"(F. 1a :) Incipit constitutiones clementis papae V // unacum apparatu domini Ioannis Andree... (F. 61 a :) Presens clementis quinti opus constitutionum clarissimum. // Alma in vrbe maguntina... // ... industrie est consummatus // per Petruz schoiffher de gernbhann. Anno dn̄ice incar // nacōnis. MCCCIXVII. Octava die mensie octobris (suivent 4 ff contenant la Règle des frères mineurs et la constitution dite execrabilis.)";"1467";"[S. l. n. d. ?] In-fol.";"Null";"1467";"Null";"Null";"Null"
"http://data.bnf.fr/ark:/12148/cb32486202p";"Consolatorium timorate conscientie venerabilis fratris Johannis Nyder,...";"1467";"(Coloniae, U. Zell";"Null";"1467";"Null";"Null";"Null"
"http://data.bnf.fr/ark:/12148/cb33246984r";"L'Art au morier";"1467";"[Pays-Bas du Sud ?]";"[s. n.]";"1467";"In-4°, 24 ff. anopisthographes, sign. B, C, K, L, M. (Schreiber, IV, 258, IB ; Brunet, I, 500-507.)";"Null";"Null"
"http://data.bnf.fr/ark:/12148/cb33246983d";"Lart au morier";"1467";"[Pays-Bas du Sud ?]";"[s. n.]";"1467";"24 ff., [1-12(2)], impr. d'un seul côté à partir de bois correspondant à une seule page, les ff. 2.2, 3.2, 10.2, 11.2, 12.2 sign. B, C, K, L, M : in-fol.";"Null";"Null"
"http://data.bnf.fr/ark:/12148/cb33745883r";"Règlement de la chambre des comptes que nulle décharge du trésor ne sera allouée en aucun compte, s'il n'y a lettre sur icelle";"1467";"(S. l. n. d.)";"Null";"1467";"4°";"Null";"Null"
"http://data.bnf.fr/ark:/12148/cb337545727";"Copie du traicté de Bruxelle [au sujet de la succession de la terre et seigneurie d'Arc en Barrois]";"1467";"(S. l. n. d.)";"Null";"1467";"In-4°. Pièce";"Null";"Null"
"http://data.bnf.fr/ark:/12148/cb33810269w";"Déclaration portant qu'il ne sera donné aucun office, s'il n'est vaccant par mort ou résignation faite du bon gré et consentement du résignant";"1467";"(S. l. n. d.)";"Null";"1467";"In-4°, 2 p.";"Null";"Null"
"http://data.bnf.fr/ark:/12148/cb35951164d";"Liber apocalipsis";"1467";"Null";"Null";"1467";"[176] f.";"Null";"Null"
