id;title;date;place;publisher;firstyear;description;subject;gallica
"http://data.bnf.fr/ark:/12148/cb30003273v";"Summula pauperum Quam nominant plures Jurisperitorum versus decretales";"1494";"Null";"Null";"1494";"[64] f.";"Null";"Null"
"http://data.bnf.fr/ark:/12148/cb300045043";"Regimiento de los principes... fecho y ordenado por Don Fray Gil de Roma,... E fizolo trasladar de latin en romance Don Bernardo, obispo de Osma...";"1494";"Impresso en la cibdad de Sevilla";"a espensas de maestre Conrrado Aleman e Melchior Gurrizo";"1494";"In-fol. (Hain, *112.)";"Null";"Null"
"http://data.bnf.fr/ark:/12148/cb30007480n";"Divi Alberti Magni de Anima libri tres. Ejusdem de Intellectu et intelligibili libri duo";"1494";"Venetiis";"per J. et G. de Gregoriis fratres";"1494";"In-fol. (Pellechet, 320.)";"Null";"Null"
"http://data.bnf.fr/ark:/12148/cb300075086";"Alberti Magni libri IV Meteororum";"1494";"Venetiis";"per J. et G. de Gregoriis fratres";"1494";"In-fol. (Pellechet, 332.)";"Null";"Null"
"http://data.bnf.fr/ark:/12148/cb30007527g";"Divi Alberti Magni Physicorum sive de physico auditu libri octo";"1494";"Venetiis";"per J. de Forlivio et Gregorium fratres";"1494";"In-fol. (Pellechet, 335.)";"Null";"Null"
"http://data.bnf.fr/ark:/12148/cb300125202";"Ferd. de Almeida, Johannis II regis Portugallie oratoris, ad Alexandrum VI oratio";"1494";"[Roma";"Johannes Besicken et Sigismund Mayer";"1494";"Null";"Null";"Null"
"http://data.bnf.fr/ark:/12148/cb300195871";"Geographiae libri XVII";"1494";"(Venetiis)";"Null";"1494";"In-fol.";"Null";"Null"
"http://data.bnf.fr/ark:/12148/cb30020661n";"Astrolabium planum in tabulis ascendens, continens qualibet hora atque minuto equationes domorum celi ; moram nati in utero matris cum quodam tractatu nativitatum utili ac ornato ; necnon horas in equales pro quolibet climate mundi";"1494";"Venetiis";"Impressum per J. Emericum de Spira";"1494";"Null";"Null";"Null"
"http://data.bnf.fr/ark:/12148/cb30021332g";"Aniani Compotus cum commento";"1494";"Paris";"Jean Trepperel et (pour ?) Michel Le Noir";"1494";"Null";"Null";"Null"
"http://data.bnf.fr/ark:/12148/cb300239678";"Opera quae supersunt";"1494";"Regii";"per Franciscum de Mazalibus";"1494";"In-fol.";"Null";"Null"
"http://data.bnf.fr/ark:/12148/cb30029363p";"Regimen sanitatis (a magistro Arnaldo de Villanova expositum, emendatum per doctores Montispessulani regentes), cum tractatu epidimie seu pestilentie";"1494";"Colonie";"Null";"1494";"In-4° . (Pellechet, 1297.)";"Null";"Null"
"http://data.bnf.fr/ark:/12148/cb30039411x";"Divi Aurelii Augustini de summa Trinitate libri XV";"1494";"(Friburgi";"Kilian Piscator.)";"1494";"In-fol. (Pellechet, 1543.)";"Null";"Null"
"http://data.bnf.fr/ark:/12148/cb300393120";"Expositio beati Augustini de sermone Domini in monte";"1494";"Parisiis";"per U. Gering et B. Rembolt";"1494";"In-8° . (Pellechet, 1506.)";"Null";"Null"
"http://data.bnf.fr/ark:/12148/cb300388484";"Divi Aurelii Augustini de Civitate Dei, cum commento Thomae Walleis et Nicolai Triveth";"1494";"Friburgi";"(Kilian Piscator)";"1494";"In-fol. (Pellechet, 1562.)";"Null";"Null"
"http://data.bnf.fr/ark:/12148/cb30040524k";"D. Magni Ausonii Opera, ex recensione Julii Aemilii Ferrarii";"1494";"Venetiis";"per J. de Cereto, alias Tacuinum";"1494";"In-fol. (Pellechet, 1647.)";"Null";"Null"
"http://data.bnf.fr/ark:/12148/cb300419854";"Expositiones Johannis Matthei de Gradibus, super vicesimam secundam Fen tertii Canonis Avicennae";"1494";"Mediolani";"per J. de Sancto Nazario de la Ripa";"1494";"In-fol. (Hain, *7840.)";"Null";"Null"
"http://data.bnf.fr/ark:/12148/cb30048967w";"Epigrammata Hieronymi Balbi";"1494";"Viennae";"J. Winterburg";"1494";"In-4° , 22 ff. (Pellechet, 1693.)";"Null";"Null"
"http://data.bnf.fr/ark:/12148/cb300622208";"El libro de las propriedades de las cosas, por Bartolomeo de Glanville, trasladado de latin en romance por el R. P. F. Vincente de Burgos";"1494";"Toulouse";"Heinrich Mayer";"1494";"Null";"Null";"http://gallica.bnf.fr/ark:/12148/btv1b8605453m"
"http://data.bnf.fr/ark:/12148/cb30089905d";"De Arte bene vivendi beneque moriendi...";"1494";"Parisiis";"Null";"1494";"In-4° . (Pellechet, 1347.)";"Null";"Null"
"http://data.bnf.fr/ark:/12148/cb30090020v";"Opus egregium divi Bernardi super Cantica canticorum Salomonis... multa diligentia castigatum ac emendatum per magistrum Johannem Rouauld,...";"1494";"Paris";"[Georg Wolf]";"1494";"122 f.";"Null";"Null"
"http://data.bnf.fr/ark:/12148/cb300899778";"Divi Bernardi abbatis ad sororem Modus bene vivendi in christianam religionem";"1494";"Venetiis";"B. Benalius";"1494";"In-8° . (Pellechet, 2140.)";"Null";"Null"
"http://data.bnf.fr/ark:/12148/cb30089924p";"Opus preclarissimum epistolarum devotissimi beatissimique Bernardi, primi Clarevallensis abbatis, quod emendate castigatum feliciter incipit";"1494";"Paris";"[Georg Wolf]";"1494";"Null";"Null";"Null"
"http://data.bnf.fr/ark:/12148/cb30090001k";"Sermones S. Bernardi de tempore et de sanctis";"1494";"[Paris";"Georg Wolf";"1494";"Null";"Null";"Null"
"http://data.bnf.fr/ark:/12148/cb30092865h";"Opera";"1494";"Parisiis";"Null";"1494";"In-4°";"Null";"Null"
"http://data.bnf.fr/ark:/12148/cb30116692b";"Boccace des nobles maleureux";"1494";"Paris";"[Guy Marchant ? pour] Antoine Vérard";"1494";"CCC ff.";"Null";"http://gallica.bnf.fr/ark:/12148/bpt6k111270q"
"http://data.bnf.fr/ark:/12148/cb30116717v";"Tractado de Johan Bocaçio de las claras, excellentes y mas famosas y señaladas damas";"1494";"Caragoça de Aragon";"por industria y expensas de Paulo Hurus";"1494";"In-fol., fig. (Pellechet, 2479.)";"Null";"Null"
"http://data.bnf.fr/ark:/12148/cb301183413";"Le grant Boèce, de Consolation";"1494";"Paris";"pour Antoine Vérard";"1494";"156 ff. foliotés et signés";"Null";"http://gallica.bnf.fr/ark:/12148/bpt6k1057722q"
"http://data.bnf.fr/ark:/12148/cb301169073";"Genealogiae Joannis Boccatii. Ejusdem de montibus et sylvis, de fontibus, lacubus et fluminibus, ac etiam de stagnis et paludibus";"1494";"Venetiis";"expensis Octaviani Scoti";"1494";"In-fol. (Pellechet, 2468.)";"Null";"Null"
"http://data.bnf.fr/ark:/12148/cb30123791r";"Ludovici Bolognini interpretationes novae ad omnes textus utriusque juris";"1494";"Bononiae";"per Platonem de Benedictis";"1494";"In-fol. (Pellechet, 2572.)";"Null";"Null"
"http://data.bnf.fr/ark:/12148/cb301253856";"Sermones sancti Bonaventure de morte";"1494";"Parisiis";"Guidonem Mercatoris";"1494";"[38 f.]";"Null";"http://gallica.bnf.fr/ark:/12148/bpt6k110645j"
"http://data.bnf.fr/ark:/12148/cb301254279";"Vita Christi. - Fol. aII : Beati Bonaventure, doctoris eximii Ordinis Fratrum minorum, in meditationes devotas vite Jesu Christi Salvatoris nostri prologus incipit feliciter. - Fol. kIIII v°¸ : Explicit liber aureus de vita Christi, per sanctum Bonaventuram doctorem ceraphicum editus sive compositus";"1494";"[Paris]";"Antoine Caillaut";"1494";"Signé a-k";"Null";"Null"
"http://data.bnf.fr/ark:/12148/cb30125455j";"Fol. a 1 : Incominciano le devote meditatione sopra la passione del Nostro Signore Jesu Christo, cavate et fundate originalmente sopra sancto Bonaventura, cardinale del ordine minore, sopra Nicolao de Lira... - A la fin : Finisse le devote meditatione del Nostro Signore impresse in Venetia per Matheo de Parma... del M CCCC L XXXX II a dì X de marzo. Finis";"1494";"In Venetia";"per Matheo di Codecha";"1494";"In-4° . (Copinger, 1189.)";"Null";"Null"
"http://data.bnf.fr/ark:/12148/cb301254170";"L'Aguillon d'amour divine, fait par le docteur séraphic sainct Bonaventure et translaté de latin en françois par maistre Jean Jerson";"1494";"Paris";"Jean Lambert pour André Bocard";"1494";"Null";"Null";"Null"
"http://data.bnf.fr/ark:/12148/cb30126521r";"Sexti libri Decretalium compilatio, illustrata lucubrationibus et additamentis clarissimi utriusque juris doctoris Hieronymi Clarii Brixiani, cum summulis et divisionibus Dominici de Sancto Geminiano et aliorum, in locis ubi desunt summaria Johannis Andree";"1494";"Lugduni";"per M. de Basilea";"1494";"In-fol. Caractères gothiques (Copinger, 1208.)";"Null";"Null"
"http://data.bnf.fr/ark:/12148/cb301498013";"La Somme rural";"1494";"Lyon";"Jacques Maillet";"1494";"2 parties en 1 vol., sign. AA-BB, a-z, 7, 2, aa-ee, A-N";"Null";"Null"
"http://data.bnf.fr/ark:/12148/cb301554764";"In Laudem gloriosae virginis Mariae multorumque sanctorum varii generis carmina, auctore Sebastiano Brant";"1494";"[Basel";"Johann Bergmann";"1494";"Null";"Null";"Null"
"http://data.bnf.fr/ark:/12148/cb30160808r";"Cursus optimarum questionum super totam logicam, cum interpretatione textus, secundum viam modernorum, ac secundum cursum magistri Georgii, per magistrum Thomam Bricot,... emendate";"1494";"[Freiburg im Breisgau";"Kilian Fischer";"1494";"[170] ff., 2 col.";"Null";"Null"
"http://data.bnf.fr/ark:/12148/cb30170120w";"La Aquila volante, composta per Leonardo Aretino";"1494";"Venesia";"Pelegrino de Pasquali";"1494";"In-fol. (Hain-Copinger, 1578.)";"Null";"http://gallica.bnf.fr/ark:/12148/btv1b55007619t"
"http://data.bnf.fr/ark:/12148/cb30170500c";"Biblia cum tabula noviter edita";"1494";"Null";"Null";"Null";"[456] f.";"Null";"Null"
"http://data.bnf.fr/ark:/12148/cb30170464b";"Psalterium beati Brunonis, episcopi Herbipolensis";"1494";"[Nürnberg]";"Anton Koberger";"1494";"Null";"Null";"Null"
"http://data.bnf.fr/ark:/12148/cb30180354z";"Gregorii Arimiensis In secundo Sententiarum libro expositio [a Francisco Busti edita]";"1494";"Milano";"Ulrich Scinzenzeler pour Pietro Antonio Castiglione";"1494";"[162] ff. signés a-t8, v10";"Null";"Null"
"http://data.bnf.fr/ark:/12148/cb301794515";"Bononia illustrata, auctore Nicolao Burtio";"1494";"Bologna";"Platone de' Benedetti";"1494";"Null";"Null";"Null"
"http://data.bnf.fr/ark:/12148/cb30186046z";"Silvae. Thebais. Achilleis";"1494";"Venetiis";"Null";"1494";"In-fol.";"Null";"Null"
"http://data.bnf.fr/ark:/12148/cb301860688";"Silvae, cum commentariis Domitii Calderini. Thebais. cum Lactantii commentariis. Achilleis, cum Maturantii commentariis...";"1494";"Venetiis";"Null";"1494";"In-fol.";"Null";"Null"
"http://data.bnf.fr/ark:/12148/cb302063945";"Dialogo de la seraphica virgine sancta Catherina da Siena de la divina providentia";"1494";"Venetia";"L. A. de Zonta";"1494";"In-4° . (Hain, 4691.)";"Null";"Null"
"http://data.bnf.fr/ark:/12148/cb30206731c";"Catho teutonice expositus. - Titre de départ : Incipit doctrina viri moralissimi Marci Cathonis, in cujus prologo decem decalogi precepta ponuntur, septem quoque virtutes contra mortalia septem vicia perpulcre interseruntur. - A la fin : Finem aspice Cathonis, in via morum viri gravissimi, cum teutonice interlinearibus expositionibus, impressi in Reuttlingen, a Michaele Greyff, anno M.CCCCC.XIIII, circa festum purificationis beate Marie Virginis";"1494";"Reutlingen";"M. Greyff";"1494";"In-4° , car. goth., 14 ff., fig. (Hain, 4746.)";"Null";"Null"
"http://data.bnf.fr/ark:/12148/cb30206656f";"Cato moralissimus, cum elegantissimo commento. - A la fin : Hic finem aspice Catonis, viri moralissimi et in via morum sane gravissimi, cum commento fratris Roberti de Evremodio, monachi Clarevallis... Impressum Parisii, in vico Sancti Jacobi, ad intersignium Sancti Georgii, per me Wolfgangnum Hopyl, anno salutis XCIIII post mille quadringentos, XIIII kalendas januarias";"1494";"Paris";"Wolfgang Hopyl";"1494";"signé a-d";"Null";"Null"
"http://data.bnf.fr/ark:/12148/cb30208700k";"I Frutti della lingua, di D. Cavalca";"1494";"Firenze";"[Bartolomeo de’ Libri";"1494";"Null";"Null";"Null"
"http://data.bnf.fr/ark:/12148/cb302087179";"Pungilingua per Frate Domenico Cavalca";"1494";"Venetiis";"Null";"1494";"In-4° . (Pellechet, 3448.)";"Null";"Null"
"http://data.bnf.fr/ark:/12148/cb302087028";"Medicina del cuore, ovvero Trattato della pazienza, di D. Cavalca";"1494";"Venezia";"per C. de Pensis de Mandello";"1494";"In-4° . (Pellechet, 3453.)";"Null";"Null"
"http://data.bnf.fr/ark:/12148/cb30213394n";"Commentarius Caesaris. A. Hirtii libri de bello Alexandrino, de bello Africo, de bello Hispano. Index Raimundi Marliani. Edente Hieronymo Bononio";"1494";"Venetiis";"Null";"1494";"In-fol.";"Null";"Null"
"http://data.bnf.fr/ark:/12148/cb30243236t";"Tullius de Officiis cum commentariis Petri Marsi ejusque recognitione... Insunt praeterea Paradoxa, de Amicitia, de Senectute, cum interpretibus suis (Omnibono Leoniceno et Martino Philetico)";"1494";"Venetiis";"impressum per Bonetum Locatellum, sumptibus Octaviani Scoti";"1494";"In-fol. (Pellechet, 3759.)";"Null";"Null"
"http://data.bnf.fr/ark:/12148/cb30243947d";"Marci Tulii Ciceronis Philippicae. Francisci Maturantii enarrationes in Philippicas";"1494";"Venetiis";"per Joannem de Tridino";"1494";"In-fol. (Pellechet, 3703.)";"Null";"Null"
"http://data.bnf.fr/ark:/12148/cb30244367m";"Cicero. De Proprietatibus terminorum";"1494";"[Speyer";"Peter Drach";"1494";"Null";"Null";"Null"
"http://data.bnf.fr/ark:/12148/cb30257214p";"Pandulphi Collenutii,... Oratio ad augustissimum principem Maximilianum Caesarem, Romanorum regem";"1494";"[Roma";"Johannes Besicken";"1494";"[8] ff.";"Null";"Null"
"http://data.bnf.fr/ark:/12148/cb30259610w";"In Laudem Serenissimi Ferdinandi, Hispaniarum regis, Bethicæ et regni Granatæ, obsidio victoria et triumphus...";"1494";"Null";"Null";"1494";"[36] f.";"Null";"http://gallica.bnf.fr/ark:/12148/bpt6k311623s"
"http://data.bnf.fr/ark:/12148/cb302606207";"Opera Agricolationum : Columellae : Var//onis : Catonisqz : nec non Palladii : cū excriptionibus D. Philippi // Beroaldi et commentariis quae in aliis impressionibus non extant";"1494";"Null";"Null";"Null";"In-fol.";"Null";"Null"
"http://data.bnf.fr/ark:/12148/cb302709924";"Joannis Jacobi Cornali... De forvicibus";"1494";"Craemonae";"per Rafaynum Ungaronum et Cesarem Parmensem";"1494";"8 p.";"Null";"http://gallica.bnf.fr/ark:/12148/bpt6k70207c"
"http://data.bnf.fr/ark:/12148/cb30305040b";"Profectuum religiosorum. - A la fin : Impensa et aere magistri Martini Morin, civis Rothomagensis... hic liber profectuum religiosorum... est impressus anno Domini 1494 die 30 octobris";"1494";"Rothomagi";"Null";"1494";"In-8° , car. goth., sign. A-S, marque typogr. de M. Morin sur le titre";"Null";"Null"
"http://data.bnf.fr/ark:/12148/cb30305080k";"Libri Regum ; hebr.]";"1494";"Leiriae in Lusitania";"Null";"1494";"In-fol.";"Null";"Null"
"http://data.bnf.fr/ark:/12148/cb303243979";"Speculum aureum animae peccatricis, auctore Dionysio Carthusiano";"1494";"[Paris";"Antoine Caillaut";"1494";"Null";"Null";"Null"
"http://data.bnf.fr/ark:/12148/cb30343822z";"Incomincia el libro de la vita de' philosophi et delle loro elegantissime sententie, extracto da D. Lahertio et da altri antiquissimi auctori";"1494";"Bologna";"nello edificio da charta della illustrissima madonna Zeneura Sforza de Bentivogli per maestro Hercules Nani";"1494";"In-4° . (Pellechet 4283.)";"Null";"Null"
"http://data.bnf.fr/ark:/12148/cb30352825z";"Tractatus corporis Christi, auctore Dozolt";"1494";"Parisiis";"P. Poullac";"1494";"In-8° . (Pellechet, 4446.)";"Null";"Null"
"http://data.bnf.fr/ark:/12148/cb303528269";"Tractatus corporis Christi, auctore Dozolt";"1494";"Parisiis";"G. Mittelhus";"1494";"In-8° . (Pellechet, 4447.)";"Null";"Null"
"http://data.bnf.fr/ark:/12148/cb30384814d";"Guilelmi Durandi Rationale divinorum officiorum [éd. Johannes Aloysius Tuscanus]";"1494";"[Lyon]";"Perrinus Lathomi, Bonifacius Johannis et Johannes de Villa Veteri";"1494";"Null";"Null";"Null"
"http://data.bnf.fr/ark:/12148/cb30406055s";"Aesopus moralisatus, cum bono commento, quod incipit : Grecia, disciplinarum mater";"1494";"Daventriae";"J. de Breda";"1494";"In-4° . (Pellechet, 217.)";"Null";"Null"
"http://data.bnf.fr/ark:/12148/cb30434316v";"Pimander, seu de Potestate et sapientia Dei";"1494";"Parisiis";"Null";"1494";"In-4° . (Hain, 8462.)";"Null";"Null"
"http://data.bnf.fr/ark:/12148/cb304655168";"F. Frezzi. Quatriregio del decorso della vita humana";"1494";"Bologna";"Null";"1494";"In-fol. (Pellechet, 4929.)";"Null";"Null"
"http://data.bnf.fr/ark:/12148/cb304690908";"Epitoma institutorum rei militaris...";"1494";"Romae";"Null";"1494";"In-4° . (Hain, *13120.)";"Null";"Null"
"http://data.bnf.fr/ark:/12148/cb30469091m";"De Re militari";"1494";"Romae";"Null";"1494";"In-4° , (Hain, 15915.)";"Null";"Null"
"http://data.bnf.fr/ark:/12148/cb30475856j";"Hippocratis Sententiae, cum commentariis Galeni, Laurentio Laurentiano interprete. - A la fin : Finiunt Sententiae Hippocratis et item commentationes Galeni in eas ipsas sententias editae, Laurentio Laurentiano, Florentino, interprete... quas Antonius Miscominus ex archetypo Laurentii diligenter auscultavit et formulis imprimi curavit, Florentiae, anno salutis M CCCC LXXXXIIII, decimo septimo kal. novembris";"1494";"Florentiae";"Null";"1494";"In-fol., sign. a-o";"Null";"Null"
"http://data.bnf.fr/ark:/12148/cb30492071x";"De Re militari...";"1494";"Romae";"Null";"1494";"In-4° . (Hain-Copinger, 15915.)";"Null";"Null"
"http://data.bnf.fr/ark:/12148/cb304975558";"Textus abbreviatus Aristotelis super octo libris Physicorum et totas naturali philosophia, nuper a magistro Thoma Bricot compilatus, una cum continuatine textus magistri Georgii Bruxellensis et quaestionibus ejusdem, de recenti ab eodem Thoma Bricot revisus";"1494";"Parisiis";"per J. Higman et V. Hopyl";"1494";"In-fol. (Hain-Copinger, 3971.)";"Null";"Null"
"http://data.bnf.fr/ark:/12148/cb30498772n";"Cordiale de quattuor novissimis [a Gerardo de Vliederhoven]. Exempla";"1494";"Deventer";"Jacobus de Breda";"1494";"50 ff. signés a-g6, h8";"Null";"Null"
"http://data.bnf.fr/ark:/12148/cb30498759f";"Commentaria in Isagogas Porphirii [Predicamenta Aristotelis, Sex principia Gilberti Poritani, Peri Hermenias Aristotelis]";"1494";"Köln";"Heinrich Quentell";"1494";"[160] ff. signés AA-ZZ6, 2AA-2CC6, 2DD4";"Null";"Null"
"http://data.bnf.fr/ark:/12148/cb304987719";"Cordiale de quattuor novissimis [a Gerardo de Vliederhoven]. Exempla";"1494";"Deventer";"Richardus Pafraet";"1494";"54 ff. signés a-h8/4, i6";"Null";"Null"
"http://data.bnf.fr/ark:/12148/cb305014357";"Opera Johannis Gerson...";"1494";"Strasbourg";"Martin Flach";"1494";"3 parties ; ill.";"Null";"Null"
"http://data.bnf.fr/ark:/12148/cb305070107";"Carmina de urinarum judiciis magistri Egidii, a M. Avenantio edita, cum expositione Gentilis de Fulgineo. Tractatus de pulsibus ejusdem auctoris, metrice compositus, a M. Avenantio editus, cum commento Gentilis de Fulgineo";"1494";"Venetiis";"B. Venetus";"1494";"In-4° . (Pellechet, 62.)";"Null";"Null"
"http://data.bnf.fr/ark:/12148/cb305390439";"De Situ orbis...";"1494";"Venetiis";"Null";"1494";"In-fol.";"Null";"Null"
"http://data.bnf.fr/ark:/12148/cb30540255w";"Theoderici Gresemundi junioris,... Lucubraciuncule bonarum septem artium liberalium...";"1494";"Mainz";"Peter Friedberg";"1494";"[42] ff. signés a-g6";"Null";"Null"
"http://data.bnf.fr/ark:/12148/cb30548880p";"De Ingenuis moribus";"1494";"Parisius";"Null";"1494";"In-4° . (Hain, 15995.)";"Null";"Null"
"http://data.bnf.fr/ark:/12148/cb305553516";"Manipulus curatorum [Guidonis de Monte Rocherio]";"1494";"[Parisi";"Antoine Caillaut";"1494";"122 ff. foliotés et signés a-o8, p10, le premier f. peut-être blanc";"Null";"Null"
"http://data.bnf.fr/ark:/12148/cb305553020";"Historia destructionis Troiae, per Guidonem de Columna";"1494";"Argentinae";"Null";"1494";"In-fol. (Pellechet, 3874.)";"Null";"Null"
"http://data.bnf.fr/ark:/12148/cb30555344x";"Manipulus curatorum Guidonis de Monte Rocherio";"1494";"Rouen";"Martin Morin pour lui-même et Charles de Bougne à Angers";"1494";"168 ff. foliotés et signés a-x8, le dernier blanc";"Null";"Null"
"http://data.bnf.fr/ark:/12148/cb30557525p";"Au ff. 1 : De Sacramento baptismi. G. Doctissimi viri Guillermi, parisiensis episcopi, Dialogus de sacramentis... - A la fin, avant la table : Explicit Guillermus Parisiensis super septem sacramentis. Deo gratias";"1494";"[Paris";"Antoine Caillaut";"1494";"80 ff. foliotés et signés A-H8, I10, [K]6";"Null";"Null"
"http://data.bnf.fr/ark:/12148/cb36812037m";"Le Letanie secundo l'ordine ambrosiano, seu [...] divi Ambrosii majoris Mediolani ad usum monachorum ordinis cisterciensis. Mediolani, impensa Petri Casole ordinarii Ecclesiae Mediolanensis";"1494";"[Milano]";"Antonio Zarotto. - pour Pietro Cassola";"1494";"4 °";"Null";"Null"
"http://data.bnf.fr/ark:/12148/cb368129311";"Auslegung der Hymnen (Explication des hymnes). Dernier cahier du volume indiqué par Hain, sous les nos 2145 et 16107, à la fin duquel se lit cette souscription : Finis tabule hujus. Et exarati sunt hi // hymni anno Domini MCCCCLXXXXIIII, // kalendas denique februarii doudenas (sic)";"1494";"(S. l.)";"Null";"1494";"In-4 °. Caractères gothiques";"Null";"Null"
"http://data.bnf.fr/ark:/12148/cb36814227b";"(F °. 1 °. r °.) Incipit ordo missalis Pm // consuetudinem romane curie // Nurmberge per georgium stuchs de sultzbach";"1494";"Venetiis";"J. Emericus";"1494";"Null";"Null";"Null"
"http://data.bnf.fr/ark:/12148/cb368151159";"[Psalterium cum canticis. Lat. et all. :] Psalterium cum apparatu vulgari. Lateinisch psalter mit den teutschen";"1494";"Augsburg";"Erhard Ratdolt";"1494";"4 °, ill.";"Null";"Null"
"http://data.bnf.fr/ark:/12148/cb36817454h";"Missale Coloniense";"1494";"Köln";"Heinrich Quentell";"1494";"2 °, ill.";"Null";"Null"
"http://data.bnf.fr/ark:/12148/cb36817836p";"Missale Pataviense";"1494";"Augsburg";"Erhard Ratdolt";"1494";"2 °, ill., musique";"Null";"Null"
"http://data.bnf.fr/ark:/12148/cb368190108";"Breviarium Cenomacense. Ed. Petrus Hennier";"1494";"Rouen";"Martin Morin pour Petrus Hennier au Mans";"1494";"5 + ? parties, 8 °";"Null";"Null"
"http://data.bnf.fr/ark:/12148/cb368205200";"[Manuale Constantiense]";"1494";"Rouen";"Jean Le Bourgeois pour Pierre Regnault à Caen";"1494";"4 °";"Null";"Null"
"http://data.bnf.fr/ark:/12148/cb36821611j";"Processionarium ordinis Fratrum Praedicatorum. (A la fin :) Auxiliante Deo et domino nostro Jesu Christo Processiona//lis libellus secundum ritum ordinis Fratrum Predicatorum, // deserviens processionibus tam de solemnitatibus quam pro de//functis,... //... per solertissimum virum Joannem Emericum // Alemanum de Spira, in alma Venetiarum urbe, acu//tissime impressum, explicit. Anno ab incarnatio//ne dominica M. CCCC. XC IIII, septimo idus octobris";"1494";"Venezia";"Johann Emerich pour Lucantonio Giunta";"1494";"In-8 °. Caractères gothiques. Figures";"Null";"Null"
"http://data.bnf.fr/ark:/12148/cb36821612w";"Liber Processionum. - Incipit liber processionum secundum ordinem Fratrum Predicatorum. - (A la fin :) Explicit liber processionum secundum morem almi ordinis Predicatorum, solertissime ac accuratissime castigatum... In alma Hispalensi urbe, Hispanie civitatum principe, est impressus per Meynardum Ungut alamanum et Stanislaum Polonum socios, anno a Christi natali M. CCCC. XCIIII... Finitus fuit anno supradicto, III nonas aprilis";"1494";"Séville";"Null";"1494";"In-4 °. Caractères gothiques. (Hain, n ° 13380)";"Null";"Null"
"http://data.bnf.fr/ark:/12148/cb36824778t";"[Horae ad usum Romanum.]";"1494";"Venezia";"Girolamo de Sanctis";"1494";"8 °, ill.";"Null";"Null"
"http://data.bnf.fr/ark:/12148/cb305974884";"Mercurii Trismegisti Liber de potestate et sapientia Dei, per Marsilium Ficinum traductus...";"1494";"Parisiis";"impr. W. Hopyl";"1494";"In-4° , car. goth. (Hain, 8462.)";"Null";"Null"
"http://data.bnf.fr/ark:/12148/cb30597932w";"Herodoti Halicarnasei libri novem, interprete L. Valla";"1494";"Venetiis";"impr. per J. et G. de Gregoriis";"1494";"In-fol., table, privilège et 134 ff., front. gravé. (Hain, *8472.)";"Null";"Null"
"http://data.bnf.fr/ark:/12148/cb30606495g";"Hippocratis Sententiae, cum commentationibus Galeni, Laurentio Laurentiano interprete";"1494";"Florentiae";"A. Miscominis formulis imprimi curavit";"1494";"In-fol. (Hain, *8672.)";"Null";"Null"
"http://data.bnf.fr/ark:/12148/cb306119637";"Ropertus Holkot. Super libros Sapientie...";"1494";"Hagenoae";"Null";"1494";"In-fol. (Hain, *8761.)";"Null";"Null"
"http://data.bnf.fr/ark:/12148/cb306164303";"Horatii Opera, cum commentariis Acronis, Porphyrionis, Landini et Mancinelli";"1494";"Venetiis";"a Boneto Locatello impressa, impensis O. Schoti";"1494";"In-fol. (Hain-Copinger, *8890.)";"Null";"Null"
"http://data.bnf.fr/ark:/12148/cb30635270z";"Liber Lotharii de vilitate conditionis humanae. - De Proprietatibus Romanorum";"1494";"Paris";"Pierre Levet";"1494";"Null";"Null";"Null"
"http://data.bnf.fr/ark:/12148/cb30636692m";"Dialogus sive Synonima Ysidori de homine et ratione, castigata per magistrum Jacobum Lupi";"1494";"Impressa Parisius";"per G. Mercatoris";"1494";"In-8° . (Hain-Copinger, 9298.)";"Null";"Null"
"http://data.bnf.fr/ark:/12148/cb306555888";"Joannis de Sacro Bosco Sphaera mundi, una cum additionibus insertis ac familiarissima textus expositione Petri de Alliaco";"1494";"Parisiis";"per W. Hopyl";"1494";"In-fol. (Hain-Copinger, 14119.)";"Null";"Null"
"http://data.bnf.fr/ark:/12148/cb306621728";"Guidonis Juvenalis In latinae linguae elegantias interpretatio";"1494";"Paris";"Ulrich Gering et Berthold Rembolt";"1494";"Null";"Null";"Null"
"http://data.bnf.fr/ark:/12148/cb30670492f";"Digestum infortiatum [Justiniani], cum glossa";"1494";"Venetiis";"ex off. G. Mantuani ex Rivahenorum familia";"1494";"In-fol. (Hain, *9572.)";"Null";"Null"
"http://data.bnf.fr/ark:/12148/cb30670345n";"Volumen Bernardini de Tridino de Monteferrato, noviter cum summa ac diligenti correctione impressum. [Novellarum constitutionum libri ex Authentico, Codicis libri X-XII, Feudorum consuetudines, Extravagantes cum apparatu Bartholi.]";"1494";"Venetiis";"per B. de Tridino de Monteferrato";"1494";"In-fol. (Hain, *9634.)";"Null";"Null"
"http://data.bnf.fr/ark:/12148/cb30670760n";"Juvenalis Satirae, cum commentariis D. Calderini, Probi Birthii et G. Vallae, D. Calderini Defensio adversus Brotheum. Bonifacii Bugellani de Satyra et modi punctandi orationes";"1494";"Taurini";"per Nicolaum de Benedictis et Jacobinum Suigum";"1494";"In-fol. (Hain-Copinger, 9707.)";"Null";"Null"
"http://data.bnf.fr/ark:/12148/cb30670762b";"Juvenalis Satirae, cum commentariis D. Calderini, G. Vallae et A. Mancinelli";"1494";"Venetiis";"per J. de Cereto de Tridino";"1494";"In-fol. (Hain-Copinger, *9710.)";"Null";"Null"
"http://data.bnf.fr/ark:/12148/cb306703627";"Justiniani Institutiones";"1494";"Lugduni";"apud P. Lathomum";"1494";"In-fol. (Hain, *9531.)";"Null";"Null"
"http://data.bnf.fr/ark:/12148/cb30677529n";"Opera et libri vite fratris Thome de Kempis. [Petrus Danhausser edidit. Georgii Pirckamer Petro Danhausser Epistola.]";"1494";"Nurembergae";"per C. Hochfeder";"1494";"In-fol. (Hain, 9769.)";"Null";"Null"
"http://data.bnf.fr/ark:/12148/cb307119564";"Thebaidos libri XII";"1494";"Venetiis";"Null";"1494";"In-fol.";"Null";"Null"
"http://data.bnf.fr/ark:/12148/cb30711868v";"Lactantii Firmiani de Divinis institutionibus libri septem. Ejusdem de Ira Dei, ad Donatum ; de Opificio. Dei et formatione hominis ad Demetrianum. Carmina ejusdem de foenice. Ovidius de Phoenice (Metamorph., XV, 391-402), Dantes Phoenice (Inferno, XXIV, 107-112), et de Die resurrectionis dominicae. Errata per fratrem Antonium Raudensem collecta. Hieronymus de Lactantio ex libro de Viris illustribus. Nephitomon [sic] ejusdem. Item Tertuliani Apologeticus adversus gentes... castigati ac nuper impressi";"1494";"Venetiis";"cura et expensis O. Scoti per B. Locatellum";"1494";"In-fol. (Hain, *9817.)";"Null";"Null"
"http://data.bnf.fr/ark:/12148/cb307379607";"Sermones quadragesimales Thesauri novi. [Petro de Palude auctore.]";"1494";"Strasbourg";"[Martin Flach]";"1494";"In-fol";"Null";"Null"
"http://data.bnf.fr/ark:/12148/cb307385533";"Resolutorium dubiorum circa celebrationem missarum occurrentium, auctore Joanne a Lapide";"1494";"Argentinae";"M. Flach";"1494";"In-4° . (Hain-Copinger, *9909.)";"Null";"Null"
"http://data.bnf.fr/ark:/12148/cb307735275";"Le Recueil des histoires troiennes, contenans troys livres... [Par Raoul Le Fèvre] - Au recto du dernier feuillet : Finist le Recueil des histoires de Troies, contenant la généalogie d'icelle... Imprimé à Paris, par Anthoine Vérard...";"1494";"Paris";"Antoine Vérard";"1494";"175 ff. non ch.";"Null";"http://gallica.bnf.fr/ark:/12148/btv1b7300035t"
"http://data.bnf.fr/ark:/12148/cb38494955r";"[Illustrations de Historia Baltica, de las Islas halladas en las Indias]";"1494";"Basel";"J. Bergmann Van Olpe";"1494";"6 est. : grav. sur bois : n. et b. ; 7,5 x 11,2 cm et moins";"http://data.bnf.fr/ark:/12148/cb119312786";"http://gallica.bnf.fr/ark:/12148/btv1b2000004h"
"http://data.bnf.fr/ark:/12148/cb30810625z";"Le Livre des Rois.]";"1494";"Leiria";"Null";"1494";"In-fol.";"Null";"Null"
"http://data.bnf.fr/ark:/12148/cb38639957r";"triple écu , 1494 ?";"1494";"Montélimar";"Null";"1494";"Null";"Null";"http://gallica.bnf.fr/ark:/12148/btv1b7700495f"
"http://data.bnf.fr/ark:/12148/cb386913891";"Terentii comoediae, cum commentariis Aelii Donati et Guidonis Juvenalis : A la fin : Venetiis, per Simonem papiensem, dictum Bevilaqua, impensis egregii viri Lazari de Isoardi,... MCCCCLXXXXIIII";"1494";"Venezia";"Simone Bevilacqua pour Lazzaro Suardi";"1494";"226 f. signés a-i κ l-s6 t8 u-z6 &6 ɔ6 R̸6 A-K6 L8, le dernier blanc";"Null";"Null"
"http://data.bnf.fr/ark:/12148/cb38692556v";"Cose vulgare del Politiano";"1494";"Bologna";"Platone de' Benedetti";"1494";"[42] ff. signés A-C8, D6, E8, F4";"Null";"Null"
"http://data.bnf.fr/ark:/12148/cb30832280w";"Los Proverbios de Yñigo Lópes de Mendoça, con su glosa. - A la fin : Fenescen los Proverbios de Iñigo Lópes de Mendoça, marqués de Santillana. Con el tractado de providencia contra fortuna, conpuesto por Diego de Valera. Impressos en Sevilla, por Menardo Ungut, Aleman, y Stanislao, Polono... A quinze días del mes de noviembre, año del Señor de mill y quatro cientos y noventa y quatro";"1494";"Sevilla";"Null";"1494";"In-4° . (Hain, 10207.)";"Null";"Null"
"http://data.bnf.fr/ark:/12148/cb308433511";"[Lucianus.] De Veris narrationibus. De Asino aureo. Philosophorum vitae. Scipio. Tyrannus. Schapidium. Palinurus. Charon. Diogenes. Therpsion. Hercules. Virtus Dea. In Amorem. Timon";"1494";"Venetiis";"Null";"1494";"In-4° . (Hain, 10261.)";"Null";"Null"
"http://data.bnf.fr/ark:/12148/cb30862304p";"Oratio habita apud Alexandrum sextum. - Fol. 1ro : Ad illustrissimum et sapientissimum principem Ludovicum Sfortiam... Jason de Mayno jurisconsultus... Ex Academia ticinensi duodecimo kalendas januarii, anno salutis dominice M. CCCC. LXXXXII... Jasonis de Mayno,... Oratio habita apud Alexandrum sextum, pont. maximum... - A la fin : Acta Rome idibus decembris, anno salutis dominice M. CCCC. LXXXXII. ...";"1494";"(S. l.";"Null";"1494";"In-4° , 4 ff.";"Null";"Null"
"http://data.bnf.fr/ark:/12148/cb30862309d";"Oratio in matrimonium Maximiliani regis et Blancae Mariae reginae Romanorum. - Fol. 1ro : Oratio Jasonis ad Romanorum regem. Jasonis Mayni,... ad serenissimum Maximilianum invictissimum Romanorum regem in auspicatissimis ejus et Augustae Blanchemariae nuptiis epithalamion... - A la fin : Actum Ispurch, die VII. maii, anno a Natali Christiano M. CCCC. XCIIII";"1494";"(S. l.";"Null";"1494";"In-4° , 11 p.";"Null";"Null"
"http://data.bnf.fr/ark:/12148/cb30870235d";"De Situ orbis";"1494";"(Venetiis)";"Null";"1494";"In-fol.";"Null";"Null"
"http://data.bnf.fr/ark:/12148/cb308739143";"Parthenice secunda sive Catharinaria. In Robertum Severinatem panegyricum carmen. Somnium Romanum. Epigrammata ad Falconem. In divum Albertum carmelitam carmen. De Vita divi Ludovici Morbioli. De Contemnenda morte.";"1494";"Parisiis";"Georg Wolf [et Johannes Philippi]";"1494";"In-4°";"Null";"Null"
"http://data.bnf.fr/ark:/12148/cb308738709";"Fratris Baptiste Mantuani,... de Suorum temporum calamitatibus liber";"1494";"Parisiis";"Null";"1494";"In-4° . (Pellechet, 1799.)";"Null";"Null"
"http://data.bnf.fr/ark:/12148/cb30873904s";"Parthenice prima sive Mariana. Ad beatam Mariam virginem votum. Contra poetas impudice loquentes. [Précédé de :] Commendatio parthenices. Apologeticon";"1494";"Paris";"Georg Wolf et Johannes Philippi";"1494";"In-4, ill.";"Null";"Null"
"http://data.bnf.fr/ark:/12148/cb308931029";"Dévotes louanges à la Vierge Marie";"1494";"Paris";"Félix Baligault pour Guillaume Eustace et pour Simon Vostre";"1494";"117 ff. n. ch., sign. a-p, à longues lignes";"Null";"http://gallica.bnf.fr/ark:/12148/bpt6k70551p"
"http://data.bnf.fr/ark:/12148/cb39303144r";"Rationale divinorum officiorum";"1494";"Nürnberg";"A. Koberger";"1494";"Null";"Null";"Null"
"http://data.bnf.fr/ark:/12148/cb39304656c";"Dialogus beati Gregorii pape : ejusq[ue] diaconi Petri in quattuor libros divisus...";"1494";"[Paris]";"Ulrich Gering et Berthold Rembolt";"1494";"Sig. a-m8";"Null";"Null"
"http://data.bnf.fr/ark:/12148/cb393059495";"Tractatus corporis Christi quomodo sacerdotes de debeant habere erga eucharistiam consecrandam";"1494";"Paris";"Georg Mittellhus";"1494";"Sig. a-b8, c6";"Null";"Null"
"http://data.bnf.fr/ark:/12148/cb309082879";"Auctores octo morales";"1494";"Lugduni";"Null";"1494";"In-4° . (Pellechet, 1432.)";"Null";"Null"
"http://data.bnf.fr/ark:/12148/cb309075109";"Quadragesimale de legibus seu anime fidelis, magistri Leonardi de Utino";"1494";"Lugduni";"J. Trechsel";"1494";"In-4° . (Hain-Copinger, *16122.)";"Null";"Null"
"http://data.bnf.fr/ark:/12148/cb309088393";"Rosetum exercitiorum spiritualium et sacrarum meditationum, in quo etiam habetur materia predicabilis per totum anni circulum... [Authore J. Mauburno.]";"1494";"(S. l.,)";"Null";"1494";"In-fol. (Hain, *13995.)";"Null";"Null"
"http://data.bnf.fr/ark:/12148/cb39310241g";"Opera Alberti Magni ad logicam pertinentia";"1494";"Venetiis";"per Johannem et Gregorium de Gregoriis";"1494";"In-fol.";"Null";"Null"
"http://data.bnf.fr/ark:/12148/cb39344940n";"Des cas des nobles hommes et femmes renversés par la fortune trad. par maître Laurent";"1494";"[Paris";"A. Vérard";"1494";"In fol";"Null";"Null"
"http://data.bnf.fr/ark:/12148/cb30934182z";"Tractatus Gulielmi Hentisberi de sensu composito et diviso. Regule ejusdem cum sophismatibus. Declaratio Gaetani supra easdem. Expositio litteralis supra tractatum de tribus. Questio Messini de motu locali cum expletione Gaetani. Scriptum supra eodem Angeli de Fosambruno. Bernardi Torni annotata supra eodem. Simon de Lendenaria supra sex sophismata. Tractatus Hentisberi de veritate et falsitate propositionis. Conclusiones ejusdem. [Omnia a Joanne Maria Mapello edita.]";"1494";"Venezia";"Boneto Locatello pour Ottaviano Scoto";"1494";"204 ff. foliotés et signés a-z8, τ8, ɔ6, ♃6";"Null";"Null"
"http://data.bnf.fr/ark:/12148/cb30942900q";"Sermones Michaelis de Ungaria, predicabiles per totum annum, licet breves";"1494";"Argentine";"Null";"1494";"In-4° (Hain, *9049)";"Null";"Null"
"http://data.bnf.fr/ark:/12148/cb309554666";"Epitome institutorum rei militaris...";"1494";"Romae";"Null";"1494";"In-4° . (Hain, *15915.)";"Null";"Null"
"http://data.bnf.fr/ark:/12148/cb30962238w";"Anatomia. Fol. a v° : Vincentius Georgius Licius,... Antonio Megleczulo et Angliperto Carlino,... - Fol. a II r° : Incipit. Anothomia [sic] Mundini. Quia ut ait G. 7°... - A la fin : Explicit Anothomia Mundini, que emendata fuit per egregium artium ac medicine doctorem Vincentium Georgium Licium in florentissimo gymnasio patavino et impressa Venetiis per Bernardinum Venetum expensis B. Hieronymi Duranti M. CCCC. 94, die 20 februarii regnante d. A.B.";"1494";"Venezia";"Bernardino Vitali pour Girolamo Duranti";"1494";"Car. goth., sign. a-f, marque de l'imprimeur en fin";"Null";"Null"
"http://data.bnf.fr/ark:/12148/cb310167750";"Liber Posteriorum magistri Pauli Veneti";"1494";"Impressum Venetiis";"per S. Papiensem dictum Bivilaqua";"1494";"In-fol. (Hain, 12514)";"Null";"Null"
"http://data.bnf.fr/ark:/12148/cb31016792k";"Pauli Veneti Universalia predicamenta, sexque principia";"1494";"Venetiis";"per B. Locatellum";"1494";"In-fol. (Hain, 12520.)";"Null";"Null"
"http://data.bnf.fr/ark:/12148/cb31017214n";"Consolatorium timorate conscientie. - Fol. 1 : Prologus. Consolatorium timorate conscientie venerabilis fratris Johannis Nider,... - A la fin : Tantum de consolatione timorate conscientie dixisse sufficiat. A cujusmodi compilatione si quisque quod suum est recipere velit, nichil aut modicum autori manebit. Exaratum quippe est hoc opusculum Parisius per magistrum Perrum [sic] Le Dru, anno Millesimo. CCCC. XCIIII, ultima die januarii. - Tabula... - Finit tabula Consolatorii timorate conscientie magistri Johannis Nider";"1494";"(Paris,)";"Pierre Le Dru";"1494";"In-8° , sign. a-p, car. goth.";"Null";"Null"
"http://data.bnf.fr/ark:/12148/cb31030513v";"Priscorum heroum stemmata Thomae Ochsenbrunner";"1494";"Romae";"per J. Besicken et S. Mayr";"1494";"In-4° . (Hain-Copinger, *11934.)";"Null";"Null"
"http://data.bnf.fr/ark:/12148/cb310303150";"Dialogus magistri Guillermi de Ockam, doctoris famosissimi";"1494";"[Lyon]";"Johann Trechsel";"1494";"286 ff. foliotés (avec des erreurs) et signés [✽]10, a-s8, t-v10";"Null";"Null"
"http://data.bnf.fr/ark:/12148/cb31031170t";"Odonis episcop. cameracensis Expositio canonis Missae...";"1494";"Parisiis";"Null";"1494";"In-8° . (Hain, 11961.)";"Null";"Null"
"http://data.bnf.fr/ark:/12148/cb310378481";"[De Optimo imperatore.] Fol. 1, recto. Titre : Onosander ad. Q. Verannium de Optimo Imperatore ejusque officio per Nicolaum Sagundinum e graeco in latinum traductus. Quitandi aut venandi, piscandi denique vel agros colendi. A la fin : Onosandri de optimo Imperatore, ejusque officio, per Nicolaum Sagundinum e graeco in latinum traducti. Finis";"1494";"Romae";"Franck";"1494";"In-4° , 16 ff. ch., sign. A-D, car. rom., à longues lignes";"Null";"Null"
"http://data.bnf.fr/ark:/12148/cb31037849c";"Epitome de re militari...";"1494";"Romae";"Null";"1494";"In-4° . (Hain, *15915.)";"Null";"Null"
"http://data.bnf.fr/ark:/12148/cb31038874t";"Summule philosophie rationalis, seu Logica excellentissimi artium et theologiae professoris magistri Nicolai Dorbelli, secundum doctrinam doctoris subtilis Scoti. - A la fin : Impressumque Basileae per Michaelem Fuster, anno... 1493";"1494";"(Basileae";"Null";"1494";"In-4° . (Hain, *12044.)";"Null";"Null"
"http://data.bnf.fr/ark:/12148/cb310463625";"Ovidio de Arte amandi et de Remedio amoris, cum comento [Bartholomaei Merulae]";"1494";"(Venetiis";"impr. J. de Tridino, alias Tacuinus";"1494";"In-fol. (Hain-Copinger, *12219.)";"Null";"Null"
"http://data.bnf.fr/ark:/12148/cb31046747c";"[Lo Libro de les Transformacions del poeta Ovidi.]";"1494";"(Estamp. en Barcelona";"per P. Miguel";"1494";"In-fol. (Hain-Copinger, 12167.)";"Null";"Null"
"http://data.bnf.fr/ark:/12148/cb310539431";"[De Septem foribus.] Titre, fol. 1 r° : Iste libellus intitulatur de septem foribus seu festis Beate Virginis qualiter in quolibet sit honoranda. - (Fol. 1 v° :) Iste septem fores... collecte sunt... per quendam... sacre theologie professorem, Ordinis fratrum heremitarum sancti Augustini, anno Domini mille simo quadringentesimo nonagesimo primo. - A la fin : Libellus devotione multa refertus de septem foribus... inscriptum per religiosum et devotum presbyterum fratrem Joannem Paltz,... salubriter editus ac impressus per me Hermannum de Ketwich, civem Coloniensem, impressus anno salutis 1494, in die sancte Lucie virginis ac martyris finit feliciter";"1494";"(Cologne,)";"Null";"1494";"In-8° , 2 col., car. goth., sign. a-d.";"Null";"Null"
"http://data.bnf.fr/ark:/12148/cb310690378";"[Sermones praedicabiles a Septuagesima usque ad tertium diem Paschae.] Paulina predicabilis... per magistrum Paulum,... composita...";"1494";"[Siena";"Henricus de Harlem";"1494";"Signé a-n4";"Null";"Null"
"http://data.bnf.fr/ark:/12148/cb310790066";"Summa aurea de virtutibus et viciis";"1494";"Brescia";"Angelo et Jacopo de' Britannici";"1494";"2 parties : [220] ff. signés a12, a-z8, τ8, ɔ 8, ♃8, le dernier blanc ; 164 ff. signés A-G8, H12, I-V8, le dernier blanc";"Null";"Null"
"http://data.bnf.fr/ark:/12148/cb31078995w";"Sermones fratris Guillelmi Lugdunensis super epistolas de tempore. - Fol. A. II, ra : Dominica I adven. Incipiunt sermones fratris Guillielmi Lugdunensis super epistolas de tempore. - Fol. M. VII, r° : Finis sermonum fratris Guillelmi, episcopi Lugdunensis, super epistolas dominicales totius anni. Impressum Parisius in vico Sorbone, ad intersignium solis aurei per magistrum Udalricum Gering et magistrum Bertholdum Rembolt, socios. Anno Domini millesimo quadringentesimo nonagesimo quarto, ultima junii. Deo gratias. - Fol. M VII, v° : Sequitur tabula secundum ordinem alphabeticum. - Fol. N VIII v° : Laus Deo";"1494";"Paris";"Ulrich Gering et Berthold Rembolt";"1494";"[296] ff. signés a8, B8, c-z8, τ8, A-N8";"Null";"Null"
"http://data.bnf.fr/ark:/12148/cb31083625w";"Nicolai Perotti Cornucopiae, sive Commentariorum linguae latinae libri, cum ejusdem commentariis sive expositionibus in Caii Plinii secundi proemium. Edidit L. Odaxius";"1494";"Venetiis";"per D. de Bertochis";"1494";"In-fol. (Hain-Copinger, *12702.)";"Null";"Null"
"http://data.bnf.fr/ark:/12148/cb31094505f";"[Triumphi del Petrarcha, col commento di Bernardo Glicino, emendato per Gabriele Bruno. - Sonetti con canzoni di Francescho Petrarcha, con la interpretatione di Francescho Philelpho continuata da Girolamo Squarzafico, castigati per Hieronymo Centone.]";"1494";"[Venetia ?]";"Null";"1494";"2 parties en 1 vol. in-fol. (Hain-Copinger, 12775 ; Fiske, p. 82-83.)";"Null";"Null"
"http://data.bnf.fr/ark:/12148/cb31107212x";"Enee Silvii de Duobus amantibus Eurialo et Lucretia opusculum";"1494";"Paris";"[Johannes Higman et] Wolfgang Hopyl";"1494";"Null";"Null";"Null"
"http://data.bnf.fr/ark:/12148/cb31125049n";"De Ingenuis moribus";"1494";"Parisius";"Null";"1494";"In-4° . (Hain-Copinger, 15995.)";"Null";"Null"
"http://data.bnf.fr/ark:/12148/cb31137540m";"Incipiunt exercitata veteris artis, quae sunt Ysagoge Porphirii, Praedicamenta Aristotelis cum duobus libris periarmenias [sic] ejusdem, collecta et bene emendata per... magistrum Johannem Peyrreut,... - A la fin : Impressa... in... civitate Nurembergensi, impensis Friderici Kreüsnerss, anno... 1494";"1494";"Nuremberg";"F. Kreüsner";"1494";"In-4° , sign. a-y, fig. gr. au titre";"Null";"Null"
"http://data.bnf.fr/ark:/12148/cb31158773s";"La Confessione di Luigi Pulci. Lauda del M. Lorenzo de Medici";"1494";"[Firenze]";"[Lorenzo Morgiani]";"1494";"4 feuillets";"Null";"Null"
"http://data.bnf.fr/ark:/12148/cb31165824b";"M. F. Quintiliani Declamationes";"1494";"Parmae";"Null";"1494";"In-fol. (Hain-Copinger, *13659.)";"Null";"Null"
"http://data.bnf.fr/ark:/12148/cb311929475";"Auctores octo...";"1494";"Lugduni";"Null";"1494";"In-4° . (Pellechet, 1432.)";"Null";"Null"
"http://data.bnf.fr/ark:/12148/cb312011084";"De Verbo mirifico";"1494";"[Basel]";"Johannes Amerbach";"1494";"[50] f.";"Null";"Null"
"http://data.bnf.fr/ark:/12148/cb31211383n";"Richardi de Sancto Victore de Arca mystica et de duodecim patriarchis";"1494";"(S. l.,)";"Null";"1494";"In-8° . (Hain-Copinger, *13912.)";"Null";"Null"
"http://data.bnf.fr/ark:/12148/cb31237898x";"Libellus de venerabili sacramento et valore missarum [auctore W. Rolevinck]";"1494";"[Paris";"Antoine Caillaut";"1494";"14 ff. n. ch.";"Null";"Null"
"http://data.bnf.fr/ark:/12148/cb313063845";"Prohemio sopra la expositione del Pater Noster composta in latino da fra Hieronymo da Ferrara... et traducta... in vulgare. - Epistola di Frate Hieronymo a una devota donna bolognese";"1494";"Firenze";"A. Mischomini";"1494";"In-4° . (Hain-Cop.-Reichl., 14447 ; B. M., VI, 644.)";"Null";"Null"
"http://data.bnf.fr/ark:/12148/cb31351830f";"Pistole del moralissimo Seneca nuovamente fatte volgare [da Sebastiano Manilio]";"1494";"Venise";"S. et B. di Nalli";"1494";"In-fol. (Hain-Copinger, 14606 ; Polain, 3485.)";"Null";"Null"
"http://data.bnf.fr/ark:/12148/cb31351804w";"Epistole Senece. - (Fol. @ 5, r° :) Seneca Paulo. Incipit Prologus beati Hieronimi super Epistolas Pauli ad Senecam et Senece ad Paulum... Incipit Epistola Senece ad Paulum. - (Fol. @ 7, v° :) Epitaphium Senece in morte";"1494";"Parisiis";"C. Jaumar, (typis P. Le Dru,)";"1494";"In-4° . (Copinger, 5349 ; Polain, 3484.)";"Null";"Null"
"http://data.bnf.fr/ark:/12148/cb42545223v";"Les Lunettes des princes. Vingt-cinq ballades. Commémoration de la passion. Oraison « Donneur. Sentier … ». - Épitaphe de Meschinot";"1494";"Paris";"Pierre Le Caron";"1494";"2 vol.";"Null";"Null"
"http://data.bnf.fr/ark:/12148/cb313802514";"Bartholomei Sozini... Commentaria super titulo ff. de condi. et demon. ...";"1494";"In civitate Pisarum";"impr. per U. Rugierum";"1494";"In-fol. (Hain, 14839.)";"Null";"Null"
"http://data.bnf.fr/ark:/12148/cb31396635n";"[Statii Opera, cum Domitii, Lactantii, Maturantii commentariis.]";"1494";"Venetiis";"per B. de Zanis";"1494";"In-fol. (Hain-Copinger, *14979.)";"Null";"Null"
"http://data.bnf.fr/ark:/12148/cb31411782r";"Strabo, de Situ orbis";"1494";"(Venetiis,)";"per Joannem (Rubeum) Vercellensem";"1494";"In-fol. (Hain-Copinger, *15090.)";"Null";"Null"
"http://data.bnf.fr/ark:/12148/cb314204419";"Flavii Vegetii Renati,... Epitoma institutorum rei militaris... Sexti Julii Frontini,... Strategematicon... Modestus, De Re militari... Aeliani de Instruendis aciebus opus... Onosander... De Optimo imperatore ejusque officio, per Nicolaum Sagundinum... traductus";"1494";"Romae";"Null";"1494";"5 parties en 1 vol. in-4° . (Hain-Copinger, *15915.)";"Null";"Null"
"http://data.bnf.fr/ark:/12148/cb31439892p";"Modus legendi abbreviaturas in utroque jure . - Auerbach (Johannes). Processus judiciarius. - Tractatus praesumptionum. - Dominicus de Vicentia. Summa qualiter notarii debeant officium exercere. - Tractatus notariatus. - Johannes, moine cistercien. Defensorium juris. - Innocentius IV, pape. Tractatus exceptionum. - Dinus de Mugello. Tractatus praescriptionum. - Jacobi (Petrus), de Aureliaco. De Arbitris et arbitratoribus. - Galvanus de Bononia. Differentiae legum et canonum. - Bartolus de Saxoferrato. De Tabellionibus";"1494";"Argentine";"[imprimeur du Jordanus de Quedlinburg = Georg Husner]";"1494";"In-fol.";"Null";"Null"
"http://data.bnf.fr/ark:/12148/cb31443156n";"Belial en françoys [Compilé par Jacques de Anchorano et translaté de latin en françoys par Pierre Ferget]";"1494";"Lyon";"Jean de Vingle";"1494";"Null";"Null";"http://gallica.bnf.fr/ark:/12148/btv1b7300037n"
"http://data.bnf.fr/ark:/12148/cb314456586";"Positiones circa libros Phisicorum et de Anima Arestotelis juxta ordinarium et disputativum processum magistrorum Colonie in Bursa Montis regentium... [Congeste ex scriptis Henrici Gorychem, Gerardi de Monte, Gerardi de Elten, Henrici de Orsoe, juxta processum Lamberti de Monte.]";"1494";"Coloniae";"H. Quentell";"1494";"In-fol., initiale ornée. (Hain, *13304 ; Pellechet, 1200.)";"Null";"Null"
"http://data.bnf.fr/ark:/12148/cb31461958g";"Cathena aurea Angelici divinique doctoris, sancti Thome de Aquino,... nuper redacta super omnia evangelia dominicalia et ferialia, nec non super quedam de sanctis. Per... fratrem Petrum de Vincentia,...";"1494";"In alma Venetiarum civitate";"J. Rubeus";"1494";"In-4° . (Hain-Copinger, *1337 ; Pellechet, 940.)";"Null";"Null"
"http://data.bnf.fr/ark:/12148/cb314621157";"Confessionale, seu Libellus optimus beati Thome de Aquino, de Modo confitendi et de puritate conscientie";"1494";"[Paris";"Antoine Caillaut";"1494";"Null";"Null";"Null"
"http://data.bnf.fr/ark:/12148/cb31462150r";"[Boetius. De Consolatione philosophie, necnon de Disciplina scholarium, cum commento sancti Thome.]";"1494";"Lugduni";"per J. de Prato";"1494";"In-4° . (Hain-Copinger, 3406 ; Copinger, 1117 ; Pellechet, 2534 ; Gesamtkatalog der Wiegendrucke, IV, 4557 ; Polain, 3773.)";"Null";"Null"
"http://data.bnf.fr/ark:/12148/cb31462114w";"Confessionale beati Thome de Aquino de modo confitendi et de puritate conscientie...";"1494";"[Paris";"Antoine Caillaut";"1494";"Signé a-b8, c6";"Null";"Null"
"http://data.bnf.fr/ark:/12148/cb31497345j";"Institutio vite sacerdotalis... Johannis Tritemii,...";"1494";"(Moguntiae";"per P. Friedberg";"1494";"In-4° , (Hain, *15622 ; Br. Mus., Books pr. XVth c., t. I, p. 46.)";"Null";"Null"
"http://data.bnf.fr/ark:/12148/cb31497348k";"De Laudibus sanctissime matris Anne tractatus... Joannis Tritemii,...";"1494";"In civitate Maguntina";"per P. Friedbergensem";"1494";"In-4° . (Hain, *15632 ; Br. Mus., Books pr. XVth c., t. I, p. 46.)";"Null";"Null"
"http://data.bnf.fr/ark:/12148/cb31497369j";"Liber de Scriptoribus ecclesiasticis [Johannis Trithemii]";"1494";"Basileae";"(J. Amerbach,)";"1494";"In-fol. (Hain, *15613 ; C. W. Heckethorn, Printers of Basle, p. 38.)";"Null";"Null"
"http://data.bnf.fr/ark:/12148/cb31497346w";"De Laude scriptorum pulcherrimus tractatus... Johannis Tritemii,...";"1494";"Moguntiae";"per P. Friedbergensem";"1494";"In-4° . (Hain, *15617.)";"Null";"Null"
"http://data.bnf.fr/ark:/12148/cb31528784h";"Summarium textuale et conclusiones super Sextum et Clementinas [per Johannem Koelner de Vankel]";"1494";"(Coloniae,)";"per J. Koelhoff";"1494";"2 parties en 1 vol. in-fol. (Hain-Copinger, *9788 ; Voullième, n  695.)";"Null";"Null"
"http://data.bnf.fr/ark:/12148/cb31552922p";"Vegetius. De Re militari. [Sexti Julii Frontini,... Strategematicon liber primus. Modestus de Re militari. Aeliani de Instruendis aciebus... a Theodoro Thessalonicense latinum factum. Onosander... de Optimo imperatore ejusque officio, per Nicolaum Sagundinum e graeco in latinum traductus.]";"1494";"Romae";"impressum per E. Silber";"1494";"In-4° . (Hain, *15915 ; Br. Mus., Books pr. XVth c., IV, 116.)";"Null";"Null"
"http://data.bnf.fr/ark:/12148/cb31559325r";"Petri Pauli Vergerii de Ingenuis moribus. Traductio de Tirannide ex Xenophonte ; Guarini Veronensis In Plutarchis prefatio. Hyeronimi presbyteri de Officiis liberorum erga parentes brevis admonitio. - Au fol. [AII] : Petri Pauli Vergerii,... ad Ubertinum Carariensem de Ingenuis moribus opus preclarissimum. - Au fol. [BVII v°] : Basilii viri eruditissimi et sanctissimi et legendis antiquorum libris opusculum divinum. - Au fol. [CV] : Ex Xenophonte : Leonardi Aretini traductio de Tyrannide. - Au fol. [DIII v°] : Guarini Veronensis In Plutarcum praefatio. - Au fol. [DIIII] : Plutarchus de Liberis educandis. - Au fol. [EIIII v°] : Hieronymi presbyteri de Officiis liberorum erga parentes brevis admonitio. - Au fol. [EV v°] : Parisius, per Guidonem Mercatoris, MCCCC LXXXXIIII, die XXI. novembris";"1494";"Parisius";"Null";"1494";"In-4° , sign. A-D⁽8, E⁽6, car. goth., fig. gr. sur bois au v  du titre et à la fin, marque de Guiot Marchant au titre. (Hain-Copinger, 15995.)";"Null";"Null"
"http://data.bnf.fr/ark:/12148/cb31565991f";"Questiones magistri Johannis Versoris super libros Ethicorum Arestotelis et textus ejusdem...";"1494";"(Coloniae,)";"per H. Quentel";"1494";"In-fol. (Hain*, 16054 ; Voullième, 1222 ; Polain, 3926.)";"Null";"Null"
"http://data.bnf.fr/ark:/12148/cb31587677z";"[Speculum historiale Vincentii usque in suum tempus, cum additionibus historiarum annexis usque in tempus fere currens videlicet 1494.]";"1494";"Venetiis";"impensis H. Liechtenstein";"1494";"In-fol. à 2 col., car. goth., 22 ff. n. ch. pour les tables et pièces limin., 465 ff. avec des erreurs de foliotation et le registrum. (Copinger, II, 6241 (IV) ; Br. Mus., Cat. of books pr. XVth c., t. V, p. 359 ; Polain, t. IV, n  3937 (IV).)";"Null";"Null"
"http://data.bnf.fr/ark:/12148/cb315913667";"P. Virgilii Maronis Opus eximium, per Paulum Malleolum Andelocensum,... iterata diligentia plane recognitum atque tanta novissime attentione emendatum ut non modo sententiarum (quod potissimum est) verum et punctorum et orthographię quoque ratio quam accuratissime fuerit observata";"1494";"Parisiis";"per U. Gering et B. Reymbolt socios";"1494";"In-4° . (Copinger, 6034 et *40 ; Mambelli, 74.)";"Null";"Null"
"http://data.bnf.fr/ark:/12148/cb315921151";"Bucoliche elegantissimamente composte da Bernardo Pulci,... et da Francesco de Arsochi,... et da Hieronymo Benivieni,... et da Jacopo Fiorino de Boninsegni,...";"1494";"In Firenze";"per A. Mischomini";"1494";"In-4° , fig. gr. sur b. au titre, marque à la fin. (Copinger, 6139 et *143 ; Br. Mus., Books pr. XVth c., t. VI, p. 643 ; Mambelli, 994 ; Goff, p. 624, v-217.)";"Null";"Null"
"http://data.bnf.fr/ark:/12148/cb31606994n";"Sermones quadragesimales, temporis, necnon sanctorum per totius anni circulum... Jacobi de Voragine,...";"1494";"Lugduni";"J. Trechsel";"1494";"3 parties en 1 vol. in-4° . (A. Castan, Catalogue des incunables de la bibliothèque... de Besançon, 973 ; Copinger, 6524 ; Reichling, 1112 ; Claudin, t. IV, p. 77 ; Goff, J-199.)";"Null";"Null"
"http://data.bnf.fr/ark:/12148/cb31606933f";"[La Légende dorée en françoys [par Jacques de Voragine. Trad. Jean de Vignay. Éd. Jean Battalier]";"1494";"Paris";"Jean Du Pré pour lui-même et pour André Bocard";"1494";"255 ff.";"Null";"http://gallica.bnf.fr/ark:/12148/btv1b86042934"
"http://data.bnf.fr/ark:/12148/cb316561171";"De conceptu et triplici Marię Virginis gloriosissime candore";"1494";"[Basileae]";"J. Bergmann";"1494";"Signé a-e⁽8";"Null";"http://gallica.bnf.fr/ark:/12148/bpt6k707141"
"http://data.bnf.fr/ark:/12148/cb31656113n";"Stylpho Jacobi Vympfelingii ...";"1494";"[Basel]";"[Johann Bergmann]";"1494";"Null";"Null";"Null"
"http://data.bnf.fr/ark:/12148/cb31674008q";"Libre dels angels";"1494";"Barcelona";"J. Rosenbach";"1494";"In-fol. (Pellechet, 11850 ; Goff, X-11 ; Haebler, Bibliografia iberica, 704 ; Vindel Angulo, I, 156 ; Bruner y Prieto, 104.)";"Null";"Null"
"http://data.bnf.fr/ark:/12148/cb316736560";"Petri Pauli Vergerii de Ingenius moribus. Traductio de Tirannide ex Xenophonte. Guarini Veronensis In Plutarchis prefatio. Hyeronimi presbyteri de Officiis liberorum erga parentes brevis admonitio";"1494";"Parisius";"per Guidonem Mercatoris";"1494";"In-4° . (Hain-Copinger, 15995 ; Proctor, 7994 ; Pellechet-Polain, 11470 ; Goff, V-138, p. 621.)";"Null";"Null"
"http://data.bnf.fr/ark:/12148/cb317098917";"Doctrinale. - (Fol. 1 Ve :) Commentum utilissimum Doctrinalis clarissimi poete laureati ac theologie domini Monachi Lombard // Felix qui potuit rerum cognoscere causas // Scribuntur hec in Georgica, et Aristoteles in libro Posteriorum : scire est rem per causam cognoscere, etc // In principio hujus libri videndum est... - (A la fin :) Bonifacii goneris Bugellani ad lectorem carmen. // Qui cupis et doctus celer et grammaticus esse, // Thaurini impressum compera, lector, opus, // Impensis propriis Nicolaus de Benedictis, // Atque Jacobinus quod dedit ipse Suigus...";"1494";"Turin";"Null";"1494";"Null";"Null";"Null"
"http://data.bnf.fr/ark:/12148/cb31709892k";"Doctrinale cum commento (Ludovici de Guaschis.)";"1494";"Venetiis, Manfredus de Bonellis";"Null";"1494";"Null";"Null";"Null"
"http://data.bnf.fr/ark:/12148/cb31742170g";"Incipit Augustinus de virtute psalmorum. - 'A la fin' : Explicit Augustinus de virtute psalmorum";"1494";"(Paris, U. Gering et B. Rembolt";"Null";"1494";"Null";"Null";"Null"
"http://data.bnf.fr/ark:/12148/cb31899387n";"Petri Pauli Vergerii de Ingenuis moribus. Traductio de Tirannide ex Xenophonte ; Guarini Veronensis In Plutarchis prefatio. Hyeronimi presbyteri de Officiis liberorum erga parentes brevis admonitio";"1494";"Parisiis";"Null";"1494";"Null";"Null";"Null"
"http://data.bnf.fr/ark:/12148/cb31930653x";"Les lettres envoyées du roy nostre sire à nosseig//neurs de parlement, des comptes et de l'hostel de la // ville de Paris, datées du x jour de septembre, l'an // de grace mil CCCC. IIII. vingt et quatorze";"1494";"[Paris";"Pierre Le Caron";"1494";"[2] ff.";"Null";"Null"
"http://data.bnf.fr/ark:/12148/cb31991740b";"1-2. Opera...";"1494";"Nurembergae";"Null";"1494";"Null";"Null";"Null"
"http://data.bnf.fr/ark:/12148/cb32025839h";"Johannes de Sacro Bosco. Sphaera mundi...";"1494";"Parisiis";"Null";"1494";"Null";"Null";"Null"
"http://data.bnf.fr/ark:/12148/cb32207163v";"Sermones super orationem dominicam dictiones in ea contentas abundentissime declarantes compositi per fratrem Guillermum religiosum Hilacensis cenobii";"1494";"Paris";"Ulrich Gering et Berthold Rembolt";"1494";"[264] ff. signés a-z8, τ8, ɔ8, A-H8, le dernier blanc";"Null";"Null"
"http://data.bnf.fr/ark:/12148/cb32206990q";"Postilla. - (Fol. a1v° :) [V]itam bonam et exitum beatum. Ego, frater Guilhelmus, sacre theologie professor minimus Parisius educatus. - (Fol. a2r° :) Incipit Postilla super evangelia et primo dominicalia secundum sensum litteralem juxta concordantias evangelistarum. - (Fol. i7v° :) Evangeliorum dominicalium postilla per circulum anni finit feliciter. Incipit Postilla super evangelia de sanctis. - (Fol. n2r° :) Postilla evangeliorum dominicalium necnon de sanctis finit feliciter. - [(Fol. n3r° :) Epistolarum de tempore et sanctis liber incipit. - (A la fin :) Postilla epistolarum et evangeliorum dominicalium necnon de sanctis expilcit (sic), anno Domini MCCCCLXXXXIIII., die VII. mensis novembris.]";"1494";"[Lyon";"s. n.]";"1494";"[164] ff. signés a-t8, v-x6";"Null";"Null"
"http://data.bnf.fr/ark:/12148/cb323482950";"Trionfi";"1494";"Mediolani";"Null";"1494";"Null";"Null";"Null"
"http://data.bnf.fr/ark:/12148/cb32463337g";"Manipulus curatorum";"1494";"Rouen";"Jean Le Bourgois";"1494";"150 ff. foliotés et signés [a]8, b-s8, t6";"Null";"http://gallica.bnf.fr/ark:/12148/bpt6k110654h"
"http://data.bnf.fr/ark:/12148/cb32948251d";"Les Faiz maistre Alain Charetier";"1494";"Paris";"Null";"1494";"In-fol., 134 ff. n. ch. sign. a-b8, c6, d8, e-k6, A-B8, C6, D8, E6, F8, G-K6, car. goth., fig. gr. s. bois, marque typogr. à la fin. (G.K.W. 6559). [Acq. 286-61]";"Null";"Null"
"http://data.bnf.fr/ark:/12148/cb33242968j";"́Ανθολογία διαφόρων έπιγραμμάτων Anthologia epigrammatum graecorum Planudis rhetoris, cura Jo. Lascaris";"1494";"Null";"Null";"1494";"[279] f.";"Null";"Null"
"http://data.bnf.fr/ark:/12148/cb333536310";"Lo doctrinal de sapiensa";"1494";"[Toulouse";"Heinrich Mayer";"1494";"54 f.";"Null";"http://gallica.bnf.fr/ark:/12148/bpt6k1106356"
"http://data.bnf.fr/ark:/12148/cb334281452";"Le livre tressalutaire de limitation de nostre seigneur Jhesucrist";"1494";"Null";"Null";"1494";"104-[4 bl.] f. (sig. a-m8, n6, [ ]4)";"Null";"Null"
"http://data.bnf.fr/ark:/12148/cb33496844m";"Lomme pecheur par personnages";"1494";"Paris";"le Petit Laurens pour Guillaume Eustace";"1494";"[146] f.";"Null";"http://gallica.bnf.fr/ark:/12148/bpt6k111263h"
"http://data.bnf.fr/ark:/12148/cb33496860v";"Cest le mistere de la passion Jesucrist jouee a paris et angiers";"1494";"S. l. [Paris]";"S. n. [Étienne Jehannot et Le Petit Laurent]";"1494";"[208] f.";"Null";"Null"
"http://data.bnf.fr/ark:/12148/cb336128372";"Statuta civitatis Parmae";"1494";"Parmae";"Null";"1494";"In-fol.";"Null";"Null"
"http://data.bnf.fr/ark:/12148/cb33715541c";"(Arrêt de Parlement par lequel le chapitre de St Lau-lès-Angers est confirmé en la jouissance de ses droits de péage sur les bateaux passant par la Loire, dans les limites de la prévôté de Ruzebourg.)";"1494";"(Orléans)";"(Hotot)";"1494";"8°";"Null";"Null"
"http://data.bnf.fr/ark:/12148/cb33715532d";"(Arrêts du parlement, des 3 avril 1492 et 1er décembre 1494, portant règlement entre les examinateurs de par le roi au Châtelet de Paris et les examinateurs ordinaires dudit Châtelet, pour la distribution des enquêtes et commissions.)";"1494";"(S. l. n. d.)";"Null";"1494";"4°";"Null";"Null"
"http://data.bnf.fr/ark:/12148/cb33768952w";"(Exemplaire à peu près complet et débris d'un second exemplaire des lettres d'indulgences publiées en 1494 pour la construction de l'église ou chapelle de Notre-Dame de Hautefage, au diocèse d'Agen, et de la Maison-Dieu ou léproserie de la même localité. La formule commence par les mots :) Auctoritate apostolica concessum est omnibus confratribus et sororibus sancte confratrie Beate Marie de Altafagia, Agemiensis diocesis...";"1494";"[S. l. n. d. ?]";"Null";"1494";"Feuillet haut d'environ 288 millimètres sur 195. Caractères gothiques";"Null";"Null"
"http://data.bnf.fr/ark:/12148/cb33810334h";"(Déclaration du Roi au sujet de ses projets de guerre contre les Turcs.)";"1494";"(S. l.)";"Null";"1494";"In-4°, 4 ff.";"Null";"Null"
"http://data.bnf.fr/ark:/12148/cb35872467r";"Marcus Tullius Cicero De Officiis contenant troys volumes parlant de justice et injustice et des quattre vertuz cardinalles";"1494";"Lyon";"[Claude Dayne]";"1494";"[66] f., sig. a⁸b-h⁶i-k⁸";"Null";"Null"
"http://data.bnf.fr/ark:/12148/cb35951170b";"[Sans titre]";"1494";"Null";"Null";"1494";"[586] f.";"Null";"Null"
"http://data.bnf.fr/ark:/12148/cb35951177r";"[Sans titre]";"1494";"Null";"Null";"Null";"[542] f.";"Null";"Null"
"http://data.bnf.fr/ark:/12148/cb35951221d";"Psalterium cum apparatu vulgari = Lateinisch psalter mit den teutschen";"1494";"Null";"Null";"Null";"[12]-CX f.";"Null";"Null"
"http://data.bnf.fr/ark:/12148/cb35951084r";"Biblia cum concordantiis veteris et novi testamenti";"1494";"Null";"Null";"1494";"[408] f.";"Null";"Null"
