id;title;date;place;publisher;firstyear;description;subject;gallica
"http://data.bnf.fr/ark:/12148/cb42852066k";"Danse humoristique, pour piano";"1370";"Paris";"éditions Maurice Senart";"1370";"Null";"Null";"Null"
"http://data.bnf.fr/ark:/12148/cc960643";"Milḥmwt hašem";"1370";"Null";"Null";"Null";"207 f.";"Null";"http://gallica.bnf.fr/ark:/12148/btv1b107200542"
"http://data.bnf.fr/ark:/12148/cb33715470p";"Arrêt du Parlement";"1370";"[S. l. n. d. ?]";"Null";"1370";"Null";"Null";"Null"
"http://data.bnf.fr/ark:/12148/cb33810049q";"(Lettres patentes du Roi accordant à Pierre Scatisse, son trésorier, le four et la juridiction de Villevieille, dans la sénéchaussée de Beaucaire)";"1370";"(S. l. n. d.)";"Null";"1370";"In-4°, 2 p.";"Null";"Null"
