id;title;date;place;publisher;firstyear;description;subject;gallica
"http://data.bnf.fr/ark:/12148/cb40677217x";"Carte des royaumes d'Aragon et de Tunis d'après le traité conclu le 14 février 1271 entre D. Jayme et l'émir Abou-Abdallah. C. Emonts del";"1271";"[S.l.]";"[s.n.]";"1271";"1 flle : 20 x 17 cm";"Null";"Null"
"http://data.bnf.fr/ark:/12148/cc83698";"Qiyṣwr Seper miṣwwt gadwl";"1271";"Null";"Null";"Null";"75 f.";"Null";"http://gallica.bnf.fr/ark:/12148/btv1b107208884"
"http://data.bnf.fr/ark:/12148/cb33809926h";"Fundatio capellaniae Sancti Ludovici in Sancta Capella parisiensi";"1271";"(S. l. n. d.)";"Null";"1271";"In-fol., 4 p.";"Null";"Null"
"http://data.bnf.fr/ark:/12148/cb35876740h";"Mercury pollution and enforcement of the refuse Act 3";"1271";"Washington";"Government printing office";"1271";"Null";"Null";"Null"
