id;title;date;place;publisher;firstyear;description;subject;gallica
"http://data.bnf.fr/ark:/12148/cc84902";"Moïse Maïmonide (1138-1204). Commentaire sur le traité nézikin de la Mishnah. ‫‫  משה בן מימון, 1138-1204. ‫  פרוש המשנה לרמבם (סדר נשים)";"1399";"Null";"Null";"Null";"98 f.";"Null";"http://gallica.bnf.fr/ark:/12148/btv1b105400796"
"http://data.bnf.fr/ark:/12148/cc8497h";"Moïse Maïmonide (1138-1204). Peyrwš hamišnah (seder našiym)";"1399";"Null";"Null";"Null";"98 f.";"Null";"http://gallica.bnf.fr/ark:/12148/btv1b105400811"
"http://data.bnf.fr/ark:/12148/cb33752587s";"Lettres patentes données pour Louis duc d'Orléans et la duchesse d'Orléans son épouse... contenant permission de jouir des droits et privilèges de pairie dans les comtés de Blois et de Dunois...";"1399";"(S. l. n. d.)";"Null";"1399";"In-4°";"Null";"Null"
"http://data.bnf.fr/ark:/12148/cb33810086x";"Ordonnance portant que toutes les fermes du domaine seront criées, baillées et délivrées en présence du procureur du Roy et que l'on fera les apprétiations des grains et autres droits qui ne se payent pas en argent";"1399";"(S. l. n. d.)";"Null";"1399";"In-4°, 2 p.";"Null";"Null"
