id;title;date;place;publisher;firstyear;description;subject;gallica
"http://data.bnf.fr/ark:/12148/cb30007501s";"Alberti Magni de Eucharistiae sacramento sermones XXXII";"1477";"(Basileae";"apud B. Richel.)";"1477";"In-fol. Car. goth. (Pellechet, 289.)";"Null";"Null"
"http://data.bnf.fr/ark:/12148/cb30007500f";"Alberti Magni de Eucharistiae sacramento sermones XXXII";"1477";"(Coloniae)";"(Johannes Guldenschaff)";"1477";"In-fol. Car. goth.";"Null";"Null"
"http://data.bnf.fr/ark:/12148/cb30007636q";"Alberti Magni Summa de Eucharistiae sacramento";"1477";"(Coloniae,)";"per J. Guldenschaff";"1477";"In-fol.";"Null";"Null"
"http://data.bnf.fr/ark:/12148/cb30007530c";"Alberti Magni Postilla in Evangelium Johannis";"1477";"[Köln";"Johann Guldenschaff";"1477";"Car. goth.";"Null";"Null"
"http://data.bnf.fr/ark:/12148/cb30007515g";"Alberti Magni liber de Mysterio seu de officio missae";"1477";"[Köln";"Johann Guldenschaff";"1477";"Null";"Null";"Null"
"http://data.bnf.fr/ark:/12148/cb300157670";"Divi Ambrosii Hexahemeros. Liber de paradiso. Sermo de ortu Adae. Sermo de arbore interdicta et liber de Cain et Abel. Cum auctoris vita secundum Paulinum, episcopum Nolanum. (Edente Masello Venia.)";"1477";"(Mediolani";"per A. Zarotum";"1477";"In-fol. (Pellechet, 587.)";"Null";"Null"
"http://data.bnf.fr/ark:/12148/cb30019526t";"Tractatus magistri Johannis Andree super arboribus consanguinitatis, affinitatis necnon spiritualis cognationis";"1477";"Norimbergae";"per F. Creussner";"1477";"In-fol. (Pellechet, 645.)";"Null";"Null"
"http://data.bnf.fr/ark:/12148/cb300198944";"Antonii Andreae quaestiones super XII. libros Metaphysicae Aristotelis, emendatae per magistrum Thomam de Anglia";"1477";"Vicentiae";"expensis Nicholai Petri de Harlem";"1477";"In-fol. (Pellechet, 626.)";"Null";"Null"
"http://data.bnf.fr/ark:/12148/cb30023103t";"Confessionale volgare di frate Antonino, arcivescovo di Firenze, intitolato Specchio di coscienza, ovvero Omnis mortalium cura";"1477";"Florentiae";"apud Sanctum Jacobum de Ripolis";"1477";"In-8° . (Pellechet, 863.)";"Null";"Null"
"http://data.bnf.fr/ark:/12148/cb30023966x";"Opera quae supersunt, latine a P. Candido Decembrio";"1477";"Venetiis";"per Bernardum Pictorem, Erhardum Ratdolt et Petrum Lostein";"1477";"2 vol. in-fol. (Pellechet, 915.)";"Null";"Null"
"http://data.bnf.fr/ark:/12148/cb30027878m";"Secreta secretorum Aristotelis";"1477";"[Paris";"imprimeur de Guillelmus de Ockham, Dialogorum libri septem (H 11937)";"1477";"[68] ff., le prmier et le dernier blancs";"Null";"Null"
"http://data.bnf.fr/ark:/12148/cb30032690x";"Commentarius in orationes Ciceronis";"1477";"Venetiis";"per J. de Colonia et J. Manthen de Gerretzem";"1477";"In-fol. (Pellechet, 1400.)";"Null";"Null"
"http://data.bnf.fr/ark:/12148/cb300339842";"Enarrationes in Epistolas S. Pauli";"1477";"Romae";"per Udalricum Gallum, alias Han";"1477";"In-fol. (Pellechet, 1411.)";"Null";"Null"
"http://data.bnf.fr/ark:/12148/cb30039345z";"Sermones divi Aurelii Augustini ad heremitas";"1477";"Mutinae";"per B. de Struciis";"1477";"In-4° . (Pellechet, 1510.)";"Null";"Null"
"http://data.bnf.fr/ark:/12148/cb30038840c";"Divi Aurelii Augustini de Civitate Dei";"1477";"Neapoli";"Mathias Moravus";"1477";"In-fol. (Pellechet, 1552.)";"Null";"Null"
"http://data.bnf.fr/ark:/12148/cb30039777p";"Noctes atticae Auli Gellii";"1477";"Venezia";"Andrea Paltasichi";"1477";"[198] ff.";"Null";"Null"
"http://data.bnf.fr/ark:/12148/cb30040152q";"Gai Plinii Secundi,... vel potius S. Aurelii Victoris... liber illustrium Virorum";"1477";"Venezia";"Andrea Paltasichi";"1477";"Null";"Null";"Null"
"http://data.bnf.fr/ark:/12148/cb30041984s";"Explanatio Gentilis de Fulgineo in tertium librum Canonis Avicennae";"1477";"Patavii";"per P. Maufer";"1477";"In-fol. (Hain, 7564.)";"Null";"Null"
"http://data.bnf.fr/ark:/12148/cb300632017";"Bartholomaei de Sancto Concordio summa de casibus conscientiae";"1477";"Albiae";"per J. Neumeister";"1477";"In-fol. (Pellechet, 1889.)";"Null";"Null"
"http://data.bnf.fr/ark:/12148/cb300631327";"Lectura Bartoli de Saxoferrato super tribus libris Codicis, cum additionibus Angeli de Ubaldis et Alexandri de Imola";"1477";"Venetiis";"impr. per N. Jenson";"1477";"In-fol. (Pellechet, 1916.)";"Null";"Null"
"http://data.bnf.fr/ark:/12148/cb30063137z";"Lectura Bartoli de Saxoferrato super Authenticis";"1477";"Mediolani";"impr. impensa Petri Antonii de Casteliono per C. Valdarfer";"1477";"In-fol. (Pellechet, 1952.)";"Null";"Null"
"http://data.bnf.fr/ark:/12148/cb30070576f";"Rosarium Decretorum domini Guidonis a Baiisio";"1477";"Romae";"per S. Nicolai de Luca";"1477";"In-fol. (Pellechet. 2013.)";"Null";"Null"
"http://data.bnf.fr/ark:/12148/cb30078420g";"Vita del beato Giovanni Colombino, da Feo Belcari";"1477";"Firenze";"Nicolò di Lorenzo";"1477";"Null";"Null";"Null"
"http://data.bnf.fr/ark:/12148/cb300855954";"Commentaria in libros posteriores Aristotelis...";"1477";"(Venetiis,)";"Null";"1477";"In-fol. (Hain, *12511.)";"Null";"Null"
"http://data.bnf.fr/ark:/12148/cb30094149t";"Liber Bibliae moralis, seu Reductorium morale super totam Bibliam F. Petri Berchorii";"1477";"(Coloniae,)";"B. de Unckel";"1477";"In-fol. (Pellechet, 2059.)";"Null";"Null"
"http://data.bnf.fr/ark:/12148/cb30094148g";"Liber Bibliae moralis, seu Reductorium morale super totam Bibliam F. Petri Berchorii";"1477";"Daventriae";"R. Paffroed";"1477";"In-fol. (Pellechet, 2058.)";"Null";"Null"
"http://data.bnf.fr/ark:/12148/cb30100731r";"Libro intitulato Monte sancto di Dio, composto da messer Antonio da Siena, veschovo di Fuligno, della Congregatione de' poveri Jesuati (Antonio Bettini)";"1477";"Florentie";"per Nicolo di Lorenzo Dellamagna";"1477";"In-4° , gravures en taille douce. (Hain, 1276.)";"Null";"Null"
"http://data.bnf.fr/ark:/12148/cb301183386";"Le Livre de la consolation de philosophie (de Boèce), compilé par Reynier de S. Trudon et translaté de latin en françois";"1477";"Bruges";"Colard Mansion";"1477";"Null";"Null";"http://gallica.bnf.fr/ark:/12148/bpt6k1075148t"
"http://data.bnf.fr/ark:/12148/cb301253229";"Vita del glorioso seraphico patre san Francesco, compilata per meser Bonaventura, cardinale de la sancta matre ecchiesa";"1477";"Milano";"per Antonio Zaroto";"1477";"In-fol. (Hain, 3574.)";"Null";"Null"
"http://data.bnf.fr/ark:/12148/cb301252868";"Fol. a 2 : Incipit breviloquium fratris Bonefortune de ordine minorum. - A la fin : Finitur hic breviloquium fratris Boneventure, ordinis minorum. - 2e partie fol. a : Incipit preclarum opus quod Biblia pauperum appellatur, a domino Bonaventura, Ordinis minorum, perutile omnibus predicatoribus. - A la fin : Explicit opus preclarum domini Bonaventure Biblia pauperum nuncupatum, impressionique Venetiis deditum impensis Johannis de Colonia sociique ejus Johannis Manthen de Gherretzem, anno Domini MCCCCLXXVII";"1477";"Venetiis";"Null";"1477";"2 parties en 1 vol. in-4° , car. goth., sign. a-g et a-d, 40 l.";"Null";"Null"
"http://data.bnf.fr/ark:/12148/cb301265045";"Liber sextus Decretalium. - (Q)uia preposterus est ordo... Incipit liber sextus decretalium Bonifacii pape octavi... - A la fin : Sextus liber decretalium haud modica diligentia correctus. Parisius impressus per Martinum, Udalricum et Michaelem finit feliciter. Anno M CCCC LXXV, die X aprilis";"1477";"Basileae";"per M. Wenszler";"1477";"In-fol. (Hain, *3596.)";"Null";"Null"
"http://data.bnf.fr/ark:/12148/cb301260592";"Additiones ad Angeli de Aretio tractatum de maleficiis";"1477";"[Ferrara]";"Severino de Ferrara";"1477";"[252] ff.";"Null";"Null"
"http://data.bnf.fr/ark:/12148/cb301253705";"Quaestiones domini Bonaventurae super secundo Sententiarum";"1477";"Tarvisii";"per Hermanum Lichtenstein";"1477";"In-fol. (Hain-Copinger, *3539.)";"Null";"Null"
"http://data.bnf.fr/ark:/12148/cb30125369z";"Commentarius in secundum librum Sententiarum Petri Lombardi. Éd. Thomas Penketh";"1477";"Venetiis";"per Theodoricum de Reynsburch et Reynaldum de Novimagio";"1477";"Null";"Null";"Null"
"http://data.bnf.fr/ark:/12148/cb30126505h";"Liber sextus Decretalium. - (Q)uia preposterus est ordo... Incipit liber sextus decretalium Bonifacii pape octavi... - A la fin : Sextus liber decretalium haud modica diligentia correctus. Parisius impressus per Martinum, Udalricum et Michaelem finit feliciter. Anno M CCCC LXXV, die X aprilis";"1477";"Basileae";"per M. Wenszler";"1477";"In-fol. (Hain, *3595.)";"Null";"Null"
"http://data.bnf.fr/ark:/12148/cb301303914";"Tractatus de questionibus et tormentis";"1477";"Parisiis";"Null";"1477";"In-4° . (Pellechet, 1751.)";"Null";"Null"
"http://data.bnf.fr/ark:/12148/cb30157346d";"Psalterium Davidis...";"1477";"Mediolani";"Null";"1477";"In-4° . (Hain-Copinger, 3766.)";"Null";"Null"
"http://data.bnf.fr/ark:/12148/cb30170167j";"Leonardi Aretini de studiis et litteris";"1477";"[Roma";"Johannes Schurener ?";"1477";"Null";"Null";"Null"
"http://data.bnf.fr/ark:/12148/cb301768804";"Sonetti di G. Burchiello";"1477";"Venezia";"per T. d'Alexandria";"1477";"In-4° , (Hain, 4097.)";"Null";"Null"
"http://data.bnf.fr/ark:/12148/cb301784241";"Gualterus Burlaeus. Libellus de vita et moribus philosophorum et poetarum";"1477";"Nürnberg";"Anton Koberger";"1477";"Null";"Null";"Null"
"http://data.bnf.fr/ark:/12148/cb301970301";"Auctoritates utriusque Testamenti, per G. Carli collectae";"1477";"(Coloniae";"Peter de Olpe";"1477";"In-fol. (Copinger, 1156.)";"Null";"Null"
"http://data.bnf.fr/ark:/12148/cb302067123";"Le Cathon en françoys. - Fol. 1 recto : En ce petit livret est contenue une briefve et utille doctrine pour toutes gens... - Fol. 3 v° : Cy finyst la table et les rebryches de ce présent livre qui est dit le Cathon en françoys tres singulier et prouffitable. Amen";"1477";"[Lyon";"Martin Huss";"1477";"74 ff., sign. [ ]4, a-b8, c-d6, e-f8, G6, g8, h-i6";"Null";"Null"
"http://data.bnf.fr/ark:/12148/cb302120999";"Mocenici imperatoris gestorum libri III (auctore Cepio Coriolano)";"1477";"Venetiis";"per B. Pictorem et E. Ratdolt de Augusta";"1477";"In-4° . (Pellechet, 3474.)";"Null";"Null"
"http://data.bnf.fr/ark:/12148/cb302133892";"Caesaris Commentarii de bello Gallico et de bello civili. Auli Hirtii libri de bello Alexandrino, de bello Africo et de bello Hispaniensi. Index Raimundi Marliani. Edidit Petrus Justinus Philelphus";"1477";"Mediolani";"Null";"1477";"In-fol. (Pellechet, 3142.)";"Null";"Null"
"http://data.bnf.fr/ark:/12148/cb30216077z";"Bartholomaei de Chaimis Interrogatorium, sive Confessionale";"1477";"Norimbergae";"F. Creussner";"1477";"In-fol. (Pellechet, 1860.)";"Null";"Null"
"http://data.bnf.fr/ark:/12148/cb30243110v";"M. Tullii Ciceronis de Finibus bonorum et malorum libri V";"1477";"Parisiis";"per L. Symonel, R. Blandin et J. Symon";"1477";"In-fol. (Pellechet, 3788.)";"Null";"Null"
"http://data.bnf.fr/ark:/12148/cb302429684";"M. T. Ciceronis Epistolae ad familiares";"1477";"Venetiis";"per J. de Fivizano";"1477";"In-fol. (Pellechet, 3601.)";"Null";"Null"
"http://data.bnf.fr/ark:/12148/cb30243227v";"M. Tullii Ciceronis de Officiis libri, Paradoxa, de Amicitia et de Senectute dialogi, Somnium Scipionis. Accedunt XII sapientum versus";"1477";"Parisiis";"per L. Symonel, R. Blandin et J. Symon";"1477";"In-fol. (Pellechet, 3736.)";"Null";"Null"
"http://data.bnf.fr/ark:/12148/cb302432286";"M. Tullii Ciceronis de Officiis libri, Paradoxa, de Amicitia et de Senectute libri, Somnium Scipionis. Accedunt XII sapientum versus";"1477";"Parmae";"Null";"1477";"In-4° . (Pellechet, 3735.)";"Null";"Null"
"http://data.bnf.fr/ark:/12148/cb30293692f";"Epistolae. Libri tres B. Cypriani contra Judaeos";"1477";"Deventer";"R. Paffroy";"1477";"In-fol. (Campbell, 520.)";"Null";"Null"
"http://data.bnf.fr/ark:/12148/cb30296227m";"De Baptismo Sancti Spiritus et ejus virtute, opusculum presbyteri Simonis Dalmate, ex civitate Pharensi";"1477";"Venezia";"Guillelmus Gallus";"1477";"In-4";"Null";"Null"
"http://data.bnf.fr/ark:/12148/cb30299259z";"La Divina Commedia di Dante Alighieri";"1477";"Napoli";"[imprimeur du Dante (GW 7961)]";"1477";"Null";"Null";"Null"
"http://data.bnf.fr/ark:/12148/cb302992605";"La Divina Commedia di Dante Alighieri, col commento di Benvenuto da Imola, la vita di Dante da Boccacio, il Credo, i capitoli di Bosone da Gobbio e di Jacopo Alighieri";"1477";"[Venezia]";"Wendelinus de Spira";"1477";"Null";"Null";"Null"
"http://data.bnf.fr/ark:/12148/cb303021161";"Eloquentissimi viri ac precipui oratorie artis doctoris Augustini, Senensis, variis loquendi regulis sive poetarum preceptis tractatulus incipit feliciter. - F. 54 v° : Eloquentissimi ac precipui oratoris artis doctoris Augustini, Senensis, de variis loquendi regulis orandique modis tractatus finit feliciter. Quedam Guarini precepta de studendi ordine ad I. M. Ferrarie Leonellum scripta. - A la fin : Prestantissimi oratoris et poete egregii Guarini Veronensis de studendi ordine orandique modis precepta feliciter expliciunt. Anno LXXVij";"1477";"(S. l.,)";"Null";"1477";"In-4° , car. goth., 56 ff.";"Null";"Null"
"http://data.bnf.fr/ark:/12148/cb30305096z";"Liber Psalmorum ; hebr.]";"1477";"(S. l.";"Null";"1477";"In-fol.";"Null";"Null"
"http://data.bnf.fr/ark:/12148/cb30324543x";"Dionysi Periegetae de Situ orbis, interprete Antonio Beccharia";"1477";"Venetiis";"Null";"1477";"In-4° . (Pellechet, 4293. Hain, 6226)";"Null";"Null"
"http://data.bnf.fr/ark:/12148/cb30340474c";"Historia trojana Dictys Cretensis";"1477";"Milano";"[Arcangelo Ungardo]";"1477";"Null";"Null";"Null"
"http://data.bnf.fr/ark:/12148/cb30377664x";"Quaestiones quodlibetales Johannis Duns Scoti, a Thoma Penketh emendatae";"1477";"Venezia";"Johannes de Colonia et Johannes Manthen";"1477";"In-2";"Null";"Null"
"http://data.bnf.fr/ark:/12148/cb30384802d";"Guilelmi Durandi Rationale divinorum officiorum [éd. Johannes Aloysius Tuscanus]";"1477";"Roma";"Georg Lauer";"1477";"Null";"Null";"Null"
"http://data.bnf.fr/ark:/12148/cb30384803r";"Guilelmi Durandi Rationale divinorum officiorum [éd. Johannes Aloysius Tuscanus]";"1477";"Roma";"Georg Lauer";"1477";"Null";"Null";"Null"
"http://data.bnf.fr/ark:/12148/cb30410508d";"Martini Poloni Chronica, seu Chronicon summorum pontificum imperatorumque ac de septem aetatibus mundi ex Eusebio, sancto Hieronymo aliisque excerpta a Martino";"1477";"Taurini";"per J. Fabri";"1477";"In-4° . (Hain-Copinger, 10859.)";"Null";"Null"
"http://data.bnf.fr/ark:/12148/cb30411899m";"Margarita poetica de arte dictandi ac pactidandi... incipit Albertus de Eyb...";"1477";"Parisiis";"sub signo viridis follis (atelier du Soufflet vert)";"1477";"[166] ff. non signés [a-q]10, [r]6, le dernier f. blanc";"Null";"Null"
"http://data.bnf.fr/ark:/12148/cb30418720r";"M. Farinatoris Lumen animae";"1477";"[Augsburg";"Günther Zainer]";"1477";"Null";"Null";"Null"
"http://data.bnf.fr/ark:/12148/cb304273093";"Fenestrella [sic], de Magistratibus Romanorum";"1477";"Milano";"[imprimeur du Floccus (GW 10041)]";"1477";"Null";"Null";"Null"
"http://data.bnf.fr/ark:/12148/cb30432104t";"Pompeii Festi Collectanea priscorum verborum [edidit Manilius Romanus]";"1477";"Romae";"B. Guldinbeck";"1477";"In-fol. (Pellechet, 4783.)";"Null";"Null"
"http://data.bnf.fr/ark:/12148/cb30434898d";"Stephani Flisci Variationes sententiarum, seu Synonyma, latine et germanice";"1477";"(Augustae Vindelicorum";"G. Zainer.)";"1477";"In-4° . (Pellechet, 4831.)";"Null";"Null"
"http://data.bnf.fr/ark:/12148/cb304348972";"Stephani Flisci Variationes sententiarum, seu Synonyma, latine et germanice";"1477";"Köln";"Johannes Koelhoff der Ältere";"1477";"Signé a-h8, I8, k-m8, n6, o8";"Null";"Null"
"http://data.bnf.fr/ark:/12148/cb304478928";"Bartholomei Fontii In Persium poetam explanatio. Accedit Epistola ejusdem ad Franciscum Saxettum, seu Libellus de mensuris et ponderibus. - A la fin : Impressum Florentiae, apud Sanctum Jacobum de Ripoli, anno 1477";"1477";"Florentiae";"Null";"1477";"In-4° , 98 ff. n. chiff. (Pellechet, 4863.)";"Null";"Null"
"http://data.bnf.fr/ark:/12148/cb30498781m";"Cordiale de quatuor novissimis [a Gerardo de Vliederhoven]";"1477";"[Paris,";"Petrus Caesaris,";"1477";"72 ff. non signés [a12, b-g10]";"Null";"Null"
"http://data.bnf.fr/ark:/12148/cb30498765c";"Cordiale de quatuor novissimis [a Gerardo de Vliederhoven]";"1477";"Köln";"Petrus in Altis de Olpe";"1477";"32 ff. non signés [a10, b-c8, d6]";"Null";"Null"
"http://data.bnf.fr/ark:/12148/cb30498796n";"Die vier uterste ofte die leste dinghen die ons anstaende ende toecomende sijn. [Door Gerard van Vliederhoven]. Bedudenisse der missen";"1477";"Gouda";"G. L. [= Gerard Leeu]";"1477";"[68] ff. non signés [a-g8, h-i6], foliotés [1], i-lviii, [1 blanc], lix-lxvi";"Null";"Null"
"http://data.bnf.fr/ark:/12148/cb30501476t";"Johannis Gerson Donatus moralisatus";"1477";"[Nürnberg";"Friedrich Creussner";"1477";"[8] ff. non signés [a]8, le dernier blanc";"Null";"Null"
"http://data.bnf.fr/ark:/12148/cb30501541f";"Jean Gerson. La Doctrine de bien vivre en ce monde";"1477";"[Bruges]";"Jean Brito";"1477";"30 ff. non signés [a]2, [b-e]6, [f]4";"Null";"Null"
"http://data.bnf.fr/ark:/12148/cb30535874t";"Decretum Gratiani, cum apparatu Johannis Semecae Teutonici et Bartholomaei Brixiensis";"1477";"Venezia";"Nicolas Jenson";"1477";"[410] ff. signés";"Null";"Null"
"http://data.bnf.fr/ark:/12148/cb30548873d";"Regule de ornatissimo et rhetorico dictamine latino facte Ferrarie feliciter incipiunt. - A la fin : Guarinus toto vivat ut orbe suus";"1477";"[Angers";"imprimeur du Persius (CIBN P-137)";"1477";"[12] ff.";"Null";"Null"
"http://data.bnf.fr/ark:/12148/cb30555322m";"Manipulus curatorum Guidonis de Monte Rocherio";"1477";"Roma";"[dans la maison de Francesco Cinquini]";"1477";"[88] ff. non signés [a4, b-i8, k-l6], le premier et le dernier blancs, mais foliotés avec des erreurs";"Null";"Null"
"http://data.bnf.fr/ark:/12148/cb305553218";"Manipulus curatorum Guidonis de Monte Rocherio";"1477";"Angers";"Jean de La Tour et Jean Morel";"1477";"[174] ff. signés A-K10, L12, M10, N12, O-R10, le dernier blanc";"Null";"Null"
"http://data.bnf.fr/ark:/12148/cb30555299x";"Historia destructionis Troiae, per Guidonem de Columna";"1477";"Coloniae";"A. Terhoernen";"1477";"In-4° . (Pellechet, 3872.)";"Null";"Null"
"http://data.bnf.fr/ark:/12148/cb368130235";"Hyer beghinnen alle die episte//len eñ ewangelien... (Ici commencent les épîtres et évangiles de l'année se suivant d'un jour à l'autre, avec les prophéties tirées de la bible fidèlement et exactement traduites du latin en bon hollandais...) (à la fin :) Dit is voleyadet int iaer ons herẽ //M + CCCC ende lxxvij... (Terminé en l'année de notre-seigneur, 1477, la veille du jour de la pentecôte.)";"1477";"[S. l. n. d. ?]";"Null";"1477";"F ° à 2 col. Car. goth. Lettres initiales enluminées";"Null";"Null"
"http://data.bnf.fr/ark:/12148/cb368142009";"Missale Romanum";"1477";"Venezia";"Alvise Siliprandi";"1477";"2 °";"Null";"Null"
"http://data.bnf.fr/ark:/12148/cb36821223f";"Missale Romanum. Ed. Franciscains de S. Maria la Nova à Naples";"1477";"Napoli";"Matthias Moravus";"1477";"2 °, ill.";"Null";"Null"
"http://data.bnf.fr/ark:/12148/cb30598149n";"Sermones Discipuli de tempore et de sanctis, cum Promptuario exemplorum et Promptuario de miraculis B. Mariae Virginis";"1477";"Köln";"[Ulrich Zell]";"1477";"4 parties";"Null";"Null"
"http://data.bnf.fr/ark:/12148/cb30598156x";"[J. Herolt. Sermones de tempore et de sanctis]";"1477";"[Strasbourg";"Heinrich Knoblochtzer";"1477";"car. goth.";"Null";"Null"
"http://data.bnf.fr/ark:/12148/cb30616419k";"Horatii Opera";"1477";"Mediolani";"opera Ph. Lavagniae";"1477";"In-fol., 119 ff., sign. A-P";"Null";"Null"
"http://data.bnf.fr/ark:/12148/cb30616420s";"Q. Horatii Opera omnia";"1477";"In Venetiis";"impressum per Philippum quondam Petri";"1477";"In-fol. (Hain, 8873.)";"Null";"Null"
"http://data.bnf.fr/ark:/12148/cb306366302";"La Cronica de sancto Isidoro Menore, con alchune additione caciate del texto et istorie della Bibia e del libro di Paulo Orosio e delle passione delli sancti. - A la fin : Impresso in Asculi, per mano del degno impresore magistro Golielmo de Linio";"1477";"Ascoli Piceno";"Golielmo de Linis de Alamania";"1477";"80 feuillets";"Null";"Null"
"http://data.bnf.fr/ark:/12148/cb30650100q";"Johannis Hildesheimensis Liber de gestis ac trina beatissimorum trium regum translatione";"1477";"(Coloniae,)";"per J. Guldenschaiff";"1477";"In-fol. (Voulliéme, 678.)";"Null";"Null"
"http://data.bnf.fr/ark:/12148/cb30650145p";"Tractatus de questionibus, cum aliis tractatulis juridicialibus";"1477";"Parisiis";"Null";"1477";"In-4° . (Pellechet, 1751.)";"Null";"Null"
"http://data.bnf.fr/ark:/12148/cb30670343z";"Justiniani Novellae constitutiones ex Authentico, Codicis libri X-XII, Consuetudines feudorum, cum glossa";"1477";"Moguntiae";"P. Schoiffer";"1477";"In-fol. (Hain, *9623.)";"Null";"Null"
"http://data.bnf.fr/ark:/12148/cb30670496t";"Digestum novum [Justiniani], cum glossa";"1477";"Venetiis";"N. Jenson";"1477";"In-fol. (Hain, *9581.)";"Null";"Null"
"http://data.bnf.fr/ark:/12148/cb30670243p";"Justino vulgarizato [da Hieronymo Squarzafico]";"1477";"Venezia";"J. La Colonia et J. Gheretzen";"1477";"In-fol. (Hain-Copinger, 9659.)";"Null";"Null"
"http://data.bnf.fr/ark:/12148/cb306729793";"Collectio duarum passionum Jesu Christi, ex quatuor evangeliorum concordantiis, auctore Johanne Kannemann. Rabani abbatis Historia seu passio divae virginis sanctae Katherinae";"1477";"(Coloniae";"J. Koelhoff";"1477";"In-4° . (Hain, *5480 ; Voulliéme, 712.)";"Null";"Null"
"http://data.bnf.fr/ark:/12148/cb30778852d";"Sophologium";"1477";"Paris";"Ulrich Gering, Martin Crantz, Michael Friburger";"1477";"Null";"Null";"http://gallica.bnf.fr/ark:/12148/btv1b8604265t"
"http://data.bnf.fr/ark:/12148/cb38788230r";"Liber quodlibetorum";"1477";"Venetiis";"impensis Joh. de Colonia";"1477";"Null";"Null";"Null"
"http://data.bnf.fr/ark:/12148/cb308417222";"[M. A. Lucani Pharsalia.]";"1477";"[Milano]";"Antonio Zarotto";"1477";"Null";"Null";"http://gallica.bnf.fr/ark:/12148/bpt6k310179z"
"http://data.bnf.fr/ark:/12148/cb308417195";"[M. A. Lucani Pharsalia. Lucani vita, ex commentario antiquissimo.]";"1477";"Venezia";"Guerrino";"1477";"Null";"Null";"Null"
"http://data.bnf.fr/ark:/12148/cb30841721q";"[M. A. Lucani Pharsalia. Pomponii M. A. Lucani vita.]";"1477";"Milano";"Filippo da Lavagna";"1477";"Null";"Null";"Null"
"http://data.bnf.fr/ark:/12148/cb30844683q";"Ludolphs von Suchen Buch von dem Weg zu dem Heiligen Grab";"1477";"Augustae Vindelicorum";"G. Zainer";"1477";"In-4";"Null";"Null"
"http://data.bnf.fr/ark:/12148/cb30852608p";"Incipit liber Macri philosophi, in quo tractat de naturis, qualitatibus et virtutibus octuaginta octo herbarum, et primo de Arthemesia";"1477";"Napoli";"Arnaldus de Bruxella";"1477";"Null";"Null";"Null"
"http://data.bnf.fr/ark:/12148/cb308534567";"Nouveau Testament, de la version de Guiars Des Moulins";"1477";"Lyon";"Null";"1477";"In-fol.";"Null";"Null"
"http://data.bnf.fr/ark:/12148/cb30853457k";"Le Miroir de vie humaine...";"1477";"Lyon";"Null";"1477";"In-4°";"Null";"Null"
"http://data.bnf.fr/ark:/12148/cb308575496";"Opus epistolarum...";"1477";"Neapoli";"Null";"1477";"In-fol.";"Null";"Null"
"http://data.bnf.fr/ark:/12148/cb30857545t";"Juniani Maii Parthenopeii... de Priscorum proprietate verborum. - A la fin : Impressere Mathias Moravus, impressor solertissimus, et venerabilis monachus Blasius... MCCCCLXXV";"1477";"Tarvisiae";"per B. de Colonia";"1477";"In-fol. (Hain, 10540.)";"Null";"Null"
"http://data.bnf.fr/ark:/12148/cb39304903m";"Clarissimi ac doctissimi viri fratris Anthonini de ordine predicator[um] archiepiscopi Florentini secunda pars summe...";"1477";"Spire";"Petrus Drach";"1477";"Null";"Null";"Null"
"http://data.bnf.fr/ark:/12148/cb309075062";"Sermones quadragesimales de legibus... fratris Leonardi de Utino";"1477";"Parisiis";"per Martinum (Krantz), Udalricum (Gering) et Michaelem (Friburger)";"1477";"In-fol. (Hain-Copinger, 16118.)";"Null";"http://gallica.bnf.fr/ark:/12148/btv1b8604276m"
"http://data.bnf.fr/ark:/12148/cb39328535h";"[M. Annaei Lucani cordubensis Pharsalia. Lucani vita ex commentario antiquissimo]";"1477";"Venetiis";"apud Guerinum";"1477";"In-fol.";"Null";"Null"
"http://data.bnf.fr/ark:/12148/cb31001158b";"[Leggenda della B. Caterina di Siena.] - 1er fol. n. ch., r° : Al nome di Gesu Cristo crucifixo e di Maria dolce. Comincia el prolago [sic] della infrascripta legenda dell' amirabile vergine beata Chaterina da Siena, suora della penitentia di Santo Domenicho. - A la fin : Anno Domini mille quattrocento settanta sette addi ventiquattro di março, e stata questa legenda inprontata in Firençe, al monisterrio di santo Jacopo di Ripoli... per mano di dua [sic] religiosi, frate Domenico da Pistoia et frate Piero da Pisa. Deo gratias";"1477";"Firenze";"Null";"1477";"In-4° , 157 ff. non ch. (Pellechet, 3391.)";"Null";"Null"
"http://data.bnf.fr/ark:/12148/cb310093088";"Prima pars summe super totam theologiam...";"1477";"Venetiis";"Null";"1477";"In-fol. (Pellechet, 1038.)";"Null";"Null"
"http://data.bnf.fr/ark:/12148/cb310160632";"Postillae Nicolai de Lyra super quatuor Evangeliis, cum additionibus Pauli burgensis et cum replicationibus Mathaei Doringk";"1477";"Mantuae";"per P. Johannis de Putzbach";"1477";"In-fol., initiales rubriquées, table et notes mss. (Hain-Copinger, *10386.)";"Null";"Null"
"http://data.bnf.fr/ark:/12148/cb31016090z";"Nicolai de Lyra. Quaestiones disputatae contra Hebraeos...";"1477";"[Napoli ( ?)";"imprimeur de Nicolaus de Lyra, Quaestiones disputatae contra Hebraeos (H 10408)";"1477";"Null";"Null";"Null"
"http://data.bnf.fr/ark:/12148/cb31017254w";"Johannis Nider Manuale confessorum. Ejusdem Tractatus de lepra morali";"1477";"Parisiis. - (Friburger)";"per Michaelem. - Udalricum Gering et Martinum Crantz";"1477";"In-4° . (Hain-Copinger, 11844.)";"Null";"http://gallica.bnf.fr/ark:/12148/btv1b8604269g"
"http://data.bnf.fr/ark:/12148/cb31016774n";"In libros Posteriorum Aristotelis expositio, Francisco de Benzonibus et Marioto de Pistorio edentibus";"1477";"Venetiis";"impressum per Th. de Reinsburch et R. de Novimagio";"1477";"In-fol. Hain, 12511";"Null";"Null"
"http://data.bnf.fr/ark:/12148/cb31046423j";"[Publii Ovidii Nasonis Fasti.] Publii Ovidii Nasonis Fastorum liber primus. - (A la fin :) P. Ovidii Nasonis Fastorum liber sestus et ultimus impressus Mediolani per magistrum Antonium Zarotum parmensem, anno Domini 1477, die primo aprilis";"1477";"(Mediolani";"impr. per A. Zarotum";"1477";"In-fol., 73 ff. non ch., sign. a-i, car. rom.";"Null";"Null"
"http://data.bnf.fr/ark:/12148/cb31046219r";"[Publii Ovidii Nasonis Opera.]";"1477";"(Parmae";"impr. ductu et impensis S. Coralli";"1477";"3 vol. in-fol. (Hain-Copinger, *12140.)";"Null";"Null"
"http://data.bnf.fr/ark:/12148/cb31046220z";"[Publii Ovidii Nasonis Opera, edente Bono Accursio pisano.]";"1477";"(Mediolani";"impr. A. Zarotus";"1477";"3 vol. in-fol. (Hain-Copinger, 12139.)";"Null";"Null"
"http://data.bnf.fr/ark:/12148/cb310644046";"[Flos testamentorum]. - Fol. 1 r° : Incipit tex. Rolandini de testamentis Rubrica. - A la fin : Explicit flos testamenti magistri Rolandini de Pasagenis [sic], per me magistrum Henricum de Colonia emendatissime impressum anno salutis M.CCCC.LXXVII, mense maii. Antonio Venereo et Johanne Hemo milite clarissimis presidiis feciliter explicit";"1477";"(S. l.";"Null";"1477";"In-4° , sign. A-K, car. goth., à longues lignes";"Null";"Null"
"http://data.bnf.fr/ark:/12148/cb310885892";"Auli Persii Flacci Satyrae, cum carmine Philippini Itali";"1477";"(Andecavis";"apud J. de Turre et Morellum";"1477";"In-fol. (Morgan, 15.)";"Null";"Null"
"http://data.bnf.fr/ark:/12148/cb406138568";"Claudii Ptolemaei cosmographia";"1477";"Bononiae";"opera Dominici de Lapis";"1477";"Null";"Null";"Null"
"http://data.bnf.fr/ark:/12148/cb406739694";"[Fac simile d'un système cosmographique portant : Facta est ista regula 1477 in Sancta Maria de Sessatto.]";"1477";"[S.l.]";"[s.n.]";"1477";"1 flle : mss en coul.";"Null";"http://gallica.bnf.fr/ark:/12148/btv1b8446609t"
"http://data.bnf.fr/ark:/12148/cb311072347";"Enee Silvii Rerum familiarum epistole";"1477";"(Lovanii";"Null";"1477";"In-fol. (Pellechet, 90.)";"Null";"Null"
"http://data.bnf.fr/ark:/12148/cb31107278v";"Pii II,... Historia rerum ubique gestarum";"1477";"Venetiis";"Null";"1477";"In-fol. (Pellechet, 178.)";"Null";"Null"
"http://data.bnf.fr/ark:/12148/cb31109087r";"[Sententiarum liber magistri Petri Lombardi.]";"1477";"Venetiis";"Null";"1477";"In-fol. (Hain-Copinger, 10186.)";"Null";"Null"
"http://data.bnf.fr/ark:/12148/cb31109138t";"Historia scolastica [Petri Comestoris]";"1477";"[Köln";"Konrad Winters";"1477";"Null";"Null";"Null"
"http://data.bnf.fr/ark:/12148/cb31125202j";"Plutarchi Problemata emendatissima, in latinum translata a Calphurnio Brixiensi";"1477";"Venetiis";"apud Siliprandum";"1477";"In-4° . (Hain-Copinger, *13137.)";"Null";"Null"
"http://data.bnf.fr/ark:/12148/cb31126853b";"Pogii florentini... Facetiarum liber...";"1477";"Milano";"Christoph Valdarfer pour Pietro Antonio Castiglione";"1477";"Null";"Null";"Null"
"http://data.bnf.fr/ark:/12148/cb31132791v";"Pomponii Melae Cosmographiae liber";"1477";"Venetiis";"Null";"1477";"In-4° . (Hain, 11015.)";"Null";"Null"
"http://data.bnf.fr/ark:/12148/cb311327926";"Pomponii Melae Cosmographiae liber";"1477";"(Venetiis.)";"Null";"1477";"In-4° , (Hain, 11015.)";"Null";"Null"
"http://data.bnf.fr/ark:/12148/cb311348819";"Singularia Domini Lodo. Pontani de Urbe qui profundissimus cunctos excedens extitit in memoria. - À la fin : Impressum Milano, MCCCCLXXVII, die II maii, sumptibus et industria magistri Philippi de Lavagnia";"1477";"Milano";"Null";"1477";"In-fol., sans signatures, car. rom.";"Null";"Null"
"http://data.bnf.fr/ark:/12148/cb31157085m";"Claudii Ptolemaei Cosmographia [interprete J. Angelo]";"1477";"Bononiae";"opera Dominici de Lapis";"1477";"Ill.";"Null";"http://gallica.bnf.fr/ark:/12148/btv1b550004419"
"http://data.bnf.fr/ark:/12148/cb31211344r";"Richardi de Mediavilla. Commentum super quartum Sententiarum";"1477";"Null";"Null";"1477";"In-fol. (Hain-Copinger, *10984.)";"Null";"Null"
"http://data.bnf.fr/ark:/12148/cb31214787v";"Cronica summorum pontificum imperatorumque Martini Poloni, seu potius Gervasii Ricobaldi, a J. P. de Lignamine continuata, cum additamentis";"1477";"Taurini";"aere J. Fabri";"1477";"In-4° , 90 ff. non ch., car. rom. (Hain, 10859.)";"Null";"Null"
"http://data.bnf.fr/ark:/12148/cb31237852m";"Fasciculus temporum [auctore W. Rolevinck]";"1477";"(Spirae,)";"per P. Drach";"1477";"In-fol., 74 ff. non ch., sans sign. ni récl., fig., marque de l'imprimeur à la fin. (Polain, Belg. 3368.)";"Null";"Null"
"http://data.bnf.fr/ark:/12148/cb31237915p";"Tractatus de fraterna correctione [auctore W. Rolevinck]";"1477";"(Coloniae";"A. Therhoernen";"1477";"In-4° , 58 ff. n. ch. sign. a-g., récl. (Voullième, 1055.)";"Null";"Null"
"http://data.bnf.fr/ark:/12148/cb31289706p";"Salemonis, ecclesie Constantiensis episcopi, Glosse ex illustrissimis collecte auctoribus";"1477";"(Augustae Vindelicorum";"Null";"1477";"In-fol. (Hain-Copinger, 14134.)";"Null";"Null"
"http://data.bnf.fr/ark:/12148/cb31292936p";"Le Miroir de vie humaine, fait par Rodorique,... translaté de latin en françois per le Fr. Julien [Macho]";"1477";"Lyon";"impr. de B. Buyer";"1477";"In-fol. (Hain-Copinger, 13951.)";"Null";"Null"
"http://data.bnf.fr/ark:/12148/cb31292929d";"[Speculum vitae humanae, auctore Rodorico Sanctio de Arevalo.]";"1477";"Lugduni";"completum ac finitum per G. Regis, in domo B. Burii";"1477";"In-fol. (Hain-Copinger, 13946.)";"Null";"Null"
"http://data.bnf.fr/ark:/12148/cb31293191v";"Expositio Versoris... super summulis magistri Petri Hispani";"1477";"Neapoli";"[s.n.]";"1477";"[Ca 500] p.";"Null";"http://gallica.bnf.fr/ark:/12148/bpt6k5401088m"
"http://data.bnf.fr/ark:/12148/cb31339146d";"Incipit Liber physionomiae quem compilavit magister Michael Scotus,...";"1477";"[Venezia";"Jacopo de Fivizzano]";"1477";"Null";"http://data.bnf.fr/ark:/12148/cb11942202d";"Null"
"http://data.bnf.fr/ark:/12148/cb31374602s";"[Carmina Georgii Sisgorei.]";"1477";"Venetiis";"impr. per A. de Rodueil";"1477";"In-8° . (Hain, 14794.)";"Null";"http://gallica.bnf.fr/ark:/12148/bpt6k858109r"
"http://data.bnf.fr/ark:/12148/cb42690466p";"Speculum ecclesiae";"1477";"[Angers";"Jean de La Tour et Jean Morel";"1477";"[20] ff. signés A-B10, le dernier blanc";"Null";"Null"
"http://data.bnf.fr/ark:/12148/cb31428024j";"Libellus de conservatione sanitatis";"1477";"Bononiae";"Null";"1477";"In-4°. (Hain, *11920.)";"Null";"Null"
"http://data.bnf.fr/ark:/12148/cb31434994f";"Consilia... Alexandri de Tarthais [sic] de Imola foeliciter incipiunt...";"1477";"Venetiis";"Null";"1477";"In-fol. à 2 col., car. goth. (Hain-Copinger, *15265.)";"Null";"Null"
"http://data.bnf.fr/ark:/12148/cb314398695";"[Lectura Nicolai Tedeschi super quinque libros Decretalium, emendata per Petrum de Moriglio.]";"1477";"Venetiis";"impressa per N. Jenson";"1477";"In-fol. (Hain, *12310 ; Polain, 3844.)";"Null";"Null"
"http://data.bnf.fr/ark:/12148/cb31439868t";"[Lectura Nicolai Tedeschi super quinque libros Decretalium.]";"1477";"Basilee";"(M. Wenssler)";"1477";"5 vol. in-fol. (Hain-Copinger, *12309 ; Polain, 3843.)";"Null";"Null"
"http://data.bnf.fr/ark:/12148/cb314398602";"[Consilia Nicolai de Tudeschis nec non tria vel quatuor alia aliorum... doctorum, videlicet Hugohinis de Marischalchis, Johannis de Bandinis, Dyonisii Nicolai de Barigeanis, Ludovicique Bolognini, per eundem Ludovicum Bologninum edita.]";"1477";"Coloniae";"per J. Koelhoff";"1477";"In-fol. (Hain-Copinger, *12346.)";"Null";"Null"
"http://data.bnf.fr/ark:/12148/cb31439862r";"[Disputationes et allegationes subtilissime ac utilissime... Nycolai [Tedeschi], abbatis Siculi,... - Repetitiones ejusdem... circa C. Ecclesia Sancte Marie, de constitutionibus, super capitulo Si quis contra clericum de foro competenti.]";"1477";"Colonie";"J. Koelhoff";"1477";"In-fol. (Hain, *12355.)";"Null";"Null"
"http://data.bnf.fr/ark:/12148/cb31439879g";"[Lectura Nicolai Tedeschi super II. Decretalium. 2a-3a pars.]";"1477";"Colonie";"impensis J. Koelhoff";"1477";"In-fol.";"Null";"Null"
"http://data.bnf.fr/ark:/12148/cb31442118v";"[Vita e commento sopra il Petrarca]";"1477";"Venetiis";"D. Siliprandus";"1477";"Sign. a-i";"Null";"http://gallica.bnf.fr/ark:/12148/bpt6k71928h"
"http://data.bnf.fr/ark:/12148/cb314433802";"[Terentii Comoediae sex : Andria, Eunuchus, Heautontimorumenos, Adelphoe, Ecyra, Phormio. Cum Terentii vita excerpta de dictis Petrarcae et Epitaphio.]";"1477";"Milan";"A. Zarot";"1477";"In-fol., sign. a-m., car. rom. (Hain, 15378-Reichling III, p. 195 ; Lawton, 28.)";"Null";"Null"
"http://data.bnf.fr/ark:/12148/cb314433953";"[Terentii Comoediae (sex)";"1477";"Tarvisii";"H. Levilapis";"1477";"Sign. A-L et a-l";"Null";"http://gallica.bnf.fr/ark:/12148/bpt6k70560n"
"http://data.bnf.fr/ark:/12148/cb314522128";"[Enarrationes sancti Athanasii in Epistolas S. Pauli, Christophoro de Persona interprete.]";"1477";"Romae";"per Ulderichum Gallum, alias Han";"1477";"In-fol. (Hain, 1902 ; Pellechet, 1411.)";"Null";"Null"
"http://data.bnf.fr/ark:/12148/cb314617358";"Prima pars Summe sancti Thome de Aquino, diligentissime castigata, super emendatione magistri Francisci de Neritono, per... Petrum Cantianum et Joannem Franciscum,...";"1477";"Venetiis";"(N. Jenson)";"1477";"In-fol. (Hain-Copinger, 1442 ; Pellechet, 1038 ; Cat. of books printed in the XVth century, now in the British Museum, V, p. 177.)";"Null";"Null"
"http://data.bnf.fr/ark:/12148/cb31461763h";"Tertia pars Summe sancti Thome de Aquino";"1477";"Valentie";"per L. Palmart";"1477";"In-fol. (Pellechet, 1059.)";"Null";"Null"
"http://data.bnf.fr/ark:/12148/cb314813378";"[Questiones Evangeliorum tam de tempore quam de sanctis, collecte per R. D. Johannem de Turrecremata,...]";"1477";"Rome";"per J. Schurener";"1477";"In-fol. (Copinger, II, 5891 ; Br. Mus., Books pr. XVth c., t. IV, p. 58.)";"Null";"Null"
"http://data.bnf.fr/ark:/12148/cb31482365r";"[Joannis Tortellii,... Commentariorum grammaticorum de orthographia dictionum e graecis tractarum opus, procurante Hieronymo Bononio,...]";"1477";"Tarvisii";"M. Manzolinus";"1477";"In-fol. (Hain, 15565 ; Br. Mus., Books pr. XVth c., t. VI, p. 891 ; Polain, 3791.)";"Null";"Null"
"http://data.bnf.fr/ark:/12148/cb31508957r";"Tractatus de questionibus secundum Baldum. [Opusculum de carceribus, editum per Do. Baldum de Perusio, cum aliis tractatulis judiciis.]";"1477";"Parisius";"(, P. Bonhomme)";"1477";"In-4° . (Hain, 2344 ; Pellechet, 1751.)";"Null";"Null"
"http://data.bnf.fr/ark:/12148/cb315089343";"Opus domini Baldi de Perusio... super quarto libro Codicis";"1477";"Milano";"Christoph Valdarfer pour Pietro Antonio Castiglione";"1477";"Null";"Null";"Null"
"http://data.bnf.fr/ark:/12148/cb31520507k";"Le livre de ualerius maximus translaté de latin en francois [trad. et comm. Simon de Hesdin et Nicolas de Gonesse]";"1477";"[Belgique ( ?)";"imprimeur de Flavius Josephus, De Antiquitate Judaica (H 9449)";"1477";"2 vol.";"Null";"Null"
"http://data.bnf.fr/ark:/12148/cb31522448c";"Laurentii Vallensis,... Elegantiarum opus. Laurentii Vallensis de Pronomine sui";"1477";"Mediolani";"impensis P. Lavagniae";"1477";"In-fol. (Hain-Reichling, 15807.)";"Null";"Null"
"http://data.bnf.fr/ark:/12148/cb31553022f";"[M. Vegii,... Liber e jureconsultorum scriptis excerptus.]";"1477";"Vincentiae";"industria P. Albini";"1477";"Gr. in-8° . (Hain-Copinger, 15919 ; Br. Mus., Books pr. XVth c., VII, 1042.)";"Null";"Null"
"http://data.bnf.fr/ark:/12148/cb315877599";"Mirabile opusculum sancti Vincentii,... de fine mundi...";"1477";"(S. l.,)";"Null";"1477";"In-4° , car. rom. (Hain, *7019 ; Br. Mus., Cat. of books pr. XVth c., t. VI, p. 892.)";"Null";"Null"
"http://data.bnf.fr/ark:/12148/cb315876727";"[Speculum morale domini Vincentij.]";"1477";"(Coloniae";"C. Winters de Homborch";"1477";"2 vol. in-fol. à 2 col., car. goth. (Copinger, II, 6251 ; Voullième, Der Buchdruck Kölns, n  1246 ; Polain, t. IV, n  3945.)";"Null";"Null"
"http://data.bnf.fr/ark:/12148/cb31606928v";"Cy après sensuit la table de ce présent livre qui est intitulé Légende des saintz nouveaulx...";"1477";"Null";"Null";"1477";"[1 bl.]-[125] f. (sign. a-g8, h7, i-q8, r6)";"Null";"Null"
"http://data.bnf.fr/ark:/12148/cb31606972b";"Legende de tutti li sancti et le sancte della Romana sedia acceptati et honorati [, raccolti da Jacobus de Voragine]";"1477";"Venetia";"per G. de Piero Trevisano";"1477";"In-fol. (Copinger-Reichling, 6498 ; Br. Mus., Books pr. XVth c., t. V, p. 202 ; Goff, J-175.)";"Null";"Null"
"http://data.bnf.fr/ark:/12148/cb31606882c";"Incipit liber praeclarissimi religiosi fratris Jacobi de Voragine,... de vitis sanctorum";"1477";"(Lugduni";"per N. Philippi ac M. Reinhard";"1477";"In-fol., signé a-e⁽1⁽0, f-k⁽8, l⁽8, m-z⁽8, A-K⁽8. (Pellechet, Catalogue des incunables des bibliothèques de Lyon, 613 ; Copinger, 6401.)";"Null";"Null"
"http://data.bnf.fr/ark:/12148/cb31665423r";"[Parzival.]";"1477";"(Strassburg";"J. Mentelin,)";"1477";"In-fol. (Hain, Copinger, 6684 ; Pellechet, 11842 ; Br. Mus., Books pr. XVth c., t. I, 59 ; Goff, W 69.)";"Null";"Null"
"http://data.bnf.fr/ark:/12148/cb31665435r";"[Titurel.]";"1477";"(Strassburg";"J. Mentelin,)";"1477";"In-fol. (Hain, Copinger, 6683 ; Pellechet 10349 et 11117 ; Polain, 3787 ; Br. Mus., Books pr. XVth c., t. I, 59 ; Goff, W 70.)";"Null";"Null"
"http://data.bnf.fr/ark:/12148/cb31673454r";"[Xenophontis Libri VIII de Cyri paedia, per Franciscum Philelphum de graeco in latinum conversi.]";"1477";"(Mediolani";"Archangelus Ungardus";"1477";"In-fol. (Br. Mus., Books pr. XVth c., t. IV, p. 52, t. VI, p. XXV et p. 734 ; Goff, p. 636, X-5 ; Indice gen. degli incunaboli... d'Italia, 10404.)";"Null";"Null"
"http://data.bnf.fr/ark:/12148/cc7637n";"Talmwd babliy. ʼAvôt̲";"1477";"Null";"Null";"Null";"90 f.";"Null";"http://gallica.bnf.fr/ark:/12148/btv1b105420039"
"http://data.bnf.fr/ark:/12148/cb31707506v";"Commentarii grammatici";"1477";"Tarvisii";"Null";"1477";"Null";"Null";"Null"
"http://data.bnf.fr/ark:/12148/cb31837702t";"Consilia seu allegationes Nicolai de Tudeschis, cum Ludovici Bolognini tabula";"1477";"Coloniae, J. Koelhoff";"Null";"1477";"Null";"Null";"Null"
"http://data.bnf.fr/ark:/12148/cb31947157t";"Marcii Tullii Ciceronis Epistolarum familiarium ad Lentulum proconsulem liber primus feliciter incipit. - 'Fol. 187 à la fin :' Opus preclarissimum M. T. Ciceronis Epistolarum familiarium feliciter finit. Impressum Parisiis in vico Sancti Jacobi in intersignio Follis viridis. M.CCCC.LXXVII. - 'Fol. 188 :' Tabula primi libri epistolarum familiarium Marcii Tullii Ciceronis. Incipit. - 'Fol. 197 à la fin :' Finis tabularum";"1477";"Paris";"Null";"1477";"Null";"Null";"Null"
"http://data.bnf.fr/ark:/12148/cb33235083g";"Tractatus de questionibus secundum Baldum";"1477";"Parisius";"P. Bonhomme";"1477";"Null";"Null";"Null"
"http://data.bnf.fr/ark:/12148/cb33324700m";"Novellae constitutiones...";"1477";"(Mayence";"Null";"1477";"Null";"Null";"Null"
"http://data.bnf.fr/ark:/12148/cb33555775q";"Prognosticatio anni [14]78";"1477";"Paris";"Richard Blandin et Guillaume Février";"1477";"16 ff.";"Null";"Null"
"http://data.bnf.fr/ark:/12148/cb33613096m";"Statuta [...]";"1477";"[S. l. ?]";"Null";"1477";"Vol. in-f° (80 frs non chiff.)";"Null";"Null"
"http://data.bnf.fr/ark:/12148/cb33613268x";"Statuti de Venesia";"1477";"(Venise,)";"Null";"1477";"In-fol.";"Null";"Null"
"http://data.bnf.fr/ark:/12148/cb33647251s";"Vocabularius fructuosus omni aetati utilis ex Papia, Britone, Catholicon, Alano, Ysidoro aliisque... qui alio nomine Breviloqus nuncupatur";"1477";"[Coloniae";"C. Winters de Homborch";"1477";"In-fol. goth.";"Null";"Null"
"http://data.bnf.fr/ark:/12148/cb33753573b";"Bulla aurea";"1477";"Nürnberg";"Anton Koberger";"1477";"Null";"Null";"Null"
"http://data.bnf.fr/ark:/12148/cb337587048";"(Série de pièces relatives au commerce des grains de 1577 au mois de Novembre 1689, et dont la première commence par ces mots :) Extrait de l'ordonnance fait en l'an 1477, touchant le commerce des grains. Art. IV";"1477";"Paris";"Null";"1477";"In-4° Pièce";"Null";"Null"
"http://data.bnf.fr/ark:/12148/cb338102854";"Édit de création de l'office de vice-président en la Chambre des comptes, en faveur de Philippe Le Bègue, conseiller-correcteur en ladite Chambre";"1477";"(S. l. n. d.)";"Null";"1477";"In-4°, 3 p.";"Null";"Null"
"http://data.bnf.fr/ark:/12148/cb33849828r";"Statuts et ordonnances des maîtres chaircuitiers saucissiers de la ville de Paris, de l'année mil quatre cent soixante dix-sept";"1477";"(S. l. n. d.)";"Null";"1477";"In-4°";"Null";"Null"
"http://data.bnf.fr/ark:/12148/cb359512024";"[Sans titre]";"1477";"Null";"Null";"Null";"[164] f.";"Null";"Null"
"http://data.bnf.fr/ark:/12148/cb35951111t";"[Sans titre]";"1477";"Null";"Null";"Null";"2 parties";"Null";"Null"
"http://data.bnf.fr/ark:/12148/cb359510497";"[Sans titre]";"1477";"Null";"Null";"1477";"2 parties";"Null";"Null"
"http://data.bnf.fr/ark:/12148/cb359511125";"[Sans titre]";"1477";"Null";"Null";"Null";"2 parties";"Null";"Null"
"http://data.bnf.fr/ark:/12148/cb35951179f";"[sans titre]";"1477";"Null";"Null";"1477";"[153] f.";"Null";"Null"
"http://data.bnf.fr/ark:/12148/cb35951149h";"[Sans titre]";"1477";"Null";"Null";"Null";"[468] f.";"Null";"Null"
"http://data.bnf.fr/ark:/12148/cb35951156s";"[Sans titre]";"1477";"Null";"Null";"Null";"2 parties";"Null";"Null"
"http://data.bnf.fr/ark:/12148/cb35951150q";"[Sans titre]";"1477";"Null";"Null";"Null";"[526] f.";"Null";"Null"
