id;title;date;place;publisher;firstyear;description;subject;gallica
"http://data.bnf.fr/ark:/12148/cb405104479";"J'ai un beau parapluie : [estampe]";"1386";"[S.l.]";"[s.n.]";"1386";"1 est. : gravure sur bois";"Null";"Null"
"http://data.bnf.fr/ark:/12148/cb33715472c";"Arrêt du parlement qui maintient le nommé Hugue, chapitain du trésorier et chanoines de la Ste-Chapelle, pourvu par le trésorier d'une chapelle de la prévôté de Paris, contre un nommé Herney, pourvu antérieurement de la même chapelle par brevet du roi. Du 16 mars 1386";"1386";"[S. l. n. d. ?]";"Null";"1386";"Manuscrit, in-fol.";"Null";"Null"
"http://data.bnf.fr/ark:/12148/cb337458723";"Consultation de la chambre des comptes au sujet de deux généraux des aides (d'Evreux et de Noviant) venus en la chambre pour la consulter. (Conflit de juridiction avec le prévôt de Paris et autres.)";"1386";"(S. l. n. d.)";"Null";"1386";"4°";"Null";"Null"
"http://data.bnf.fr/ark:/12148/cb33810071w";"Ordonnance portant que les commissaires sur le fait des finances, nouveaux et (sic) acquêts et fiefs, feront remettre incessamment ès mains du Roi lesdits fiefs et nouveaux acquêts des gens d'Église s'ils ne justifient de titres valables";"1386";"(S. l. n. d.)";"Null";"1386";"In-4°, 3 p.";"Null";"Null"
"http://data.bnf.fr/ark:/12148/cb34328499s";"Sahîh-i Muslim ve tercemesi...";"1386";"Istanbul";"İrfan yayinevi; A. Sait matbaasi";"1386";"8 vol.";"Null";"Null"
"http://data.bnf.fr/ark:/12148/cb35335451d";"Sahîh-i Muslim ve tercemesi... 1";"1386";"Istanbul";"İrfan yayinevi; A. Sait matbaasi";"1386";"LXXVIII-424 p";"Null";"Null"
