id;title;date;place;publisher;firstyear;description;subject;gallica
"http://data.bnf.fr/ark:/12148/cb39769558x";"Actrices des principaux théâtres de Paris";"183";"Paris. - London";"chez Aumont. - Ch. Tilt";"Null";"[12] p. de pl.";"http://data.bnf.fr/ark:/12148/cb11930823b";"Null"
"http://data.bnf.fr/ark:/12148/cb397697992";"Sujets de l'Odissée [sic] d'Homère";"183";"Paris";"Feillet et Bregeau";"Null";"28 p. de pl.";"Null";"Null"
"http://data.bnf.fr/ark:/12148/cb397695327";"Actrices des principaux théâtres de Paris";"183";"Paris. - London";"chez Aumont. - Ch. Tilt";"Null";"[13] p. de pl.";"http://data.bnf.fr/ark:/12148/cb119314762";"Null"
"http://data.bnf.fr/ark:/12148/cb39769798q";"Sujets de l'Iliade d'Homère";"183";"Paris";"Feillet et Brégeau";"Null";"34 p. de pl.";"Null";"Null"
"http://data.bnf.fr/ark:/12148/cb398014846";"Lettre de Luigi Cherubini à l'Intendant du Roi, 24 Octobre (183.)";"183";"Null";"Null";"Null";"Null";"Null";"Null"
"http://data.bnf.fr/ark:/12148/cb39829605z";"Lettre de la Duchesse de Vallombrosa à Monsieur le Comte de Bondy, Paris, 26 mai (183.)";"183";"Null";"Null";"Null";"2 p. : in-8°";"Null";"Null"
"http://data.bnf.fr/ark:/12148/cb398301942";"Lettre de Alexandre Joseph Hippolyte Vincent à Bottée de Toulmon, (25 janvier 183.?)";"183";"Null";"Null";"Null";"4 p. : in-4°";"Null";"Null"
"http://data.bnf.fr/ark:/12148/cb33267213z";"Encouragements à l'adolescence ou l'Emulation justifiée (Signé : Julia Michel)";"183";"Paris";"D. Eymery";"Null";"In-18";"Null";"Null"
"http://data.bnf.fr/ark:/12148/cb33267141x";"Bibliothèque classique grecque-française à l'usage des maîtres";"183";"Paris";"A. Poilleux ";"Null";"Null";"Null";"Null"
"http://data.bnf.fr/ark:/12148/cb355007643";"Specimen des caractères de fantaisies";"183";"Paris";"Gustave Porthaux";"Null";"n.p.";"http://data.bnf.fr/ark:/12148/cb11975929q";"Null"
