id;title;date;place;publisher;firstyear;description;subject;gallica
"http://data.bnf.fr/ark:/12148/cb337652151";"Indulgentia plenaica propace conservanda, haeresibus extirpandis, ac sacro generali Concilio prosequendo";"1360";"Ex impresso Romae recusum";"Null";"1360";"In-4°. Pièce";"Null";"Null"
"http://data.bnf.fr/ark:/12148/cb338100262";"Ordonnance portant que les émolumens des domaines royaux, comme rachapts, quints, deniers, épaves, etc., seront employez pour l'Hostel du Roy, sans qu'ils puissent estre convertis ailleurs";"1360";"(S. l. n. d.)";"Null";"1360";"In-4°, 2 p.";"Null";"Null"
"http://data.bnf.fr/ark:/12148/cb33810033b";"Ordonnance du roy Jean portant attribution de jurisdiction à Messieurs du parlement de Paris, privativement à tous autres juges de ce royaume, pour les causes et affaires de la marée, tant en matière civile que criminelle";"1360";"(S. l.)";"Null";"1360";"In-4°, 12 p.";"Null";"Null"
"http://data.bnf.fr/ark:/12148/cb338100293";"Extraict de la Commission envoyée à Messieurs du Parlement par Sa Majesté touchant... le faict de la marée";"1360";"(S. l. n. d.)";"Null";"1360";"In-4°, 6 p.";"Null";"Null"
"http://data.bnf.fr/ark:/12148/cb33810025q";"Ordonnance qui règle le nombre des officiers du Parlement, de la Chambre des comptes et autres";"1360";"(S. l. n. d.)";"Null";"1360";"In-4°, 5 p.";"Null";"Null"
"http://data.bnf.fr/ark:/12148/cb338100309";"Ordonnance concernant les conseillers clercs et lais de la Chambre des comptes";"1360";"(S. l. n. d.)";"Null";"1360";"In-4°, 1 p.";"Null";"Null"
"http://data.bnf.fr/ark:/12148/cb33810034p";"Ordonnance portant que tous dons seront réunis au domaine, excepté ce qui est donné à Dieu et à la sainte Église";"1360";"(S. l. n. d.)";"Null";"1360";"In-4°, 2 p.";"Null";"Null"
"http://data.bnf.fr/ark:/12148/cb338100320";"Ordonnance du roy Jean portant attribution de jurisdiction à Messieurs du parlement de Paris, privativement à tous autres juges de ce royaume, pour les causes et affaires de la marée, tant en matière civile que criminelle";"1360";"(S. l. n. d.)";"Null";"1360";"In-4°, 12 p.";"Null";"Null"
"http://data.bnf.fr/ark:/12148/cb33810031n";"Ordonnance portant nomination des officiers de la Chambre des comptes";"1360";"(S. l. n. d.)";"Null";"1360";"In-4°, 3 p.";"Null";"Null"