id;title;date;place;publisher;firstyear;description;subject;gallica
"http://data.bnf.fr/ark:/12148/cb406675104";"[Carte marine de l'océan Atlantique Nord-Est, de la mer Méditerranée et de la mer Noire]";"1422";"Null";"Null";"Null";"1 carte : ms. col. ; 51 x 88 cm, cou à droite";"Null";"http://gallica.bnf.fr/ark:/12148/btv1b530748212"
"http://data.bnf.fr/ark:/12148/cb40683096r";"Constantinopolis Delineatio qualis extitit 1422, proinde antiquam in Turcarum potestatem venisset, auctore Christophoro de Bondelmontibus florentino in opere ms. quod de Insulis archipelagi inscripsit";"1422";"[S.l.]";"[s.n.]";"1422";"1 flle : 28 x 19 cm";"Null";"Null"
"http://data.bnf.fr/ark:/12148/cb337515599";"Transaction par laquelle sont déclarez les droicts de péage prétendu par le Sieur de Saint Germain sur la rivière d'Allier";"1422";"(S. l. n. d.)";"Null";"1422";"In-8, 2 p.";"Null";"Null"
"http://data.bnf.fr/ark:/12148/cb33751395m";"Extrait de la Transaction entre les marchands fréquentant la Loire et le sieur de Saint-Germain par laquelle sont déclarez les droits de péage prétendu par le sieur de Sainct-Germain sur la rivière d'Allier";"1422";"(Orléans";"impr. de F. Hotot";"1422";"In-8°, 2 p.";"Null";"Null"
