id;title;date;place;publisher;firstyear;description;subject;gallica
"http://data.bnf.fr/ark:/12148/cb38788768t";"Criton";"15";"Null";"Null";"Null";"Null";"Null";"Null"
"http://data.bnf.fr/ark:/12148/cb38788362n";"Les suppliantes";"15";"Null";"Null";"Null";"Null";"Null";"Null"
"http://data.bnf.fr/ark:/12148/cb33261306h";"Sententiae Jesu Siracidae, graece summa diligentia et studio singulari editae... Joachimo Camera... autore";"15";"Basilae";"per J. Oporinum";"Null";"In-8°";"Null";"Null"
"http://data.bnf.fr/ark:/12148/cb33527241w";"[Partenopeus]";"15";"Cordoba";"Null";"Null";"Null";"Null";"Null"
"http://data.bnf.fr/ark:/12148/cb33643749n";"(Titre :) Sensuyt la vie de monseigneur sainct Laurens par personnaiges. Avec le martire de sainct Ypolite ; nouvellement imprimée à Paris. - (Au recto du dern. f.)... Nouvellement imprimé à Paris Par Alain Lotrian et Denys Janot...";"15";"Paris";"Alain Lotrian et Denys Janot";"Null";"Null";"Null";"Null"
"http://data.bnf.fr/ark:/12148/cb35802890x";"[Recueil. Androuet Du Cerceau (Jacques). Vases antiques]";"15";"[S.l.]";"[s.n.]";"Null";"[32]p. de pl.";"http://data.bnf.fr/ark:/12148/cb12472583z";"Null"
