id;title;date;place;publisher;firstyear;description;subject;gallica
"http://data.bnf.fr/ark:/12148/cb30001189g";"Liber de Judiciis astrorum Albohazen Hali filii Abenragel, revisus per Bartolomeum de Alten";"1485";"Venetiis";"Null";"1485";"In-fol. (Hain, *8349.)";"Null";"Null"
"http://data.bnf.fr/ark:/12148/cb30000470n";"Liber isagogicus Alchabitii de planetarum conjunctionibus. Latine vertit Joannes Hispalensis, commentum adjecit Joannes (Danck) de Saxonia, et edidit Bartholomaeus de Alten";"1485";"Venezia";"Erhard Ratdolt";"1485";"Null";"Null";"Null"
"http://data.bnf.fr/ark:/12148/cb300020674";"Francisci Accursi Casus in terminis super IX libris Codicis";"1485";"[Strasbourg";"imprimeur des Vitas patrum (H 8597)";"1485";"Null";"Null";"Null"
"http://data.bnf.fr/ark:/12148/cb300028362";"Opera omnia...";"1485";"Mediolani";"Null";"1485";"In-fol. (Hain, 8879.)";"Null";"Null"
"http://data.bnf.fr/ark:/12148/cb30001581t";"Abraham Judaei liber de Nativitatibus";"1485";"Venezia";"Erhard Ratdolt";"1485";"Ill.";"Null";"Null"
"http://data.bnf.fr/ark:/12148/cb30004367f";"Liber de remediis utriusque fortunae, auctore Adriano Carthusiensi";"1485";"Lovanii";"in domo Johannis de Westphalia";"1485";"In-fol. (Campbell, 6.)";"Null";"Null"
"http://data.bnf.fr/ark:/12148/cb30005217v";"Carmen in laudem sanctae Annae. Mauritio, comiti Spegelbergi, epicedion";"1485";"(Daventriae";"R. Paffroet";"1485";"In-4° . (Campbell, 52.)";"Null";"Null"
"http://data.bnf.fr/ark:/12148/cb30007704c";"De Arte loquendi et tacendi";"1485";"Anvers";"Gerard Leeu";"1485";"Null";"Null";"Null"
"http://data.bnf.fr/ark:/12148/cb300077031";"De Arte loquendi et tacendi";"1485";"Louvain";"Aegidius Van der Heerstraeten";"1485";"Null";"Null";"Null"
"http://data.bnf.fr/ark:/12148/cb30007823x";"Leonis Baptistae Alberti de Re aedificatoria libri X";"1485";"Florentiae";"opera N. Laurentii Alamanni";"1485";"Null";"Null";"Null"
"http://data.bnf.fr/ark:/12148/cb30009436n";"Alexandri Anglici Destructorium vitiorum";"1485";"Köln";"[Ludwig von Renchen]";"1485";"Null";"Null";"Null"
"http://data.bnf.fr/ark:/12148/cb30012474q";"Expositio in XII libros Metaphysicae Aristotelis secundum viam Scoti";"1485";"Bononie";"Null";"1485";"In-4° . (Hain, 12049)";"Null";"Null"
"http://data.bnf.fr/ark:/12148/cb30012473c";"Compendium mathematicum";"1485";"Bononie";"Null";"1485";"In-4° . (Hain, 12042.)";"Null";"Null"
"http://data.bnf.fr/ark:/12148/cb300140476";"Fortalitium fidei contra fidei christianae hostes, auctore Alphonso de Spina";"1485";"Nürnberg";"Anton Koberger";"1485";"Null";"Null";"Null"
"http://data.bnf.fr/ark:/12148/cb30019555d";"Liber Sextus Decretalium";"1485";"Venetiis";"Null";"1485";"In-4° . (Hain, *3610.)";"Null";"Null"
"http://data.bnf.fr/ark:/12148/cb300231254";"Summa theologica S. Antonini";"1485";"(Argentorati";"typis J. Eber ?)";"1485";"In-fol. (Pellechet, 880.)";"Null";"Null"
"http://data.bnf.fr/ark:/12148/cb300397781";"Auli Gellii Noctes atticae, correctore Marco Scaramuccino de Palatiolo";"1485";"Brescia";"Bonino de' Bonini";"1485";"[192] ff.";"Null";"Null"
"http://data.bnf.fr/ark:/12148/cb30045114c";"Commentum super IV librum Sententiarum Joannis Baconis";"1485";"Paris";"[Antoine Caillaut]";"1485";"Null";"Null";"Null"
"http://data.bnf.fr/ark:/12148/cb30051875r";"Liber ducentorum et sexaginta sanctorum doctorum, virginem Mariam in originali peccato fore conceptam dicentium, dicta continens, auctore Vincentio Bandello";"1485";"(Lubecae";"M. Brandis.)";"1485";"In-4° . (Pellechet, 1756.)";"Null";"Null"
"http://data.bnf.fr/ark:/12148/cb30062222z";"Bartholomeus. Van dey proprieteyten der dinghen...";"1485";"Haarlem";"Jacob Bellaert";"1485";"Null";"Null";"Null"
"http://data.bnf.fr/ark:/12148/cb300622130";"Le Propriétaire en françoys, par Barthélemy de Glanville. Traduction de Jean Corbichon, revue par Pierre Ferget";"1485";"Lyon";"Matthias Huss";"1485";"Null";"Null";"http://gallica.bnf.fr/ark:/12148/btv1b86054541"
"http://data.bnf.fr/ark:/12148/cb300631071";"Lectura Bartoli de Saxoferrato super prima parte Digesti veteris";"1485";"Venetiis";"impr. impendio B. Ricii et A. de Stanchis";"1485";"In-fol. (Pellechet, 1927.)";"Null";"Null"
"http://data.bnf.fr/ark:/12148/cb30063143w";"Consilia, disputationes et tractatus varii Bartoli de Saxoferrato";"1485";"Venetiis";"per J. et G. de Gregoriis";"1485";"In-fol. (Pellechet, 1970.)";"Null";"Null"
"http://data.bnf.fr/ark:/12148/cb300631389";"Lectura Bartoli de Saxoferrato super Authenticis";"1485";"(Venetiis.)";"Null";"1485";"In-fol. (Pellechet, 1951.)";"Null";"Null"
"http://data.bnf.fr/ark:/12148/cb30078415w";"Rappresentazione di Abrahamo e di Isaac, da Feo Belcari";"1485";"Firenze";"Francesco [Cenni]";"1485";"12 feuillets";"Null";"Null"
"http://data.bnf.fr/ark:/12148/cb30118379s";"Das weerdich Bouc Boecius de Consolatione philosophie";"1485";"Gand";"Arend de Keyser";"1485";"In-fol., 5 miniatures. (Pellechet, 2545.)";"Null";"Null"
"http://data.bnf.fr/ark:/12148/cb30116789q";"Bocace. Des cent Nouvelles, translaté de latin en françoys par maistre Laurens du Premier Fait";"1485";"Paris";"[Jean Du Pré et Antoine Caillaut] pour Antoine Vérard";"1485";"278 ff. foliotés et signés";"Null";"Null"
"http://data.bnf.fr/ark:/12148/cb30118396c";"Boetii de disciplina scholarium cum commento";"1485";"Lovanii";"in domo Johannis de Westfalia";"1485";"In-fol. (Pellechet, 2554.)";"Null";"Null"
"http://data.bnf.fr/ark:/12148/cb30125428n";"De Vita Christi. - Fol. LIIII : Explicit liber aureus de vita Christi, per sanctum Bonaventuram doctorem seraphicum editus sive compositus. - A la fin : Aurea vita Christi beati Bonaventure";"1485";"[Paris";"Antoine Caillaut";"1485";"Signé A-L";"Null";"Null"
"http://data.bnf.fr/ark:/12148/cb30126518v";"Liber sextus Decretalium Bonifacii Papae VIII, cum novellis et declaratione Joannis Andreae de arboribus consanguinitatis et affinitatis. Clementinae ac Decretales extravagantes...";"1485";"Venetiis";"B. de Alexandria et A. de Asula";"1485";"In-4° . (Hain, *3610.)";"Null";"Null"
"http://data.bnf.fr/ark:/12148/cb30163151p";"Achilleidos lib...";"1485";"Brixiae";"Null";"1485";"In-fol. (Van Praet, IV, 90, n 112.)";"Null";"Null"
"http://data.bnf.fr/ark:/12148/cb301701697";"Leonardi Aretini libellus de temporibus suis";"1485";"Venitiis";"Dominicus de Pasqualibus";"1485";"In-4° . (Pellechet, 1114 bis.)";"Null";"Null"
"http://data.bnf.fr/ark:/12148/cb301701515";"Leonardi Aretini Epistolae familiares";"1485";"(Lovanii";"Rodolphus Loeffs de Driel";"1485";"In-fol. (Pellechet, 1117.)";"Null";"Null"
"http://data.bnf.fr/ark:/12148/cb30178432n";"Gualteri Burlei libellus de vita et moribus philosophorum et poetarum";"1485";"[Speyer]";"ICH [= Johann et Konrad Hist";"1485";"Null";"Null";"Null"
"http://data.bnf.fr/ark:/12148/cb30193245n";"Guilelmi Caoursin, Rhodiorum vicecancellarii, oratoris... magistri Rhodi, ad summum pontificem Innocentium papam octavum oratio";"1485";"(S. l.,)";"Null";"1485";"In-4° . (Hain, *4367.)";"Null";"Null"
"http://data.bnf.fr/ark:/12148/cb30192093q";"De Modo in jure studendi Johannis Jacobi Canis libellus";"1485";"Padova";"Matthaeus [Cerdonis]";"1485";"Null";"Null";"Null"
"http://data.bnf.fr/ark:/12148/cb301932460";"Guilelmi Caoursin, Rhodiorum vicecancellarii, oratoris... magistri Rhodi, ad summum pontificem Innocentium papam octavum oratio";"1485";"(S. l.,)";"Null";"1485";"In-4° . (Hain-Copinger, *4366.)";"Null";"Null"
"http://data.bnf.fr/ark:/12148/cb301949910";"Roberti Caraccioli de Licio opus quadragesimale quod de penitentia dictum est";"1485";"Argentinae";"Null";"1485";"In-fol. (Hain-Copinger, *4436.)";"Null";"Null"
"http://data.bnf.fr/ark:/12148/cb30203265k";"Cassianus. De Institutis cenobiorum, origine, causis et remediis vitiorum, collationibus patrum";"1485";"Basilee";"(J. de Amerbach,)";"1485";"In-fol. (Hain-Copinger, *4562.)";"Null";"Null"
"http://data.bnf.fr/ark:/12148/cb30206665d";"Cato cum commento. - Fol. 1 recto, sign. a 2 : Summi Deus largitor premii, via constans, fons refrigerii. - A la fin : Expliciunt glosule Cathonis et declinatur explicit, expliciunt, non plus invenitur et est verbum defectivum";"1485";"[Lyon";"Guillaume Le Roy";"1485";"[48] ff. signés a-f8";"Null";"Null"
"http://data.bnf.fr/ark:/12148/cb302070410";"Carmina Catulli, cum commentario Antonii Parthenii";"1485";"Brixiae";"per Boninum de Boninis de Ragusia";"1485";"In-fol. (Pellechet, 3437.)";"Null";"Null"
"http://data.bnf.fr/ark:/12148/cb302086934";"Disciplina degli spirituali, di D. Cavalca";"1485";"[Firenze";"Antonio Miscomini";"1485";"Null";"Null";"Null"
"http://data.bnf.fr/ark:/12148/cb30216082j";"Bartholomaei de Chaimis Interrogatorium, sive Confessionale";"1485";"(S. l.)";"Null";"1485";"In-4° . (Pellechet, 1858.)";"Null";"Null"
"http://data.bnf.fr/ark:/12148/cb30225689k";"Le Breviaire des nobles [par Alain Chartier]";"1485";"Brehan-Loudéac";"Robin Foucquet et Jean Crès";"1485";"Null";"Null";"http://gallica.bnf.fr/ark:/12148/bpt6k1511309q"
"http://data.bnf.fr/ark:/12148/cb302372190";"Philippi Chevrerii oratio ad Innocentium papam VIII, in Consistorio publico, anno 1485, 4 cal. febr. habita";"1485";"[Roma";"Stephan Planck";"1485";"Null";"Null";"Null"
"http://data.bnf.fr/ark:/12148/cb302372206";"Philippi Chevrerii oratio ad Innocentium papam VIII, in Consistorio publico, anno 1485, 4 cal. febr. habita";"1485";"[Roma";"Bartholomaeus Guldinbeck";"1485";"Null";"Null";"Null"
"http://data.bnf.fr/ark:/12148/cb30238407s";"Oratio Petri Cadrati ad Innocentium VIII, in publico consistorio habita, die 11 februarii 1485. - Oratio A. de Shinucciis (sic), episcopi Suanensis, ad Innocentium VIII pro Republica Senensi";"1485";"[Roma";"Stephan Planck";"1485";"[4] ff. non signés [a]4";"Null";"Null"
"http://data.bnf.fr/ark:/12148/cb30243101w";"M. Tullii Ciceronis liber de Fato, Topica et liber de Universitate, cum Georgii Vallae commentariis";"1485";"Venetiis";"per A. de Strata";"1485";"In-fol. (Hain, *5343.)";"Null";"Null"
"http://data.bnf.fr/ark:/12148/cb30244271k";"[M. Tullii Ciceronis de Oratore libri III, cum commentario Omniboni Leoniceni, Orator, Topica Partitiones oratoriae, Brutus, de Optimo genere oratorum. Q. Ciceronis de Petitione consulatus. Aeschinis oratio contra Cthesiphontem et Demosthenis oratio in Aeschinem, a Leonardo Aretino in latinum conversae. Haec omnia a Hieronymo Squarzafico edita.]";"1485";"Venetiis";"impr. per Bartholomaeum de Blavis et Andream Torresanum de Asola";"1485";"In-fol. (Pellechet, 3668.)";"Null";"Null"
"http://data.bnf.fr/ark:/12148/cb302449109";"Elegiarum libri IV...";"1485";"Venetiis";"Null";"1485";"In-fol. (Hain-Copinger, 15523.)";"Null";"Null"
"http://data.bnf.fr/ark:/12148/cb302491798";"Clementis papae V Constitutiones ; decretales extravagantes, una cum apparatu Johannis Andreae";"1485";"Venetiis";"B. de Blavis et Torresanus de Asola";"1485";"In-4° . (Pellechet, 2752.)";"Null";"Null"
"http://data.bnf.fr/ark:/12148/cb302645369";"Concordantiae Bibliorum, a fratre Conrado de Alemannia confectae";"1485";"Norimbergae";"Null";"1485";"In-fol. (Hain, *5632.)";"Null";"Null"
"http://data.bnf.fr/ark:/12148/cb302742220";"Sermoni e lettere di Lione papa I, pubblicati da Giovanni Andrea, tradotti da Filippo di Bartolomeo Corsini";"1485";"Firenze";"[Antonio Miscomini]";"1485";"Null";"Null";"Null"
"http://data.bnf.fr/ark:/12148/cb303050828";"Prophetae priores ; hebr.]";"1485";"Soncini";"Null";"1485";"In-fol. (Hain, 13408.)";"Null";"Null"
"http://data.bnf.fr/ark:/12148/cb30343798x";"Vitae et sententiae philosophorum, Diogene Laertio auctore, Ambrosio Camaldulensi interprete";"1485";"Brixiae";"per J. Britannicum Brixianum";"1485";"In-fol. (Pellechet, 4276. Hain, 6201.)";"Null";"Null"
"http://data.bnf.fr/ark:/12148/cb30406210c";"La vita dell'Esopo e le favole del medesimo";"1485";"Neapoli";"Francesco del Tuppo";"1485";"[345] p.";"Null";"http://gallica.bnf.fr/ark:/12148/bpt6k703189"
"http://data.bnf.fr/ark:/12148/cb304104789";"Transitus beati Hieronimi...";"1485";"Venetiis";"Null";"1485";"In-4° . (Hain-Copinger. 8631.)";"Null";"Null"
"http://data.bnf.fr/ark:/12148/cb30411440v";"[Ebrardi Bethuniensis Grecismus.]";"1485";"[Tréguier";"Ia. P.";"1485";"+ [76] ff.";"Null";"Null"
"http://data.bnf.fr/ark:/12148/cb30428815n";"Valasci Ferdinandi, utriusque jurisconsulti illustrissimi, regis Portugallie oratoris, ad Innocentium octavum, pontificem maximum, de obedientia oratio";"1485";"[Roma";"Andreas Fritag ?";"1485";"[8] ff. n. ch.";"Null";"Null"
"http://data.bnf.fr/ark:/12148/cb30435520w";"Epistolae Francisci Philelphi";"1485";"Brescia";"Jacopo de' Britannici";"1485";"Null";"Null";"Null"
"http://data.bnf.fr/ark:/12148/cb30449462q";"Supplementum chronicarum Jacobi Philippi Bergomensis";"1485";"Brixiae";"per B. de Boninis";"1485";"In-fol. (Pellechet, 2065.)";"Null";"Null"
"http://data.bnf.fr/ark:/12148/cb304817257";"Synonoma [sic] magistri Johannis de Garlandria [sic]";"1485";"[Köln";"Heinrich Quentell";"1485";"Null";"Null";"Null"
"http://data.bnf.fr/ark:/12148/cb304987672";"Cordiale de quatuor novissimis [a Gerardo de Vliederhoven]";"1485";"Deventer";"in platea episcopi [= Richardus Pafraet]";"1485";"62 ff. signés a-e8, f-g6, h10";"Null";"Null"
"http://data.bnf.fr/ark:/12148/cb305014597";"Tractatus Johannis de Gersonno de regulis mandatorum, opera et impensis Bartholomei Caldenteii";"1485";"[Valldemusa]";"Nicolás Calafat pour Bartholomaeus Caldentey";"1485";"[30] ff. signés a-c8, d6";"Null";"Null"
"http://data.bnf.fr/ark:/12148/cb30506276g";"Sermones Giliberti super Cantica canticorum";"1485";"Firenze";"Nicolò di Lorenzo";"1485";"160 ff. signés a10, b-k8, A-H8, I6, K8, les ff. a1 et K8 blancs";"Null";"Null"
"http://data.bnf.fr/ark:/12148/cb305089506";"Liber de exemplis et similitudinibus rerum magistri Helwici teutonici [Joannis a Sancto Geminiano]";"1485";"(Coloniae";"J. Koelhoff.)";"1485";"In-fol.";"Null";"Null"
"http://data.bnf.fr/ark:/12148/cb305160644";"Scala coeli [auctore Johanne Gobio, juniore]";"1485";"Louvain";"Johannes de Westphalia";"1485";"[130] ff. signés a-p8, q10, le premier et le dernier ff. blancs";"Null";"Null"
"http://data.bnf.fr/ark:/12148/cb30555332x";"Manipulus curatorum Guidonis de Monte Rocherio";"1485";"Roma";"[Eucharius Silber]";"1485";"[94] ff. non signés [a-k8, l10, m4], le f. [m]1 (premier f. de la table) blanc";"Null";"Null"
"http://data.bnf.fr/ark:/12148/cb36812926f";"Expositio hymnorum";"1485";"Paris";"Pierre Levet";"1485";"Null";"Null";"Null"
"http://data.bnf.fr/ark:/12148/cb36814203b";"Missale Romanum";"1485";"Lyon";"Matthias Huss";"1485";"2 °";"Null";"http://gallica.bnf.fr/ark:/12148/bpt6k856617b"
"http://data.bnf.fr/ark:/12148/cb36814988g";"Pontificale Romanum. Ed. Augustinus Patritius et Johannes Burchardus";"1485";"Roma";"Stephan Planck";"1485";"[302] ff., le premier blanc";"Null";"Null"
"http://data.bnf.fr/ark:/12148/cb368173698";"Missale ad usum ecclesiae Bisuntinensis. - Divinis exactum auspiciis claro Salinensi oppido... missarum annualium opus clarissimum caracteribus impensa Johannis Depratis diligenter correctis...";"1485";"[S. l. ?]";"Null";"1485";"In-f °";"Null";"Null"
"http://data.bnf.fr/ark:/12148/cb36819546n";"Breviarium Pictavense";"1485";"(Poitiers)";"(Jean Bouyer)";"1485";"Caract. gothiques à deux colonnes";"Null";"Null"
"http://data.bnf.fr/ark:/12148/cb36818830v";"Breviarium ad usum ecclesiae Cameracensis";"1485";"Parisiis";"Null";"1485";"In-8 °, 498 ff., car. goth., 2 col.";"Null";"Null"
"http://data.bnf.fr/ark:/12148/cb36824729m";"[Horae ad usum Romanum.]";"1485";"Venezia";"Johannes Leoviller";"1485";"8 °";"Null";"Null"
"http://data.bnf.fr/ark:/12148/cb306044594";"Tractatus contra perfidiam aliquorum Bohemorum, per Hilarium Litomericensem";"1485";"Argentinae";"Null";"1485";"In-4° . (Hain, *8663.)";"Null";"Null"
"http://data.bnf.fr/ark:/12148/cb30616426v";"Horatii Opera, cum commentis Porphyrionis et Acronis";"1485";"Mediolani";"per Antonium Zarotum, impensis A. M. Conagi";"1485";"In-fol. (Hain, 8879.)";"Null";"Null"
"http://data.bnf.fr/ark:/12148/cb30625729p";"Sermones dominicales super evangelia et epistolas per totum annum, auctore Hugone de Prato Florido";"1485";"Heydelbergae";"Null";"1485";"In-fol. (Hain, *9009.)";"Null";"Null"
"http://data.bnf.fr/ark:/12148/cb306263630";"De Sacramentis christianae fidei, auctore Hugone de Sancto-Victore";"1485";"Argentinae";"Null";"1485";"In-fol. (Hain-Copinger, *9025.)";"Null";"Null"
"http://data.bnf.fr/ark:/12148/cb30631815h";"Clarissimi viri Hyginii Poeticon astronomicon";"1485";"Venetiis";"E. Ratdolt";"1485";"In-4° . (Hain-Copinger, *9063.)";"Null";"Null"
"http://data.bnf.fr/ark:/12148/cb30649377t";"Summa praedicantium, auctore F. Johanne de Bromyard";"1485";"Nurenbergk";"per A. Koberger";"1485";"In-fol. (Hain, *3994.)";"Null";"Null"
"http://data.bnf.fr/ark:/12148/cb30649634c";"Homiliae S. Joannis Chrysostomi in Epistolam S. Pauli ad Hebraeos";"1485";"Null";"Null";"1485";"In-fol.";"Null";"Null"
"http://data.bnf.fr/ark:/12148/cb30650018h";"Joannis, diaconi hispani, Summarium decreti";"1485";"Utini";"G. de Lisa";"1485";"In-8° . (Pellechet, 676.)";"Null";"Null"
"http://data.bnf.fr/ark:/12148/cb30652690c";"Vitae patrum sancti Hieronymi";"1485";"(Argentinae.)";"Null";"1485";"In-fol. (Hain, *8600.)";"Null";"Null"
"http://data.bnf.fr/ark:/12148/cb306555857";"Joannis de Sacro Bosco Sphaera mundi. Joannis de Monteregio Disputationes contra Cremonensia in planetarum theoricas deliramenta. Georgii Purbachii In motus planetarum theoricae";"1485";"(Venetiis,)";"E. Ratdolt";"1485";"In-4° . (Hain-Copinger, *14111.)";"Null";"Null"
"http://data.bnf.fr/ark:/12148/cb30773534f";"Die Historien van Troy, door Raoul Le Fèvre";"1485";"Haarlem";"[Jacob Bellaert]";"1485";"Null";"Null";"Null"
"http://data.bnf.fr/ark:/12148/cb307930036";"Factorum dictorumque memorabilium libri IX";"1485";"Venezia";"Dionisio Bertocchi et Pellegrino Pasquali";"1485";"Null";"Null";"Null"
"http://data.bnf.fr/ark:/12148/cb38497141k";"[Illustrations de Commentarii de bello gallino...]";"1485";"Paris";"Null";"1485";"9 est. : gravures sur bois : n. et b.";"http://data.bnf.fr/ark:/12148/cb11975832b";"http://gallica.bnf.fr/ark:/12148/btv1b2200003k"
"http://data.bnf.fr/ark:/12148/cb38498260c";"[Illustrations de Le Decameron]";"1485";"Paris";"A. Vérard";"1485";"11 est. : gravures sur bois : Noir et blanc";"Null";"http://gallica.bnf.fr/ark:/12148/btv1b2200001r"
"http://data.bnf.fr/ark:/12148/cb38942978r";"Compotus cum commento";"1485";"Null";"Null";"1485";"40 f. (sig. a-e8)";"Null";"Null"
"http://data.bnf.fr/ark:/12148/cb30855393n";"[In Somnium Scipionis. Saturnaliorum libri.] - Incipit : Somnium Scipionis, ex Ciceronis libro de Republica excerptum";"1485";"Brixiae";"per Boninum de Boninis";"1485";"Null";"Null";"Null"
"http://data.bnf.fr/ark:/12148/cb30857547h";"Juniani Maii Parthenopeii... de Priscorum proprietate verborum. - A la fin : Impressere Mathias Moravus, impressor solertissimus, et venerabilis monachus Blasius... MCCCCLXXV";"1485";"Venetiis";"D. Bertochus et P. de Pasqualibus";"1485";"In-fol., lettres peintes. (Hain, 10543.)";"Null";"Null"
"http://data.bnf.fr/ark:/12148/cb308706732";"Itinerarius domini Johannis de Mandeville militis";"1485";"Argentinae";"Null";"1485";"(Hain-Copinger, *10643.) In-4°";"Null";"Null"
"http://data.bnf.fr/ark:/12148/cb308794145";"Mammotrectus super Bibliam";"1485";"Null";"Null";"1485";"In-fol.";"Null";"Null"
"http://data.bnf.fr/ark:/12148/cb30879422s";"Incipit vocabularius in Mamotrectum secundum ordinem alphabeti... Prologus autoris in Mamotrectum... - la fin : Expliciunt expositiones et correctiones vocabulorum libri qui appellatur Mamotrectum... Impresse Venetiis, per Franciscum de Hailbrun et Nicholaum de Franckfordia socios...";"1485";"Venetiis";"per F. de Madiis";"1485";"In-8° . (Hain, *10564.)";"Null";"Null"
"http://data.bnf.fr/ark:/12148/cb30891330m";"[Publii Ovidii Nasonis Fasti, cum commentario Pauli Marsi]";"1485";"Venetiis";"impr. A. Bactibovis";"1485";"[ca 330] p.";"Null";"http://gallica.bnf.fr/ark:/12148/bpt6k54211821"
"http://data.bnf.fr/ark:/12148/cb30892922w";"M. Valerii Martialis Epigrammata, cum commentario Domitii Calderini";"1485";"Venetiis";"per B. de Tontis";"1485";"In-fol. (Hain-Copinger, *10819.)";"Null";"Null"
"http://data.bnf.fr/ark:/12148/cb309034311";"Pacifici Maximi, poetae asculane, ad magnificum Jacobum Salviatum de componendo hexametro et pentametro libellus incipit. - A la fin : Impressum Florentiae, anno gratiae MCCCCLXXXV. pridie idus julias";"1485";"Florentiae";"Null";"1485";"In-4° . (Hain, 10935.)";"Null";"Null"
"http://data.bnf.fr/ark:/12148/cb39302423c";"Concordantiae Bibliorum";"1485";"Spirae";"impensis et operâ Petri Drach";"1485";"In-fol.";"Null";"Null"
"http://data.bnf.fr/ark:/12148/cb39309001n";"Liber de proprietatibus rerum Bartholomei anglici";"1485";"Argentinae";"[s. n.]";"1485";"In-fol., caract. goth.";"Null";"Null"
"http://data.bnf.fr/ark:/12148/cb39331203k";"Le Pèlerinage de vie humaine [arrangé de vers en prose par Jean Galloppes, d'après le poème de Guillaume de Deguilleville]";"1485";"Lyon";"M. Huss";"1485";"In-4 °";"Null";"http://gallica.bnf.fr/ark:/12148/bpt6k8527589"
"http://data.bnf.fr/ark:/12148/cb30926694m";"Epistole Caroli Mennigken";"1485";"(S. l.,)";"Null";"1485";"In-4° , car. goth. (Hain, 10667.)";"Null";"Null"
"http://data.bnf.fr/ark:/12148/cb309411039";"La Danse des aveugles";"1485";"[Bréhan-Loudéac";"Robin Foucquet et Jean Crès";"1485";"Sign. A-F (82 p.)";"Null";"http://gallica.bnf.fr/ark:/12148/bpt6k702150"
"http://data.bnf.fr/ark:/12148/cb30950762f";"Formulario de epistole vulgare missive e responsive da B. Miniatore...";"1485";"Bologna";"U. di Rugerii";"1485";"In-4° . (Hain, 11167.)";"Null";"Null"
"http://data.bnf.fr/ark:/12148/cb40103433f";"Silva cui titulus Ambra";"1485";"Null";"Null";"1485";"[14] f.";"Null";"Null"
"http://data.bnf.fr/ark:/12148/cb31016094b";"Tres tractatuli, primus est sancti Thomae Aquinatis de quidditate et efficacia venerabilis sacramenti Eucharistiae, secundus est magistri Nicolai de Lyra de idoneo ministrante et suscipiente idem sacramentum...";"1485";"Coloniae";"U. Zell";"1485";"In-4° . (Pellechet, 978 ; Voullième, 1165.)";"Null";"Null"
"http://data.bnf.fr/ark:/12148/cb31016041r";"Postilla in universa Biblia, cum expositionibus Guil. Britonis et additionibus Pauli burgensis et correctoriis editis a Matthia Doringk";"1485";"Coloniae";"Ulricus Zell";"1485";"4 vol. in-fol., initiales rubriquées ; lettrines de départ historiées aux T. 2 et 3. (Hain-Copinger, *10368 ; Voullième, 833.)";"Null";"Null"
"http://data.bnf.fr/ark:/12148/cb31017247m";"Tractatus de morali lepra Johannis Nyder";"1485";"(Lovanii,)";"Johannes de Westfalia";"1485";"In-4° . (Campbell, 1288*.)";"Null";"Null"
"http://data.bnf.fr/ark:/12148/cb310225401";"Liber de beatitudine editus per... Leonardum de Nogarolis";"1485";"Vincentiae";"Null";"1485";"In-fol. (Hain, 11895.)";"Null";"Null"
"http://data.bnf.fr/ark:/12148/cb310388697";"Incipit Compendium dignissimum et utilissimum considerationis matematice quo ad aritmetricam [sic] et geometriam secundum ea que sunt necessaria naturalibus et supranaturalibus scientiis, M. Nicolai de Orbellis,... - A la fin : Impressum Bononiae per... H. de Haerlem anno... 1485";"1485";"(Bononiae";"Null";"1485";"In-4° . (Hain, 12042)";"Null";"Null"
"http://data.bnf.fr/ark:/12148/cb31038870f";"Incipit compendiosa et optima Expositio duodecim librorum metaphisice Aristotelis secundum viam Scoti per... magistrum Nycholaum de Orbellis,... - A la fin : Impressum Bononie, impensis H. de Haerlem et M. Crescentini,... anno... 1485, ultima martii";"1485";"(Bononiae";"Null";"1485";"In-4° . (Hain, 12049.)";"Null";"Null"
"http://data.bnf.fr/ark:/12148/cb402754415";"D Euterpe XVIII 18 : [estampe]";"1485";"[Ferrare ?]";"[s.n.]";"1485";"1 est. sur vélin : burin, manière fine, n. et b.  ; 17 x 9,2 cm (tr. c.)";"http://data.bnf.fr/ark:/12148/cb13184833j";"Null"
"http://data.bnf.fr/ark:/12148/cb402754624";"B Speranza XXXVIIII 39 : [estampe]";"1485";"[Ferrare ?]";"[s.n.]";"1485";"1 est. sur vélin : burin, manière fine, n. et b.  ; 17 x 9,2 cm (tr. c.)";"http://data.bnf.fr/ark:/12148/cb11947539s";"Null"
"http://data.bnf.fr/ark:/12148/cb40275443v";"D Apollo XX 20 : [estampe]";"1485";"[Ferrare ?]";"[s.n.]";"1485";"1 est. sur vélin : burin, manière fine, n. et b.  ; 17 x 9,2 cm (tr. c.)";"http://data.bnf.fr/ark:/12148/cb11950847r";"Null"
"http://data.bnf.fr/ark:/12148/cb402754686";"A Marte XXXXV 45 : [estampe]";"1485";"[Ferrare ?]";"[s.n.]";"1485";"1 est. sur vélin : burin, manière fine, n. et b.  ; 17 x 9,2 cm (tr. c.)";"http://data.bnf.fr/ark:/12148/cb120752119";"Null"
"http://data.bnf.fr/ark:/12148/cb402754655";"A Mercurio XXXXII 42 : [estampe]";"1485";"[Ferrare ?]";"[s.n.]";"1485";"1 est. sur vélin : burin, manière fine, n. et b.  ; 17 x 9,2 cm (tr. c.)";"http://data.bnf.fr/ark:/12148/cb12115380b";"Null"
"http://data.bnf.fr/ark:/12148/cb40275466h";"A Vénus XXXXIII 43 : [estampe]";"1485";"[Ferrare ?]";"[s.n.]";"1485";"1 est. sur vélin : burin, manière fine, n. et b.  ; 17 x 9,2 cm (tr. c.)";"http://data.bnf.fr/ark:/12148/cb12066488g";"Null"
"http://data.bnf.fr/ark:/12148/cb40275451g";"C Philosofia XXVIII 28 : [estampe]";"1485";"[Ferrare ?]";"[s.n.]";"1485";"1 est. sur vélin : burin, manière fine, n. et b.  ; 17 x 9,2 cm (tr. c.)";"http://data.bnf.fr/ark:/12148/cb119368422";"Null"
"http://data.bnf.fr/ark:/12148/cb40275470r";"A Saturno XXXXVII 47 : [estampe]";"1485";"[Ferrare ?]";"[s.n.]";"1485";"1 est. sur vélin : burin, manière fine, n. et b.  ; 17 x 9,2 cm (tr. c.)";"http://data.bnf.fr/ark:/12148/cb11976363g";"Null"
"http://data.bnf.fr/ark:/12148/cb402754535";"C Theologia XXX 30 : [estampe]";"1485";"[Ferrare ?]";"[s.n.]";"1485";"1 est. sur vélin : burin, manière fine, n. et b.  ; 17 x 9,2 cm (tr. c.)";"http://data.bnf.fr/ark:/12148/cb11951726r";"Null"
"http://data.bnf.fr/ark:/12148/cb402754268";"S Artisan III 3 : [estampe]";"1485";"[Ferrare ?]";"[s.n.]";"1485";"1 est. sur vélin : burin, manière fine, n. et b.  ; 17 x 9,2 cm (tr. c.)";"http://data.bnf.fr/ark:/12148/cb119356997";"Null"
"http://data.bnf.fr/ark:/12148/cb40275455v";"B Chronico XXXII 32 : [estampe]";"1485";"[Ferrare ?]";"[s.n.]";"1485";"1 est. sur vélin : burin, manière fine, n. et b.  ; 17 x 9,2 cm (tr. c.)";"http://data.bnf.fr/ark:/12148/cb12264708p";"Null"
"http://data.bnf.fr/ark:/12148/cb40275464t";"A Luna XXXXI 41 : [estampe]";"1485";"[Ferrare ?]";"[s.n.]";"1485";"1 est. sur vélin : burin, manière fine, n. et b.  ; 17 x 9,2 cm (tr. c.)";"http://data.bnf.fr/ark:/12148/cb119358377";"Null"
"http://data.bnf.fr/ark:/12148/cb402754713";"A Octava spera XXXXVIII 48 : [estampe]";"1485";"[Ferrare ?]";"[s.n.]";"1485";"1 est. sur vélin : burin, manière fine, n. et b.  ; 17 x 9,2 cm (tr. c.)";"http://data.bnf.fr/ark:/12148/cb123747698";"Null"
"http://data.bnf.fr/ark:/12148/cb402754388";"D Polimnia XV 15 : [estampe]";"1485";"[Ferrare ?]";"[s.n.]";"1485";"1 est. sur vélin : burin, manière fine, n. et b.  ; 17 x 9,2 cm (tr. c.)";"http://data.bnf.fr/ark:/12148/cb150693003";"Null"
"http://data.bnf.fr/ark:/12148/cb402754299";"S Chavalier VI 6 : [estampe]";"1485";"[Ferrare ?]";"[s.n.]";"1485";"1 est. sur vélin : burin, manière fine, n. et b.  ; 17 x 9,2 cm (tr. c.)";"http://data.bnf.fr/ark:/12148/cb13516297v";"Null"
"http://data.bnf.fr/ark:/12148/cb40275448k";"C Aritmetricha XXV 25 : [estampe]";"1485";"[Ferrare ?]";"[s.n.]";"1485";"1 est. sur vélin : burin, manière fine, n. et b.  ; 17 x 9,2 cm (tr. c.)";"http://data.bnf.fr/ark:/12148/cb11930953j";"Null"
"http://data.bnf.fr/ark:/12148/cb40275469j";"A Jupiter XXXXVI 46 : [estampe]";"1485";"[Ferrare ?]";"[s.n.]";"1485";"1 est. sur vélin : burin, manière fine, n. et b.  ; 17 x 9,2 cm (tr. c.)";"http://data.bnf.fr/ark:/12148/cb121083440";"Null"
"http://data.bnf.fr/ark:/12148/cb402754237";"[Les Tarots de Mantegna ou Jeu du Gouvernement du monde au quattrocento] : [Série S]";"1485";"[Ferrare ?]";"[s.n.]";"1485";"50 est. sur vélin : burin, manière fine, n. et b. ; 17 x 9,2 cm (tr. c.)";"http://data.bnf.fr/ark:/12148/cb12239854q";"Null"
"http://data.bnf.fr/ark:/12148/cb402754566";"B Cosmico XXXIII 33 : [estampe]";"1485";"[Ferrare ?]";"[s.n.]";"1485";"1 est. sur vélin : burin, manière fine, n. et b.  ; 17 x 9,2 cm (tr. c.)";"http://data.bnf.fr/ark:/12148/cb12264708p";"Null"
"http://data.bnf.fr/ark:/12148/cb40275424k";"S Misero I 1 : [estampe]";"1485";"[Ferrare ?]";"[s.n.]";"1485";"1 est. sur vélin : burin, manière fine, n. et b.  ; 17 x 9,2 cm (tr. c.)";"http://data.bnf.fr/ark:/12148/cb12115473b";"Null"
"http://data.bnf.fr/ark:/12148/cb40275458w";"B Prudencia XXXV 35 : [estampe]";"1485";"[Ferrare ?]";"[s.n.]";"1485";"1 est. sur vélin : burin, manière fine, n. et b.  ; 17 x 9,2 cm (tr. c.)";"http://data.bnf.fr/ark:/12148/cb11968687k";"Null"
"http://data.bnf.fr/ark:/12148/cb40275452t";"C Astrologia XXVIIII 29 : [estampe]";"1485";"[Ferrare ?]";"[s.n.]";"1485";"1 est. sur vélin : burin, manière fine, n. et b.  ; 17 x 9,2 cm (tr. c.)";"http://data.bnf.fr/ark:/12148/cb13318456z";"Null"
"http://data.bnf.fr/ark:/12148/cb40275442h";"D Clio XVIIII 19 : [estampe]";"1485";"[Ferrare ?]";"[s.n.]";"1485";"1 est. sur vélin : burin, manière fine, n. et b.  ; 17 x 9,2 cm (tr. c.)";"http://data.bnf.fr/ark:/12148/cb15068134m";"Null"
"http://data.bnf.fr/ark:/12148/cb402754597";"B Forteza XXXVI 36 : [estampe]";"1485";"[Ferrare ?]";"[s.n.]";"1485";"1 est. sur vélin : burin, manière fine, n. et b.  ; 17 x 9,2 cm (tr. c.)";"http://data.bnf.fr/ark:/12148/cb119423527";"Null"
"http://data.bnf.fr/ark:/12148/cb40275457j";"B Temperancia XXXIIII 34 : [estampe]";"1485";"[Ferrare ?]";"[s.n.]";"1485";"1 est. sur vélin : burin, manière fine, n. et b.  ; 17 x 9,2 cm (tr. c.)";"http://data.bnf.fr/ark:/12148/cb119800057";"Null"
"http://data.bnf.fr/ark:/12148/cb40275440t";"D Melpomène XVII 17 : [estampe]";"1485";"[Ferrare ?]";"[s.n.]";"1485";"1 est. sur vélin : burin, manière fine, n. et b.  ; 17 x 9,2 cm (tr. c.)";"http://data.bnf.fr/ark:/12148/cb150683167";"Null"
"http://data.bnf.fr/ark:/12148/cb402754477";"C Geometria XXIIII 24 : [estampe]";"1485";"[Ferrare ?]";"[s.n.]";"1485";"1 est. sur vélin : burin, manière fine, n. et b.  ; 17 x 9,2 cm (tr. c.)";"http://data.bnf.fr/ark:/12148/cb119315301";"Null"
"http://data.bnf.fr/ark:/12148/cb402754504";"C Poesia XXVII 27 : [estampe]";"1485";"[Ferrare ?]";"[s.n.]";"1485";"1 est. sur vélin : burin, manière fine, n. et b.  ; 17 x 9,2 cm (tr. c.)";"http://data.bnf.fr/ark:/12148/cb11933161p";"Null"
"http://data.bnf.fr/ark:/12148/cb40275436k";"D Tersicore XIII 13 : [estampe]";"1485";"[Ferrare ?]";"[s.n.]";"1485";"1 est. sur vélin : burin, manière fine, n. et b.  ; 17 x 9,2 cm (tr. c.)";"http://data.bnf.fr/ark:/12148/cb15068951d";"Null"
"http://data.bnf.fr/ark:/12148/cb40275461s";"B Charita XXXVIII 38 : [estampe]";"1485";"[Ferrare ?]";"[s.n.]";"1485";"1 est. sur vélin : burin, manière fine, n. et b.  ; 17 x 9,2 cm (tr. c.)";"http://data.bnf.fr/ark:/12148/cb11945388z";"Null"
"http://data.bnf.fr/ark:/12148/cb40275433j";"S Papa X 10 : [estampe]";"1485";"[Ferrare ?]";"[s.n.]";"1485";"1 est. sur vélin : burin, manière fine, n. et b.  ; 17 x 9,2 cm (tr. c.)";"http://data.bnf.fr/ark:/12148/cb11975974j";"Null"
"http://data.bnf.fr/ark:/12148/cb40275446w";"C Rhetorica XXIII 23 : [estampe]";"1485";"[Ferrare ?]";"[s.n.]";"1485";"1 est. sur vélin : burin, manière fine, n. et b.  ; 17 x 9,2 cm (tr. c.)";"http://data.bnf.fr/ark:/12148/cb119452384";"Null"
"http://data.bnf.fr/ark:/12148/cb402754446";"C Gramatica XXI 21 : [estampe]";"1485";"[Ferrare ?]";"[s.n.]";"1485";"1 est. sur vélin : burin, manière fine, n. et b.  ; 17 x 9,2 cm (tr. c.)";"http://data.bnf.fr/ark:/12148/cb12042781h";"Null"
"http://data.bnf.fr/ark:/12148/cb40275473s";"A Prima Causa XXXXX 50 : [estampe]";"1485";"[Ferrare ?]";"[s.n.]";"1485";"1 est. sur vélin : burin, manière fine, n. et b.  ; 17 x 9,2 cm (tr. c.)";"http://data.bnf.fr/ark:/12148/cb123747698";"Null"
"http://data.bnf.fr/ark:/12148/cb40275460f";"B Justicia XXXVII 37 : [estampe]";"1485";"[Ferrare ?]";"[s.n.]";"1485";"1 est. sur vélin : burin, manière fine, n. et b.  ; 17 x 9,2 cm (tr. c.)";"http://data.bnf.fr/ark:/12148/cb13319364j";"Null"
"http://data.bnf.fr/ark:/12148/cb40275463g";"B Fede XXXX 40 : [estampe]";"1485";"[Ferrare ?]";"[s.n.]";"1485";"1 est. sur vélin : burin, manière fine, n. et b.  ; 17 x 9,2 cm (tr. c.)";"http://data.bnf.fr/ark:/12148/cb11934575q";"Null"
"http://data.bnf.fr/ark:/12148/cb40275428z";"S Zintilomo V 5 : [estampe]";"1485";"[Ferrare ?]";"[s.n.]";"1485";"1 est. sur vélin : burin, manière fine, n. et b.  ; 17 x 9,2 cm (tr. c.)";"http://data.bnf.fr/ark:/12148/cb119460213";"Null"
"http://data.bnf.fr/ark:/12148/cb40275445j";"C Loica XXII 22 : [estampe]";"1485";"[Ferrare ?]";"[s.n.]";"1485";"1 est. sur vélin : burin, manière fine, n. et b.  ; 17 x 9,2 cm (tr. c.)";"http://data.bnf.fr/ark:/12148/cb11935968s";"Null"
"http://data.bnf.fr/ark:/12148/cb40275472f";"A Primo mobile XXXXVIIII 49 : [estampe]";"1485";"[Ferrare ?]";"[s.n.]";"1485";"1 est. sur vélin : burin, manière fine, n. et b.  ; 17 x 9,2 cm (tr. c.)";"http://data.bnf.fr/ark:/12148/cb123747698";"Null"
"http://data.bnf.fr/ark:/12148/cb40275437x";"D Erato XIIII 14 : [estampe]";"1485";"[Ferrare ?]";"[s.n.]";"1485";"1 est. sur vélin : burin, manière fine, n. et b.  ; 17 x 9,2 cm (tr. c.)";"http://data.bnf.fr/ark:/12148/cb15068149n";"Null"
"http://data.bnf.fr/ark:/12148/cb40275449x";"C Musicha XXVI 26 : [estampe]";"1485";"[Ferrare ?]";"[s.n.]";"1485";"1 est. sur vélin : burin, manière fine, n. et b.  ; 17 x 9,2 cm (tr. c.)";"http://data.bnf.fr/ark:/12148/cb133183660";"Null"
"http://data.bnf.fr/ark:/12148/cb402754357";"D Urania XII 12 : [estampe]";"1485";"[Ferrare ?]";"[s.n.]";"1485";"1 est. sur vélin : burin, manière fine, n. et b.  ; 17 x 9,2 cm (tr. c.)";"http://data.bnf.fr/ark:/12148/cb150693123";"Null"
"http://data.bnf.fr/ark:/12148/cb40275454h";"B Iliaco XXXI 31 : [estampe]";"1485";"[Ferrare ?]";"[s.n.]";"1485";"1 est. sur vélin : burin, manière fine, n. et b.  ; 17 x 9,2 cm (tr. c.)";"http://data.bnf.fr/ark:/12148/cb12264708p";"Null"
"http://data.bnf.fr/ark:/12148/cb40275439m";"D Talia XVI 16 : [estampe]";"1485";"[Ferrare ?]";"[s.n.]";"1485";"1 est. sur vélin : burin, manière fine, n. et b.  ; 17 x 9,2 cm (tr. c.)";"http://data.bnf.fr/ark:/12148/cb150693096";"Null"
"http://data.bnf.fr/ark:/12148/cb40275467v";"A Sol XXXXIIII 44 : [estampe]";"1485";"[Ferrare ?]";"[s.n.]";"1485";"1 est. sur vélin : burin, manière fine, n. et b.  ; 17 x 9,2 cm (tr. c.)";"http://data.bnf.fr/ark:/12148/cb11976333j";"Null"
"http://data.bnf.fr/ark:/12148/cb40275434w";"D Caliope XI 11 : [estampe]";"1485";"[Ferrare ?]";"[s.n.]";"1485";"1 est. sur vélin : burin, manière fine, n. et b.  ; 17 x 9,2 cm (tr. c.)";"http://data.bnf.fr/ark:/12148/cb15068132x";"Null"
"http://data.bnf.fr/ark:/12148/cb31066930m";"Francisci Patricii,... oratoris... regis Ferdinandi, ad Innocentium octavum... oratio";"1485";"(Romae";"Null";"1485";"In-4° . (Hain-Copinger, 12470.)";"Null";"Null"
"http://data.bnf.fr/ark:/12148/cb31083622v";"Compendium totius grammatice ex variis autoribus, Laurentio Servio Perotto diligenter collectum et versibus cum eorum interpretatione conscriptum";"1485";"Oxoniae";"Null";"1485";"In-4° . (Hain-Copinger, *5555.)";"Null";"Null"
"http://data.bnf.fr/ark:/12148/cb310955526";"Opusculum repertorii pronosticon in mutationes aeris";"1485";"Venetiis";"Null";"1485";"In-4°";"Null";"Null"
"http://data.bnf.fr/ark:/12148/cb31094421d";"Franciscus Petrarcha. De Remediis utriusque fortune";"1485";"(Heidelbergae";"Null";"1485";"In-4° . (Hain-Copinger, *12791 ; Fiske, p. 12-13.)";"Null";"Null"
"http://data.bnf.fr/ark:/12148/cb40636811f";"[Isolario] Per aprobor questa operata fata per me";"1485";"[Venise]";"[s.n.]";"1485";"1 vol. : 49 cartes, reliure de maroquin bleu à filet d'or et à gardes de soie rouge ; In-8° (27, 5 x 24 cm)";"Null";"http://gallica.bnf.fr/ark:/12148/btv1b55007621n"
"http://data.bnf.fr/ark:/12148/cb40670404f";"Cosmographia";"1485";"Gand et Bruges";"Null";"1485";"Atlas : ms. vélin, col. et enluminé ; 56 x 43 cm";"Null";"Null"
"http://data.bnf.fr/ark:/12148/cb311091395";"Scolastica historia magistri Petri Comestoris";"1485";"Argentine";"Null";"1485";"In-fol. (Pellechet, 3881.)";"Null";"Null"
"http://data.bnf.fr/ark:/12148/cb31121458r";"Platinae Vitae pontificum";"1485";"(Tarvisii.)";"Null";"1485";"In-fol. (Hain-Copinger, *13048.)";"Null";"Null"
"http://data.bnf.fr/ark:/12148/cb31123634s";"[Hoc in volumine haec continentur : C. Plinii Secundi Nepotis Novocemensis Epistolarum libri octo Panaegerycus Nervae imperatoris dictus, De Viris illustribus liber.]";"1485";"(Venetiis";"Null";"1485";"In-4° . (Hain-Copinger 13116.)";"Null";"Null"
"http://data.bnf.fr/ark:/12148/cb311269121";"Commento di Jacopo di messer Poggio sopra el Triompho della fama di messer Francescho Petrarcha a Lorenzo di Piero di Cosimo de Medici...";"1485";"Firenze";"A. Varrochi";"1485";"In-4° . (Hain-Copinger, *13168.)";"Null";"Null"
"http://data.bnf.fr/ark:/12148/cb311526105";"[Prisciani Caesariensis Opera.]";"1485";"Venetiis";"Null";"1485";"In-fol. (Hain-Copinger, *13360.)";"Null";"Null"
"http://data.bnf.fr/ark:/12148/cb311573514";"Oratoriae artis epitoma, vel Quae brevibus ad consumatum spectant oratorem, ex antiquo rhetorum gymnasio, dicendi scribendique breves rationes, nec non et aptus optimo cuique viro titulus, insuper et perquam facilis memoriae artis modus Jacobi Publicii Florentini lucubratione in lucem editus... - À la fin : Erhardus Ratdolt... impressioni mirifice dedit 1485, pridie calen. februarii Venetiis";"1485";"(Venetiis";"Null";"1485";"In-4° . (Hain, *13546.)";"Null";"Null"
"http://data.bnf.fr/ark:/12148/cb311875143";"Calendarium. [Johannis de Monte Regio.]";"1485";"Venetiis";"E. Ratdolt";"1485";"In-4° (Hain-Copinger, 13779)";"Null";"Null"
"http://data.bnf.fr/ark:/12148/cb31198016v";"[L'Abuzé en cour, par le roi René.]";"1485";"[Lyon";"imprimeur de l''Abusé en court'";"1485";"Null";"Null";"http://gallica.bnf.fr/ark:/12148/btv1b73000686"
"http://data.bnf.fr/ark:/12148/cb31237864m";"Fasciculus temporum [auctore W. Rolevinck]";"1485";"Venetiis";"E. Ratdolt impressioni paravit";"1485";"In-fol., 8 ff. non ch., pour la dédicace et la table, et 66 ff. ch., sans sign. ni récl., car. goth., fig., lettrines. (Hain, *6985.)";"Null";"Null"
"http://data.bnf.fr/ark:/12148/cb31237891h";"Libellus de regimine rusticorum, qui etiam valde utilis est curatis, capellanis, drossatis, schultetis ac aliis officiariis iisdem in utroque statu presidentibus [auctore W. Rolevinck]";"1485";"Impr. Lovanii";"in domo J. de Westfalia";"1485";"In-4° , 62 ff. n. ch., sans sign. ni récl., car. goth. (Campbell, 1480.)";"Null";"Null"
"http://data.bnf.fr/ark:/12148/cb312654759";"Le doctrinal de sapience";"1485";"Lyon";"G. Le Roy";"1485";"[82 f.]";"Null";"http://gallica.bnf.fr/ark:/12148/bpt6k1106267"
"http://data.bnf.fr/ark:/12148/cb312744727";"[Comediae sex.] Terentius Apher carthaginensis ex libris per alos correctis et ex variis antiquis codicibus perspectis per A. Sabinum,... emendatior factus. [Cum Terentii epitaphio.]";"1485";"(Romae";"Null";"1485";"In-fol. (Panzer, T. II, p. 547, n  846.)";"Null";"Null"
"http://data.bnf.fr/ark:/12148/cb312886739";"Sallustii Opera";"1485";"Venetiis";"per Bernardinum Benalium et socios";"1485";"[90] p.";"Null";"http://gallica.bnf.fr/ark:/12148/bpt6k5460190c"
"http://data.bnf.fr/ark:/12148/cb313078091";"Oratio Bartholomei Scale, Florentini oratoris, ad... Innocentium VIII";"1485";"[Romae";"B. Guldinbeck";"1485";"In-4° , 4 ff. non ch., car. goth. (Hain, 14500.)";"Null";"Null"
"http://data.bnf.fr/ark:/12148/cb31307811k";"Oratio Bartholomei Scale, Florentini oratoris, ad summum pontificem Innocentium VIII. - À la fin : Finis";"1485";"(S. l.";"Null";"1485";"In-4° de 4 ff. non ch., sans réel. ni sign., car. goth. à longues lignes. (Panzer, II, 487-384.)";"Null";"Null"
"http://data.bnf.fr/ark:/12148/cb313527819";"Calendarium";"1485";"Venetiis";"Null";"1485";"In-4°";"Null";"Null"
"http://data.bnf.fr/ark:/12148/cb42725264c";"Liber physiognomiae";"1485";"[Köln";"Ulrich Zell";"1485";"Null";"http://data.bnf.fr/ark:/12148/cb11942202d";"Null"
"http://data.bnf.fr/ark:/12148/cb31396665k";"[Statii Achilleidos libr., cum commentariis Joannis Britannici.]";"1485";"Brixiae";"J. Britannicus";"1485";"In-fol. (Hain-Copinger, 14989 ; Van Praet. T. IV, p. 90, n  112.)";"Null";"Null"
"http://data.bnf.fr/ark:/12148/cb31433792z";"Grammatica Tardivi";"1485";"(Lugduni";"G. Le Roy";"1485";"In-4° , (Reichling, 1079.)";"Null";"Null"
"http://data.bnf.fr/ark:/12148/cb31434992r";"[Lectura Alexandri Tartagni de Imola super secunda parte Digesti novi, cum apostillis]";"1485";"Venetiis";"Null";"1485";"In-fol. (Hain, 15282.)";"Null";"Null"
"http://data.bnf.fr/ark:/12148/cb31434998t";"[E secundo Tartagni Consiliorum libro fragmentum continens Consilia 94-97, 99-102.]";"1485";"Milano";"Antonio Zarotto pour Giovanni da Legnano";"1485";"Null";"Null";"Null"
"http://data.bnf.fr/ark:/12148/cb31434991d";"Lectura [Alexandri Tartagni de Imola] super secunda parte Infortiati, cum apostillis";"1485";"Venetiis";"Null";"1485";"In-fol. (Hain, 15300.)";"Null";"Null"
"http://data.bnf.fr/ark:/12148/cb314349902";"Lectura [Alexandri Tartagni de Imola] super prima parte Infortiati [cum apostillis]";"1485";"Venetiis";"Null";"1485";"In-fol. (Hain, 15300.)";"Null";"Null"
"http://data.bnf.fr/ark:/12148/cb31443154z";"Belial [compilé par Jaques de Ancharano et translaté de latin en françoys par Pierre Ferget]";"1485";"Lyon";"Matthias Huss";"1485";"Null";"Null";"http://gallica.bnf.fr/ark:/12148/btv1b7300064j"
"http://data.bnf.fr/ark:/12148/cb31443385s";"[Terentii Comoediae sex : Andria, Enuchus (sic, et : Eunuchus), Eautontimerumenon (et : Eaphtontimorumenon), Adelphe, Hechira, Phormio.] - (Fol. [1,] r° :) Terentius Apher Carthaginensis ex libris per alios correctis et ex variis antiquis codicibus perspectis, per A. Sabinum, poetam lau., emendatior factus. Revertente autem Scipione Roman... - Fabula prima Andria vocatur... - (Fol. [1,] v° :) Argumentum : Orto bello Athenis, Chremes... - (Fol. [2,] r° :) Terentii Aphri, poete comici, epitaphium... - (Avant-dernier fol., v° :) Terentii Aphri, poete comici, Comedie finiunt foeliciter. Per Johannem Hugonis de Gengenbach. Dy bene vertant. - (Dernier fol., r° :) Tabula... Primum [folium] vacat...";"1485";"(Rome,)";"J. de Gengenbach";"1485";"In-fol., 107 ff. n. ch., s. sign. n. récl., car. rom. (Panzer, T. II, p. 547, n  846 ; Brunet, V, col. 704, n  XIII ; Lawton, 47.)";"Null";"Null"
"http://data.bnf.fr/ark:/12148/cb31443400v";"[Terentii Comoediae sex, cum Donati interpretatione et expositione Calphurnii, per Johannem Britannicum recognitae.]";"1485";"Brixiae";"per Jacobum Britannicum";"1485";"In-fol., sign. a-r, car. rom. (Hain-Copinger, *15413 ; Lawton, 57.)";"Null";"Null"
"http://data.bnf.fr/ark:/12148/cb314434016";"(Sign. Ai, r° :) Therencius poeta cum comento Donati grammatici. - (Sign. A 2, r° :) Vita Terentii. - (Sign. A 3, r°, 9e ligne du haut :) Initium tragedie et comedie a rebus divinis... - (Sign. [A 6,] r°, au milieu :) Poeta, quum primum... Comedia Andria... [videlicet Praefatio Donati in Andriam]. - (Sign. [A 6,] v° :) Chremes Atticus, pater Passibule... [videlicet argumentum (Andriae) ex Donato]. - (Sign. [A 7,] r° :) Publii Terentii Afri, poete comici, Andrie argumentum [Sulpicio Apollinari auctore]. - (Sign. A [7,] v° :) Aelii Donati, grammatici clarissimi, In sex P. Terentii Afri comedias examinata interpretatio. - (Puis :) Andrie prologus. - (Sign. S2, v° :) Heautontimorumenos. Argumentum. Jo. Calphurnii Brixiens., viri claris., in P. Sexti [sic] Terentii Heautontimorumenon examinata interpretatio. - (À la fin :) Finis";"1485";"(Argentinae";"J. Prüss";"1485";"In-4° , sign. A-Z et a-s, car. goth. (Hain-Copinger, 15389-Reichling, III, 195 ; Brunet, V, col. 706, n  XXI ; Lawton, 103.)";"Null";"Null"
"http://data.bnf.fr/ark:/12148/cb314616699";"[Summa theologie, edita a sancto Thoma de Aquino.]";"1485";"Basilee";"(M. Wenssler,)";"1485";"4 vol. in-fol. (Hain, *1434 ; Pellechet, 1033 ; Polain, 3742.)";"Null";"Null"
"http://data.bnf.fr/ark:/12148/cb31461901h";"Quodlibet sancti Thome";"1485";"Colonie";"per J. Koelhoeff";"1485";"In-fol. (Hain-Copinger, *1405 ; Pellechet, 1009 ; Vouillième, 1147 ; Polain, 3720.)";"Null";"Null"
"http://data.bnf.fr/ark:/12148/cb31462132t";"In hoc parvo libello continentur tres tractatuli : primus est sancti Thome Aquinatis de Mirabili quidditate et efficacia venerabilis sacramenti Eucharistie ; secundus est magistri Nycolai de Lira de Idoneo ministrante et suscipiente idem sacramentum ; tercius est alicujus docti collectoris de Expositione Dominice orationis...";"1485";"In Colonia";"apud Liislyrchen (U. Zell";"1485";"In-4° . (Pellechet, 978 ; Vouillième, 1165 ; Polain, 3704.)";"Null";"Null"
"http://data.bnf.fr/ark:/12148/cb314621455";"Sancti Thome de Aquino Super libris Boetii de Consolatione philosophie commentum cum expositione...";"1485";"[Lyon";"Guillaume Le Roy";"1485";"Null";"Null";"Null"
"http://data.bnf.fr/ark:/12148/cb314620169";"Summa edita a sancto Thoma de Aquino, de Articulis fidei et Ecclesie sacramentis";"1485";"[Paris";"Simon Doliatoris";"1485";"In-4° . (Copinger, II, 561 ; Pellechet, 1025 ; Claudin, I, p. 291 ; Reichling, Suppl., p. 66.)";"Null";"Null"
"http://data.bnf.fr/ark:/12148/cb314685431";"[Tibulli Elegiae, cum commentario Bernardini Veronensis.]";"1485";"Venetiis";"A. Batibos impressit";"1485";"In-fol., texte encadré de gloses. (Hain-Copinger, 15523 ; Catalogue of books printed in the XVth century... V, 404.)";"Null";"Null"
"http://data.bnf.fr/ark:/12148/cb31474520m";"[Titi Livii Historiae romanae decades I, III-IV, recognitae a Luca Porro, cum Johannis Andreae Epistola et L. Flori Epitome decadum XIV.]";"1485";"Tarvisii";"J. Vercellius impressit";"1485";"In-fol. (Hain-Copinger, *10136 ; Br. Mus., Books pr. XVth c., t. VI, p. 897 ; Polain, III, 2499.)";"Null";"Null"
"http://data.bnf.fr/ark:/12148/cb31474679j";"[Le Deche (1a, 3a e 4a) di Tito Livio.]";"1485";"Venetia";"per B. de Alexandria et A. de Asula";"1485";"In-fol. à 2 col. (Hain, 10147 ; Brit. Mus., Books pr. XVh c., t. V, p. 308.)";"Null";"Null"
"http://data.bnf.fr/ark:/12148/cb31481315z";"Glosa Psalterii Johannis de Turrecremata";"1485";"Strasbourg";"[imprimeur du Jordanus de Quedlinburg, H 9438 (= Georg Husner ?) ]";"1485";"[98] ff., le dernier blanc";"Null";"Null"
"http://data.bnf.fr/ark:/12148/cb315090654";"Liber qui intitulatur Arbor vite crucifixe Jesu devotissimi fratris Ubertini da Casali...";"1485";"Venetiis";"per A. de Bonettis";"1485";"In-fol. (Hain, *4551 ; Br. Mus., Books pr. Vth c., t. V, p. 361.)";"Null";"Null"
"http://data.bnf.fr/ark:/12148/cb31520508x";"[Les Neuf livres de Valère le Grant, translatez du latin en françois par très-révérend maistre Simon de Hesdin,... et achevez par Nicolas de Gonesse,...]";"1485";"Lyon";"M. Husz";"1485";"2 vol. in-fol. (Hain, 15796 ; Polain, 3899.)";"Null";"Null"
"http://data.bnf.fr/ark:/12148/cb31522368q";"[Georgii Vallae In Ciceronis librum de Fato commentarium. - Georgii Vallae in Topicis Ciceronis commentarium. - Georgii Vallae in Marci Tullii Ciceronis librum de Universitate commentarium...]";"1485";"Venetiis";"per A. de Strata";"1485";"In-fol. (Hain, *5343 ; Pellechet, 3673 ; Br. Mus. Books pr. XVth c., t. V, p. 294 ; Polain, 1075.)";"Null";"Null"
"http://data.bnf.fr/ark:/12148/cb315287835";"Summarium textuale et conclusiones super Sextum [per Johannem Koelner de Vanckel]";"1485";"(Coloniae";"per J. Koelhoff de Lübeck,)";"1485";"In-fol. (Hain-Copinger, *9786 ; Voullième, n  693 ; Cat. of books printed in the XVth century, now in the British Museum, t. I, p. 226 ; Polain, n  2320.)";"Null";"Null"
"http://data.bnf.fr/ark:/12148/cb315593232";"Petri Pauli Vergerii ad Ubertinum Carariensem de Ingenuis moribus opus incipit foeliciter";"1485";"(Brixiae";"Boninus de Boninis";"1485";"In-4° . (Hain, 15991 ; Br. Mus., Books pr. XVth c., t. VII, p. 969-970.)";"Null";"Null"
"http://data.bnf.fr/ark:/12148/cb315876758";"[Speculum morale Vincentii.]";"1485";"In civitate Nurembergk";"impensis A. Kobergers";"1485";"In-fol. à 2 col., car. goth. (Copinger, II, 6254 ; Voullième, Inkunabeln der Universitäts Bibliothek zu Bonn, 1205.)";"Null";"Null"
"http://data.bnf.fr/ark:/12148/cb31587736n";"Sermones sancti Vincentii,...";"1485";"Coloniae";"(H. Quentell,)";"1485";"3 vol. in-fol. à 2 col., car. goth. (Voullième, Der Buchdruck Kölns, n  412 ; Polain, t. IV, n  3951";"Null";"Null"
"http://data.bnf.fr/ark:/12148/cb44212071k";"Rationale divinorum officiorum";"1485";"[Strasbourg]";"[imprimeur du Jordanus de Quedlinburg]";"1485";"Null";"Null";"Null"
"http://data.bnf.fr/ark:/12148/cb31592282f";"Libro chiamato Ambitione... nel quale si dichiarano e precepti della agricoltura secondo la Georgica di Virgilio";"1485";"[Firenze";"Antonio Miscomini";"1485";"Null";"Null";"Null"
"http://data.bnf.fr/ark:/12148/cb316069652";"[Dat duytsche Passionail, von Jacob von Voragine.]";"1485";"(Coellen";"L. Van Renchen";"1485";"In-fol. (Copinger, 6507 ; Voullième, Der Buchdruck Kölns, 626 ; Br. Mus., Books pr. XVth c., t. I, p. 266 ; Polain, 2223 ; Goff, J-171.)";"Null";"Null"
"http://data.bnf.fr/ark:/12148/cb31606889s";"[Legendae sanctorum quas collegit in unum frater Jacobus Januensis,...]";"1485";"Reuttlingen";"(,per J. Otmar)";"1485";"In-fol. (Copinger, 6440 ; Indice generale degli incunaboli delle biblioteche d'Italia, 5022 ; Goff, J-113.)";"Null";"Null"
"http://data.bnf.fr/ark:/12148/cb316068993";"[Legendae sanctorum quas collegit in unum frater Jacobus, natione Jauuensis,...]";"1485";"Argentine";"Null";"1485";"In-fol., signé 1⁽8, 2⁽6, a-y⁽8⁽/⁽6, z⁽8, A-F⁽6⁽/⁽8 G⁽8, H⁽1⁽0, I-M⁽6⁽/⁽8, N⁽8. (Copinger, 6443 ; Voullième, Die Inkunabeln... der Berliner Sammlungen, 2404 ; Günther, Die Wiegendrucke der Leipziger Sammlungen, 2659 ; Goff, J-110.)";"Null";"Null"
"http://data.bnf.fr/ark:/12148/cb31606904v";"Incipiunt historie plurimorum sanctorum noviter laboriose collecte et prolongate";"1485";"Lovanii";"J. de Westfalia";"1485";"In-fol. (Campbell ; 1753 ; Copinger, 6441 ; Polain, 2226 ; Brit. Mus., Books pr. XVth c., t. IX, p. 143 ; Goff, J-111.)";"Null";"Null"
"http://data.bnf.fr/ark:/12148/cb31606992z";"Sermones Jacobi de Voragine de tempore et de sanctis";"1485";"(Basileae";"per J. Amerbach";"1485";"2 parties en 1 vol. in-fol. (Copinger, 6545 ; Br. Mus., Books pr. XVth c., t. III, p. 748 ; Polain, 2229.)";"Null";"Null"
"http://data.bnf.fr/ark:/12148/cc19994v";"Moïse de Narbonne. Commentaire du guide des Égarés";"1485";"Null";"Null";"Null";"237 f.";"Null";"http://gallica.bnf.fr/ark:/12148/btv1b107226882"
"http://data.bnf.fr/ark:/12148/cc30807h";"Al-Qānūn fī-l-ṭibb";"1485";"Null";"Null";"Null";"350 feuillets.";"Null";"http://gallica.bnf.fr/ark:/12148/btv1b11002382x"
"http://data.bnf.fr/ark:/12148/cc30394s";"Kitāb fī ma 'rifat al-ḥiyal al-handasiyya";"1485";"Null";"Null";"Null";"112 pages.";"Null";"http://gallica.bnf.fr/ark:/12148/btv1b8406177t"
"http://data.bnf.fr/ark:/12148/cb32032868k";"[Vitae et sententiae philosophorum e graeco in latinum traductae";"1485";"Brixiae, per J. Britannicum Brixianum";"Null";"1485";"Null";"Null";"Null"
"http://data.bnf.fr/ark:/12148/cb32109149m";"Defensorium curatorum per Ricardum de Radulphis";"1485";"[Rouen";"Guillaume Le Talleur";"1485";"Null";"Null";"Null"
"http://data.bnf.fr/ark:/12148/cb323733423";"Leonis magni papae Sermones et epistolae, curante [Johanne Andreae]";"1485";"Venezia";"Andrea de' Socci";"1485";"Null";"Null";"Null"
"http://data.bnf.fr/ark:/12148/cb32452315q";"(Fol. 1 recto :Titre.) la destruction de//Troye la grant//(-Au verso : Gravure sur bois.) - (A la fin :) Cy finist la destruction de troye la//grant mise par personnaiges Imprimee//a Lyon par maistre Mathieu husz//Et a esté finee l'an mil. CCCC qua//tre vingz et cincq. Le V. iour de ianuier// - (Au recto du dernier f. grande gravure sur bois.)";"1485";"Lyon";"M. Huss";"1485";"208 f. non chiffrés";"Null";"Null"
"http://data.bnf.fr/ark:/12148/cb324857631";"[In hoc parvo libello continentur tres tractatuli : primus est sancti Thome Aquinatis de Mirabili quidditate et efficacia venerabilis sacramenti eucharistie ; secundus est magistri Nycolai de Lira de Idoneo ministrante et suscipiente idem sacramentum ; tertius est alicujus docti collectoris de Expositione Dominice orationis...]";"1485";"(Coloniae, U. Zell";"Null";"1485";"Null";"Null";"Null"
"http://data.bnf.fr/ark:/12148/cb325343049";"Platinae Vitae pontificum";"1485";"(Tarvisii,) impensa Joannis Vercelensis";"Null";"1485";"Null";"Null";"Null"
"http://data.bnf.fr/ark:/12148/cb33317957n";"Concordanciae majores";"1485";"Nuremberg";"Null";"1485";"In-fol. Goth. (Hain, n° 5632.)";"Null";"Null"
"http://data.bnf.fr/ark:/12148/cb33393877p";"Floret de S. Bernard en franczoys";"1485";"Rennes";"imp. par Pierre Bellesculée et Josses";"1485";"In-4 . (Pellchet, 2179)̊";"Null";"http://gallica.bnf.fr/ark:/12148/btv1b8625630v"
"http://data.bnf.fr/ark:/12148/cb334156476";"Gart der Gesundheit";"1485";"Mainz";"Peter Schöffer";"1485";"[360] ff. non signés [a-z8, A-T8, V-X4, Y-Z8], ill.";"Null";"Null"
"http://data.bnf.fr/ark:/12148/cb33415648j";"Gart der Gesundheit";"1485";"Augsbourg";"[Johann Schönsperger]";"1485";"[370] ff. signés a-z8, A-V8, 2T-2V8, X10, ill.";"Null";"Null"
"http://data.bnf.fr/ark:/12148/cb334264818";"Thomas a Kempis. Imitatio Christi";"1485";"Null";"Null";"1485";"[8]-CLXXXII f.";"Null";"Null"
"http://data.bnf.fr/ark:/12148/cb33426478c";"Thomas a Kempis. Imitatio Christi";"1485";"Null";"Null";"1485";"[120] f. (sig. A8, a-i, k (ital.), l-o8)";"Null";"Null"
"http://data.bnf.fr/ark:/12148/cb337155285";"Extrait des registres de la Cour de Parlement de Paris, pour monstrer que le procureur général ne doit et ne peut prendre de conclusions en matière criminelle contre un président ou conseiller en icelle, sans permission spéciale de la dite Cour. (Arrêt du 17 février 1484.)";"1485";"[S. l. n. d. ?]";"Null";"1485";"In-4°";"Null";"Null"
"http://data.bnf.fr/ark:/12148/cb33733834v";"(Extrait des Ordonnances de Charles VIII. Titre VIe Des Examinateurs du Chatelet.)";"1485";"(S. l. n. d.)";"Null";"1485";"4°";"Null";"Null"
"http://data.bnf.fr/ark:/12148/cb337647302";"Casus breves decretalium Sexti et Clementinarum. (A la fin :) Quisquis optime lector... // ... hoc... // ... op'... // accipito... // ... // casus eni@ Sūmarios librorū decreta//liū Sexti ac clementinarū... // ... conti//net ... // ... op̄a Johannis Koelhoff // in... universitate // Colon̄. impressum est. Anno domini // M. CCCC. IXXXV";"1485";"[S. l. n. d. ?]";"Null";"1485";"In-fol.";"Null";"Null"
"http://data.bnf.fr/ark:/12148/cb33810310h";"Lettres patentes... portant confirmation de l'ennoblissement des secrétaires du Roy";"1485";"(S. l. n. d.)";"Null";"1485";"In-fol., 3 p.";"Null";"Null"
"http://data.bnf.fr/ark:/12148/cb338103126";"Édict... vérifié en Parlement le Roy y séant, le 1er mars 1484, par lequel appert... les huissiers de ladite cour estre du corps d'icelle cour";"1485";"(S. l. n. d.)";"Null";"1485";"In-4°, 10 p.";"Null";"Null"
"http://data.bnf.fr/ark:/12148/cb33810311v";"Lettres de confirmation de noblesse et autres privilèges accordez par le roy Charles VIII à ses conseillers et secrétaires du collège ancien. - Autres lettres patentes du roy Henri II portant confirmation et augmentation des privilèges des conseillers et secrétaires de Sa Majesté du collège ancien";"1485";"(S. l. n. d.)";"Null";"1485";"In-4°, 4-3 p.";"Null";"Null"
"http://data.bnf.fr/ark:/12148/cb33810313j";"Lettres portant exemption de ban et arrière-ban en faveur des officiers de la Chambre des comptes de Paris";"1485";"(S. l. n. d.)";"Null";"1485";"In-4°, 2 p.";"Null";"Null"
"http://data.bnf.fr/ark:/12148/cb359511156";"[Sans titre]";"1485";"Null";"Null";"Null";"2 parties";"Null";"Null"
"http://data.bnf.fr/ark:/12148/cb35951176d";"[Sans titre]";"1485";"Null";"Null";"Null";"[166] f.";"Null";"Null"
