id;title;date;place;publisher;firstyear;description;subject;gallica
"http://data.bnf.fr/ark:/12148/cb39687928v";"Sammlung von vor-nach und zwischen Spielen 1 Lieferung : für die Orgel";"182";"Mainz";"B. Schott's Söhne";"Null";"14 p. : ill.  ; 23 x 29 cm";"http://data.bnf.fr/ark:/12148/cb11975999w";"Null"
"http://data.bnf.fr/ark:/12148/cb396879354";"Sammlung von vor-nach und zwischen Spielen 12 Lieferung : für die Orgel";"182";"Mainz";"B. Schott's Söhne";"Null";"9 p. : ill.  ; 23 x 29 cm";"http://data.bnf.fr/ark:/12148/cb13319434w";"Null"
"http://data.bnf.fr/ark:/12148/cb396879323";"Sammlung von vor-nach und zwischen Spielen 7 Lieferung : für die Orgel";"182";"Mainz";"B. Schott's Söhne";"Null";"9 p. : ill.  ; 23 x 29 cm";"http://data.bnf.fr/ark:/12148/cb123079186";"Null"
"http://data.bnf.fr/ark:/12148/cb39687936g";"Sammlung von vor-nach und zwischen Spielen 13 Lieferung : für die Orgel";"182";"Mainz";"B. Schott's Söhne";"Null";"17 p. : ill.  ; 23 x 29 cm";"http://data.bnf.fr/ark:/12148/cb13319434w";"Null"
"http://data.bnf.fr/ark:/12148/cb39687934s";"Sammlung von vor-nach und zwischen Spielen 10 Lieferung : für die Orgel";"182";"Mainz";"B. Schott's Söhne";"Null";"9 p. : ill.  ; 23 x 29 cm";"http://data.bnf.fr/ark:/12148/cb123079186";"Null"
"http://data.bnf.fr/ark:/12148/cb39687930d";"Sammlung von vor-nach und zwischen Spielen 3 Lieferung : für die Orgel";"182";"Mainz";"B. Schott's Söhne";"Null";"14 p. : ill.  ; 23 x 29 cm";"http://data.bnf.fr/ark:/12148/cb13319434w";"Null"
"http://data.bnf.fr/ark:/12148/cb396879296";"Sammlung von vor-nach und zwischen Spielen 2 Lieferung : für die Orgel";"182";"Mainz";"B. Schott's Söhne";"Null";"9 p. : ill.  ; 23 x 29 cm";"http://data.bnf.fr/ark:/12148/cb123079186";"Null"
"http://data.bnf.fr/ark:/12148/cb39687933f";"Sammlung von vor-nach und zwischen Spielen 9 Lieferung : für die Orgel";"182";"Mainz";"B. Schott's Söhne";"Null";"7 p. : 23 x 29 cm";"http://data.bnf.fr/ark:/12148/cb11975999w";"Null"
"http://data.bnf.fr/ark:/12148/cb397696435";"L'Enéide : suite de compositions";"182";"Paris";"M. Pannetier";"Null";"[77] p. de pl.";"Null";"Null"
"http://data.bnf.fr/ark:/12148/cb397696702";"Théâtre de Dieppe : vingt planches in folio avec texte explicatif";"182";"Paris";"Carilian-Goeury";"Null";"32 p.-20 p. de pl.";"Null";"Null"
"http://data.bnf.fr/ark:/12148/cb397696795";"Costumes de théâtre de 1600 à 1820...";"182";"Paris";"Delpech";"Null";"Null";"Null";"Null"
"http://data.bnf.fr/ark:/12148/cb397696168";"Raccolta di varie decorazioni sceniche inventate ed eseguite";"182";"Milano";"Null";"Null";"Null";"Null";"Null"
"http://data.bnf.fr/ark:/12148/cb39800450n";"Lettre de Michele Carafa à Reicha, Le Mercredi 12 (mois?) (182.)";"182";"Null";"Null";"Null";"1 p.";"Null";"Null"
"http://data.bnf.fr/ark:/12148/cb42552154b";"Montagnes russes : [estampe]";"182";"[S.l.]";"[S.n.]";"Null";"1 est. : eau-forte ; 20,5 x 13,7 cm";"http://data.bnf.fr/ark:/12148/cb12153472b";"Null"
"http://data.bnf.fr/ark:/12148/cc588917/ca59911862214946";"Le cheval. Cahiers Renaud-Barrault. Annoté par Jean-Louis Barrault";"182";"Null";"Null";"Null";"Pages 77-150 imprimées";"Null";"Null"
"http://data.bnf.fr/ark:/12148/cb32112929q";"Mélanges/Florian";"182";"Paris : chez Marcilly";"Null";"Null";"Null";"Null";"Null"
"http://data.bnf.fr/ark:/12148/cb32418229r";"Mémoire sur Lekain...";"182";"Bruxelles";"Null";"Null";"Null";"Null";"Null"
"http://data.bnf.fr/ark:/12148/cb326697330";"Poésies/Voltaire";"182";"Paris : chez Marcilly";"Null";"Null";"Null";"Null";"Null"
"http://data.bnf.fr/ark:/12148/cb35170429h";"Plutarchi Vitae parallelae... 6";"182";"Lipsiae [Leipzig]";"ex officina Car. Tauchnitii [K. Tauchnitz]";"Null";"272 p.";"Null";"Null"
"http://data.bnf.fr/ark:/12148/cb35170430q";"Plutarchi Vitae parallelae... 7";"182";"Lipsiae [Leipzig]";"ex officina Car. Tauchnitii [K. Tauchnitz]";"Null";"286 p.";"Null";"Null"
"http://data.bnf.fr/ark:/12148/cb35170427t";"Plutarchi Vitae parallelae... 4";"182";"Lipsiae [Leipzig]";"ex officina Car. Tauchnitii [K. Tauchnitz]";"Null";"299 p.";"Null";"Null"
"http://data.bnf.fr/ark:/12148/cb351704254";"Plutarchi Vitae parallelae... 2";"182";"Lipsiae [Leipzig]";"ex officina Car. Tauchnitii [K. Tauchnitz]";"Null";"304 p.";"Null";"Null"
"http://data.bnf.fr/ark:/12148/cb35170424s";"Plutarchi Vitae parallelae... 1";"182";"Lipsiae [Leipzig]";"ex officina Car. Tauchnitii [K. Tauchnitz]";"Null";"276 p.";"Null";"Null"
"http://data.bnf.fr/ark:/12148/cb35170426g";"Plutarchi Vitae parallelae... 3";"182";"Lipsiae [Leipzig]";"ex officina Car. Tauchnitii [K. Tauchnitz]";"Null";"294 p.";"Null";"Null"
"http://data.bnf.fr/ark:/12148/cb354635572";"Avis aux dames : [Document publicitaire]";"182";"Paris";"Brousson";"Null";"12 p.";"http://data.bnf.fr/ark:/12148/cb12050328p";"Null"
