id;title;date;place;publisher;firstyear;description;subject;gallica
"http://data.bnf.fr/ark:/12148/cb30004499b";"Aegidii Romani De regimine principum libri III";"1498";"Venetiis";"S. Bevilaquam";"1498";"136 ff.";"Null";"http://gallica.bnf.fr/ark:/12148/bpt6k8542822"
"http://data.bnf.fr/ark:/12148/cb30004503r";"Lo Libre del regiment dels princeps, de frare Egidi Roma";"1498";"Barcelona";"impressa per J. Luschner";"1498";"In-fol. Car. goth.";"Null";"Null"
"http://data.bnf.fr/ark:/12148/cb300060611";"Uberrimum sphere mundi commentum";"1498";"(Parisiis)";"Null";"1498";"In-fol. (Hain 14120)";"Null";"Null"
"http://data.bnf.fr/ark:/12148/cb30007638d";"Alberti Magni Summa de quatuor coaevis et de homine";"1498";"Venetiis";"per S. de Luere, impensis A. Torresani de Asula";"1498";"In-fol. (Pellechet, 384.)";"Null";"Null"
"http://data.bnf.fr/ark:/12148/cb300076461";"Alberti Magni de Virtutibus, seu Paradisus animae";"1498";"Köln";"Heinrich Quentell";"1498";"Null";"Null";"Null"
"http://data.bnf.fr/ark:/12148/cb30007512f";"Pulcerrimus tractatus de Modo opponendi et respondendi, valde necessarius omnibus volentibus acutissime arguere...";"1498";"[Genève";"imprimeur de Rolewinck, Fasciculus temporum, H 6943 (= Jean Belot ?)";"1498";"signé a-e8, f10";"Null";"Null"
"http://data.bnf.fr/ark:/12148/cb300074992";"Alberti Magni de Eucharistiae sacramento sermones XXXII";"1498";"Coloniae";"impensis H. Quentell";"1498";"In-4° . (Pellechet, 291.)";"Null";"Null"
"http://data.bnf.fr/ark:/12148/cb30006694n";"Magister Alanus de Rupe, sponsus novellus beatissime virginis Marie... de immensa et ineffabili dignitate et utilitate psalterii precelse ac intemerate semper virginis Marie";"1498";"Impressum in christianissimo regno Swecie";"Null";"1498";"In-4° . (Hain, 14035.)";"Null";"Null"
"http://data.bnf.fr/ark:/12148/cb300075024";"Alberti Magni de Eucharistiae sacramento sermones XXXII";"1498";"(Coloniae";"apud H. Quentell";"1498";"In-4° . Car. goth. (Pellechet, 290.)";"Null";"Null"
"http://data.bnf.fr/ark:/12148/cb300126581";"Expositio in Aristotelem de generatione et corruptione et de mundi compositione";"1498";"Venetiis";"Null";"1498";"In-fol. (Hain, *12518.)";"Null";"Null"
"http://data.bnf.fr/ark:/12148/cb300236276";"Appicii culinarii de re coquinaria libri decem. Edidit Blasius Lancilotus";"1498";"Mediolani";"impr. per G. Signerre";"1498";"In-4° . (Pellechet, 927.)";"Null";"Null"
"http://data.bnf.fr/ark:/12148/cb30027109v";"Aristophanis Comoediae novem : Plutus, Nebulae, Ranae, Equites, Acharnes, Vespae, Aves, Pax, Contionantes";"1498";"Venezia";"Aldo Manuzio";"1498";"[696] p. soit [348] f.";"Null";"http://gallica.bnf.fr/ark:/12148/bpt6k727642"
"http://data.bnf.fr/ark:/12148/cb30027365w";"De Animalibus libri, latine, interprete Theodoro Gaza";"1498";"Venetiis";"per Bartholomaeum de Zanis";"1498";"In-fol. (Hain, *1703.)";"Null";"Null"
"http://data.bnf.fr/ark:/12148/cb30034068k";"Athenagorae de resurrectione";"1498";"Paris";"Guy Marchant pour lui-même et pour Jean Petit";"1498";"[14] ff. signés a8, b6";"Null";"Null"
"http://data.bnf.fr/ark:/12148/cb300390663";"Transito di sancto Hieronimo...";"1498";"Venetia";"Null";"1498";"In-4° . (Hain-Copinger, 8651.)";"Null";"Null"
"http://data.bnf.fr/ark:/12148/cb30041971f";"Expositio Ugonis Senensis super I et II Fen primi Canonis Avicennae, una cum Antonii Faventini questione de febre";"1498";"Venetiis";"per B. Locatellum";"1498";"In-fol. (Hain, *9017.)";"Null";"Null"
"http://data.bnf.fr/ark:/12148/cb300419676";"Canonis libri I, III et IV Avicennae, in latinum translati a Gerardo Cremonensi, cum explanatione Jacobi de Partibus";"1498";"Lugduni";"per J. Trechsel et J. Clein";"1498";"3 vol. in-fol. (Pellechet, 1668.) (Legrand, T. III, n  54.)";"Null";"Null"
"http://data.bnf.fr/ark:/12148/cb300455312";"Satirae, cum Antonii Mancinelli explanatione";"1498";"Lugduni";"Null";"1498";"In-4°";"Null";"Null"
"http://data.bnf.fr/ark:/12148/cb30063103n";"Lectura Bartoli de Saxoferrato super prima et secunda parte Digesti veteris, cum additionibus Alexandri de Imola";"1498";"(Lugduni,)";"per J. Syber";"1498";"2 vol. in-fol. (Pellechet, 1920.)";"Null";"Null"
"http://data.bnf.fr/ark:/12148/cb30063121k";"Lectura Bartoli de Saxoferrato super prima et secunda parte Codicis, cum additionibus Alexandri de Imola";"1498";"Lugduni";"per J. Syber";"1498";"2 tomes en 1 vol. in-fol. (Pellechet, 1900.)";"Null";"Null"
"http://data.bnf.fr/ark:/12148/cb300748976";"De Situ orbis";"1498";"Venetiis";"Cristoferum de' Pensis";"1498";"Null";"Null";"Null"
"http://data.bnf.fr/ark:/12148/cb30082791k";"Navigium beate Marie Virginis";"1498";"Lyon";"Johann Trechsel";"1498";"in-8";"Null";"Null"
"http://data.bnf.fr/ark:/12148/cb30092814m";"Heptalogus, seu Libellus quo septem sapientium sententiae discutiuntur, cum aliis opusculis";"1498";"Bononiae";"Benedictus Hectoris";"1498";"In-4° . (Pellechet, 2227.)";"Null";"Null"
"http://data.bnf.fr/ark:/12148/cb30116735s";"Il Decamerone di Giovanni Bocchaccio";"1498";"Venetia";"impresso per Manfrino da Monteferrato da Sustrevo de' Bonelli";"1498";"In-fol., fig. (Pellechet, 2443.)";"Null";"Null"
"http://data.bnf.fr/ark:/12148/cb30118301v";"Boetius. De Consolatione philosophica et de Disciplina scolarium";"1498";"Venetiis";"impensis Octaviani Scoti";"1498";"In-fol. (Pellechet, 2540.)";"Null";"Null"
"http://data.bnf.fr/ark:/12148/cb30118402g";"Boetii de disciplina scholarium cum commento";"1498";"Coloniae";"H. Quentell";"1498";"In-4° . (Pellechet, 2564.)";"Null";"Null"
"http://data.bnf.fr/ark:/12148/cb301252926";"Dieta salutis, a beato Bonaventura ultimate emendatum ac Parisius noviter impressum. - A la fin : Sancti Bonaventure,... de Dieta salutis una cum tractatu de Resurrectione hominis a peccato et preparatione ad gratiam tractatus emendatus nuper et recognitus cum tabula... feliciter finit. Parisius, impressus per magistrum Petrum Le Dru, pro Dyonisio Rosse, commorante in vico Sancti Jacobi, ad intersignium Sancti Martini, anno Domini millesimo CCCCXCVIII, die ultima mensis junii";"1498";"Paris";"D. Roce";"1498";"In-8° , car. goth., sign. a-t, marque typogr. de Denis Roce sur le titre";"Null";"Null"
"http://data.bnf.fr/ark:/12148/cb30125938b";"Boneti de Latis annulus astronomicus, sive de Utilitate astrologiae";"1498";"(Romae";"per A. Fritag de Argentina";"1498";"In-4° . (Hain-Copinger, 9926.)";"Null";"Null"
"http://data.bnf.fr/ark:/12148/cb30130654r";"Vita scolastica, auctore Bonvesino da Riva";"1498";"[Lyon ?";"Nicolaus Wolff ?";"1498";"Null";"Null";"Null"
"http://data.bnf.fr/ark:/12148/cb301554853";"Stultifera navis";"1498";"Parisiis";"G. de Marnef";"1498";"1 vol. (CLII f.-[9 p.])";"Null";"http://gallica.bnf.fr/ark:/12148/bpt6k990875s"
"http://data.bnf.fr/ark:/12148/cb30155465g";"Sebastiani Brant carmina";"1498";"Basileae";"J. Bergman de Olpe";"1498";"In-4° , sign. A-K, a-m. (Copinger, n 1238.)";"Null";"Null"
"http://data.bnf.fr/ark:/12148/cb301554644";"Sebastiani Brant carmina";"1498";"Basileae";"J. Bergman de Olpe";"1498";"In-4° , sign. A-K, a-l. (Hain-Copinger, *3731.)";"Null";"Null"
"http://data.bnf.fr/ark:/12148/cb301554911";"La nef des fols du monde";"1498";"Lyon";"G. Balsarin";"1498";"[90] f.";"Null";"http://gallica.bnf.fr/ark:/12148/bpt6k1112747"
"http://data.bnf.fr/ark:/12148/cb30155486f";"Stultifera navis";"1498";"[Lugduni]";"J. Zachoni de Romano";"1498";"1 vol. (CLII f.)";"Null";"http://gallica.bnf.fr/ark:/12148/bpt6k1106492"
"http://data.bnf.fr/ark:/12148/cb30155466t";"Sebastiani Brant carmina";"1498";"Basileae";"J. Bergman de Olpe";"1498";"In-4° , sign. A-K, a-n";"Null";"Null"
"http://data.bnf.fr/ark:/12148/cb30155484r";"Stultifera navis, auctore Sebastiano Brant [trad. Jakob Locher]";"1498";"Basel";"Johann Bergmann";"1498";"Null";"Null";"Null"
"http://data.bnf.fr/ark:/12148/cb30160146c";"Dis Buch ist innhaltend die heiligen Reysen gein Jherusalem zu dem heiligen Grab und Furbass zu der hochgelobten Jungfrowen und Merteryn sant Katheryn (von Bernhard von Breydenbach)";"1498";"(Speier";"durch P. Drach";"1498";"In-fol.";"Null";"Null"
"http://data.bnf.fr/ark:/12148/cb30167728s";"Vita alme virginis Lijdwine, per fratrem Johannem Brugman";"1498";"Schiedam";"Null";"1498";"In-4° , (Hain-Copinger, 4002.)";"Null";"Null"
"http://data.bnf.fr/ark:/12148/cb30170138z";"De duobus Amantibus tractatulus Guiscardo videlicet et Sigismunda... (a Leonardo Aretino.)";"1498";"(Argentinae";"Null";"1498";"In-4° . (Pellechet, 1131.)";"Null";"Null"
"http://data.bnf.fr/ark:/12148/cb30176389v";"Lexicon graeco-latinum...";"1498";"(Mediolani.)";"Null";"1498";"In-4° . (Hain-Copinger, *5815.)";"Null";"Null"
"http://data.bnf.fr/ark:/12148/cb30179566g";"Hermanni Buschii, ...  Epigrammaton sententiis utilibus et lepore gratissimo editum";"1498";"[Köln]";"Johannes von Landen";"1498";"12 ff.";"Null";"Null"
"http://data.bnf.fr/ark:/12148/cb301803481";"Rosarium sermonum predicabilium, auctore Bernardino de Busti";"1498";"Venetiis";"per Georgium Arrivabenis";"1498";"2 vol. in-4° . (Hain, *4163.)";"Null";"Null"
"http://data.bnf.fr/ark:/12148/cb301803450";"Mariale de excellentiis regine celi, auctore Bernardino de Busti";"1498";"Argentine";"per Martinum Flach";"1498";"In-fol. (Hain, *4162.)";"Null";"Null"
"http://data.bnf.fr/ark:/12148/cb30186051j";"Epigrammata";"1498";"Venetiis";"Null";"1498";"In-fol.";"Null";"Null"
"http://data.bnf.fr/ark:/12148/cb302154812";"Semita diversarum quatuor viarum per magistrum Guillelmum Chabutum";"1498";"Parisiis";"Michel Tholoze";"1498";"In-4° . (Pellechet. 3510.)";"Null";"Null"
"http://data.bnf.fr/ark:/12148/cb30218943m";"Janua logice et phisice";"1498";"Lugduni";"R. Balzarin";"1498";"[60] f.";"Null";"http://gallica.bnf.fr/ark:/12148/bpt6k1112794"
"http://data.bnf.fr/ark:/12148/cb30225690s";"Le Brevière des nobles (par Alain Chartier)";"1498";"(Lyon,)";"P. Mareschal et B. Chaussard";"1498";"In-4° (Pellechet, 3524)";"Null";"Null"
"http://data.bnf.fr/ark:/12148/cb302257039";"Les Faicts, dictes et ballades de maistre Alain Chartier";"1498";"Paris";"Pierre Le Caron pour Antoine Vérard";"1498";"2 parties en 1 vol.";"Null";"Null"
"http://data.bnf.fr/ark:/12148/cb30238002z";"Leonelli Chieregati sermo ob traditionem capelli cardinali Lugdunensi faciendam";"1498";"(Romae";"E. Silbert";"1498";"In-4° . (Pellechet, 3557.)";"Null";"Null"
"http://data.bnf.fr/ark:/12148/cb30243239v";"Tullius de Officiis cum commentariis Petri Marsi ejusque recognitione et additionibus. Insunt preterea Paradoxa, de Amicitia, de Senectute cum interpretibus suis (Omnibono Leoniceno et Martino Philetico). Quae omnia novissime per Paulum Malleolum exacte sunt revisa castigataque, a quo tabula quoque tam rerum quam vocabulorum notabilium insuper est adjecta";"1498";"Parrhisiis";"impressum opera G. Wolff Thielmannique Kerver, apud T. Kerver";"1498";"In-fol. (Pellechet, 3762. A.)";"Null";"Null"
"http://data.bnf.fr/ark:/12148/cb302432375";"Tullius de Officiis cum commentariis Petri Marsi ejusque recognitione... Insunt praeterea Paradoxa, de Amicitia, de Senectute, cum interpretibus suis (Omnibono Leoniceno et Martino Philetico)";"1498";"Venetiis";"impr. per B. de Zanis de Portesio";"1498";"In-fol. (Pellechet, 3761.)";"Null";"Null"
"http://data.bnf.fr/ark:/12148/cb30243238h";"Tullius de Officiis cum commentariis Petri Marsi ejusque recognitione et additionibus. Insunt preterea Paradoxa, de Amicitia, de Senectute cum interpretibus suis (Omnibono Leoniceno et Martino Philetico). Quae omnia novissime per Paulum Malleolum exacte sunt revisa castigataque, a quo tabula quoque tam rerum quam vocabulorum notabilium insuper est adjecta";"1498";"Parrhisiis";"impressum opera G. Wolff Thielmannique Kerver, apud D. Gerlier";"1498";"In-fol. (Pellechet, 3762.)";"Null";"Null"
"http://data.bnf.fr/ark:/12148/cb302453388";"Uberrimum sphere mundi commentum";"1498";"Parisiis";"Null";"1498";"In-fol. (Hain, 14120.)";"Null";"Null"
"http://data.bnf.fr/ark:/12148/cb30245339m";"Uberrimum sphere mundi commentum";"1498";"(Parisiis.)";"Null";"1498";"In-fol.";"Null";"Null"
"http://data.bnf.fr/ark:/12148/cb303004705";"Dictys Cretensis, de Historia belli trojani, et Dares Phrygius, de eadem historia trojana";"1498";"Messina";"Wilhelm Schönberger";"1498";"2 parties";"Null";"Null"
"http://data.bnf.fr/ark:/12148/cb30324452m";"De Origine urbis Romae libri undecim [Lapo Birago interprete]";"1498";"Reggio";"Null";"1498";"In-fol. (Pellechet, 4301. Hain, *6240)";"Null";"Null"
"http://data.bnf.fr/ark:/12148/cb303242673";"Opera Dionysii Areopagitae, interprete Ambrosio Camaldulensi, cum Ignatii et Polycarpi epistolis. [Edidit J. Faber Stapulensis.]";"1498";"In alma Parhisiorum schola";"Null";"1498";"In-fol. (Pellechet, 4297. Hain, *6233)";"Null";"Null"
"http://data.bnf.fr/ark:/12148/cb30343855x";"Diomedis, doctissimi ac diligentissimi linguae latinae perscrutatoris, de Arte grammatica opus utilissimum";"1498";"Parisiis";"T. Kerver";"1498";"In-4° . (Pellechet, 4289.)";"Null";"Null"
"http://data.bnf.fr/ark:/12148/cb30343572p";"Tractatus Dyni super regulis juris, una cum accessionibus et correctionibus magistri Petri Caponis,... nec non Rogerii Barme,... feliciter incipit";"1498";"[Paris,]";"Georg Mittelhus";"1498";"Null";"Null";"Null"
"http://data.bnf.fr/ark:/12148/cb30405915s";"Aesopi fabulae CXLVIII et vita a Maximo Planude scripta. [Edidit Gabriel Bracius.]";"1498";"Venetiis";"sumptibus J. Bissoli et B. Mangii";"1498";"In-4°";"Null";"Null"
"http://data.bnf.fr/ark:/12148/cb304062184";"Die Historien ende fabulen van Esopus";"1498";"Delft";"H. Eckert Van Homberch";"1498";"In-fol., fig. [Pellechet, 232.]";"Null";"Null"
"http://data.bnf.fr/ark:/12148/cb304349035";"Stephani Flisci Variationes sententiarum, seu Synonyma, latine et gallice";"1498";"Parisii";"impressum a G. Mercatore";"1498";"In-4° . (Pellechet, 4826.)";"Null";"Null"
"http://data.bnf.fr/ark:/12148/cb30435568w";"Epistolae Joannis Marii Philelphi. Ludovicus Mondellus edidit";"1498";"Venezia";"Giovanni Tacuino";"1498";"Null";"Null";"Null"
"http://data.bnf.fr/ark:/12148/cb30470290v";"Enarrationes allegoricae fabularum Fulgentii Planciadis, cum commento Joh. Bapt. Pii";"1498";"Milano";"Ulrich Scinzenzeler";"1498";"Null";"Null";"Null"
"http://data.bnf.fr/ark:/12148/cb304739461";"Roberti Gaguini Ars versificatoria et carmina diversa";"1498";"[Paris]";"Antoine Denidel";"1498";"[56] p.";"Null";"http://gallica.bnf.fr/ark:/12148/bpt6k71513c"
"http://data.bnf.fr/ark:/12148/cb30473978n";"Epistole et orationes Gaguini";"1498";"Parisiis";"pro D. Gerlier";"1498";"In-8° . (Pellechet, 4952.)";"Null";"Null"
"http://data.bnf.fr/ark:/12148/cb30473981j";"De Variis vite humane incommodis Roberti Gaguini elegia";"1498";"[Paris]";"[Michel Le Noir] 'Hanc in via sancti Jacobi ad signum capitis divi Dionysii venalem reperies' [= pour Durand Gerlier]";"1498";"[4] ff.";"Null";"Null"
"http://data.bnf.fr/ark:/12148/cb304739419";"Roberti Gaguini Opuscula varia et carmen de puritate conceptionis B. Virginis Mariae";"1498";"Paris";"André Bocard pour Durand Gerlier";"1498";"2 parties";"Null";"Null"
"http://data.bnf.fr/ark:/12148/cb30475874g";"Georgio Valla,... interprete, hoc in volumine hec continentur : Nicephori Logica ; Georgii Valle Libellus de argumentis ; Euclidis Quartus decimus elementorum ; Hypsiclis Interpretatio ejusdem libri Euclidis ; Nicephorus de Astrolabo ; Aristarchi Samii de Magnitudinibus et distantiis solis et lune ; Timeus de Mundo ; Cleonidis Musica ; Eusebii Pamphili de Quibusdam theologicis ambiguitatibus ; Cleomedes de Mundo ; Athenagore philosophi de Resurrectione ; Aristotelis de Celo ; Aristotelis Magna ethica ; Aristotelis Ars poetica ; Rhazes de Pestilentia ; Galenus de Inequali distemperantia ; Galenus de Bono corporis habitu ; Galenus de Confirmatione corporis humani ; Galenus de Presagitura ; Galenus de Presagio ; Galeni Introductorium ; Galenus de Succidaneis ; Alexander Aphrodiseus de Causis febrium ; Pselus de Victu humano";"1498";"Venetiis";"Null";"1498";"In-fol.";"Null";"Null"
"http://data.bnf.fr/ark:/12148/cb305014686";"Dialogus Johannis Gerson de perfectione cordis";"1498";"[Paris]";"Philippe Pigouchet";"1498";"[16] ff. en partie signés [a]8, b8";"Null";"Null"
"http://data.bnf.fr/ark:/12148/cb305014535";"Conclusiones Johannis Gerson de diversis materiis moralibus, sive de regulis mandatorum";"1498";"Paris";"Guy Marchant pour Jean Petit";"1498";"[40] ff. signés a-e8";"Null";"Null"
"http://data.bnf.fr/ark:/12148/cb305014833";"Johannis Gerson Enseñamiento del corazon";"1498";"Salamanca";"Null";"1498";"In-4° . (Pellechet, 4572.)";"Null";"Null"
"http://data.bnf.fr/ark:/12148/cb305062843";"Auctoritates Aristotelis, Senecae, Boetii...";"1498";"(Coloniae.)";"Null";"1498";"In-4° . (Pellechet, 1454.)";"Null";"Null"
"http://data.bnf.fr/ark:/12148/cb305231328";"Practica Gordonii, dicta Lilium. Tractatus ejusdem de urinis [et de cautelis urinarum. Tractatus de pulsibus]";"1498";"Venetiis";"B. Locatellus";"1498";"In-fol. (Pellechet, 5277.)";"Null";"Null"
"http://data.bnf.fr/ark:/12148/cb30538138r";"Nova compilatio Decretalium Gregorii IX [cum glossa Bernardi Bottoni]";"1498";"Venezia";"Andrea Torresani";"1498";"658 [i. e. 672] ff. signés";"Null";"Null"
"http://data.bnf.fr/ark:/12148/cb305380761";"Moralia Sancti Gregorii Pape in libros beati Job";"1498";"Brescia";"Angelo de' Britannici";"1498";"[426] ff. signés [*]-[**]8, AA-BB8, a-z8, τ8, c (renversé)8, R8, A-Y8, Z10, le f. Z10 blanc";"Null";"Null"
"http://data.bnf.fr/ark:/12148/cb30538096n";"Liber cure pastoralis divi Gregorii pape ...";"1498";"Paris";"Ulrich Gering et Berthold Rembolt";"1498";"[64] ff. signés a-h8, le f. h8 blanc";"Null";"Null"
"http://data.bnf.fr/ark:/12148/cb30539041m";"Gregorii Tiferni,... Opuscula cum aliorum opusculis";"1498";"Venezia";"Bernardino Vitali";"1498";"[30] ff.";"Null";"http://gallica.bnf.fr/ark:/12148/bpt6k72056h"
"http://data.bnf.fr/ark:/12148/cb305390408";"In Divam Virginem Mariam elegiae...";"1498";"Daventriae";"Null";"1498";"In-4°";"Null";"Null"
"http://data.bnf.fr/ark:/12148/cb30555343k";"Manipulus curatorum Guidonis de Monte Rocherio";"1498";"Rouen";"Jean Le Bourgeois";"1498";"142 ff. foliotés et signés a-r8, s6";"Null";"Null"
"http://data.bnf.fr/ark:/12148/cb305553458";"Manipulus curatorum Guidonis de Monte Rocherio";"1498";"Köln";"Heinrich Quentell";"1498";"114 ff. signés a8, b-i8/4, k-p6, q4, r-t6";"Null";"Null"
"http://data.bnf.fr/ark:/12148/cb30558870k";"Epistolarum conficiendarum ars perutilis atque necessaria... - A la fin : Modus conficiendi epistolas perbrevis fratris Guillermi Sophonensis, oratoris elegantissimi, feliciter finem habet per magistrum Guidonem Mercatorem, anno Domini 1498, die XXIIII. septembris";"1498";"[Paris]";"Guy Marchant pour lui-même et pour Denys Roce";"1498";"[8] ff. signés a8";"Null";"Null"
"http://data.bnf.fr/ark:/12148/cb36814210m";"Missale Romanum";"1498";"Venezia";"Johann Emerich pour Lucantonio Giunta";"1498";"8 °, musique";"Null";"Null"
"http://data.bnf.fr/ark:/12148/cb368169012";"[Horae ad usum Parisiensem.]";"1498";"Paris";"[Ulrich Gering et Berthold Rembolt] pour. - Simon Vostre";"1498";"4 °, ill., car. goth.";"Null";"Null"
"http://data.bnf.fr/ark:/12148/cb36816897n";"Ces presentes heures a lusaige de Paris // sont toutes au lōg sans rien requerir. Et // furent achevees le viij iour de septembre. // Lan mil. cccc. iiijxx et xviij. (1498) pour Simō // vostre libraire : demourant a Paris...";"1498";"Paris";"[Ulrich Gering et Berthold Rembolt] pour Simon Vostre";"1498";"In-4 ° car. goth.";"Null";"Null"
"http://data.bnf.fr/ark:/12148/cb36817455v";"Missale Coloniense";"1498";"Köln";"Hermann Bungart, in profesto Symonis et iude";"1498";"2 °, ill.";"Null";"Null"
"http://data.bnf.fr/ark:/12148/cb368179944";"Missale insignis ecclesie Tornacensis, optimis caracteribus (ut patet) exaratum...";"1498";"Paris";"Johannes Higman pour Willem Houtmart à Bruxelles";"1498";"1 vol. (127 f.) à deux colonnes";"Null";"http://gallica.bnf.fr/ark:/12148/bpt6k110638b"
"http://data.bnf.fr/ark:/12148/cb36818346v";"[Horae ad usum Romanum. Lat. et fr.]";"1498";"Paris";"Philippe Pigouchet pour Simon Vostre";"1498";"[96] ff.";"Null";"Null"
"http://data.bnf.fr/ark:/12148/cb368190317";"Breviarium Leodiense";"1498";"Louvain";"Thierry Martens";"1498";"3 + 1 ? parties, 8 °";"Null";"Null"
"http://data.bnf.fr/ark:/12148/cb36819060t";"Breviarium Camere, ad usum Ecclesie Lugdunensis";"1498";"Lugduni";"Janonus";"1498";"[13 p.]-CCCXVI f.-[66 p.]";"Null";"Null"
"http://data.bnf.fr/ark:/12148/cb36820095h";"Missalis (Ordo) ecclesie Pragensis. (A la fin :) Preclarum hoc opus librorum missalium, de tempore et de sanctis, secundum veram regularemque rubricam archiepiscopatus ecclesie Pragensis ordinatum... explicit. Quod quidem opus duos complectitur numeros foliorum. quorum primus graditur per partem hyemalem de tempore, secundus a parte estivali, incipiendo de tempore, deinceps de sanctis, per utramque partem, tam hyemalem quam estivalem, per commune et missas votivas usque in finem durat... Impensis vero industrii Conradi Kachelofen, concivis Lipezensis, sic nitida fronte politum et litteris claris impressum, anno dominici natalis M.CCCC.XCVIII, die XXIII julii...";"1498";"Leipzic";"Null";"1498";"In-fol. Caractères gothiques";"Null";"Null"
"http://data.bnf.fr/ark:/12148/cb368208424";"Manuale confessorum metricum. - Censurae ecclesiasticae synodales et provinciales archiepiscopatus Coloniensis. - Mare magnum ac defensorium privilegii quatuor ordinum mendicantium super audientia confessionis";"1498";"Köln";"Hermann Bungart";"1498";"4 °, ill., sign.";"Null";"Null"
"http://data.bnf.fr/ark:/12148/cb30592755s";"Summa Hostiensis";"1498";"Venetiis";"Null";"1498";"In-fol. (Hain, *8966.)";"Null";"Null"
"http://data.bnf.fr/ark:/12148/cb30614281z";"Homeri Iliados epitome per Pindarum Thebanum";"1498";"Paris";"Antoine Denidel et Robert de Gourmont";"1498";"Null";"Null";"Null"
"http://data.bnf.fr/ark:/12148/cb30626325f";"Hugonis de Sancto Charo Postilla super Psalterium";"1498";"Nurnbergae";"per A. Koberger";"1498";"In-fol. (Hain-Copinger, *8973.)";"Null";"Null"
"http://data.bnf.fr/ark:/12148/cb37211905b";"Libri graeci impressi.";"1498";"Null";"Null";"1498";"1 placard";"Null";"Null"
"http://data.bnf.fr/ark:/12148/cb30632989k";"Opera...";"1498";"Parisiis";"Null";"1498";"In-fol. (Pellechet, 4297.)";"Null";"Null"
"http://data.bnf.fr/ark:/12148/cb30655589m";"Uberrimum Joannis de Sacro Bosco Sphaere mundi commentum Petri Ciruelli, insertis etiam questionibus Petri de Aliaco";"1498";"Parisiis";"J. Petit, impensis G. Mercatoris";"1498";"In-fol. (Hain-Copinger, 14120.)";"Null";"http://gallica.bnf.fr/ark:/12148/btv1b8605450c"
"http://data.bnf.fr/ark:/12148/cb30670765c";"Juvenalis Familiare commentum Jodoci Badii Ascensii, cum Antonii Mancinelli explanatione";"1498";"Lugduni";"pro Stephano Gaynardo, arte Nicolai Wolf";"1498";"In-4° . (Hain, 9716.)";"Null";"Null"
"http://data.bnf.fr/ark:/12148/cb306707641";"Juvenalis Satyrae, cum quatuor commentariis Antonii Mancinelli, Dominici Calderini, G. Merulae, G. Vallae";"1498";"Venetiis";"impressum per Johannem de Cereto, alias Tacuinum de Tridino";"1498";"In-fol. (Hain, *9714.)";"Null";"Null"
"http://data.bnf.fr/ark:/12148/cb30692973f";"Textus Ethicorum ad Nicomachum...";"1498";"Paris";"Null";"1498";"In-fol.";"Null";"Null"
"http://data.bnf.fr/ark:/12148/cb30738557g";"Resolutorium dubiorum circa celebrationem missarum occurrentium, auctore Joanne a Lapide";"1498";"Petragorii";"J. Carant";"1498";"In-4°";"Null";"Null"
"http://data.bnf.fr/ark:/12148/cb307385564";"Resolutorium dubiorum circa celebrationem missarum occurrentium, auctore Joanne a Lapide";"1498";"Coloniae";"H. Quentell";"1498";"In-4° . (Hain-Copinger, *9916.)";"Null";"Null"
"http://data.bnf.fr/ark:/12148/cb307482466";"Der Ritter vom Turn von den Exempeln der Gotfforcht und Erberkeit, durch Marquart vom Stein, in Teütsch transferrirt";"1498";"Augsburg";"Johann Schönsperger";"1498";"Null";"Null";"Null"
"http://data.bnf.fr/ark:/12148/cb30752324x";"Casus in quibus judex secularis potest manus in personas clericorum sine metu excommunicationis imponere. De previlegiis [sic] clericorum. De exemptionibus. De carceribus. De alimentis. - Fol. I, r̊  : Excellentissimi utriusque juris doctoris egregii domini Bernardi Laurenti [sic], primi presidentis in suprema Parlamenti curia Tholose eximii, Casus... incipiunt feliciter. - Fol. V, v̊  : Incipit brevis scriptura super privilegiis et imminuitationibus clericorum, per dominum Bonicontium [sic] natum domini Johannis Andree. - Fol. XIV, v̊  : Tractatus domini Boniconcii [sic] de privilegiis... finit feliciter. Sequuntur quedam advisamenta in favorem exemptionum conservandarum facta... - Fol. XXV, v̊  : Libellus exemptionum finit feliciter. Incipit breve opusculum de carceribus, per dominum Baldum de Perusio. - Fol. XXX, v̊  : Explicit opusculum de carceribus... Incipit tractatus de alimentis... - A la fin : Explicit tractatus de alimentis editus per dominum Bartholum, legum doctorem. Impre...";"1498";"Paris";"Antoine Denidel";"1498";"Sign. a-f, car. goth., marque de l'imprimeur au v  du dernier feuillet";"Null";"Null"
"http://data.bnf.fr/ark:/12148/cb307737162";"Opera...";"1498";"Parisiis";"Null";"1498";"In-fol.";"Null";"Null"
"http://data.bnf.fr/ark:/12148/cb30773670k";"In hoc opusculo he continentur Introductiones [J. Fabri Stapulensis] : in suppositiones, in predicabilia, in divisiones, in predicamenta, in librum de enunciatione... in insolubilia... [a Jodoco Clichtoveo, G. Gonterio et D. Lauxio editae.]";"1498";"Lugduni";"G. Balsarin";"1498";"In-4° . (Pellechet, 4722.)";"Null";"Null"
"http://data.bnf.fr/ark:/12148/cb38495221r";"[Illustrations de De magnitudinibus et distantiis solis et lunae...]";"1498";"Venise";"Simone Papiensem di Bivilaqua";"1498";"33 est. : gravures sur bois : n. et b.  ; 30 X 5,5 cm et moins";"http://data.bnf.fr/ark:/12148/cb11976234m";"http://gallica.bnf.fr/ark:/12148/btv1b21000307"
"http://data.bnf.fr/ark:/12148/cb38498360n";"[Illustrations de Les Métamorphoses]";"1498";"Paris";"A. Vérard";"1498";"32 est. : gravures sur bois : Noir et blanc";"Null";"http://gallica.bnf.fr/ark:/12148/btv1b2200019f"
"http://data.bnf.fr/ark:/12148/cb38699403p";"Varia Sebastiani Brant Carmina : Au fol. A : Joannis Reuchlin Scenica progymnasmata : hoc est Ludicra pre exercitementa";"1498";"Strasbourg";"Johannes Grüninger";"1498";"[128] f. signés a6, b-c4, d6, e-f4, g6, h-k4, l6, A6, B-C4, D6, E-F4, G-H6, I4, K6, L-M4, N-P6";"Null";"Null"
"http://data.bnf.fr/ark:/12148/cb308264163";"Michaelis Lochmaier Parochiale curatorum";"1498";"Hagenow";"Null";"1498";"In-4° (Hain, *10169.)";"Null";"Null"
"http://data.bnf.fr/ark:/12148/cb308323569";"El Sumario de la medecina, con un tratado sobre las pestiferas buvas. - A la fin : Fenesce el Sumario de la medecina hecho por el licenciado Francisco López de Villalobos, emendado y corregido por el mismo. Imprimido en la ciudad de Salamanca, á sus expensas de Antonio de Barreda librero, año del nascimiento de Nuestro Salvador de mill CCCC. XC. e VIII";"1498";"Salamanque";"Null";"1498";"In-fol., sign. A-D, car. goth. (Hain-Copinger, 10208.)";"Null";"Null"
"http://data.bnf.fr/ark:/12148/cb30841729g";"Lucanus, cum duobus commentis [J. Sulpitii Verulani et Omniboni Leoniceni. Studio J. Britannici Brixiani et J. Taberi]";"1498";"Venezia";"Simone Bevilacqua";"1498";"Null";"Null";"Null"
"http://data.bnf.fr/ark:/12148/cb30844626w";"Ludolphi cartusiensis In meditationes vite Christi et super evangeliis totius anni opus divinum";"1498";"Venetiis";"per S. Papiensem, dictum Bevilaquam";"1498";"In-4° . (Reichling, 3668.)";"Null";"Null"
"http://data.bnf.fr/ark:/12148/cb30861250b";"Divini eloquii preconis celeberrimi fratris Oliverii Maillardi,... Sermones dominicales, una cum aliquibus aliis sermonibus valde utilibus";"1498";"Lyon";"Jean de Vingle";"1498";"Null";"Null";"Null"
"http://data.bnf.fr/ark:/12148/cb30861263p";"Sacre theologie magistri, nec non sacri eloquii preconis celeberrimi fratris Oliverii Maillard... Opus quadragesimale perutilissimum feliciter incipit";"1498";"Paris";"Antoine Caillaut";"1498";"153 ff., dont 140 chiffrés";"Null";"Null"
"http://data.bnf.fr/ark:/12148/cb30861257r";"Divini eloquii preconis celeberrimi fratris Oliverii Maillardi, ordinis Minorum professoris, Sermones de Adventu, declamati Parisius in ecclesia sancti Johannis in Gravia et Lugduni noviter impressi";"1498";"Lyon";"Jean de Vingle";"1498";"Null";"Null";"Null"
"http://data.bnf.fr/ark:/12148/cb308612494";"Sermones dominicales fratris Oliveri Maillard, impressi Parisius per Anthonium Caillaut,...";"1498";"Paris";"Antoine Caillaut";"1498";"Null";"Null";"Null"
"http://data.bnf.fr/ark:/12148/cb30861281m";"Sermones fratris Oliverii Maillard de stipendio peccati et gratie premio intitulati";"1498";"[Paris";"Antoine Caillaut";"1498";"[47] ff.";"Null";"Null"
"http://data.bnf.fr/ark:/12148/cb308612641";"Quadragesimale opus declamatum Parisiorum urbe ecclesia sancti Johannis in Gravia, per venerabilem patrem Sacre Scripture interpretem et divini verbi preconem exomium, fratrem Oliverium Maillardi, ordinis fratrum Minorum, Lugduni noviter impressum";"1498";"Lyon";"Jean de Vingle";"1498";"Null";"Null";"Null"
"http://data.bnf.fr/ark:/12148/cb30867312h";"De Officiis, cum commentariis Petri Marsi ejusque recognitione et additionibus. Insunt praeterea Paradoxa, de Amicitia, de Senectute, cum interpretibus suis...";"1498";"Parhisiis";"Null";"1498";"In-fol.";"Null";"Null"
"http://data.bnf.fr/ark:/12148/cb30867313v";"De Officiis, cum commentariis Petri Marsi ejusque recognitione et additionibus. Insunt praeterea Paradoxa, de Amicitia, de Senectute, cum interpretibus suis...";"1498";"Parrhisiis";"Null";"1498";"In-fol.";"Null";"Null"
"http://data.bnf.fr/ark:/12148/cb30870233q";"Satirae...";"1498";"Lugduni";"Null";"1498";"In-4°";"Null";"Null"
"http://data.bnf.fr/ark:/12148/cb30873858f";"F. Baptiste Mantuani Adolescentia in aeglogas divisa ad Paridem Ceresarium";"1498";"Mantuae";"Null";"1498";"In-4° . (Pellechet, 1808.)";"Null";"Null"
"http://data.bnf.fr/ark:/12148/cb308739263";"Reverendi Fratris Baptiste Mantuani de Patientia aurei libri tres. [Edidit Jodocus Badius Ascensius.]";"1498";"Lugduni";"Null";"1498";"In-4° . (Pellechet, 1811.)";"Null";"Null"
"http://data.bnf.fr/ark:/12148/cb308929268";"Martialis, cum duobus commentis [Domitii Calderini ac Georgii Merulae]";"1498";"Impressum Venetiis";"Null";"1498";"In-fol. (Hain-Copinger, *10825.)";"Null";"Null"
"http://data.bnf.fr/ark:/12148/cb30898280k";"El Arcipreste de Talavera, que fabla de los vicios de las malas mugeres e complexiones de los hombres. - A la fin : Fenesce el libro del arcipreste de Talavera que tracta de vicios y virtudes y reprobación del loco amor, assi de los ombres como de las mugeres, o segund algunos Ilamado Corvacho. Impresso en Sevilla, por Meynardo Ungut, Aleman, y Stanislao Polono, compañeros, a x. de mayo, año de mill. CCCC.XCVIII";"1498";"Sevilla";"Null";"1498";"In-fol., IV ff. (Copinger-Reichling, 3890.)";"Null";"Null"
"http://data.bnf.fr/ark:/12148/cb39304534s";"Sermones Sancti Augustini";"1498";"Parisiis";"Renbolt";"1498";"In-fol.";"Null";"Null"
"http://data.bnf.fr/ark:/12148/cb393053543";"Insignis atq[ue] pr[a]eclarus de deliciis sensibilibus paradisi liber";"1498";"Null";"Null";"1498";"[4]-68 f.";"Null";"Null"
"http://data.bnf.fr/ark:/12148/cb39308697x";"Sanctus Thomas super libros. De generatione et corruptione. Aristotelis cum tertu";"1498";"Venise";"D. O. Scoti";"1498";"In-fol., 33 ff., goth.";"Null";"Null"
"http://data.bnf.fr/ark:/12148/cb39328379k";"Epistole Horatii noviter emendate";"1498";"Paris";"Anthoine Denidel";"1498";"In 4 °";"Null";"http://gallica.bnf.fr/ark:/12148/bpt6k10430859"
"http://data.bnf.fr/ark:/12148/cb393611764";"Fratris Joannis Annii Viterbsensis,... Commentariis super opera diversorum auctorum de Antiquitatibus loquentium";"1498";"Roma";"Eucharius Silber";"1498";"In-fol.";"Null";"Null"
"http://data.bnf.fr/ark:/12148/cb393614012";"Dionysii Halicarnasei Originum sive Antiquitatum romanarum [libri..., latine, interprete Lapo de Birago da Castiglionchio]";"1498";"Regii";"Franciscus de Mazalis";"1498";"In-fol.";"Null";"Null"
"http://data.bnf.fr/ark:/12148/cb30939787j";"Sermones de laudibus sanctorum Francisci Maronis... cum tractatibus subtilissimis...";"1498";"Basilee";"per J. de Pforczen";"1498";"In-4° . (Hain*, 10532.)";"Null";"Null"
"http://data.bnf.fr/ark:/12148/cb309429012";"Sermones Michaelis de Ungaria, predicabiles per totum annum, licet breves";"1498";"Coloniae";"Null";"1498";"In-8° (Hain, *9050)";"Null";"Null"
"http://data.bnf.fr/ark:/12148/cb30942902d";"Sermones dominicales perutiles, a quodam fratre Hungaro, ordinis Minorum, de Observantia comportati, Biga salutis intitulati";"1498";"Hagwena";"Null";"1498";"In-4° . (Hain, 9052.)";"Null";"Null"
"http://data.bnf.fr/ark:/12148/cb30948129p";"L'Istoire de la destruction de Troye la grant, mise par personnages [par J. Millet]";"1498";"Paris";"Jean Driart pour Antoine Vérard";"1498";"Ill.";"Null";"http://gallica.bnf.fr/ark:/12148/bpt6k990568n"
"http://data.bnf.fr/ark:/12148/cb40028787n";"Dichiarazione del misterio della croce";"1498";"[Firenze]";"Bartolomeo de' Libri";"1498";"Null";"Null";"Null"
"http://data.bnf.fr/ark:/12148/cb31002961p";"Commentaria fratris Joannis Annii Viterbiensis super opera diversorum auctorum de antiquitatibus loquentium";"1498";"Romae";"Null";"1498";"In-fol. (Hain, 1130.)";"Null";"Null"
"http://data.bnf.fr/ark:/12148/cb310096470";"Egregia... in quattuor Sententiarum libros expositio";"1498";"Parisiis";"Null";"1498";"In-fol. (Hain-Copinger, 12047.)";"Null";"Null"
"http://data.bnf.fr/ark:/12148/cb310145707";"Georgio Valla,... interprete, hoc in volumine hec continentur : Nicephori Logica ; Georgii Valle Libellus de argumentis ; Euclidis Quartus decimus elementorum ; Hypsiclis Interpretatio ejusdem libri Euclidis ; Nicephorus de Astrolabo ; Aristarchi Samii de Magnitudinibus et distantiis solis et lune ; Timeus de Mundo ; Cleonidis Musica ; Eusebii Pamphili de Quibusdam theologicis ambiguitatibus ; Cleomedes de Mundo ; Athenagore philosophi de Resurrectione ; Aristotelis de Celo ; Aristotelis Magna ethica ; Aristotelis Ars poetica ; Rhazes de Pestilentia ; Galenus de Inequali distemperantia ; Galenus de Bono corporis habitu ; Galenus de Confirmatione corporis humani ; Galenus de Presagitura ; Galenus de Presagio ; Galeni Introductorium ; Galenus de Succidaneis ; Alexander Aphrodiseus de Causis febrium ; Pselus de Victu humano";"1498";"Venetiis";"per S. Papiensem dictum Bevilaquam";"1498";"In-fol.";"Null";"Null"
"http://data.bnf.fr/ark:/12148/cb31015955p";"Sermones Nicolai de Blony de tempore et de sanctis";"1498";"Argentinae";"Null";"1498";"In-4° . (Pellechet, 2429.)";"Null";"Null"
"http://data.bnf.fr/ark:/12148/cb310167781";"Expositio magistri Pauli Veneti super libros de generatione et corruptione Aristotelis. Ejusdem de compositione mundi cum figuris";"1498";"Impressus Venetiis";"per B. Locatellum";"1498";"In-fol. (Hain, 12518.)";"Null";"Null"
"http://data.bnf.fr/ark:/12148/cb31030328b";"Summa totius logicae magistri Guilielmi de Occham";"1498";"Bologna";"Benedetto Faelli";"1498";"98 ff. foliotés et signés a-p6, q8, le dernier f. blanc";"Null";"Null"
"http://data.bnf.fr/ark:/12148/cb310303348";"Tractatus venerabilis inceptoris Guilhelmi Ockam de sacramento altaris. - Au v° du titre : Tabula titulorum et capitulorum. - Sign. a III r° : Tractatus quam gloriosus de sacramento altaris... Guilhelmi Ockam... - A la fin : Impressum Parisiis pro Dyonisio Rosse commorante in vico sancti Jacobi in intersignio sancti Martini prope Sanctum Benedictum";"1498";"Paris";"[Pierre Le Dru] pour Denys Roce";"1498";"[100] ff. signés a-m8, n4, le dernier blanc";"Null";"Null"
"http://data.bnf.fr/ark:/12148/cb31038871s";"Egregia sapientissimi doctoris magistri Nicholai de Orbellis in quatuor sententiarum libros expositio... - A la fin : Impressum fuit Parisii opera Felicis Balligaut impensis Johannis Richardi... anno Domini 1498, duodecimo calendas octobris";"1498";"(Parisiis";"Null";"1498";"In-8° . (Hain-Copinger, 12047)";"Null";"Null"
"http://data.bnf.fr/ark:/12148/cb31046224b";"[Publii Ovidii Nasonis Opera, edente Bono Accursio pisano.]";"1498";"(Venetiis";"impr. X. de Pensis de Mandello.)";"1498";"2 tomes en 1 vol. in-fol. (Hain-Copinger, 12150.)";"Null";"Null"
"http://data.bnf.fr/ark:/12148/cb31069050g";"Logica magistri Pauli Pergulensis...";"1498";"Venetiis";"P. Bergomensis";"1498";"In-4° . (Hain-Copinger, 12627.)";"Null";"Null"
"http://data.bnf.fr/ark:/12148/cb310740018";"Stellarium corone benedicte Marie Virginis fratris Pelbarti de Themeswar";"1498";"Hagenaw";"per H. Gran, impensis J. Rymman [sic]";"1498";"In-fol., car. goth. (Hain, *12563.)";"Null";"Null"
"http://data.bnf.fr/ark:/12148/cb310944682";"Franciscus Petrarcha de Secreto conflictu curarum suarum";"1498";"Daventriae";"Null";"1498";"In-4° . (Hain-Copinger, *12802.)";"Null";"Null"
"http://data.bnf.fr/ark:/12148/cb31094492x";"[Francisci Petrarce.] De Vita solitaria. Epistola de dispositione vite";"1498";"Mediolani";"Null";"1498";"In-fol.";"Null";"Null"
"http://data.bnf.fr/ark:/12148/cb31099222d";"Έπιστολαί";"1498";"Venezia";"Bartolomeo Pelusio, Gabriele Braccio, Giovanni Bissoli et Benedetto Dolcibelli del Mangio";"1498";"Null";"Null";"Null"
"http://data.bnf.fr/ark:/12148/cb311061410";"Omnia opera";"1498";"Venetiis";"Null";"1498";"In-fol.";"Null";"Null"
"http://data.bnf.fr/ark:/12148/cb31106071n";"Joannis Pici Mirandulae Omnia opera. Joannis Pici Mirandulae Vita per Joannem Franciscum, illustris principis Galeotti Pici filium, elegantissime conscripta. Heptaplus de opere sex dierum Geneseos. Deprecatoria ad Deum elegiaco carmine. Apologia tredecim quaestionum. Tractatus de ente et uno cum objectionibus quibusdam et responsionibus. Oratio quaedam elegantissima. Epistolae plures Joannis Pici Mirandulae. Testimonia ejus vitae et doctrinae. Disputationum adversus astrologos libri duodecim. Caecilii Cypriani episcopi carthaginenses [sic] de ligno crucis carmen. - (A la fin des Epistolae :) Opuscula haec... impressit Bernardinus Venetus... Venetiis, anno salutis 1498, die 9 octobris. - A la fin : Disputationes Joannis Pici Mirandulae, litterarum principis, adversus astrologiam divinatricem quibus penitus subnervata corruit";"1498";"Venetiis";"Null";"1498";"In-fol., sign. A-Z, &, a-u";"Null";"Null"
"http://data.bnf.fr/ark:/12148/cb311060709";"Joannis Pici Mirandulae Omnia opera [cum ejusdem Vita, auctore J. F. Pico Mirandulae nepote]";"1498";"Venetiis";"impressit Bernardinus Venetus";"1498";"In-fol. (Hain, *12993)";"Null";"Null"
"http://data.bnf.fr/ark:/12148/cb31106140n";"Omnia opera";"1498";"Venetiis";"Null";"1498";"In-fol. (Hain, *12993.)";"Null";"Null"
"http://data.bnf.fr/ark:/12148/cb311090910";"Textus Sententiarum [magistri Petri Lombardi] cum conclusionibus magistri Henrici Gorichem";"1498";"Basileae";"Nicolaus Kessler";"1498";"In-fol. (Hain-Copinger, 10198.)";"Null";"Null"
"http://data.bnf.fr/ark:/12148/cb31115871t";"Poema aureum et epistolae";"1498";"Mediolani";"Null";"1498";"In-fol. (Hain, *1287.)";"Null";"Null"
"http://data.bnf.fr/ark:/12148/cb311192280";"Ludovici Bigi Pictorii. Opusculorum christianorum libri tres";"1498";"Mutinae";"impr. per D. Rocociolam";"1498";"In-4° . (Copinger, 1052.)";"Null";"Null"
"http://data.bnf.fr/ark:/12148/cb31119332h";"Opuscula...";"1498";"Venetiis";"Null";"1498";"In-fol. (Hain, *1542 ; Pellechet, 1094.)";"Null";"Null"
"http://data.bnf.fr/ark:/12148/cb31121659n";"Auctoritates Arestotilis [sic], Senece...";"1498";"(Coloniae.)";"Null";"1498";"In-4° . (Pellechet, 1454.)";"Null";"Null"
"http://data.bnf.fr/ark:/12148/cb31123694n";"C. Plinii Secundi Junioris Epistole, per Philippum Beroaldum correcte";"1498";"Bononiae";"Null";"1498";"In-4° . (Hain-Copinger, *13115.)";"Null";"Null"
"http://data.bnf.fr/ark:/12148/cb311252078";"De Primo bello punico, in latinum traductus per Leonardum Aretinum";"1498";"Brixiae";"Null";"1498";"In-fol. (Hain, *13250.)";"Null";"Null"
"http://data.bnf.fr/ark:/12148/cb31126857q";"Facetiae";"1498";"[Paris";"Michel Le Noir]";"1498";"Null";"Null";"Null"
"http://data.bnf.fr/ark:/12148/cb31130947f";"Omnia opera Angeli Politiani, et alia quaedam lectu digna, quorum nomina insequanti indice videre licet";"1498";"Null";"Null";"1498";"Sig. a-t, A-Z, &, aa, aa-kk";"Null";"Null"
"http://data.bnf.fr/ark:/12148/cb31131932n";"Opera. [Edidit J. Faber Stapulensis.]";"1498";"Parisiis";"Null";"1498";"In-fol. (Pellechet, 4297.)";"Null";"Null"
"http://data.bnf.fr/ark:/12148/cb31131869q";"Polybius historicus de Primo bello punico et Plutarchi Paralelia, a Leonardo Aretino in latinum traducti";"1498";"Brixiae";"impr. per J. Britannicum";"1498";"In-fol. (Hain 13250.)";"Null";"Null"
"http://data.bnf.fr/ark:/12148/cb311348563";"[Joannis Joviani Pontani de Liberalitate, de beneficentia, de magnificentia, de splendore, de conviventia";"1498";"Neapoli";"Null";"1498";"In-4° . (Hain, 13259.)";"Null";"Null"
"http://data.bnf.fr/ark:/12148/cb311801803";"Collacio habita in publico conventu Cluniacensium, ordinis Sancti Benedicti, per... magistrum Joannem Raulin... de perfecta religionis plantatione, incremento et instauratione. - A la fin : Finis orationis elegantissimae... Johannis Raulin,... de reformatione religionum et bene vivendi instituto. Impressum Basileae, opera Johannis Bergman de Olpe, anno etc. 1498, X kalendas julii";"1498";"(Basileae";"Null";"1498";"In-4° , 14 ff. non ch. (Hain, 13701.)";"Null";"Null"
"http://data.bnf.fr/ark:/12148/cb311874949";"Ephemerides sive Almanach perpetuum [Johanne de Monte Regio authore, cum Johannis Lucilii Santritter praefatione]";"1498";"Venezia";"Peter Liechtenstein";"1498";"Null";"Null";"Null"
"http://data.bnf.fr/ark:/12148/cb31192943s";"Facetus cum commento";"1498";"(Paris";"M. Lenoir";"1498";"In-4° . (Copinger, II, 2410.)";"Null";"Null"
"http://data.bnf.fr/ark:/12148/cb31201103d";"Joannis Reuchlin,... Scenica progymnasmata. [Ex recentione Joannis Richartzhusen.]";"1498";"Basileae";"Null";"1498";"In-4° , (Hain-Copinger, 13882.)";"Null";"Null"
"http://data.bnf.fr/ark:/12148/cb31224444z";"Le Trésor de l'âme [par Robert.]";"1498";"Paris";"pour Antoine Vérard";"1498";"Null";"Null";"Null"
"http://data.bnf.fr/ark:/12148/cb41611183w";"Uberrimum sphere mundi come[n]tu[m] intersertis etia[m] questionibus dni Petri de Aliaco";"1498";"Parisiis";"impensis Guidonis Mercatoris";"1498";"Null";"Null";"http://gallica.bnf.fr/ark:/12148/btv1b550076206"
"http://data.bnf.fr/ark:/12148/cb416439251";"Transitus beati Hieronymi...";"1498";"[Parisiis]";"Null";"1498";"Null";"Null";"Null"
"http://data.bnf.fr/ark:/12148/cb416843917";"Suidoe lexicon";"1498";"Mediolani impensa...";"Demetrii Chalcondyli...";"1498";"Null";"Null";"Null"
"http://data.bnf.fr/ark:/12148/cb312743510";"Enneades Marci Antonii Sabellici ab orbe condito ad inclinationem imperii romanii";"1498";"Venetiis";"Null";"1498";"In-fol., 14 ff. n. ch., sign. aa-bb, 162 ff., 1 fol. de Registrum et 6 ff. d'index sign. i-iii. (Hain-Copinger, *14055 ; Polain, Catalogue des livres imprimés au XVe siècle des bibliothèques de Belgique, T. III, n  3412.)";"Null";"Null"
"http://data.bnf.fr/ark:/12148/cb42055936g";"[La Vierge au singe] : [estampe]";"1498";"[S.l.]";"[s.n.]";"1498";"1 est. : burin ; 19,1 x 12,2 cm (tr. c.)";"http://data.bnf.fr/ark:/12148/cb159572867";"http://gallica.bnf.fr/ark:/12148/btv1b6951238p"
"http://data.bnf.fr/ark:/12148/cb42057750z";"[Le monstre marin] : [estampe]";"1498";"[S.l.]";"[s.n.]";"1498";"1 est. : burin ; 24,8 x 18,7 cm (tr. c.)";"http://data.bnf.fr/ark:/12148/cb13750685p";"http://gallica.bnf.fr/ark:/12148/btv1b69512697"
"http://data.bnf.fr/ark:/12148/cb31292539m";"Epistola Rabbi Samuelis Israhelite missa ad Rabbi Ysaac,...";"1498";"[Nürnberg]";"Kaspar Hochfeder";"1498";"Null";"Null";"Null"
"http://data.bnf.fr/ark:/12148/cb31297569r";"Ephemerides...";"1498";"Venise";"Null";"1498";"In-4°";"Null";"Null"
"http://data.bnf.fr/ark:/12148/cb31306541f";"[Examina di Fra Hieronymo Savonarola con le sue risposte e declarazioni] In Dei nomine Amen";"1498";"[Firenze]";"[Bartolomeo de' Libri]";"1498";"12 ff., sign. A-C";"Null";"Null"
"http://data.bnf.fr/ark:/12148/cb31306475g";"Predica del Reverendo Padre Frate Hieronymo da Ferrara, facta il sabbato dopo le seconda domenica di quaresima l'anno 1497";"1498";"[Firenze]";"[Bartolomeo de' Libri]";"1498";"Null";"Null";"http://gallica.bnf.fr/ark:/12148/bpt6k1348977"
"http://data.bnf.fr/ark:/12148/cb42330394w";"Le sacre du Roy trescrestien fait a Reins. Lan mil quatre cens quatre vingtz et xviii. Le. xxvii. iour de may. Et comment les douze pers de France doiuent et sont tenuz estre ou leurs commis audit sacre en la dicte ville de Reims chacun faisant son office.";"1498";"Null";"Null";"1498";"[4] f.";"Null";"Null"
"http://data.bnf.fr/ark:/12148/cb313516766";"Auctoritates Arestotilis [sic], Senece, Boetii, Platonis, Apulei Affricani, Porphirii et Gilberti Porritani";"1498";"(Coloniae.)";"Null";"1498";"In-4° . (Pellechet, 1454.)";"Null";"Null"
"http://data.bnf.fr/ark:/12148/cb31351882p";"Tragoediae Senecae cum duobus commentariis, videlicet Bernardini Marmitae et Danielis Galetani, poe. clar";"1498";"Venise";"J. Tacuino";"1498";"In-fol. (Hain-Copinger, *14670 ; Polain, 3488.)";"Null";"Null"
"http://data.bnf.fr/ark:/12148/cb313643916";"Sidonii Apollinaris Poema aureum ejusdemque epistole [curante Joanne Baptista Pio bononiense]";"1498";"Mediolanni";"U. Scinzenzeler";"1498";"In-fol. (Pellechet, 910.)";"Null";"Null"
"http://data.bnf.fr/ark:/12148/cb42555556v";"Les epitaphes des feuz roys Loys unziesme de ce nom et de Charles son filz VIII de ce nom que dieu absoille : et la piteuse complainte de dame crestiente sur la mort du feu roy Charles aux la complainte des trois estatz";"1498";"[Paris";"Michel Le Noir";"1498";"[6] ff. non chiffrés";"http://data.bnf.fr/ark:/12148/cb119314762";"Null"
"http://data.bnf.fr/ark:/12148/cb31382055f";"Solinus De Mirabilibus mundi";"1498";"Venezia";"[Giovanni Rosso]";"1498";"In-4° . (Hain-Copinger, *14885.)";"Null";"Null"
"http://data.bnf.fr/ark:/12148/cb313820543";"Solinus. De Mirabilibus mundi";"1498";"Brixiae";"per J. Britannicum";"1498";"Petit in-fol. (Hain-Copinger, *14884.)";"Null";"Null"
"http://data.bnf.fr/ark:/12148/cb31380249k";"Brevis repetitio Bartho. Sozini,... § item si reipu. L. III. Digest. ad L. Fal. in qua ponuntur nova tex. intelligentia et pleraque alia circa usurarum metas legistis incognita";"1498";"Bononiae";"impr. B. Hectoris";"1498";"In-fol. (Hain, 14868.)";"Null";"Null"
"http://data.bnf.fr/ark:/12148/cb31382053r";"Solinus. De Mirabilibus mundi";"1498";"Brixiae";"per J. Britannicum";"1498";"Petit in-fol. (Hain-Copinger, *14883.)";"Null";"Null"
"http://data.bnf.fr/ark:/12148/cb313966360";"[Statii Opera, cum Domitii, Lactantii, Maturantii commentariis.]";"1498";"Venetiis";"per J. P. de Quarengis";"1498";"In-fol. (Hain-Copinger, 14980.)";"Null";"Null"
"http://data.bnf.fr/ark:/12148/cb31435022b";"Clarissima singularisque totius philosophie necnon metaphisice Aristotelis magistri Petri Tatareti expositio";"1498";"(Lugduni";"Null";"1498";"In-4° , 140 ff., fig. (Hain-Copinger, 15341.)";"Null";"Null"
"http://data.bnf.fr/ark:/12148/cb314350330";"Questiones magistri Petri Tatereti super sex libros Ethicorum Aristotelis. [Marque de Robert Macé.] - Fol. a⁽2 : Jodocus Badius Ascensius Angleberto et Godefredo de Marnef,... Rothomagi, ad kalendas marcias anni hujus MCCCCXCVII. - Fol. a⁽3 : Questiones perutiles magistri Petri Tatereti super sex libros Ethicorum Aristotelis, cum textu ejusdem Aristo. noviter copulate ac per eundem... castigate. - Fol. h⁽3 v° : Hic desinunt Ethicorum questiones breves... super sex libris artis ethice, ex officina magistri Petri Tatereti,... quiquidem textum Aristotelis singulis in locis... interseruit. Impressor vero nomine Johannes, cognomine... Burgensis, studiosam dedit operam... Rothomagi actum est anno Domini MCCCCXCVIII, die VII maii. - A la fin : Impressus Rothomagi per Johannem Le Bourgoys pro Roberto Macé, commorante Cadomi apud cymiterium sancti Petri, anno et die supradictis. [Marque de Jehan Le Bourgeoys.]";"1498";"Rothomagi et Cadomi";"Null";"1498";"In-4° à 2 col., sign. [a]-h., car. goth. (Renouard, III, 276.)";"Null";"Null"
"http://data.bnf.fr/ark:/12148/cb314367513";"Sermon des groszgelarten in Gnaden erlauchten doctoris Johannis Thauleri,... weisende auff den nehesten waren Wegk yn Geiste czu wandern durch überschwebenden Syn, unvoracht von Geistes ynnigen, vorwandelt in Deutsch manchen Menschen zu Selikeit";"1498";"Leipzig";"C. Kacheloven";"1498";"In-4° . (Hain-Copinger, *15346. Polain, 3657.)";"Null";"Null"
"http://data.bnf.fr/ark:/12148/cb31439693g";"[Soneti, capituli et egloge del prestantissimo M. Antonio Thebaldeo.]";"1498";"Modena";"impresso per D. Rocociolo";"1498";"In-4° . (Hain-Reichling, 15450.)";"Null";"Null"
"http://data.bnf.fr/ark:/12148/cb314438557";"Terentianus de Litteris, syllabis et metris Horatii. [Edidit Georgius Galbatius.]";"1498";"Mediolani";"per U. Scinzenzeler";"1498";"In-fol. (Copinger, 5729 - Reichling I, 198 ; Brunet V, col. 700.)";"Null";"Null"
"http://data.bnf.fr/ark:/12148/cb31461980n";"Sancti Thome de Aquino Super Epistolas sancti Pauli commentaria preclarissima, cum tabula ornatissima";"1498";"In urbe Venetiarum";"caracteribus B. Locatelli impressa, impensis O. Scoti";"1498";"In-fol. (Hain-Copinger, 1341 ; Pellechet, 943 ; Reichling, I, 94 ; Polain, 3696.)";"Null";"Null"
"http://data.bnf.fr/ark:/12148/cb314621602";"Opera... [T. II.]";"1498";"Venetiis";"Null";"1498";"In-fol. (Hain, *3352 ; Pellechet, 2491 ; Gesamtkatalog der Wiegendrucke, IV, 4512 ; Polain, 721.)";"Null";"Null"
"http://data.bnf.fr/ark:/12148/cb31462161d";"Boetius. De Consolatione philosophica et de Disciplina scolarium [cum sancti Thome super utroque commentariis]";"1498";"Venetiis";"per B. Locatellum, impensis O. Scoti";"1498";"In-fol. (Hain, *3407 ; Pellechet, 2540 ; Gesamtkatalog der Wiegendrucke, IV, 4565.)";"Null";"Null"
"http://data.bnf.fr/ark:/12148/cb31461995p";"Opuscula sancti Thome, quibus alias impressis nuper hec addidimus : videlicet Summam totius logice, tractatum celeberrimum de Usuris nusquam alias impressum. [Edita cura Antonii Pizamani, cum vita sancti Thome per eumdem scripta.]";"1498";"Venetiis";"expensis O. Scoti, cura B. Locatelli";"1498";"In-fol. (Hain, *1542 ; Pellechet, 1094 ; Polain, 3713.)";"Null";"Null"
"http://data.bnf.fr/ark:/12148/cb314618644";"Scriptum sancti Thome de Aquino super primo Sententiarum [a fratre Cornelio Sambuco Veronensi castigatum]";"1498";"Venetiis";"sumptibus O. Scoti, per B. Locatellum";"1498";"In-fol. (Hain, *1475 ; Pellechet, 1065 ; Polain, 3730.)";"Null";"Null"
"http://data.bnf.fr/ark:/12148/cb31461865g";"Scriptum sancti Thome de Aquino super secundo Sententiarum [ordinatum per fratrem Cornelium ad Veronensem]";"1498";"Venetiis";"expensis O. Scoti, per B. Locatellum";"1498";"In-fol. (Hain-Copinger, *1478 ; Pellechet, 1065 ; Polain, 3732.)";"Null";"Null"
"http://data.bnf.fr/ark:/12148/cb314745151";"[Titi Livii Historiae romanae decades I, III-IV, cum Johannis Andreae Epistola et L. Flori Epitome decadum XIV. Praemittuntur M. A. Sabellici epistola et annotationes.]";"1498";"Venetiis";"per B. de Zanis";"1498";"In-fol., initiales ornées par les frères De Gregoriis. (Hain, 10142 ; Polain, III, 2500.)";"Null";"Null"
"http://data.bnf.fr/ark:/12148/cb31481332j";"Meditationes... Johannis de Turrecremata,... posite et depicte de ipsius mandato in ecclesie ambitu Sancte Marie de Minerva Rome";"1498";"(Romae,)";"per S. Planck";"1498";"In-4° , fig. (Hain-Copinger, 15728 ; Br. Mus., Books pr. XVth c., t. IV, p. 100.)";"Null";"Null"
"http://data.bnf.fr/ark:/12148/cb31481754z";"Marci Antonii Sabellici Carmina elegantissima de beata Virgine Maria cum commentario Hermanni Torrentini. [Accedit Gregorii Tipherni Hymnus in Virginem Dei matrem.]";"1498";"(Daventriae";"per J. de Breda,)";"1498";"In-4° . (Hain-Copinger, 14060 ; Polain, t. III, n  3410.)";"Null";"Null"
"http://data.bnf.fr/ark:/12148/cb314817559";"Elucidarius carminum et historiarum, vel Vocabularius poeticus continens fabulas, historias, provincias, urbes, insulas, fluvios et montes illustres et cetera";"1498";"Daventriae";"per R. Pafraet";"1498";"In-4° . (Campbell, 677 ; Polain, t. III, n  3790.)";"Null";"Null"
"http://data.bnf.fr/ark:/12148/cb31497349x";"Liber de triplici regione claustralium et spirituali exercitio monachorum... Jo. Tritemio,... emendante opusculum";"1498";"In urbe Maguntina";"per P. Fridbergensem";"1498";"In-4° . (Hain, *15618.)";"Null";"Null"
"http://data.bnf.fr/ark:/12148/cb314973504";"Liber de triplici regione claustralium et spirituali exercitio monachorum... Jo. Tritemio,... emendante opusculum";"1498";"In urbe Maguntina";"per P. Fridbergensem";"1498";"In-4° . (Hain, *15618, 2e état.)";"Null";"Null"
"http://data.bnf.fr/ark:/12148/cb31498608d";"Tractatus singularis contra Averroystas, de humanarum animarum plurificatione ad catholice fidei obsequium Patavii editus [per Antonium Trombetam]";"1498";"In Venetiarum urbe";"O. Scoti impensa, cura B. Locatelli impressus";"1498";"In-fol. (Hain, *15646 ; Br. Mus., Books pr. XVth c., t. V, p. 451 ; Polain, 3829.)";"Null";"Null"
"http://data.bnf.fr/ark:/12148/cb315207372";"C. Valerii Flacci,... Argonautica diligenter accurateque emendata et suo nitori reddita in hoc volumine continentur";"1498";"Bononiae";"impressum per B. Hectoreum";"1498";"In-fol. (Hain-Copinger, 5926 ; Br. Mus., Books pr. XVth c., t. VI, p. 844.)";"Null";"Null"
"http://data.bnf.fr/ark:/12148/cb43751594x";"f. [A]1v°: Almanach pour XXI. ans. ...  - f. m4v° : Ces presentes Heures à l'usaige de Romme furent achevées le vingt et septiesme jour de septembre. L'an Mil. CCCCiiiixx dix-huyt pour Jehan Poytevin libraire demourant à Paris en la rue Neufve Nostre Dame";"1498";"Paris";"[Étienne Jehannot] pour Jean Poitevin";"1498";"[92] ff. signés [A]8, B-E8, f-g8, H-L8, m4";"Null";"Null"
"http://data.bnf.fr/ark:/12148/cb442098869";"Reservatio falsarum solutionum ad argumenta Samuelis Cassinensis quae facta fuerunt in falsam prophetiam Hieronymi Savonarolae...";"1498";"Milano";"[Ulrich Scinzenzeler]";"1498";"Sig. A8, B4";"Null";"Null"
"http://data.bnf.fr/ark:/12148/cb316560690";"Agatharchia, id est bonus principatus, vel epithoma condicionum boni principis Ja. Vuimpfelin,...";"1498";"(Argentinae,)";"M. Schott";"1498";"In-4° , signé a-b⁽6, armoiries gr. sur bois au titre, marque à la fin. (Hain, Copinger, 16169 ; Br. Mus., Books pr. XVth c., t. I., p. 96 ; Goff, p. 633, W-21 ; Schreiber, 5472 ; Schramm, t. XIX, p. 16.)";"Null";"Null"
"http://data.bnf.fr/ark:/12148/cb31656111z";"Philippica Jacobi Vuimpfelingi,... in laudem et defensionem Philippi comitis Rheni Palatini Bavarię ducis...";"1498";"(Argentinae,)";"M. Schott";"1498";"In-4° , signé A⁽6, B-C⁽4, armoiries gr. sur bois au titre, marque à l'explicit. (Hain, Copinger, 16186 ; Br. Mus., Books pr. XVthc., t. I, p. 96 ; Goff, p. 634, W-47 ; IGI, 10396 ; Schreiber, 5483 ; Schramm, t. XIX, p. 16.)";"Null";"Null"
"http://data.bnf.fr/ark:/12148/cb317018125";"Egidius de Regimi // ne principum. - (A la fin :) Impressum Venetiis per magistrum Si // monem Bevilaquam Papiensem, anno Do // mini millesimo CCCC.LXXXXVIII, die // nona mensis julii";"1498";"Venise";"Null";"1498";"Null";"Null";"Null"
"http://data.bnf.fr/ark:/12148/cb317300699";"Questiones magistri Petri Tatereti super sex libros Ethicorum Aristotelis. (Marque de Robert Macé.) - Fol. 3 n-e r° : Questiones... Petri Tatereti super sex libros Ethicorum Aristotelis, cum textu ejusdem Aristo., noviter copulate ac per eundem... castigate. - Fol. h3 v° : Hic desinunt Ethicorum questiones breves... super sex libris artis ethica... Impressor vero nomine Johannes, cognomine... Burgensis studiosam dedit operam... Rothomagi actum est anno Domini MCCCCXVIII, die VII maii. - A la fin : Impressus Rothomagi per Johannem le Bourgoys pro Roberto Macé commorante Cadomi apud cymiterium Sancti Petri, anno et die supra dictis. (Marque de Johan le Bourgeoys.)";"1498";"Rothomagi et Cadomi";"Null";"1498";"Null";"Null";"Null"
"http://data.bnf.fr/ark:/12148/cb317298413";"Georgio Valla Placentino interprete, in hoc volumine continentur Nicephori Logica, Georgii Valle Libellus de argumentis, Euclidis quartus decimus Elementorum, Hypsielis Interpretatio ejusdem libri Euclidis, Nicephorus de Astrolabo, Proclus de Astrolabo, Aristarchi Samii de Magnitudinibus et distantiis solis et Lune, Timeus de Mundo, Cleonidis Musica, Eusebii Pamphili de quibusdam theologicis ambiguitatibus, Cleomedes de Mundo, Athenagore philosophi de Resurrectione, Aristotelis de celo, Aristotelis Magna ethica, Aristotelis Ars poetica, Rhazes de Pestilentia, Galenus de Inequali distemperantia, Galenus de Bono corporis habitu, Galenus da Confirmatione corporis humani, Galenus de Presagitura, Galenus de Presagio, Galeni Introductorium, Galenus de succidaneis, Alexander Aphrodiseus de Causis febrium, Pselus de Victu humano. [A la fin :] Impressum Venetiis per Simonem Papiensem dictum Bevilaquam, 1498...";"1498";"Venise, S. Bevilaqua";"Null";"1498";"156 f. n. c.";"Null";"Null"
"http://data.bnf.fr/ark:/12148/cb31730020z";"Auctoritates Aristo//telis ac Senece, Boetii, Platonis, Apu//leii Africani, Empedoclis, Porphirii et // Gilberti Porritani. - (A la fin :) Impresse Parisiis, per Felicem Baligault,... anno immense reparationis M. quadrin//gentesimo nonagesimo octavo, sole vero octobris clau//dente decimam";"1498";"Paris";"Félix Baligault";"1498";"68 ff.";"Null";"Null"
"http://data.bnf.fr/ark:/12148/cb31804429p";"Carmen";"1498";"Paris";"Antoine Denidel";"1498";"Null";"Null";"Null"
"http://data.bnf.fr/ark:/12148/cb318910678";"Consequentie magistri Johannis Buridanni, emendate per Albertum Fantinum";"1498";"Parisiis, G. Marchant";"Null";"1498";"Null";"Null";"Null"
"http://data.bnf.fr/ark:/12148/cb32165605n";"Opuscula... [Edita cura Antonii Pizamani.]";"1498";"Venetiis";"Null";"1498";"Null";"Null";"Null"
"http://data.bnf.fr/ark:/12148/cb32197921t";"Geographia...";"1498";"[Venezia]";"[Cristoforo de' Pensi]";"1498";"Null";"Null";"Null"
"http://data.bnf.fr/ark:/12148/cb32243527z";"Georgica... - A la fin : Per Anthonium Denidel, in artibus magistrum, prope collegium de coqueret commorantem, parisius impressus";"1498";"Paris";"Antoine Denidel";"1498";"[22] ff. signés a-c6, d4";"Null";"http://gallica.bnf.fr/ark:/12148/bpt6k854674q"
"http://data.bnf.fr/ark:/12148/cb32425483k";"El Arcipreste de Talavera, que fabla de los vicios de las malas mulgeres e complexiones de los hombres. - (A la fin : Fenesce el libro del arcipreste de Talavera que tracta de vicios y virtudes y reprubacion del loco amor, assi de los ombres como de las mugeres, o segund algunos Hamado Corvacho. Impresso en Sevilla, por Meynardo Ungut, Aleman, y Stanislao Polono, companeros, ax de mayo ; ano de mill. CCCC.XCVIII";"1498";"Sevilla";"Null";"1498";"Null";"Null";"Null"
"http://data.bnf.fr/ark:/12148/cb32448809d";"Mystère de la passion";"1498";"Paris";"Null";"1498";"Null";"Null";"Null"
"http://data.bnf.fr/ark:/12148/cb32546925m";"(De litteris antiquis.)";"1498";"Venetiis, per J. de Tridino";"Null";"1498";"Null";"Null";"Null"
"http://data.bnf.fr/ark:/12148/cb325776260";"Soneti, capituli et eglogue...";"1498";"Modena";"Null";"1498";"Null";"Null";"Null"
"http://data.bnf.fr/ark:/12148/cb32580939p";"[Le Fardet des temps]";"1498";"Lyon";"M. Huss";"1498";"96 f. n. ch.";"Null";"Null"
"http://data.bnf.fr/ark:/12148/cb326174658";"Petri Schotti... Lucubraciunculae ornatissimae";"1498";"(Argentinae), M. Schott";"Null";"1498";"Null";"Null";"Null"
"http://data.bnf.fr/ark:/12148/cb32657876v";"Terentianus de Litteris, syllabis et metris Horatii. [Edidit Georgius Galbiatus.]";"1498";"Mediolani, per U. Scinzenzeler";"Null";"1498";"Null";"Null";"Null"
"http://data.bnf.fr/ark:/12148/cb330989064";"Methodius, primum Olympiade et postea Tyri civitatum episcopus... [Revelationes divinae a sanctis angelis factae]";"1498";"Basel";"Michael Furter";"1498";"Ill.";"Null";"Null"
"http://data.bnf.fr/ark:/12148/cb332148475";"Via salutis edita in subcidium presbiterorum";"1498";"Lyon";"Guillaume Balsarin";"1498";"CLXXI [-4] ff.";"Null";"Null"
"http://data.bnf.fr/ark:/12148/cb332469733";"Lart de bien mourir";"1498";"Paris";"pour Antoine Vérard";"1498";"3 parties [ca 400 p.]";"Null";"http://gallica.bnf.fr/ark:/12148/bpt6k110625v"
"http://data.bnf.fr/ark:/12148/cb33251028s";"Auctoritates Aristotelis et aliorum philosophorum (Cum enim aristotelicae...)";"1498";"Rouen";"Jean Le Bourgeois pour Robert I Macé à Caen";"1498";"sign. a-i8";"Null";"Null"
"http://data.bnf.fr/ark:/12148/cb33325880m";"Contra fratrem Hieronymum // heresiarcham libellus et processus";"1498";"[Nürnberg";"Ambrosius Huber";"1498";"[28] feuillets";"Null";"Null"
"http://data.bnf.fr/ark:/12148/cb333325432";"[En ce livre sont les coustumes et statues du païs et duché de Bourbonnois, notairement tenues et gardées en icelluy païs]";"1498";"Lyon";"H. Marion";"1498";"24 f., le premier non chiffré ; celui qui aurait dû porter la cote XXI a été numéroté XXII. Cahiers signés a-d";"http://data.bnf.fr/ark:/12148/cb135668815";"http://gallica.bnf.fr/ark:/12148/bpt6k111144w"
"http://data.bnf.fr/ark:/12148/cb333275312";"(Fol. 1. recto. titre :) Copulata omnium // tractatuum parvorum logicali//um Petri hyspani tribus adiectis modernorum tractatibus in su//is commentarijs textui pulcerrime annotatis. In argumentis et re//plicis denuo diligentissime correcta juxta inuiolatum processum // magistrorum Colonie bursam Montis regentium. ac inuictissimam // doctrinam sancti Thome vberrime propagantium.// - (A la fin :) per Henricum quentell artis impres//sorie ingeniosum magistrum sancteque Agrippine civita//tis civem accuratius impressi rectius atque castigati et // elaborati. Anno M.CCCCXCVIIJ. //";"1498";"Colonie";"Null";"1498";"In-4° de 115 feuillets non chiffrés signés aij-tiiij. Caractères gothiques. A longues lignes";"Null";"Null"
"http://data.bnf.fr/ark:/12148/cb33351676g";"[Dialogus inter clericum et militem super dignitate papali et regia:] Disputatio inter clericum et militem : [suivi de:] Compendium de vita Antichristi";"1498";"Paris";"Guy Marchant [pour lui-même et pour Denys Roce]";"1498";"In-4°. Pièce";"Null";"Null"
"http://data.bnf.fr/ark:/12148/cb333704643";"Les epitaphes des feuz roys Loys unziesme de ce nom et de Charles son filz VIII de ce nom que dieu absoille : et la piteuse complainte de dame crestiente sur la mort du feu roy Charles aux la complainte des trois estatz";"1498";"[Paris";"Pierre Le Caron";"1498";"[6] ff. non chiffrés";"http://data.bnf.fr/ark:/12148/cb119314762";"http://gallica.bnf.fr/ark:/12148/btv1b73001607"
"http://data.bnf.fr/ark:/12148/cb33426499b";"Thomas a Kempis. Imitatio Christi";"1498";"Null";"Null";"1498";"[96] f. (sig. a-m8)";"Null";"Null"
"http://data.bnf.fr/ark:/12148/cb33459163v";"Lo Libro de le bataglie del Danese";"1498";"Milano";"Leonhard Pachel";"1498";"In-4";"Null";"Null"
"http://data.bnf.fr/ark:/12148/cb334838064";"Les Prophéties de Merlin";"1498";"Paris";"A. Verard";"1498";"In-fol.";"Null";"Null"
"http://data.bnf.fr/ark:/12148/cb33612951w";"Statuta Genuae";"1498";"Bologna";"Caligola de' Bazalieri";"1498";"2 parties en 1 vol. (6 ff. prélimin. 87 et 29 ff. chiffrés)";"Null";"Null"
"http://data.bnf.fr/ark:/12148/cb33610700z";"Cy commence le mirouer de la redemption de lumain";"1498";"[Lyon]";"[s.n.]";"1498";"1 vol. [211 f.]";"Null";"http://gallica.bnf.fr/ark:/12148/bpt6k110636k"
"http://data.bnf.fr/ark:/12148/cb336129031";"Statuta et Decreta communis Gen[...]... (à la fin) : Explicit... Statut[...]";"1498";"[S. l. ?]";"Null";"1498";"Null";"Null";"Null"
"http://data.bnf.fr/ark:/12148/cb336129945";"Statuta Mediolani";"1498";"Milan";"Null";"1498";"In-fol.";"Null";"Null"
"http://data.bnf.fr/ark:/12148/cb336465385";"Vita alme virginis Lijdwine, per fratrem Johannem Brugman";"1498";"Schiedam";"Null";"1498";"In-4°, (Hain-Copinger, 4002.)";"Null";"Null"
"http://data.bnf.fr/ark:/12148/cb33745886s";"Arrêt de la chambre des comptes qui confirme les clercs en icelle dans la possession de signer les mandements et expéditions de ladite chambre sur les serments de fidélité des gens d'église, les foi et hommage, aveux et dénombrements et souffrances des vassaux du roi ; et fait défenses aux greffiers de ladite chambre de s'immiscer en ladite fonction";"1498";"(S. l. n. d.)";"Null";"1498";"4°";"Null";"Null"
"http://data.bnf.fr/ark:/12148/cb33755752d";"Ordenanças reales (de Castilla)";"1498";"Sevilla";"Null";"1498";"Caract. goth.. 194 f.";"Null";"Null"
"http://data.bnf.fr/ark:/12148/cb33763553x";"Le Coustumier de Poictou avecques la sommere déclation et concordance de chascun chappitre. Et Ordonnances royaulx vieilles et nouvelles [11 juillet 1493]. Nouvellement imprimé à Paris";"1498";"Paris";"[André Bocard pour] Enguilbert, Jean et Geoffroy de Marnef";"1498";"[282] ff., signés a-z⁸, [pi]⁸, ?⁸, A-F⁸, [pi]², 2a-2d⁸";"Null";"Null"
"http://data.bnf.fr/ark:/12148/cb33768955x";"Formule d'un brevet d'indulgences de l'année 1498, délivré par frater Martinus Dulcis, gardien du couvent des Cordeliers d'Issoudun, aux fidèles qui contribueraient aux frais de la réparation dudit couvent et de la célébration du prochain chapitre de l'ordre";"1498";"[S. l. n. d. ?]";"Null";"1498";"Null";"Null";"Null"
"http://data.bnf.fr/ark:/12148/cb33810340f";"Lettres portant confirmation des officiers de la Chambre des comptes de Paris dans leurs offices, lors du joyeux avènement";"1498";"(S. l. n. d.)";"Null";"1498";"In-4°, 3 p.";"Null";"Null"
"http://data.bnf.fr/ark:/12148/cb33810346h";"Ordonnance portant règlement pour les finances";"1498";"(S. l. n. d.)";"Null";"1498";"In-4°";"Null";"Null"
"http://data.bnf.fr/ark:/12148/cb33849836c";"Coppie de la lettre que le Roy Louis XII a écrit au doyen et chanoines de l'église de Paris, du 28 avril 1498, et du refus qu'ils luy ont fait, par le grand zèle qu'ils avoient de conserver leurs statuts, immunitez, franchises et privilèges du cloître de ladite église de Paris";"1498";"(S. l. n. d.)";"Null";"1498";"In-4°, 4 p.";"Null";"Null"
"http://data.bnf.fr/ark:/12148/cb33849837q";"[Ordonnances faictes par le roy Loys XII] sur les privilesges des escoliers. - Fueillet CLXII";"1498";"S. l. n. d.";"Null";"1498";"In 8°, 14 p.";"Null";"Null"
"http://data.bnf.fr/ark:/12148/cb35614666v";"Sacriledium";"1498";"Null";"Null";"Null";"Sig. a8, b6";"Null";"Null"
"http://data.bnf.fr/ark:/12148/cb359511036";"Prima [-Sexta] pars biblie cum glosa ordinaria expositione Lyre litterali & morali";"1498";"Null";"Null";"1498";"6 parties";"Null";"Null"
"http://data.bnf.fr/ark:/12148/cb35951093q";"Biblia cum tabula nuper impressa & cum sumariis noviter editis";"1498";"Null";"Null";"Null";"[528] f.";"Null";"Null"
"http://data.bnf.fr/ark:/12148/cb35951185c";"Psaltērion";"1498";"Venezia";"Aldo Manuzio";"1498";"[150] f.";"Null";"Null"
"http://data.bnf.fr/ark:/12148/cb36202158m";"Hore intemerate Virginis marie secundum usum Romanum [...] cum pluribus orationibus in gallico et latino";"1498";"Null";"Null";"1498";"[92] f., sig. a-l8, m4";"Null";"Null"
"http://data.bnf.fr/ark:/12148/cb36202312v";"Horatii Flacci, [...] opera cum quibusdam annotatonibus [sic] imaginibusque pulcherrimis, aptisque ad Odarum concentus & sententias";"1498";"Null";"Null";"1498";"[12], 207 ff.";"Null";"Null"
"http://data.bnf.fr/ark:/12148/cb36284011t";"Le sacre du Roy trescrestien Loys douziesme de ce nom fait a Reims Lan. m. cccc. iiiixx. et xviii. Le. xxvii. iour de may. Et comment les douze pers de France doiuent et sont tenuz estre ou leurs commis audit sacre en la dicte ville de reims...";"1498";"[Paris";"Pierre Le Caron";"1498";"6 feuillets signés a6";"Null";"http://gallica.bnf.fr/ark:/12148/btv1b73001622"
