id;title;date;place;publisher;firstyear;description;subject;gallica
"http://data.bnf.fr/ark:/12148/cb42850363w";"Messe des anges, pour orgue ou harmonium. Interludes. Elévation. Communion. Sortie";"1332";"Paris";"libr. de l'Art catholique";"1332";"Null";"http://data.bnf.fr/ark:/12148/cb121516267";"Null"
"http://data.bnf.fr/ark:/12148/cb337338205";"Sentence du Chastelet";"1332";"[S. l. n. d. ?]";"Null";"1332";"Null";"Null";"Null"
"http://data.bnf.fr/ark:/12148/cb33733821h";"Anciens Statuts des maistres lapidaires, dressez sous le règne de saint Louis qui se trouvent au plus ancien registre du Chastelet de l'an 1290. - Sentence du Chastelet... faisant mention des susdits statuts et portant règlement entre les cristalliers";"1332";"(S. l. n. d.)";"Null";"1332";"In-4°, 7 p.";"Null";"http://gallica.bnf.fr/ark:/12148/bpt6k9618200q"
"http://data.bnf.fr/ark:/12148/cb338099820";"Lettres portant exemption de décimes en faveur des officiers de la Chambre des comptes de Paris";"1332";"(S. l. n. d.)";"Null";"1332";"In-4°, 2 p.";"Null";"Null"
