id;title;date;place;publisher;firstyear;description;subject;gallica
"http://data.bnf.fr/ark:/12148/cb397955337";"Lettre de Johann Ludwig Adam à Monsieur Cherubini, dimanche 30 septembre (181.-184.)";"181";"Null";"Null";"Null";"Null";"Null";"http://gallica.bnf.fr/ark:/12148/btv1b53077750h"
"http://data.bnf.fr/ark:/12148/cb40980998q";"Brouillon d'un contrat établi entre le comte Pálffy et Nicolò Isouard";"181";"Null";"Null";"Null";"1 f.,  f. 135 : 24 x 18,6 cm";"http://data.bnf.fr/ark:/12148/cb133187365";"Null"
"http://data.bnf.fr/ark:/12148/cb42406712t";"Archives de l'Opéra. Comptabilité. Dépenses. Honoraires d'auteurs.";"181";"Null";"Null";"Null";"1 vol. : 195 x 165 mm";"http://data.bnf.fr/ark:/12148/cb13318572g";"Null"
"http://data.bnf.fr/ark:/12148/cb43432432d";"L'Espoir";"181";"Paris";"Hachette";"Null";"244 p.";"Null";"Null"
