id;title;date;place;publisher;firstyear;description;subject;gallica
"http://data.bnf.fr/ark:/12148/cc75050k";". Breviarium sancti Victori.";"1392";"Null";"Null";"Null";"Null";"Null";"http://gallica.bnf.fr/ark:/12148/btv1b90660833"
"http://data.bnf.fr/ark:/12148/cb33715473q";"Arrêt de parlement portant homologation du premier concordat fait entre Guillaume Desdormans, archevêque de Sens, et le chapitre (de l'église de Sens)";"1392";"(S. l. n. d.)";"Null";"1392";"4°";"Null";"Null"
"http://data.bnf.fr/ark:/12148/cb33730079w";"(Série de pièces relatives au procès, pendant au Parlement, entre Louis Henry de Gondrin, archevêque de Sens et le Chapître de l'église métropolitaine de cette ville qui est appelant comme d'abus des sentences prononcées contre cedit Chapître par l'Official de Sens, en 1666, et 1667 ; la première pièce a pour titre :) Arrêt de la Cour de Parlement, portant homologation du premier concordat fait entre Guillaume Desdormans, archevêque de Sens et le Chapitre";"1392";"[S. l. ?]";"Null";"1392";"4° Pièce";"Null";"Null"
"http://data.bnf.fr/ark:/12148/cb337649073";"Bulle... faisant mention de l'engagement de la Terre, château et Seigneurie de la ville d'Antibes, et d'autres bulles de semblables engagement (sic) mentionnes en ceste cy, qui sont toutes dans Avignon";"1392";"[S. l. n. d. ?]";"Null";"1392";"Null";"Null";"Null"
"http://data.bnf.fr/ark:/12148/cb366699782";"Lexique juridique français-arabe";"1392";"Alger";"Ministère de la justice";"1392";"288 p.";"http://data.bnf.fr/ark:/12148/cb12143272k";"Null"
