id;title;date;place;publisher;firstyear;description;subject;gallica
"http://data.bnf.fr/ark:/12148/cb43058017k";"Incipiunt praeludia diversarum notarum secundum modernum modum subtiliter et diligenter collecta cum mensuris diversis in figuris annexis per fratrem Adam Ileborgh Anno domini 1448 tempore sui rectoriatus in stendall pour orgue";"1448";"Null";"Null";"Null";"In-fol., 11 p.";"Null";"Null"
"http://data.bnf.fr/ark:/12148/cc38213";"Šarḥ al-šāfiyya";"1448";"Null";"Null";"Null";"157f.";"Null";"Null"
"http://data.bnf.fr/ark:/12148/cb33715506v";"Arrêt provisionnel (de Parlement) par lequel est déclaré le droit de péage à cause des marchandises passant par les limites des chatellenies de Champtocé, Ingrande et St Florent-le-Vieil";"1448";"(Orléans)";"(Hotot)";"1448";"8°";"Null";"Null"
"http://data.bnf.fr/ark:/12148/cb337155076";"(Parlement.) Declaration du pretendu droict de peage de Champtocé, assis sur la riviere de Loyre";"1448";"(S. l. n. d.)";"Null";"1448";"In-8°, 8 p.";"Null";"Null"
"http://data.bnf.fr/ark:/12148/cb33769514g";"Concordats entre l'empereur Frideric et les princes d'Allemagne d'une part, et le Siège Apostolique d'autre. (19 mars 1448.) - Déclaration du pape Grégoire XIII sur la Constitution faite par Nicolas V touchant les collations de bénéfices vacans ès mois réservéz au Siège Apostolique, selon la forme des concordats faits avec la nation germanique. (1er novembre 1576.)";"1448";"(S. l. n. d.)";"Null";"1448";"In-4°, 12 p.";"Null";"Null"
"http://data.bnf.fr/ark:/12148/cb33810205n";"(Lettres en faveur du chapître de Saint-Étienne de Troyes.)";"1448";"(S. l. n. d.)";"Null";"1448";"In-fol., 4 p.";"Null";"Null"
"http://data.bnf.fr/ark:/12148/cb338498053";"Lettres patentes du roi, qui ordonnent au procureur général du parlement de Paris de donner son adjonction à toutes les causes et différends mus et à mouvoir de la Ste-Chapelle royale du Palais à Paris. Données à Tours le 27 de mai 1448";"1448";"[S. l. n. d. ?]";"Null";"1448";"Manuscrit, in-fol.";"Null";"Null"
