id;title;date;place;publisher;firstyear;description;subject;gallica
"http://data.bnf.fr/ark:/12148/cb30039319d";"Divi Aurelii Augustini Sermo in festo Praesentationis Mariae Virginis in Templum";"1462";"Moguntiae";"J. Fust et P. Schoeffer";"1462";"In-fol. (Pellechet, 1504.)";"Null";"Null"
"http://data.bnf.fr/ark:/12148/cb40454235c";"Carcassonne 1462 : [dessin]";"1462";"Null";"Null";"1462";"1 dess. : plume et encre brune, aquarelle, en coul.  ; 42,6 x 83,5 cm (f.)";"http://data.bnf.fr/ark:/12148/cb11931504g";"http://gallica.bnf.fr/ark:/12148/btv1b6904018s"
"http://data.bnf.fr/ark:/12148/cb406679169";"[Carte marine de l'océan Atlantique Nord-Est de la mer Méditerranée et de la mer Noire] : Majorque";"1462";"Null";"Null";"Null";"1 carte : ms. col. sur vélin ; 53 x 83 cm, cou à l'ouest";"Null";"http://gallica.bnf.fr/ark:/12148/btv1b53064888c"
"http://data.bnf.fr/ark:/12148/cb42112737w";"Die vier Historien : Joseph, Daniel, Judith, Esther";"1462";"Null";"Null";"1462";"Null";"Null";"http://gallica.bnf.fr/ark:/12148/bpt6k105090n"
"http://data.bnf.fr/ark:/12148/cb31951759x";"(Fol. 1 recto) ()ohannes Episcopus // servus servorum dei // ... (A la fin) Presens Clementis quinti constitutionum // opus... Per... Leonhardum pflugt et Georgium lauer // Rome impressum. Anno dn̄i M. CCCC. // LXII. Die nero Decimagnta Mēsis // Iunii... Finit felicitev.";"1462";"[S. l. n. d. ?] In-fol.";"Null";"1462";"Null";"Null";"Null"
"http://data.bnf.fr/ark:/12148/cb332636989";"Apocalypsis";"1462";"[Pays-Bas";"s. n.";"1462";"50 ff.";"Null";"http://gallica.bnf.fr/ark:/12148/bpt6k1040390q"
"http://data.bnf.fr/ark:/12148/cb33810254v";"Lettres patentes du Roy... par lesquelles il veut... que les lettres patentes données à Saumur, le 15e mars 1430, pour le faict de l'abolition des péages mis sur la rivière de Loire et autres fleuves y dessendans, depuis 60 ans, soient levez... et que tout le contenu desdites lettres patentes soit entretenu et gardé, et le confirme d'abondant";"1462";"Orléans";"impr. de G. Hotot";"1462";"In-8°, 5 ff.";"Null";"Null"
"http://data.bnf.fr/ark:/12148/cb338102525";"Lettres patentes du Roi... par lesquelles il a révoqué la commission qu'il avoit donnée aux commissaires par luy establis pour contraindre les marchands fréquentans la rivière de Loyre, leurs receveurs, commis... à la recepte de l'octroy, à eux cy-devant concédé par le feu roy Charles VII, de lever sur leurs denrées le subside... contenu ès dites lettres d'octroy, de rapporter les deniers qu'ils en avoient reçeu, pour avoir iceluy levé... sans avoir de luy pris pouvoir de ce faire, au contraire... a Sadite Majesté continué ledit octroy ausdits marchands pour autre temps porté par icelles";"1462";"Orléans";"impr. de G. Hotot";"1462";"In-8°, 8 p.";"Null";"Null"
"http://data.bnf.fr/ark:/12148/cb35391370p";"Comptes-rendus";"1462";"7 vol.";"Null";"1462";"[1] dépl.";"Null";"Null"
"http://data.bnf.fr/ark:/12148/cb35951129w";"[Sans titre]";"1462";"Null";"Null";"Null";"2 parties";"Null";"Null"
