id;title;date;place;publisher;firstyear;description;subject;gallica
"http://data.bnf.fr/ark:/12148/cb40676565c";"Rijnland";"1425";"[S.l.]";"[s.n.]";"1425";"Null";"Null";"Null"
"http://data.bnf.fr/ark:/12148/cc86538";"Averroès. Commentaire moyen sur la Logique d'Aristote";"1425";"Null";"Null";"Null";"94 f.";"Null";"http://gallica.bnf.fr/ark:/12148/btv1b107243390"
"http://data.bnf.fr/ark:/12148/cb33715499d";"Extrait des ordonnances (du parlement) en ce qui concerne les commissaires examinateurs du Chastellet de Paris, leur pouvoir et exercice audit Chastellet...";"1425";"(S. l. n. d.)";"Null";"1425";"In-4°, 7 p.";"Null";"Null"
"http://data.bnf.fr/ark:/12148/cb33810148n";"(Extrait) des ordonnances de Charles VII,... concernant le Chastelet de Paris... Tiltre 6e des examinateurs du Chastelet";"1425";"(S. l. n. d.)";"Null";"1425";"In-4°, 2 p.";"Null";"Null"
