id;title;date;place;publisher;firstyear;description;subject;gallica
"http://data.bnf.fr/ark:/12148/cb40594531t";"Carte italienne de la région située à l'embouchure du Drin, autour d'Alessio";"1000";"[S.l.]";"[s.n.]";"1000";"1 flle ms. au trait : 280 x 425";"Null";"http://gallica.bnf.fr/ark:/12148/btv1b8494824z"
"http://data.bnf.fr/ark:/12148/cb407439659";"Turquie d'Europe, décadence";"1000";"[S.l.]";"[s.n.]";"1000";"Null";"Null";"Null"
"http://data.bnf.fr/ark:/12148/cb40750943g";"Homerische Welt-Tafel";"1000";"[S.l.]";"[s.n.]";"1000";"1 flle : 27 x 27 cm";"Null";"http://gallica.bnf.fr/ark:/12148/btv1b8490284x"
"http://data.bnf.fr/ark:/12148/cb40750944t";"Homerische Welt-Tafel";"1000";"[S.l.]";"[s.n.]";"1000";"1 flle : ms.  ; 27 x 27 cm";"Null";"http://gallica.bnf.fr/ark:/12148/btv1b8492040p"
"http://data.bnf.fr/ark:/12148/cb407509455";"Homerische Welt-Tafel";"1000";"[S.l.]";"[s.n.]";"1000";"1 flle : ms.  ; 27 x 27 cm";"Null";"http://gallica.bnf.fr/ark:/12148/btv1b8490285b"
"http://data.bnf.fr/ark:/12148/cb42891294z";"Sacrae Cantiones una duabusq ; vocibus concinendae. Auctore D. Ivan Paulo, canonico regul. congreg. S. Salvatoris";"1000";"Mutinae";"Iulianus Cassianus";"1000";"3 vol. in-4° titre et init ornes";"Null";"Null"
"http://data.bnf.fr/ark:/12148/cb42895711s";"Ioannis Mariae Casini,... Moduli quatuor vocibus. Opus primum";"1000";"Romae";"escudebat Mascardus";"1000";"In-fol., 2 ff. limin., 180 p., culs de lampe ornés";"Null";"Null"
"http://data.bnf.fr/ark:/12148/cb428957124";"Ioannis Mariae Casini,... Moduli quatuor vocibus. Opus primum";"1000";"Romae";"escudebat Mascardus";"1000";"In-fol., 2 ff. limin., 180 p., culs de lampe ornés";"Null";"Null"
