id;title;date;place;publisher;firstyear;description;subject;gallica
"http://data.bnf.fr/ark:/12148/cc75330p/cd0e244";"Super Sententias";"1389";"Null";"Null";"Null";"Null";"Null";"Null"
"http://data.bnf.fr/ark:/12148/cc75081f";". Guillelmus Okam. 
        ,
. Dialogus.";"1389";"Null";"Null";"Null";"Null";"Null";"Null"
"http://data.bnf.fr/ark:/12148/cb33745876g";"Jugement de la chambre des comptes contre Henri de Longueville, receveur à Vitry, condamné en 10000 livres envers le roi, pour malversations par lui commises, et privation d'office";"1389";"(S. l. n. d.)";"Null";"1389";"4°";"Null";"Null"
"http://data.bnf.fr/ark:/12148/cb33810077z";"Ordonnance portant règlement pour les officiers de la Chambre des comptes";"1389";"(S. l. n. d.)";"Null";"1389";"In-4°, 8 p.";"Null";"Null"
"http://data.bnf.fr/ark:/12148/cb338100789";"Ordonnance sur le fait et gouvernement des officiers de la Chambre des comptes";"1389";"(S. l. n. d.)";"Null";"1389";"In-4°, 11 p.";"Null";"Null"
"http://data.bnf.fr/ark:/12148/cb33810079n";"Lettres touchant l'émolument des chartres pour estre partagées (sic) également entre tous ceux du collège qui auront esté présens, et lequel avoit accoustumé d'appartenir au seul notaire qui les signoit";"1389";"(S. l. n. d.)";"Null";"1389";"In-4°, 4 p.";"Null";"Null"
"http://data.bnf.fr/ark:/12148/cb35335457g";"Sahîh-i Muslim ve tercemesi... 7";"1389";"Istanbul";"İrfan yayinevi; A. Sait matbaasi";"1389";"496 p";"Null";"Null"
"http://data.bnf.fr/ark:/12148/cb353354564";"Sahîh-i Muslim ve tercemesi... 6";"1389";"Istanbul";"İrfan yayinevi; A. Sait matbaasi";"1389";"432 p";"Null";"Null"
"http://data.bnf.fr/ark:/12148/cb35874658t";"Barriers to health care for older Americans 15";"1389";"Washington";"Government printing office";"1389";"Null";"Null";"Null"
