id;title;date;place;publisher;firstyear;description;subject;gallica
"http://data.bnf.fr/ark:/12148/cb300020167";"Francisci Accolti Commentaria super titulo De accusatione, inquisitione et denuntiatione, in quinto libro Decretalium";"1486";"Pisciae";"opera Laurentii et Franci Cennis";"1486";"In-fol. Car. rom. (Hain, 46.)";"Null";"Null"
"http://data.bnf.fr/ark:/12148/cb300075233";"Alberti Magni Opus in evangelium Missus est Gabriel angelus";"1486";"[Strasbourg";"Martin Schott";"1486";"Null";"Null";"Null"
"http://data.bnf.fr/ark:/12148/cb30009956n";"Le blason de faulses amours";"1486";"Paris";"Pierre  Levet";"1486";"sign. a-b8";"Null";"http://gallica.bnf.fr/ark:/12148/bpt6k701805"
"http://data.bnf.fr/ark:/12148/cb30012806b";"Fabule et vita Esopi, cum fabulis Aviani, Alphonsii, Pogii... et aliorum, cum optimo commento...";"1486";"Antverpiae";"Gérard Leeu";"1486";"In-fol., fig. sur bois";"Null";"Null"
"http://data.bnf.fr/ark:/12148/cb300208391";"Summa angelica de casibus conscientiae, compilata per fratrem Angelum de Clavasio, cum praefatione Hieronymi Tornieli";"1486";"Chivasso";"Jacobino Suigo";"1486";"Null";"Null";"Null"
"http://data.bnf.fr/ark:/12148/cb30023084c";"S. Antonini, archiepiscopi Florentini, confessionale, aliter dictum Defecerunt, seu summula confessionis, seu tractatus de instructione simplicium confessorum";"1486";"(Coloniae";"P. Therhoernen.)";"1486";"In-4° . (Pellechet, 821.)";"Null";"Null"
"http://data.bnf.fr/ark:/12148/cb30023085q";"Incipit Summula confessionis // utilissima, in qua agitur quomodo se // habere debeat confessor erga // penitentem in confessionibus // audiendis, quam edidit reve // rendissimus vir ac in Christo // pater dominus frater Antonius (sic), ar // chiepiscopus Florentinus, ordinis fratrum Predicatorum. - (A la fin :) Utilissima confessionis sum // mula, a reverendissimo in Chri // sto patre fratre Anthonino ar // chiepiscopo Florentino edita, finit feliciter";"1486";"[Lyon";"Guillaume Le Roy";"1486";"Null";"Null";"Null"
"http://data.bnf.fr/ark:/12148/cb300230862";"S. Antonini, archiepiscopi Florentini, confessionale, aliter dictum Defecerunt, seu summula confessionis, seu tractatus de instructione simplicium confessorum";"1486";"[Lyon";"Guillaume Le Roy";"1486";"Null";"Null";"Null"
"http://data.bnf.fr/ark:/12148/cb300268295";"Libellus usurarum, compositus a F. Alexandro Ariosto";"1486";"Bononiae";"opera et impensis Baltasaris de Hyrberia";"1486";"In-4° . (Pellechet, 1172.)";"Null";"Null"
"http://data.bnf.fr/ark:/12148/cb30039325b";"Historia de gestis et trina trium regum translatione";"1486";"(Coloniae,)";"Null";"1486";"In-4° . (Hain, *9398.)";"Null";"Null"
"http://data.bnf.fr/ark:/12148/cb30039347n";"Sermones divi Aurelii Augustini ad heremitas";"1486";"Brixiae";"per Jacobum Britannicum";"1486";"In-8° . (Pellechet, 1512.)";"Null";"Null"
"http://data.bnf.fr/ark:/12148/cb300388600";"La Cité de Dieu";"1486";"Abbeville";"J. Du Pré et P. Gérard";"1486";"2 vol. [677, 655 p.]";"Null";"http://gallica.bnf.fr/ark:/12148/bpt6k110643s"
"http://data.bnf.fr/ark:/12148/cb30039446k";"Divi Aurelii Augustini de Vita christiana";"1486";"[Lyon]";"[Johannes Siber]";"1486";"Null";"Null";"Null"
"http://data.bnf.fr/ark:/12148/cb30041956j";"Canonis libri V Avicennae, in latinum translati a Gerardo Cremonensi. Ejusdem libellus de Viribus cordis, translatus ab Arnaldo de Villanova";"1486";"Venetiis";"per P. Maufer";"1486";"In-4° . (Pellechet, 1664.)";"Null";"Null"
"http://data.bnf.fr/ark:/12148/cb30048942j";"Summa quae vocatur Catholicon edita a fratre Johanne de Janua (Balbi)";"1486";"Nurenberge";"A. Koburger";"1486";"In-fol. (Pellechet, 1706.)";"Null";"Null"
"http://data.bnf.fr/ark:/12148/cb30053368k";"Hermolai Barbari, Zac. f. legati Veneti, ad Federicum imperatorem et Maximilianum, regem Romanorum, principes invictissimos. Fol. 6 : Acta III nonas augusti ad Brugas, sive Gesoriacum, 1486";"1486";"[Roma";"Stephan Planck";"1486";"Null";"Null";"Null"
"http://data.bnf.fr/ark:/12148/cb30063125z";"Lectura Bartoli de Saxoferrato super prima parte Codicis";"1486";"Venetiis";"per B. de Zanis";"1486";"In-fol. (Pellechet, 1910.)";"Null";"Null"
"http://data.bnf.fr/ark:/12148/cb300631536";"Processus Satanae contra D. Virginem coram judice Jesu, compositus a Bartolo de Saxoferrato";"1486";"Romae";"per S. Planck";"1486";"In-4° . (Pellechet, 1966.)";"Null";"Null"
"http://data.bnf.fr/ark:/12148/cb30063155w";"Opus circa materiam statutorum quae consueverunt esse per Italiam";"1486";"Venetiis";"Null";"1486";"In-fol.";"Null";"Null"
"http://data.bnf.fr/ark:/12148/cb30063108c";"Lectura Bartoli de Saxoferrato super secunda parte Digesti veteris";"1486";"Venetiis";"impr. per A. de Calabriis";"1486";"In-fol. (Pellechet, 1929.)";"Null";"Null"
"http://data.bnf.fr/ark:/12148/cb300898848";"S. Bernardi de Consideratione ad Eugenium papam";"1486";"Zwollis";"P. Van Os";"1486";"In-4° . (Pellechet, 2135.)";"Null";"Null"
"http://data.bnf.fr/ark:/12148/cb300900398";"Speculum S. Bernardi de Honestate vitae";"1486";"(Romae";"S. Planck.)";"1486";"In-4° . (Pellechet, 2147.)";"Null";"Null"
"http://data.bnf.fr/ark:/12148/cb301182932";"Boetii de Consolatione philosophiae";"1486";"(Daventriae,)";"Jacobus de Breda";"1486";"In-4° . (Pellechet, 2494.)";"Null";"Null"
"http://data.bnf.fr/ark:/12148/cb301182963";"Boetii de Consolatione philosophica, cum commento Thomae de Aquino. Ejusdem de disciplina scholastica, cum commento";"1486";"(S. l.,)";"Null";"1486";"In-fol. (Hain, 3401.)";"Null";"Null"
"http://data.bnf.fr/ark:/12148/cb301182812";"Boetii de consolatione philosophiae, cum commento sancti Thome";"1486";"Norinbergae";"Antonius Koberger";"1486";"In-fol. (Pellechet, 2521.)";"Null";"Null"
"http://data.bnf.fr/ark:/12148/cb301252461";"Sancti Bonaventurae libri et tractatus varii";"1486";"Coloniae";"per J. Coelhoff";"1486";"In-fol. (Hain, *3464.)";"Null";"Null"
"http://data.bnf.fr/ark:/12148/cb30160141n";"Bernhardi de Breydenbach opusculum sanctarum peregrinationum ad sepulcrum Christi venerandum";"1486";"Moguntiae";"per Erhardum Reüwich de Trajecto";"1486";"In-fol. (Hain-Copinger, *3956.)";"Null";"Null"
"http://data.bnf.fr/ark:/12148/cb301701426";"De Amore Camilli et Emilie";"1486";"[Paris";"simon Doliatoris";"1486";"Null";"Null";"Null"
"http://data.bnf.fr/ark:/12148/cb30193913z";"De Structuris et differentia sermonis...";"1486";"Vincentiae";"Null";"1486";"In-4° . (Hain-Copinger, *6215.)";"Null";"Null"
"http://data.bnf.fr/ark:/12148/cb30203266x";"De Institutis cenobiorum, auctore Johanne Cassiano";"1486";"Venetiis";"Null";"1486";"In-fol. (Hain-Copinger, *4563.)";"Null";"Null"
"http://data.bnf.fr/ark:/12148/cb302066522";"Moralissimus Cato cum elegantissimo commento Roberti de Evremodio";"1486";"Basileae";"Null";"1486";"In-4° . (Pellechet, 3424";"Null";"Null"
"http://data.bnf.fr/ark:/12148/cb30206654r";"Catho moralissimus, cum elegantissimo commento Roberti de Evremodio";"1486";"Anvers";"G. Leeu";"1486";"In-4° . (Pellechet, 3423.)";"Null";"Null"
"http://data.bnf.fr/ark:/12148/cb30212106r";"Cautelae juris Bartholomaei Cepollae";"1486";"Antverpiae";"M. Van der Goes";"1486";"In-4° . (Pellechet, 3475.)";"Null";"Null"
"http://data.bnf.fr/ark:/12148/cb302136516";"Les commentaires de Jules César";"1486";"[Paris";"Antoine Caillaut ? pour Antoine Vérard";"1486";"[114] ff.";"Null";"http://gallica.bnf.fr/ark:/12148/bpt6k111277c"
"http://data.bnf.fr/ark:/12148/cb30243235g";"M. Tullii Ciceronis de Officiis libri cum Petri Marsi commento ; de Amicitia dialogus cum Omniboni Leoniceni interpretatione ; de Senectute dialogus, cum Martini Philetici commento ; Paradoxa, cum anonymi commento";"1486";"Venetiis";"per B. de Tortis";"1486";"In-fol. (Pellechet, 3753.)";"Null";"Null"
"http://data.bnf.fr/ark:/12148/cb30244911n";"Elegiarum libri IV...";"1486";"Brixiae";"Null";"1486";"In-fol.";"Null";"Null"
"http://data.bnf.fr/ark:/12148/cb30286023g";"Opus ruralium commodorum, auctore Petro de Crescentiis";"1486";"Argentinae";"Null";"1486";"In-fol. (Hain-Copinger, *5831.)";"Null";"Null"
"http://data.bnf.fr/ark:/12148/cb30286026h";"[Le livre des profits champêtres]";"1486";"Paris";"J. Bon Homme";"1486";"[246] f. non ch., 2 col., sign. A-Z, A-G";"Null";"http://gallica.bnf.fr/ark:/12148/bpt6k1112802"
"http://data.bnf.fr/ark:/12148/cb303243739";"Dionysii Carthusiani de Quatuor novissimis";"1486";"(Delphis,)";"Null";"1486";"In-4° . (Pellechet, 4305.)";"Null";"Null"
"http://data.bnf.fr/ark:/12148/cb30343583b";"Tractatus de questionibus et tormentis...";"1486";"Parisiis";"Null";"Null";"In-4° . (Pellechet, 1752.)";"Null";"Null"
"http://data.bnf.fr/ark:/12148/cb303438537";"Diomedes, Ars grammatica. Phocas, de nomine et verbo. Epitoma Prisciani. Caper, de latinitate. Agraetius, de orthographia. Donatus, de barbarismo et octo partibus orationis. Servius et Sergius, in Donatum";"1486";"In Vincentia";"per Henricum de Sancto Urso";"1486";"In-4° . (Pellechet, 4285.)";"Null";"Null"
"http://data.bnf.fr/ark:/12148/cb30347185w";"Dominici de Sancto Geminiano Lectura secunda super sexto libro Decretalium, a Petro Albignano Trecio emendata et a Troilo Zane Veneto revisa";"1486";"Venetiis";"per Andream de Calabriis";"1486";"In-fol. (Pellechet, 4395.)";"Null";"Null"
"http://data.bnf.fr/ark:/12148/cb30347643b";"Aelii Donati Ars minor";"1486";"[Basel";"s. n.";"1486";"32 ff.";"Null";"http://gallica.bnf.fr/ark:/12148/bpt6k1044314k"
"http://data.bnf.fr/ark:/12148/cb30384809t";"Guilelmi Durandi Rationale divinorum officiorum";"1486";"Strasbourg";"imprimeur du Jordanus de Quedlinburg, H 9438 (= Georg Husner ?)]";"1486";"Null";"Null";"Null"
"http://data.bnf.fr/ark:/12148/cb30434477b";"Libro de' tutti quatro Evangelii con le loro expositione, per frate Simone da Cassia";"1486";"Impresso in Venetia";"per H. da Foxo da Parma";"1486";"In-4° . (Pellechet, 3335.)";"Null";"Null"
"http://data.bnf.fr/ark:/12148/cb30435564h";"Epistolarium novum Joannis Marii Philelphi. Ludovicus Mondellus edidit";"1486";"Louvain";"Ægidius Van der Heerstraeten";"1486";"Null";"Null";"Null"
"http://data.bnf.fr/ark:/12148/cb304494632";"Supplementum chronicarum Jacobi Philippi Bergomensis";"1486";"Venetiis";"per B. de Benaliis";"1486";"In-fol. (Pellechet, 2066.)";"Null";"Null"
"http://data.bnf.fr/ark:/12148/cb304739430";"Roberti Gaguini Ars versificatoria";"1486";"[Paris";"Simon Doliatoris";"1486";"Null";"Null";"Null"
"http://data.bnf.fr/ark:/12148/cb30481617b";"La Complaincte et régime de François Guarin, marchant de Lyon";"1486";"[Lyon";"Guillaume Le Roy";"1486";"Null";"Null";"Null"
"http://data.bnf.fr/ark:/12148/cb30498768d";"Cordiale de quatuor novissimis [a Gerardo de Vliederhoven]";"1486";"Deventer";"Jacobus de Breda";"1486";"54 ff. signés a-b8, c6, d-g8";"Null";"Null"
"http://data.bnf.fr/ark:/12148/cb30516065g";"De Spiritu Guidonis [auctore Johanne Gobio, senior]";"1486";"Delt";"[Iacob Jacobszoon  Van der Meer]";"1486";"[16] ff. signés a-b8, le dernier f. blanc";"Null";"Null"
"http://data.bnf.fr/ark:/12148/cb30535871s";"Decretum Gratiani, cum apparatu Bartholomaei Brixiensis";"1486";"Venezia";"Tommaso de' Blavi";"1486";"[520] ff. signés a-z12, τ12, c[renversé]8, A-S12, T8 ; le f. a1 blanc";"Null";"Null"
"http://data.bnf.fr/ark:/12148/cb30538086b";"Libro di Job delle morali, volgarizzati per Zanobi da Strata";"1486";"Firenze";"Nicolò di Lorenzo";"1486";"2 parties, [626] ff. signés a10, b-z8, τ8, c(renversé)8, aa-ee8, ff-gg10, hh-ii8, ll-tt8, uu12, A-Q8, Aa10, Bb-Ii8, Ll-Rr8, Ss6";"Null";"Null"
"http://data.bnf.fr/ark:/12148/cb305437461";"Quadragesimale fratris Johannis Gritsch,...";"1486";"[Strasbourg";"imprimeur des Vitas patrum (H 8597)]";"1486";"[264] ff.";"Null";"Null"
"http://data.bnf.fr/ark:/12148/cb30548874r";"Regule de ornatissimo et rhetorico dictamine latino, Parisius impresse, feliciter incipiunt. - A la fin : Autoris si forte petas nomenque genusque, Guarinus latio rhetor in orbe prior, Discipulus sculpsit pervulgat sculta Philippus, Guarinus toto vivat in orbe suus. Finis synonymorum";"1486";"[Paris";"Simon Doliatoris";"1486";"6 ff.";"Null";"Null"
"http://data.bnf.fr/ark:/12148/cb305553338";"Manipulus curatorum Guidonis de Monte Rocherio";"1486";"Venezia";"Marin Sarrazin";"1486";"[86] ff. signés a10, b-k8, l4, le premier f. blanc";"Null";"Null"
"http://data.bnf.fr/ark:/12148/cb305575590";"Le pèlerin de la vie humaine";"1486";"Lyon";"Matthias Huss";"1486";"96 ff. signés a-m8";"Null";"http://gallica.bnf.fr/ark:/12148/bpt6k714551"
"http://data.bnf.fr/ark:/12148/cb36813034t";"(Au tit. :) Euangeliẽ Eñ Epistelẽ // van den ghehelen iare // metten Sermonen. // (Evangiles et épitres pour toute l'année avec des instructions.) (à la fin :) Hier gaen wt die epistelẽ... - (Ici finissent les épitres et évangiles avec des instructions dominicales pour toute l'année et tous les jours de fête. Et sont imprimés à Delft en Hollande en l'année de N. S. 1486...)";"1486";"Haarlem";"Null";"1486";"4 °. Car. goth., vign. au tit. et dans le texte";"Null";"Null"
"http://data.bnf.fr/ark:/12148/cb36812927s";"Aurea expositio hymnorum una cum textu";"1486";"Paris";"Pierre Levet";"1486";"Null";"Null";"Null"
"http://data.bnf.fr/ark:/12148/cb36813033g";"(Au tit. :) Euangeliẽ Eñ Epistelẽ // van den ghehelen iare // metten Sermonen. // (Evangiles et épitres pour toute l'année avec des instructions.) (à la fin :) Hier gaen wt die epistelẽ... - (Ici finissent les épitres et évangiles avec des instructions dominicales pour toute l'année et tous les jours de fête. Et sont imprimés à Delft en Hollande en l'année de N. S. 1486...)";"1486";"Delft";"Null";"1486";"4 °. Car. goth., vign. au tit. et dans le texte";"Null";"Null"
"http://data.bnf.fr/ark:/12148/cb36816088g";"[Missale Eystattense]";"1486";"Eichstätt";"Michael Reyser";"1486";"2 °, 269 ff.";"Null";"Null"
"http://data.bnf.fr/ark:/12148/cb36817983g";"[Missale ad usum Tharentasie]";"1486";"[S. l. ?]";"Null";"1486";"In-folio. Caractères gothiques, à deux colonnes";"Null";"Null"
"http://data.bnf.fr/ark:/12148/cb368175821";"Missale Magdeburgense";"1486";"Magdeburg";"Simon Koch";"1486";"2 °, ill.";"Null";"Null"
"http://data.bnf.fr/ark:/12148/cb36818869w";"Breviarium Carnotense. Ed. Jean Rémy, sur la demande et aux frais de Miles d'Illiers, évêque de Chartres, René de Châteaubriant, baron de Loigny et Jean Vallée, prieur de Lamblore";"1486";"Venezia";"Johann Hamann";"1486";"5 parties, 8 °";"Null";"Null"
"http://data.bnf.fr/ark:/12148/cb36822034s";"Psalterium Cisterciense. - (Titre :) Psalterium ad usum or//dinis Cisterciensis, corre//ctum super psalterio bea//ti Roberti primi abba//tis Cisterciensis etc. - (A la fin du psautier, après le symbole de saint Athanase, fol. Z 3 v ° :) Correctum est istud psalterium // ad unguem super psalterio beati Ro//berti quod in Cistercio habetur, secundum // quod psallitur in ecclesia Cisterciensi. - (Sur la dernière page du livre, fol. & 7 recto :) Finiunt septem psal//mi penitentiales. Anno // Christi M. CCCC. LXXXVI";"1486";"(S. l.)";"Null";"1486";"In-16. Caractères gothiques. 19 lignes à la page";"Null";"Null"
"http://data.bnf.fr/ark:/12148/cb368218473";"Breviarium Romanum";"1486";"Venezia";"Johannes Leoviller pour Franz Renner";"1486";"[518] ff.";"Null";"Null"
"http://data.bnf.fr/ark:/12148/cb30613837w";"Βατραχομυοαχία [avec commentaire]";"1486";"Venezia";"Laonicus Cretensis [et Alexander Cretensis]";"1486";"Null";"Null";"Null"
"http://data.bnf.fr/ark:/12148/cb306164276";"Quinti Horatii Flacci Opera, cum commentariis Landini";"1486";"Venetiis";"impressum per magistrum Bernardinum de Tridino";"1486";"In-fol. (Hain-Copinger, *8884.)";"Null";"Null"
"http://data.bnf.fr/ark:/12148/cb373022079";"Complainte de l'âme damnée (« Hélas, hélas et plus que hélas »)";"1486";"[Paris";"Jean Du Pré";"1486";"[18] p.";"Null";"http://gallica.bnf.fr/ark:/12148/bpt6k70202n"
"http://data.bnf.fr/ark:/12148/cb306366782";"Libri sancti Ysidoris, episcopi hispalensis, de summo bono";"1486";"Impressus in alma Universitate lovaniensi";"per me Johannem de Westfalia";"1486";"In-4° . (Hain-Copinger, 9285.)";"Null";"Null"
"http://data.bnf.fr/ark:/12148/cb30649388g";"Directorium humane vite, alias Parabole antiquorum sapientum";"1486";"[Strasbourg";"Johann Prüss";"1486";"Ill.";"Null";"Null"
"http://data.bnf.fr/ark:/12148/cb30648894j";"Logicalia duodecim tractatuum et tractatus exponibilium cum commento, auctore Petro Hispano";"1486";"Antverpiae";"per G. Leeu";"1486";"In-4° . (Hain-Copinger, 8698.)";"Null";"Null"
"http://data.bnf.fr/ark:/12148/cb30648895w";"Summulae logicae Joannis papae XXI";"1486";"(Lovanii,)";"per J. de Westphalia";"1486";"In-4° . (Campbell, 1397.)";"Null";"Null"
"http://data.bnf.fr/ark:/12148/cb30649590k";"Homiliae S. Joannis Chrysostomi in Evangelium S. Johannis";"1486";"Coloniae";"(J. Koelhoff)";"1486";"In-fol. (Hain, *5037 ; Voulliéme, 644.)";"Null";"Null"
"http://data.bnf.fr/ark:/12148/cb306501461";"Tractatus de questionibus, cum aliis tractatulis juridicialibus";"1486";"Parisiis";"Null";"1486";"In-4° . (Pellechet, 1752.)";"Null";"Null"
"http://data.bnf.fr/ark:/12148/cb306527016";"La Vie des anciens peres";"1486";"Paris";"Jean Du Pré";"1486";"Null";"Null";"http://gallica.bnf.fr/ark:/12148/btv1b8604296c"
"http://data.bnf.fr/ark:/12148/cb30652702j";"La Vie des saints pères";"1486";"Lyon";"Nicolaus Philippi et Jean Du Pré";"1486";"[275] f.";"Null";"http://gallica.bnf.fr/ark:/12148/bpt6k111285z"
"http://data.bnf.fr/ark:/12148/cb30660754h";"Josephi libri Antiquitatum XX ; Ejusdem de Bello judaico libri VII, traducti per Ruffinum";"1486";"Venetiis";"per J. Vercellensem";"1486";"In-fol. (Hain, 9454.)";"Null";"Null"
"http://data.bnf.fr/ark:/12148/cb30670361w";"Dn. Justiniani Institutiones, cum apparatu";"1486";"Basileae";"M. Wenssler";"1486";"In-fol. (Hain, *9517.)";"Null";"Null"
"http://data.bnf.fr/ark:/12148/cb30670428b";"C'est le livre des institutions des drois, appellé Institute, translaté de latim [sic] en françois et corrigé en diligence par plusieurs docteurs et souverains légistes";"1486";"[Paris";"Antoine Caillaut";"1486";"Null";"Null";"Null"
"http://data.bnf.fr/ark:/12148/cb30737971w";"Sermones Thesauri novi de sanctis. [Petro de Palude auctore.]";"1486";"Argentinae";"(J. Pryss)";"1486";"In-fol. (Copinger, 5424.)";"Null";"Null"
"http://data.bnf.fr/ark:/12148/cb307448190";"Les Cent nouvelles nouvelles";"1486";"Paris";"[Antoine Caillaut ?] pour Antoine Vérard [et Nicole Gilles]";"1486";"Sign. a-t [ca 305 p.]";"Null";"http://gallica.bnf.fr/ark:/12148/bpt6k111062h"
"http://data.bnf.fr/ark:/12148/cb38494958s";"[Illustrations de Opusculum sanctorum peregrinationum ad spulcrum Christi venerandum]";"1486";"Mayence";"E. Reüwich de Trêves";"1486";"20 est. : grav. sur bois : n. et b. et coul.  ; 106,5 x 23,5 cm et moins";"http://data.bnf.fr/ark:/12148/cb11941661s";"http://gallica.bnf.fr/ark:/12148/btv1b20000018"
"http://data.bnf.fr/ark:/12148/cb384952223";"[Illustrations de Le livre des prouffitz champestres et ruraulx...]";"1486";"Paris";"Jean Bonhomme";"1486";"4 est. : gravures sur bois : n. et b.  ; 14,2 X 16 cm et moins";"http://data.bnf.fr/ark:/12148/cb11934798x";"http://gallica.bnf.fr/ark:/12148/btv1b2100029k"
"http://data.bnf.fr/ark:/12148/cb384982475";"[Illustrations de Danse macabre]";"1486";"Paris";"Guy Marchant";"1486";"38 est. : gravures sur bois : Noir et blanc";"http://data.bnf.fr/ark:/12148/cb11937542g";"http://gallica.bnf.fr/ark:/12148/btv1b2200008n"
"http://data.bnf.fr/ark:/12148/cb384982595";"[Illustrations de Des cent nouvelles]";"1486";"Paris";"A. Vérard";"1486";"102 est. : gravures sur bois : Noir et blanc";"Null";"http://gallica.bnf.fr/ark:/12148/btv1b22000025"
"http://data.bnf.fr/ark:/12148/cb30841724r";"[Pharsalia, cum commentariis Omniboni Leoniceni.]";"1486";"Venezia";"Nicolò Battibovi";"1486";"Null";"Null";"Null"
"http://data.bnf.fr/ark:/12148/cb308417253";"Pharsalia, cum commentariis Omniboni [Leoniceni. Studio J. Britannici Brixiani et J. Taberii]";"1486";"Brescia";"Jacopo de' Britannici";"1486";"Null";"Null";"Null"
"http://data.bnf.fr/ark:/12148/cb308440801";"Titi Lucretii Cari de Rerum natura";"1486";"In Verona";"impr. P. Fridenperger";"1486";"In-fol. (Hain-Copinger-Reichling, 10282.)";"Null";"Null"
"http://data.bnf.fr/ark:/12148/cb30858877h";"Regimen sanitatis Magnini Mediolanensis";"1486";"Lovanii";"impressum in domo Johannis de Westphalia";"1486";"In-4° , (Hain, *10485.)";"Null";"Null"
"http://data.bnf.fr/ark:/12148/cb393221578";"De Doctrina dicendi et tacendi... Incipit liber de doctrina dicendi et tacendi... [A la fin :] Explicit liber de doctrina dicendi et tacendi ab Albertano Causidico Briciensi editus";"1486";"Paris";"Pierre Levet";"1486";"In-4 °";"Null";"Null"
"http://data.bnf.fr/ark:/12148/cb39361327g";"Historia destructionis Troie composita per.. . Guidonem de Columna Messanensem";"1486";"In civitate Argentina";"[s. n.]";"1486";"In-fol.";"Null";"Null"
"http://data.bnf.fr/ark:/12148/cb399415567";"Oppositiones et conjunctiones luminarium anni 1487";"1486";"[Milano]";"[Giovanni Antonio d'Onate]";"1486";"1 placard";"Null";"Null"
"http://data.bnf.fr/ark:/12148/cb40108024k";"Missale Carthusiense";"1486";"[Speyer]";"[Peter Drach]";"1486";"Null";"Null";"Null"
"http://data.bnf.fr/ark:/12148/cb310172270";"Tractatus de contractibus mercatorum Johannis Nider";"1486";"(Antverpiae";"M. Van der Goes.)";"1486";"In-4° . (Hain-Copinger, *11824 ; Campbell, 1285*.)";"Null";"Null"
"http://data.bnf.fr/ark:/12148/cb31017259m";"Manuale confessorum Johannis Nyder";"1486";"(Lovanii,)";"per Johannem de Westfalia";"1486";"In-4° . (Hain-Copinger, 11840 ; Campbell, 1283*.)";"Null";"Null"
"http://data.bnf.fr/ark:/12148/cb31022541c";"[Liber de mundi aeternitate, editus per Leonardum Nogarolam.]";"1486";"Vicentiae";"Null";"1486";"In-fol. (Hain, 11894.)";"Null";"Null"
"http://data.bnf.fr/ark:/12148/cb40235494x";"Tabula nuper diligenter correcta totius Summe beati Antonini, archiepiscopi florentini, ...";"1486";"[Köln]";"[Heinrich Quentell]";"1486";"Null";"Null";"Null"
"http://data.bnf.fr/ark:/12148/cb31069036x";"Breviarium totius juris canonici, Paulo Florentino auctore";"1486";"Memmingen";"Albrecht Kunne";"1486";"Null";"Null";"Null"
"http://data.bnf.fr/ark:/12148/cb31088591m";"Auli Persii Flacci Satirarum opus, cum commentario Bartholomaei Fontii, et cum Vita Persii ab eodem";"1486";"[Lyon";"Guillaume Le Roy";"1486";"Null";"Null";"Null"
"http://data.bnf.fr/ark:/12148/cb406324221";"[Carte de la Terre Sainte]";"1486";"[Mayence]";"[P. Erhardum Reüwich]";"1486";"2 flles assemblées : gr. sur bois ; 34 x 89 cm";"Null";"http://gallica.bnf.fr/ark:/12148/btv1b550000266"
"http://data.bnf.fr/ark:/12148/cb31107238m";"Enee Silvii Familiares epistole";"1486";"Nuremberge";"Null";"1486";"In-4° . (Pellechet, 94.)";"Null";"Null"
"http://data.bnf.fr/ark:/12148/cb31109140c";"[Scholastica historia magistri Petri Comestoris.]";"1486";"Basilee";"Null";"1486";"In-fol. (Pellechet, 3882.)";"Null";"Null"
"http://data.bnf.fr/ark:/12148/cb311091422";"Historia scolastica super libros Biblie, composita a magistro Petro Manducatoris";"1486";"[Chambéry ou Suisse romande";"imprimeur du Breviarium Sedunense, GW 5459 (= Heinrich Wirtzburg ?)";"1486";"Null";"Null";"Null"
"http://data.bnf.fr/ark:/12148/cb31109089f";"Textus Sententiarum [magistri Petri Lombardi]";"1486";"Basileae";"Null";"1486";"In-fol. (Hain-Copinger, *10190.)";"Null";"Null"
"http://data.bnf.fr/ark:/12148/cb407720358";"Cosmographia";"1486";"Ulm (gravure des cartes) ; France (texte et montage des planches)";"Null";"1486";"Cartes gravées de la Cosmographia de Ptolémée, accompagnées d'un texte manuscrit de mirabilia : ms. col., 33 ff papier ; 41 x 58 cm";"Null";"Null"
"http://data.bnf.fr/ark:/12148/cb40775500q";"Opusculum sanctarum peregrinationum in montem Syon ad venerandum sepulchrum in Jerusalem atque in montem Synai...";"1486";"In civitate Moguntina";"P. Erhardum Reüwich";"1486";"143 ff. non ch.";"Null";"Null"
"http://data.bnf.fr/ark:/12148/cb31133473b";"Rhetorica Poncii. Copia latinitatis, Epistole Bruti et Cratis. De arte notariatus";"1486";"(S. l.,)";"Null";"1486";"In-4° . (Hain-Copinger, *13255.)";"Null";"Null"
"http://data.bnf.fr/ark:/12148/cb31153965h";"Carmina Catulli, Tibulli et Propertii, cum commentariis Antonii Parthenii, Bernardini Veronensis et Domitii Calderini";"1486";"Brixiae";"Null";"1486";"In-fol. (Pellechet, 3439.)";"Null";"Null"
"http://data.bnf.fr/ark:/12148/cb311570879";"Claudii Ptholomei Cosmographia [cura Nicolai Donni Germani]. - De Locis ac mirabilibus mundi et primo de tribus orbis partibus";"1486";"Ulmae";"opera J. de Albano";"1486";"In-fol.";"Null";"http://gallica.bnf.fr/ark:/12148/btv1b550059609"
"http://data.bnf.fr/ark:/12148/cb31166842h";"Liber poenitentialis ex diversis sanctorum doctorum Augustini, Hieronymi, Gregorii et ceterorum dictis Rabano editus";"1486";"[Köln";"Peter Therhoernen";"1486";"Null";"Null";"Null"
"http://data.bnf.fr/ark:/12148/cb311835202";"In nomine Dei misericordis et miseratoris... hunc librum composuit in medicina Abuchare Mugamet, medicus, filius Zachariae Rasis, et congregavit in eo aegritudines supervenientes corpori humano, et nominavit ipsum Helchauy. Hoc est liber continens artem medicinae et dicta praedecessorum in hac facultate commendatorum et inchoavit a morbis capitis et his qui generantur in ipso et primo de appoplesia. - A la fin : Impressum Brixiae, per Jacobum Britannicum, die XVIII mensis octobris MCCCCLXXXVI";"1486";"(Brixiae";"Null";"1486";"In-fol., 1176 p., car. goth., lettrines coloriées";"Null";"Null"
"http://data.bnf.fr/ark:/12148/cb416618590";"Metamorphoseos...";"1486";"Parisius";"Null";"1486";"Null";"Null";"Null"
"http://data.bnf.fr/ark:/12148/cb42094604m";"[Le grand Portement de croix] : [estampe]";"1486";"[S.l.]";"[s.n.]";"1486";"1 est. : burin ; 28,6 x 43 cm (f.)";"http://data.bnf.fr/ark:/12148/cb119503221";"http://gallica.bnf.fr/ark:/12148/btv1b6951454g"
"http://data.bnf.fr/ark:/12148/cb31292537x";"Rabi Samuelis Redargutio contra Judeorum errores Messye adventum expectantes...";"1486";"Anvers";"Gerard Leeu";"1486";"Null";"Null";"Null"
"http://data.bnf.fr/ark:/12148/cb31356823c";"Diomedes... de Arte grammatica..., Donatus de Barbarismo et octo partibus orationis [ars secunda]. Servius et Sergius In Donatum";"1486";"Vicentiae";"H. di Ca Zeno de Santo Orso";"1486";"In-4° . (Pellechet, 4285.)";"Null";"Null"
"http://data.bnf.fr/ark:/12148/cb31434989v";"[Lectura super secunda parte Digesti veteris, cum additionibus ad Bartolum.] - A la fin : Excellentissimi... jurispontificii cesareique monarce... Alexandri de Imola ad Bartolum additiones. Jacobus de Sanctonazario, impensa domini Augustini Datheri dominique Andree Sille, impressas... in lucem edidit. Viquerie, kalendis juniis MCCCCLXXXVI";"1486";"Viquerie";"Null";"1486";"In-fol. à 2 col., 1 fol. n. sign., sign. a-o, A-F., car. goth.";"Null";"Null"
"http://data.bnf.fr/ark:/12148/cb31439871q";"[Lectura Nicolai Tedeschi super quinque libros Decretalium, opus castigatum.]";"1486";"In Nurembergk";"impensis A. Koberger";"1486";"In-fol. (Hain, *12314 ; Polain, 3847.)";"Null";"Null"
"http://data.bnf.fr/ark:/12148/cb314619036";"Questiones de quodlibet sancti Thome de Aquino,...";"1486";"Venetiis";"impensis F. de Madiis, per Hannibalem (Foxium) Parmensem et M. Saracenum";"1486";"In-4° . (Hain-Copinger, 1406 ; Pellechet, 1010.)";"Null";"Null"
"http://data.bnf.fr/ark:/12148/cb31462144t";"Sancti Thome de Aquino Super libris Boetii de Consolatione philosophie commentum cum expositione...";"1486";"(Lugduni";"G. Le Roy";"1486";"In-fol. (Hain, 3401 ; Pellechet, 2500 ; Gesamtkatalok der Wiegendrucke, IV, 4536 ; Cat. of books printed in the XVth century, now in the British Museum, VIII, p. 237-238.)";"Null";"Null"
"http://data.bnf.fr/ark:/12148/cb31462017n";"[Statuta synodalia diocesis Herbipolensis.]";"1486";"(Herbipoli";"Null";"1486";"In-fol. (Hain, 1381 ; Pellechet, 984 ; Polain, 3601.)";"Null";"Null"
"http://data.bnf.fr/ark:/12148/cb31462146h";"Avitii Torquati Severini Boetii,... Textus de Philosophie consolatione, cum editione commentaria beati Thome de Aquino,...";"1486";"Nurembergae";"A. Koberger";"1486";"In-fol. (Hain-Copinger, *3378 ; Pellechet, 2521 ; Gesamtkatalog der Wiegendrucke, IV, 4537 ; Polain, 730.)";"Null";"Null"
"http://data.bnf.fr/ark:/12148/cb31462113j";"Tractatus sancti Thome de Aquino, de Modo confitendi et puritate conscientie, de Offitio sacerdotis, de Offitio Misse, de Viciis et virtutibus numero quaternario procedens";"1486";"(Antverpiae";"M. Van der Goes";"1486";"In-4° . (Hain-Copinger, 1349 ; Campbell, 1664 ; Pellechet, 967 ; Polain, 3703.)";"Null";"Null"
"http://data.bnf.fr/ark:/12148/cb31461863s";"Scriptum sancti Thomae de Aquino,... super primo libro Sententarium, cum textu singulis distinctionibus anteposito";"1486";"Venetiis";"per A. de Strata";"1486";"In-fol. (Hain-Copinger, *1474 ; Pellechet, 1063 ; Polain, 3729.)";"Null";"Null"
"http://data.bnf.fr/ark:/12148/cb314619574";"Beati Thome Aquinatis Continuum in quattuor evangelistas...";"1486";"Venetiis";"A. (Torresanus) de Asula et T. (de Blavis) de Alexandria";"1486";"In-fol. (Hain-Copinger, *1335 ; Pellechet, 938.)";"Null";"Null"
"http://data.bnf.fr/ark:/12148/cb31462062g";"Tractatus... de Unitate intellectus, editus a doctore sancto fratre Thoma de Aquino contra commentorem [sic] Averoim";"1486";"(Paduae,)";"per M. de Vindischgretz";"1486";"In-4° , (Pellechet, 1088 ; Reichling, I, 33 et V, 1450.)";"Null";"Null"
"http://data.bnf.fr/ark:/12148/cb31469172r";"Expositio... Gaetani Thienensis super libros de Anima Aristotelis,... [ - Questio de sensu agente ; De Questionibus communibus ; Questio de intellectu. Per Gaetanum de Thienis. - Expositio super libro de Substantia orbis ; Questiones singulares super libro de Substantia orbis. Per Joannem de Gandavo.]";"1486";"Vincentie";"impensa H. de Sancto Urso";"1486";"In-fol. (Copinger, II, 5824-5825 ; Pellechet, 4941 ; Cat. of books printed in the XVth century, now in the British Museum, VII, 1046.)";"Null";"Null"
"http://data.bnf.fr/ark:/12148/cb31468544c";"[Tibulli Elegiae, cum commentario Bernardini Veronensis.]";"1486";"Brixiae";"per Boninum de Boninis";"1486";"In-fol., encadrement gr. au fol. a, IV, texte encadré de gloses. (Hain, 4761 ; Catalogue of books printed in the XVth century... VII, 970.)";"Null";"Null"
"http://data.bnf.fr/ark:/12148/cb31496685c";"Tractatus fratris Augustini de Anchona, ... de Laudibus Virginis Mariae";"1486";"Lyon";"Sixtus Glockengiesser";"1486";"Null";"Null";"Null"
"http://data.bnf.fr/ark:/12148/cb315087514";"De Passione Christi sermo eximii sacre theologie doctoris Guilermi de Aquisgrano";"1486";"[Basel";"Michael Wenssler";"1486";"Null";"Null";"Null"
"http://data.bnf.fr/ark:/12148/cb31508960n";"Famosissimum opus Bal. circa materiam statutorum que communiter consueverunt esse per Italiam sparsim per ipsum Bal. in diversis lecturis posita et nunc ex eis in unum per alphabetum collecta... necnon et Regule ejusdem Bal. et Bar. [Bartoli a Saxoferrato] circa ipsa statuta, ac Contradictiones Bar. in quibus sibi ipsi contradicit etiam ex diversis lecturis collecte...";"1486";"Venetiis";"per A. de Thoresanis de Asula";"1486";"In-fol. (Hain, *2332 ; Pellechet, 1747 ; Br. Mus., Books pr. XVth c., t. V, p. 308.)";"Null";"Null"
"http://data.bnf.fr/ark:/12148/cb315089583";"Tractatus de questionibus secundum Baldum. [Opusculum de carceribus, editum per Do. Baldum de Perusio, cum aliis tractatulis judiciis.]";"1486";"Parisiis";"Null";"1486";"In-4° . (Pellechet, 1752.)";"Null";"Null"
"http://data.bnf.fr/ark:/12148/cb31514718j";"Ordo martylogii. [Edidit Georgius Antonius Vespucci.]";"1486";"Florentiae";"impressum per F. de Bonaccursiis";"1486";"In-4° . (Hain, 16110 ; Br. Mus., Books pr. XVth c., VI, 670 ; Indice generale degli incunaboli delle biblioteche d'Italia, IV, 6252.)";"Null";"Null"
"http://data.bnf.fr/ark:/12148/cb315530275";"Maphei Vegii,... Dialogus inter Alithiam et Philaliten...";"1486";"(Daventriae,)";"per me J. de Breda";"1486";"In-4° . (Campbell, Annales de la typographie néerlandaise au XVth s., n  1708.)";"Null";"Null"
"http://data.bnf.fr/ark:/12148/cb31587676m";"[Speculum doctrinale Vincentij Belvacensis.]";"1486";"In civitate Nurembergk";"expensis A. Kobergers";"1486";"In-fol. à 2 col., car. goth. (Copinger, II, 6243 ; Polain, IV, 3939.)";"Null";"Null"
"http://data.bnf.fr/ark:/12148/cb315913547";"[Publii Virgilii Maronis Opera.]";"1486";"(S. l.,)";"per Bernardinum Celerium ac non Caesarium de Parma";"1486";"In-fol., planche gr. sur b. (Copinger, 6030 et *36 ; Mambelli, 54.)";"Null";"Null"
"http://data.bnf.fr/ark:/12148/cb31594883x";"[Vitruvii Pollionis De architectura libri decem";"1486";"(Romae";"G. Herolt";"1486";"200 p.";"http://data.bnf.fr/ark:/12148/cb119491960";"http://gallica.bnf.fr/ark:/12148/bpt6k201273t"
"http://data.bnf.fr/ark:/12148/cb31606909k";"[Legendae sanctorum quas compilavit frater Jacobus Januensis natione,...]";"1486";"[Lyon]";"Guillaume Balsarin";"1486";"[246] ff., signés a-z8, A-G8, H6";"Null";"Null"
"http://data.bnf.fr/ark:/12148/cb316068900";"[Legendae sanctorum quas collegit in unum frater Jacobus Januensis,...]";"1486";"Basilee";"per N. Kesler";"1486";"In-fol. (Copinger, 6446 ; Brit. Mus., Books pr. XVth c., t. III, p. 763 ; Goff, J-114.)";"Null";"Null"
"http://data.bnf.fr/ark:/12148/cb316069056";"[Legendae sanctorum quas collegit in unum frater Jacobus de Voragine,...]";"1486";"Lugduni";"per M. Huss";"1486";"In-fol., fig. gr. sur bois, marque à la fin. (Pellechet, Catalogue des incunables... de Lyon, 615 ; Copinger, 6445 ; Claudin, t. III, p. 275-280 ; Goff, J-115.)";"Null";"http://gallica.bnf.fr/ark:/12148/btv1b8604297s"
"http://data.bnf.fr/ark:/12148/cb316740108";"C'est le prologue de cest present livre appelle le livre des sainctz anges...";"1486";"Lyon";"G. Leroy";"1486";"In-fol. (Hain-Copinger, 16231 ; Pellechet, 11852 ; Polain, 4058 ; A. Claudin, Histoire de l'imprimerie en France au XVe et au XVIe siècle, t. III, p. 68-71 et table, 170.)";"Null";"Null"
"http://data.bnf.fr/ark:/12148/cb31681497r";"[Lectura secunda super sexto Decretalium, a Petro Albignano Trecio annotata.]";"1486";"Venetiis";"Null";"1486";"In-fol. à 2 col. (Pellechet, 4395.)";"Null";"Null"
"http://data.bnf.fr/ark:/12148/cc86856";"Averroès. Recueil de commentaires.";"1486";"Null";"Null";"Null";"231 f.";"Null";"http://gallica.bnf.fr/ark:/12148/btv1b10720090x"
"http://data.bnf.fr/ark:/12148/cb31703000f";"Diomedes, de structuris et differentia sermonis";"1486";"Vicence";"Null";"1486";"Null";"Null";"Null"
"http://data.bnf.fr/ark:/12148/cb31707614r";"Domenico da San-Gimignano. Lectura secunda super sexto libro Decretalium";"1486";"Venetiis";"Null";"1486";"Null";"Null";"Null"
"http://data.bnf.fr/ark:/12148/cb31742019f";"[La Cité de Dieu de saint Augustin. Traduction de Raoul de Presles.]";"1486";"(Abbeville, par J. Du Pré et P. Gérard";"Null";"1486";"Null";"Null";"Null"
"http://data.bnf.fr/ark:/12148/cb31769570p";"Isolario, ovvero carte del mare Egeo";"1486";"[Venezia]";"Null";"1486";"In-4";"Null";"Null"
"http://data.bnf.fr/ark:/12148/cb31831261h";"De consolatione philosophiae, cum commentario beati Thomae de Aquino. Nurembergae, Ant. Koberger, 1486, in vigilia sancti Johannis Baptistae";"1486";"Nuremberg";"Null";"1486";"Null";"Null";"Null"
"http://data.bnf.fr/ark:/12148/cb318557242";"'P.1' : Helie quondam Turonensis archi-episcopi contra impiam Gallorum sanctionem, cui pragmatice nomen est, libellus incipit. - 'A la fin' : Heliae Turonensis archiepiscopi Libellus pragmaticam gallorum sanctionem confutans finit. Impressum Rome, opera et impensis Eucharii Silber... anno... millesimo CCCCLXXXVI...";"1486";"Rome, E. Silber";"Null";"1486";"Null";"Null";"Null"
"http://data.bnf.fr/ark:/12148/cb33426696v";"Thomas a Kempis Imitatio Christi";"1486";"Null";"Null";"1486";"[6]-191 f.";"Null";"Null"
"http://data.bnf.fr/ark:/12148/cb33426471z";"Thomas a Kempis. Imitatio Christi";"1486";"Null";"Null";"1486";"[24] f. (sig. a-c8)";"Null";"Null"
"http://data.bnf.fr/ark:/12148/cb33426482m";"Thomas a Kempis. Imitatio Christi";"1486";"Null";"Null";"1486";"[50] f. (sig. [*]2, a-f8)";"Null";"Null"
"http://data.bnf.fr/ark:/12148/cb33462552t";"Cy commance le livre du roy Modus et de la royne Racio";"1486";"Chambéry";"A. Neyret";"1486";"102 ff.";"Null";"http://gallica.bnf.fr/ark:/12148/bpt6k111281f"
"http://data.bnf.fr/ark:/12148/cb33488627r";"Miroir salutaire. La Danse macabre historiée. Les Trois morts et les trois vifs. La Danse macabre des femmes. Le Débat du corps et de l'âme. La Complainte de l'âme damnée";"1486";"Paris";"Guy Marchant";"1486";"2 parties";"Null";"http://gallica.bnf.fr/ark:/12148/bpt6k70208q"
"http://data.bnf.fr/ark:/12148/cb336460096";"Viola sanctorum";"1486";"Null";"Null";"1486";"[216] p.";"Null";"http://gallica.bnf.fr/ark:/12148/bpt6k9907298"
"http://data.bnf.fr/ark:/12148/cb33764935b";"Bulla Consueverunt Romani pontifices... [pour excommunier tous les hérétiques (23 III 1486)]";"1486";"[Roma";"Stephan Planck";"1486";"4°";"Null";"Null"
"http://data.bnf.fr/ark:/12148/cb33803597g";"Statuta provincialia et sinodalia dyocesana Monasteriensia (précédés des Statuta provincialia Coloniensia)";"1486";"[S. l. ?]";"Joh. Lymburgius";"1486";"Null";"Null";"Null"
"http://data.bnf.fr/ark:/12148/cb340512311";"[Libellus contra Pragmaticam Sanctionem.] - P.1 : Helie quondam Turonensis archi-episcopi contra impiam Gallorum sanctionem, cui pragmatice nomen est, libellus incipit. - A la fin : Heliae Turonensis archiepiscopi Libellus pragmaticam gallorum sanctionem confutans finit. Impressum Rome, opera et impensis Eucharii Silber... anno... millesimo CCCCLXXXVI...";"1486";"Rome";"E. Silber";"1486";"In-4° (Pellechet, n° 2788.)";"Null";"Null"
"http://data.bnf.fr/ark:/12148/cb359511841";"[Sans titre]";"1486";"Null";"Null";"Null";"[136] f.";"Null";"Null"
"http://data.bnf.fr/ark:/12148/cb359510764";"[Sans titre]";"1486";"Null";"Null";"1486";"[538] f.";"Null";"Null"
"http://data.bnf.fr/ark:/12148/cb35951213s";"Psalterium cum hymnis";"1486";"Null";"Null";"Null";"[118] f.";"Null";"http://gallica.bnf.fr/ark:/12148/btv1b7300041j"
