id;title;date;place;publisher;firstyear;description;subject;gallica
"http://data.bnf.fr/ark:/12148/cb30001989p";"Expositio super libros Ethicorum Aristotelis, in novam traductionem Johannis Argyropyli. (A Donato Acciajuoli.)";"1478";"Firenze";"apud Sanctum Jacobum de Ripoli";"1478";"Null";"Null";"Null"
"http://data.bnf.fr/ark:/12148/cb300044651";"Aegidii Romani commentum super libros duos Posteriorum Analyticorum Aristotelis (a Joanne Jacobo de Puteo et Petro de Nardis editum)";"1478";"Patavii";"P. Maufer";"1478";"In-fol. (Hain, 135.)";"Null";"Null"
"http://data.bnf.fr/ark:/12148/cb300075531";"Alberti Magni Liber Aggregationis, seu Secretorum de virtutibus herbarum et animalium quorundam. Ejusdem de mirabilibus mundi seu de secretis naturae et alia opuscula";"1478";"[Bologna]";"Johann Schreiber";"1478";"[32] ff.";"Null";"Null"
"http://data.bnf.fr/ark:/12148/cb300074810";"Alberti Magni opus de Animalibus, cum praefatione Ferdinandi Cordubensis";"1478";"Roma";"Simone Cardella";"1478";"Null";"Null";"Null"
"http://data.bnf.fr/ark:/12148/cb30007534r";"Secreta mulierum ac virorum, ab Alberto Magno composita";"1478";"(S. l.,)";"Null";"1478";"In-4° . Car. goth. 56 ff. (Pellechet, 368.)";"Null";"Null"
"http://data.bnf.fr/ark:/12148/cb300076283";"Sermones notabiles Alberti Magni de tempore et de sanctis";"1478";"Reutlingen";"Michael Greyf";"1478";"Null";"Null";"Null"
"http://data.bnf.fr/ark:/12148/cb30009901c";"Doctrinale";"1478";"Parma";"[Andrea Portilia]";"1478";"[50] ff. signés a-e8, f10";"Null";"Null"
"http://data.bnf.fr/ark:/12148/cb300195275";"Tractatus magistri Johannis Andree super arboribus consanguinitatis, affinitatis necnon spiritualis cognationis";"1478";"(Augustae Vindelicorum";"per G. Zainer.)";"1478";"In-fol. (Pellechet, 635.)";"Null";"Null"
"http://data.bnf.fr/ark:/12148/cb30023118v";"Decisio conciliaris super dubio producto de indulgentiis, edita per Antoninum, archiepiscopum Florentinum";"1478";"(Coloniae";"J. Guldenschaff.)";"1478";"In-4° . (Pellechet, 875.)";"Null";"Null"
"http://data.bnf.fr/ark:/12148/cb300231045";"Confessionale volgare di frate Antonino, arcivescovo di Firenze, intitolato Specchio di coscienza, ovvero Omnis mortalium cura";"1478";"Neapoli";"per J. Adam de Polonia cum litteris N. Jacobi de Luciferis";"1478";"In-4° . (Pellechet, 864.)";"Null";"Null"
"http://data.bnf.fr/ark:/12148/cb300293552";"Clarissimi et excellentissimi philosophi medicique magistri Arnaldi de Villanova de aqua vite simplici et composita tractatus pulcherimus (sic) incipit";"1478";"[Venezia";"s. n.";"1478";"Null";"Null";"http://gallica.bnf.fr/ark:/12148/bpt6k859431z"
"http://data.bnf.fr/ark:/12148/cb300335096";"Astesani Summa de casibus conscientiae, a Bartholomeo Bellato et fratre Gometio edita";"1478";"Venezia";"Johannes de Colonia et Johannes Manthen";"1478";"2 parties";"Null";"Null"
"http://data.bnf.fr/ark:/12148/cb30039032s";"Divi Aurelii Augustini de Doctrina christiana, seu de Arte praedicandi";"1478";"(Coloniae";"N. Gotz seu B. de Unckel.)";"1478";"In-4° . (Pellechet, 1474.)";"Null";"Null"
"http://data.bnf.fr/ark:/12148/cb30038787r";"Florigerum, seu Excerpta ex libris beati Augustini";"1478";"(Coloniae";"Null";"1478";"In-fol. (Pellechet, 1594.)";"Null";"Null"
"http://data.bnf.fr/ark:/12148/cb30039354x";"Divi Aurelii Augustini Soliloquia. Orationes ab Urbano pontifice romano editae";"1478";"[Köln";"Arnold Therhoernen";"1478";"Null";"Null";"Null"
"http://data.bnf.fr/ark:/12148/cb300631280";"Lectura Bartoli de Saxoferrato super secunda parte Codicis";"1478";"Venetiis";"per N. Jenson";"1478";"In-fol. (Pellechet, 1904.)";"Null";"Null"
"http://data.bnf.fr/ark:/12148/cb30063115n";"Lectura Bartoli de Saxoferrato super prima et secunda parte Digesti novi";"1478";"Venetiis";"impr. per N. Jenson";"1478";"2 tomes en 1 vol. in-fol. (Pellechet, 1943.)";"Null";"Null"
"http://data.bnf.fr/ark:/12148/cb30063152v";"Processus Satanae contra D. Virginem coram judice Jesu, compositus a Bartolo de Saxoferrato";"1478";"Viennae";"per J. Solidi";"1478";"In-4° . (Pellechet, 1964.)";"Null";"Null"
"http://data.bnf.fr/ark:/12148/cb30063133k";"Lectura Bartoli de Saxoferrato super tribus libris Codicis, cum additionibus Angeli de Ubaldis et Alexandri de Imola";"1478";"(Venetiis";"per G. Petri.)";"1478";"In-fol. (Pellechet, 1912.)";"Null";"Null"
"http://data.bnf.fr/ark:/12148/cb300638445";"Magni Basilii liber ad juvenes quantum ex gentilium libris ac literis proficiant, Leonardo interprete";"1478";"Ulm";"[Johann Zainer";"1478";"Null";"Null";"Null"
"http://data.bnf.fr/ark:/12148/cb30063110x";"Lectura Bartoli de Saxoferrato super prima et secunda parte Infortiati";"1478";"Venetiis";"impr. per N. Jenson";"1478";"2 tomes en 1 vol. in-fol. (Pellechet, 1931.)";"Null";"Null"
"http://data.bnf.fr/ark:/12148/cb30079681g";"Scriptum in primum Sententiarum";"1478";"(S. l.)";"Null";"1478";"In-fol. (Hain, *6425.)";"Null";"Null"
"http://data.bnf.fr/ark:/12148/cb30090038x";"Speculum S. Bernardi de Honestate vitae";"1478";"(Viennae";"J. Solidi.)";"1478";"In-4° , (Pellechet, 2144.)";"Null";"Null"
"http://data.bnf.fr/ark:/12148/cb30091409p";"Officii misse totiusque Canonis expositio (auctore Bernardo de Parentis)";"1478";"(Casaraugustae";"Null";"1478";"In-fol. (Hain-Copinger, 12418.)";"Null";"Null"
"http://data.bnf.fr/ark:/12148/cb30092833w";"Oratio in laudibus Gymnasii Parisiorum";"1478";"[Paris";"Ulrich Gering";"1478";"[10] p.";"Null";"http://gallica.bnf.fr/ark:/12148/bpt6k70196j"
"http://data.bnf.fr/ark:/12148/cb301167333";"Il Decamerone di M. Giovanni Boccaccio";"1478";"(Vicentiae,)";"impr. per Giovanne da Reno";"1478";"In-fol. (Pellechet, 2441.)";"Null";"Null"
"http://data.bnf.fr/ark:/12148/cb301166763";"La Comedia delle nymphe di Ametho, compilata dal facundissimo messer Giovanni Boccaccio";"1478";"Roma";"(impr. da J. Schurener de Bopardia)";"1478";"In-4° . (Pellechet, 2448.)";"Null";"Null"
"http://data.bnf.fr/ark:/12148/cb30116885m";"Il Libro di Florio et di Bianzefiore, chiamato Philocolo, composto per Johanne Boccacio, colla vita del Boccaccio da H. Squarzafico";"1478";"Neapoli";"per Sixto Russinger";"1478";"In-fol., (Pellechet, 2456.)";"Null";"Null"
"http://data.bnf.fr/ark:/12148/cb301168848";"Il Libro di Florio e Bianzafiore, chiamato Philocolo, composto per Johanni Boccatio, colla vita del Boccatio da Hieronymo Squarzafico";"1478";"Milano";"impr. per Philippo da Lavagnia";"1478";"In-fol., initiales peintes. (Pellechet, 2455.)";"Null";"Null"
"http://data.bnf.fr/ark:/12148/cb301701368";"Calphurnia et Gurgulia : comedia";"1478";"In monasterio Sortensi (Schussenried)";"[s.n.]";"1478";"[29] p.";"Null";"http://gallica.bnf.fr/ark:/12148/bpt6k702270"
"http://data.bnf.fr/ark:/12148/cb30186063j";"Claudii Ptolemaei Cosmographia. [Jacobi Angeli versio latina, cura Domitii Calderini revisa.]";"1478";"Romae";"A. Buckinck imp.";"1478";"In-fol.";"Null";"http://gallica.bnf.fr/ark:/12148/btv1b550059571"
"http://data.bnf.fr/ark:/12148/cb301950207";"Roberti Caraccioli de Licio sermones de timore judiciorum divinorum (cum ejusdem sermone notabili de morte)";"1478";"Coloniae Agrippinae";"Null";"1478";"In-fol. (Hain-Copinger, 4468.)";"Null";"Null"
"http://data.bnf.fr/ark:/12148/cb30211681n";"Cornelii Celsi de Medicina libri VIII";"1478";"Florentiae";"per Nicolaum";"1478";"In-fol. (Pellechet, 3464.)";"Null";"Null"
"http://data.bnf.fr/ark:/12148/cb30210901r";"L'Acerba di Cecco d'Ascoli";"1478";"Venetiis";"cura P. Veneti et B. Thei";"1478";"In-4° . (Pellechet, 3458.)";"Null";"Null"
"http://data.bnf.fr/ark:/12148/cb302133908";"Caesaris Commentarii de bello Gallico et de bello civili. Auli Hirtii libri de bello Africo et de bello Hispaniensi. Raimundi Marliani index commentariorum";"1478";"Mediolani";"Null";"1478";"In-fol. (Pellechet, 3143.)";"Null";"Null"
"http://data.bnf.fr/ark:/12148/cb302160789";"Bartholomaei de Chaimis Interrogatorium, sive Confessionale";"1478";"Moguntiae";"P. Schoeffer";"1478";"In-4° . (Pellechet, 1861.)";"Null";"Null"
"http://data.bnf.fr/ark:/12148/cb30216079n";"Bartholomaei de Chaimis Interrogatorium, sive Confessionale";"1478";"Mediolani";"D. de Vespolate et J. de Marliano";"1478";"In-8° . (Pellechet, 1862.)";"Null";"Null"
"http://data.bnf.fr/ark:/12148/cb30216080v";"Bartholomaei de Chaimis Interrogatorium, sive Confessionale";"1478";"Argentinae";"H. Eggesteyn)";"1478";"In-fol. (Pellechet, 1856.)";"Null";"Null"
"http://data.bnf.fr/ark:/12148/cb30242969g";"M. T. Ciceronis Epistolae ad familiares";"1478";"Mediolani";"impr. arte et impensa P. Lavagniae";"1478";"In-fol. (Pellechet, 3602.)";"Null";"Null"
"http://data.bnf.fr/ark:/12148/cb30244003j";"M. Tullii Ciceronis in Catilinam orationes. Accesserunt C. Sallustii in Tullium invectiva et M. T. Ciceronis in Sallustium responsiva invectiva. Philippus Beroaldus edidit";"1478";"[Paris]";"[Ulrich Gering]";"1478";"Null";"Null";"Null"
"http://data.bnf.fr/ark:/12148/cb302434549";"M. T. Ciceronis Orationes";"1478";"[Milano";"Antonio Zarotto";"1478";"Null";"Null";"Null"
"http://data.bnf.fr/ark:/12148/cb30243229j";"M. Tullii Ciceronis de Officiis libri, de Senectute et de Amicitia dialogi, Paradoxa";"1478";"Mediolani";"impressit P. Lavagnius";"1478";"In-4° . (Pellechet, 3737.)";"Null";"Null"
"http://data.bnf.fr/ark:/12148/cb30249169z";"Clementis papae V. Constitutiones, cum apparatu Johannis Andreae. Accedunt bullae Clementis V Exivi de Paradiso et Johannis XXII Constitutio execrabilis";"1478";"Basileae";"M. Wenssler";"1478";"In-fol. (Pellechet, 3844.)";"Null";"Null"
"http://data.bnf.fr/ark:/12148/cb30250159p";"Francisci Octavii Cleophili Julia et epistolae de amore";"1478";"Neapoli. - ope et impensa Basilii de Argentina";"per Conradum Guldemund";"1478";"In-4° . (Hain, 5457.)";"Null";"Null"
"http://data.bnf.fr/ark:/12148/cb302860433";"Libro della agricultura, di Pietro Crescenzi";"1478";"Florentiae";"Null";"1478";"In-fol. (Hain-Copinger, 5837.)";"Null";"http://gallica.bnf.fr/ark:/12148/bpt6k311652f"
"http://data.bnf.fr/ark:/12148/cb30299261h";"La Divina Commedia di Dante Alighieri, col commento di Jacopo della Lana, rivisto da M. P. Nidobeato, et di Guido Terzago, il Credo, li Septe sagramenti, li Dieci comandamenti, Septe peccati mortali, lo Pater nostro e l'Ave Maria";"1478";"Milano";"Ludovico et Alberto Piemontesi pour Guido da Terzago";"1478";"3 parties";"Null";"Null"
"http://data.bnf.fr/ark:/12148/cb30302154k";"La Sfera volgare di Gregorio (e Leonardo) Dati. - A la fin : Explicit feliciter, Deo gratias. Amen. M. CCCC. LXX VIII. Cusenciae, Octavianus Salamonius de Manfridonia impressit hunc librum";"1478";"Cusenciae";"Null";"1478";"In-4° , 20 ff., car. goth.";"Null";"Null"
"http://data.bnf.fr/ark:/12148/cb303079482";"Historia d'Alexandro Magno... La comparatione di Caio Iulio Cesare imperatore et d'Alexandro Magno...";"1478";"Florentiae";"Null";"1478";"In-fol. (Hain, 5888.)";"Null";"http://gallica.bnf.fr/ark:/12148/bpt6k840963k"
"http://data.bnf.fr/ark:/12148/cb303441092";"Disocorides de materia medica, a Petro Paduano traductus";"1478";"Colle di Val d'Elsa";"Johannes de Medemblick";"1478";"Null";"Null";"Null"
"http://data.bnf.fr/ark:/12148/cb30377647b";"Quaestiones Johannis Duns Scoti super primum librum Sententiarum, a Bartholomaeo Bellati Feltrensi emendatae";"1478";"(Paduae,)";"Null";"1478";"In-fol. (Pellechet, 4458.)";"Null";"Null"
"http://data.bnf.fr/ark:/12148/cb303848043";"Guilelmi Durandi Rationale divinorum officiorum [éd. Johannes Aloysius Tuscanus]";"1478";"Vicenza";"Hermann Liechtenstein";"1478";"Null";"Null";"Null"
"http://data.bnf.fr/ark:/12148/cb30384823c";"Guilelmi Durandi Rationale divinorum officiorum";"1478";"[Strasbourg";"Georg Husner";"1478";"Null";"Null";"Null"
"http://data.bnf.fr/ark:/12148/cb30384852z";"Guilelmi Durandi Speculum judiciale, cum additionibus Johannis Andreae et Baldi";"1478";"Milano";"Benigno et Giovanni Antonio d'Onate pour Pietro Antonio Castiglione et Ambrogio de' Caimi";"1478";"5 parties (rel. en 3 vol.)";"Null";"Null"
"http://data.bnf.fr/ark:/12148/cb30405392k";"Andreae de Escobar Modus confitendi";"1478";"Köln";"Gerardus Ten Raem";"1478";"Null";"Null";"Null"
"http://data.bnf.fr/ark:/12148/cb304053917";"Andreae de Escobar Modus confitendi";"1478";"Köln";"[pour ( ?) Gerardus Ten Raem]";"1478";"Null";"Null";"Null"
"http://data.bnf.fr/ark:/12148/cb304060564";"Aesopus moralisatus, cum bono commento, quod incipit : Grecia, disciplinarum mater";"1478";"[Köln";"pour ( ?) Gerardus Ten Raem";"1478";"Null";"Null";"Null"
"http://data.bnf.fr/ark:/12148/cb304105192";"Hienach volget die Histori von den grossen Alexander, wie die Eusebius beschriben hat, zu den ersten Doctor Hartliebs von München Vorred";"1478";"Augspurg";"gedruckt durch A. Sorgen";"1478";"In-fol. (Pellechet, 451.)";"Null";"Null"
"http://data.bnf.fr/ark:/12148/cb304119000";"Margarita poetica de arte dictandi ac practicandi... incipit... Albertus de Eyb...";"1478";"Paris";"Ulrich Gering";"1478";"142 ff. signés a-h, I, k-r8, s6, les premier et dernier blancs";"Null";"Null"
"http://data.bnf.fr/ark:/12148/cb30427307d";"Fenestella, de Romanorum magistratibus";"1478";"[Milano";"Filippo da Lavagna";"1478";"Null";"Null";"Null"
"http://data.bnf.fr/ark:/12148/cb304976039";"Georgii Trapezuntii de Partibus orationis ex Prisciano compendium";"1478";"Mediolani";"[imprimeur du Mombritius (H 11544)]";"1478";"[84] ff., signés a-g8, h4, I8, k-l8";"Null";"Null"
"http://data.bnf.fr/ark:/12148/cb304986413";"Johannis de Sacrobusto sphera mundi...";"1478";"Venetiis";"impressa per F. Rinner de Hailbrun";"1478";"Null";"Null";"Null"
"http://data.bnf.fr/ark:/12148/cb30501550d";"De Modo audiendi confessiones, opus Johannis Gersoni. Ejusdem remedia contra recidiva. Antonini de Forciglione decisio super dubio producto de indulgentiis. Alani de Insulis de sex alis Cherubim. Johannis Gersoni de septem miseriis hominum";"1478";"Nürnberg";"Friedrich Creussner";"1478";"[24] ff. non signés [a-c]8";"Null";"Null"
"http://data.bnf.fr/ark:/12148/cb305015701";"Johannis Gerson. Sermo de conceptione gloriosissimae Dei genitricis Virginis Mariae";"1478";"[Köln";"Johann Guldenschaff";"1478";"[22] ff.  non signés [a-b]8, [c]6";"Null";"Null"
"http://data.bnf.fr/ark:/12148/cb30501475g";"Johannis Gerson Donatus moralisatus";"1478";"[Vienne";"Johann Schilling";"1478";"[12] ff. non signés [a-b]6";"Null";"Null"
"http://data.bnf.fr/ark:/12148/cb30501560q";"Prohemium seu prologus in concordantias evangelistarum collectas per Johannem Gerson quas intitulavit monotessaron aut unum ex quatuor";"1478";"[Köln";"imprimeur du Dialogus Salomonis et Marcolphi, C 5237 (= Ludwig von Renchen ?";"1478";"[68] ff. non signés [a-e]10, [f]8, [g]10, le premier et le dernier blancs";"Null";"Null"
"http://data.bnf.fr/ark:/12148/cb305358697";"Decretum Gratiani, cum apparatu Bartholomaei Brixiensis";"1478";"Roma";"Ulrich Han";"1478";"[478] ff. non signés [a-b]10, [c]8, [d]6, [e-f]10, [g-h]8, [i-l]10, [m-n]6, [o-s]10, [t]8, [v-x]10, [y]8, [z]10, [A-C]10, [D]12, [E-I]10, [K-O]8, [P]10, [Q]6, [R]8, [S]10, [T]8, [V-Y]10, [Z]8, [aa]10, [bb]8, [cc-ff]10, le premier f. [a]1 blanc";"Null";"Null"
"http://data.bnf.fr/ark:/12148/cb30538135q";"Nova compilatio Decretalium Gregorii IX [cum glossa Bernardo Bottoni]";"1478";"Basel";"Michael Wenssler";"1478";"[305] ff. non signés, [a]-[c]10, [d]-[e]6, [f]-[h]10, [i]-[k]6, [l]-[m]10, [n]8, [o]10, [p]12, [q]-[s]8, [t]-[x]10, [y]6, [z]6+1 (5+1) [A]-[C]10, [D]8, [E]6, [F]-[G]10, [H]8, [I]-[K]10, [L]12, le premier blanc";"Null";"Null"
"http://data.bnf.fr/ark:/12148/cb30548694t";"Batista Guarinus Ad Maffeum Gambaram Brixianum,... de ordine docendi ac studendi";"1478";"[Ferrara";"André Belfort";"1478";"[18] ff.";"Null";"Null"
"http://data.bnf.fr/ark:/12148/cb30548861d";"Ars diphthongandi Guarini Veronensis. Item compendiosus dialogus de arte punctandi [auctore Johanne de Lapide]. Item tractatus utilis de accentu. Item breviloquus vocabularius [auctore J. Reuchlin]";"1478";"Basileae";"(J. de Amerbach)";"1478";"In-fol. (Copinger, 6285.)";"Null";"Null"
"http://data.bnf.fr/ark:/12148/cb30555323z";"Manipulus curatorum Guidonis de Monte Rocherio";"1478";"Köln";"Konrad Winters";"1478";"[96] ff. non signés [a-m8], le premier blanc";"Null";"Null"
"http://data.bnf.fr/ark:/12148/cb305553260";"Manipulus curatorum Guidonis de Monte Rocherio";"1478";"Genève";"Adam Steinschaber";"1478";"[240] ff. non signés [a-z8, A-G8], le premier et le dernier blancs";"Null";"Null"
"http://data.bnf.fr/ark:/12148/cb305553249";"Manipulus curatorum Guidonis de Monte Rocherio";"1478";"Paris";"Ulrich Gering";"1478";"[196] ff. signés a-b12, c-s10, t12, le premier et le dernier blancs";"Null";"Null"
"http://data.bnf.fr/ark:/12148/cb30555325n";"Manipulus curatorum Guidonis de Monte Rocherio";"1478";"[Roma,]";"Johannes Bulle";"1478";"[116] ff.non signés [a-f8, g6, h-o8, p6], le premier blanc";"Null";"Null"
"http://data.bnf.fr/ark:/12148/cb305575021";"Fol. 1 v° : [V]itam bonam et exitum beatum. Ego frater Giullermus, sacre theologie professor minimus Parisius... Fol. 2 r° : Epistolarum et evangeliorum de tempore et sanctis liber incipit. - A la fin : Explicit Postilla super evangelia dominicalia et super evangelia de sanctis...";"1478";"[Reutlingen";"Michael Greyff";"1478";"[216] ff. non signés [a-i8, k6, l-z8, A-B8, C10, D8], le premier blanc";"Null";"Null"
"http://data.bnf.fr/ark:/12148/cb30557503c";"Fol. 1 v° : [V]itam bonam et exitum beatum. Ego frater Guillermus, sacre theologie professor minimus Parisius... Fol. 2 r° : Epistolarum et evangeliorum de tempore et sanctis liber incipit. - A la fin : Explicit Postilla super evangelia dominicalia et super evangelia de sanctis... anno Domini millesimo quadringentesimo tricesimoseptimo";"1478";"[Reutlingen";"Michael Greyff";"1478";"[230] ff. non signés [a10, b-h8, i10, k-y8, z6, A-C8, D-E10], le premier et le dernier blancs";"Null";"Null"
"http://data.bnf.fr/ark:/12148/cb305640562";"Le Guidon de Guy de Chauliac, traduit en français par Nicolas Panis";"1478";"Lyon";"[Nicolaus Philippi et Marcus Reinhart] pour Barthélemy Buyer";"1478";"[266] ff. signés a8, b-c10, d-t8, u6, x-z8, τ8, A-I8, le dernier blanc";"Null";"Null"
"http://data.bnf.fr/ark:/12148/cb36812070f";"Rubricae novae et earum declarationes et additiones anno 1435 mensis Januarii die 16 in Concilio Basiliensi publicatae et confirmatae";"1478";"[Venezia]";"Gerardus de Lisa";"1478";"4 °";"Null";"Null"
"http://data.bnf.fr/ark:/12148/cb36813024h";"(Commt.) : Hier beghinnen alle de Epistelen eñ Ewan//gelien mitten sermonẽ...";"1478";"[S. l. ?]";"Null";"1478";"In-4 °";"Null";"Null"
"http://data.bnf.fr/ark:/12148/cb368130266";"Commence ainsi : Dise epistel ist an dem ostertag. [à la fin :] Imprimé et achevé à Augsbourg par Antoine Sorgen le Samedi avant la fête de Thomas l'Apôtre Anno 1478";"1478";"[S. l. n. d. ?]";"Null";"1478";"Null";"Null";"Null"
"http://data.bnf.fr/ark:/12148/cb36813027j";"Hier beghinnen alle die epistelen ende ewan//gelien mitten sermoenen vanden ghehelen jaere... (Ici commencent les épîtres et évangiles avec des réflexions pour toute l'année se suivant d'un jour à l'autre : et aussi les prophéties tirées de la bible et traduites fidèlement et exactement du latin en bon hollandais...) (à la fin :) Dit is volmaect int iaer ons heren dusent vierhondert ẽn. lxxviij. den vierdendach in Nouember. : - (Achevé en l'année de N. S. 1478 le quatrième jour de Novembre.)";"1478";"(S. l.)";"Null";"1478";"4 °. Car. goth. à longues lignes. Lettres initiales enluminées";"Null";"Null"
"http://data.bnf.fr/ark:/12148/cb36813028w";"Hier beghinnen alle die epistelen ende ewan//gelien mitten sermoenen vanden ghehelen jaere... (Ici commencent les épîtres et évangiles avec des réflexions pour toute l'année se suivant d'un jour à l'autre : et aussi les prophéties tirées de la bible et traduites fidèlement et exactement du latin en bon hollandais...) (à la fin :) Dit is volmaect int iaer ons heren dusent vierhondert ẽn. lxxviij. den vierdendach in Nouember. : - (Achevé en l'année de N. S. 1478 le quatrième jour de Novembre.)";"1478";"Utrecht";"Null";"1478";"4 °. Car. goth.";"Null";"Null"
"http://data.bnf.fr/ark:/12148/cb36815104n";"[Psalterium Romanum :] Psalterii ordo cum hymnis, canticis et antiphonis iuxta ritum quem nunc romana servat ecclesia. - Hymni";"1478";"Venezia";"Alvise Siliprandi";"1478";"4 °";"Null";"Null"
"http://data.bnf.fr/ark:/12148/cb36815106b";"[Psalterium Romanum :] Psalterium secundum stilum Romanum. - [Hymni.]";"1478";"Napoli";"[Johannes Adam de Polonia et Nicolò Luciferi]";"1478";"Null";"Null";"Null"
"http://data.bnf.fr/ark:/12148/cb368151050";"Breviarium Romanum. Ed. Georgius de Spathariis";"1478";"Venezia";"Nicolas Jenson";"1478";"5 parties, 2 °";"Null";"Null"
"http://data.bnf.fr/ark:/12148/cb36817452t";"Brevarium Coloniense";"1478";"[Köln";"pour ? Petrus in Altis de Olpe";"1478";"2 °, 393 f. (?)";"Null";"Null"
"http://data.bnf.fr/ark:/12148/cb368189424";"Breviarium Argentinense. Ed. sur la demande de Rupertus de Simmern, évêque de Strasbourg";"1478";"[Strasbourg";"imprimeur du Henricus Ariminensis H 1649 (= Georg Reyser ?),]";"1478";"9 parties, 4 °";"Null";"Null"
"http://data.bnf.fr/ark:/12148/cb36819792c";"Breviarium Argentinense. Ed. sur la demande de Rupertus de Simmern, évêque de Strasbourg";"1478";"[Strasbourg";"imprimeur du Henricus Ariminensis, H 1649 (= Georg Reyser ?),]";"1478";"9 parties, 2 °";"Null";"Null"
"http://data.bnf.fr/ark:/12148/cb36824766t";"[Horae ad usum Romanum.]";"1478";"Venezia";"Andrea Paltasichi";"1478";"16 °";"Null";"Null"
"http://data.bnf.fr/ark:/12148/cb368247288";"[Horae ad usum Romanum.]";"1478";"Napoli";"Matthias Moravus";"1478";"8 °";"Null";"Null"
"http://data.bnf.fr/ark:/12148/cb30598168x";"Sermones Discipuli super Epistolas dominicales elegantissimi per tocius anni circulum, collecti ex sermonibus Wilhelmi Lugdunensis et ex dictis sancti Thomae et dictis Johannis Nider et aliorum doctorum...";"1478";"(Coloniae";"C. Winters de Homborch";"1478";"In-fol. (Voulliéme, 561.)";"Null";"Null"
"http://data.bnf.fr/ark:/12148/cb305981489";"Sermones Discipuli de tempore et de sanctis, cum Promptuario exemplorum et Promptuario de miraculis b. Mariae Virginis";"1478";"[Strasbourg";"imprimeur à l'R bizarre (= Adolf Rusch)";"1478";"Null";"Null";"Null"
"http://data.bnf.fr/ark:/12148/cb30598150v";"Sermones Discipuli de tempore et de sanctis, cum Promptuario exemplorum et Promptuario de miraculis B. Mariae Virginis";"1478";"Köln";"[Ulrich Zell]";"1478";"4 parties";"Null";"Null"
"http://data.bnf.fr/ark:/12148/cb30606388x";"Hippocrates de Natura hominis, de Victu, de Tuenda valitudine, Medicinae lex, Jusjurandum, Demonstratio quod artes sunt, Invectiva in obtrectatores medicinae";"1478";"[Roma";"Georg Herolt";"1478";"Null";"Null";"Null"
"http://data.bnf.fr/ark:/12148/cb306352881";"Apparatus Innocentii quarti super quinque libris Decretalium, per Andream Hartmann emendatus. - Repertorium super Innocentio editum a Baldo degli Ubaldi";"1478";"Argentinae";"(H. Eggestein)";"1478";"2 parties en 1 vol. in-fol. (Hain, *9191.)";"Null";"Null"
"http://data.bnf.fr/ark:/12148/cb306491329";"Histoire de Mélusine";"1478";"Genève";"Adam Steinschaber";"1478";"1 vol., ill.";"Null";"Null"
"http://data.bnf.fr/ark:/12148/cb30649140x";"Melusina, aus dem Französischen des Johannes von Arras, ins Deutsche übersetzt von Thuring von Ringoltingen";"1478";"(Strasbourg";"H. Knoblochtzer";"1478";"In-fol. (Pellechet, 1327.)";"Null";"Null"
"http://data.bnf.fr/ark:/12148/cb306498865";"Scala del paradiso, di S. Giovanni Climaco";"1478";"(Vicenza,)";"per G. L. Longo";"1478";"In-4° . (Hain-Copinger, 5467.)";"Null";"Null"
"http://data.bnf.fr/ark:/12148/cb306500531";"Das Buch genannt Summa confessorum Johannis Friburgensis, von Latein in Teutsch gemacht durch Berthold, Prediger Ordens";"1478";"Augustae Vindelicorum";"J. Bämler";"1478";"In-fol. (Hain, *7368.)";"Null";"Null"
"http://data.bnf.fr/ark:/12148/cb30652685s";"Vitae patrum sancti Hieronymi";"1478";"Ulmae";"J. Zainer";"1478";"In-fol. (Hain, *8594.)";"Null";"Null"
"http://data.bnf.fr/ark:/12148/cb306526864";"Vitae patrum sancti Hieronymi";"1478";"Coloniae";"C. Winters de Homborch";"1478";"In-fol. (Voulliéme, 1252.)";"Null";"Null"
"http://data.bnf.fr/ark:/12148/cb30652684f";"Vitae patrum sancti Hieronymi";"1478";"Norimbergae";"A. Coburger";"1478";"In-fol. (Hain, *8595.)";"Null";"Null"
"http://data.bnf.fr/ark:/12148/cb306555826";"Joannis de Sacro Bosco Sphaera mundi, vel Tractatus de sphaera Gerardi Cremonensis, Theorica planetarum";"1478";"Venetiis";"per F. Renner de Hailbrun";"1478";"In-4° . (Hain-Copinger, *14108.)";"Null";"http://gallica.bnf.fr/ark:/12148/bpt6k858489f"
"http://data.bnf.fr/ark:/12148/cb306703449";"Justiniani Novellae constitutiones ex Authentico, Codicis libri X-XII, Consuetudines feudorum, cum glossa";"1478";"Basileae";"M. Wenszler";"1478";"In-fol. (Hain, *9625.)";"Null";"Null"
"http://data.bnf.fr/ark:/12148/cb30670359b";"Dn. Justiniani Institutiones, cum apparatu";"1478";"Basileae";"M. Wenssler";"1478";"In-fol. (Hain, *9507.)";"Null";"Null"
"http://data.bnf.fr/ark:/12148/cb30670757r";"Juvenalis Satyrae";"1478";"Pinerolii";"arte Jacobi de Rubeis";"1478";"In-fol. (Hain, 9668.)";"Null";"Null"
"http://data.bnf.fr/ark:/12148/cb30711861f";"Lactantii Firmiani Opera. De Divinis institutionibus adversus gentes libri septem : de Ira Dei ; de Opificio hominis ; Phoenix ; Dantes Phoenice (Inferno, XXIV, 107-112), Ovidius Phoenix Metamorph., XV, 391-402) ; de Resurrectionis dominicae die. Ex recensione fratris Adami Genuensis. Errata per fratrem Antonium Raudensem collecta et exarata. In Epithomon tractatus Lactantii additus est";"1478";"Venetiis";"per A. de Paltascichis et B. de Boninis";"1478";"In-fol. (Hain, *9813.)";"Null";"Null"
"http://data.bnf.fr/ark:/12148/cb30711862s";"Lactantii Firmiani Opera. De Divinis institutionibus adversus gentes libri septem : de Ira Dei ; de Opificio hominis ; Phoenix ; Dantes Phoenice (Inferno, XXIV, 107-112), Ovidius Phoenix Metamorph., XV, 391-402) ; de Resurrectionis dominicae die. Ex recensione fratris Adami Genuensis. Errata per fratrem Antonium Raudensem collecta et exarata. In Epithomon tractatus Lactantii additus est";"1478";"Venetiis";"per J. de Colonia et J. Manthen de Gherretzem";"1478";"In-fol. (Hain, *9814)";"Null";"Null"
"http://data.bnf.fr/ark:/12148/cb30778843f";"Livre de bonnes moeurs";"1478";"Chablis";"Pierre Le Rouge";"1478";"Null";"Null";"Null"
"http://data.bnf.fr/ark:/12148/cb38495175d";"[llustrations de Sphaerae Mundi, vel tractatus de Sphaera Gerardi Cremonensis, Theorica planetarum]";"1478";"Venise";"Franciscum Renner de Hailbrun";"1478";"9 est. : grav. sur bois : n. et b.  ; 10,2 x 10,2 cm";"http://data.bnf.fr/ark:/12148/cb11976234m";"http://gallica.bnf.fr/ark:/12148/btv1b2100002x"
"http://data.bnf.fr/ark:/12148/cb38495304f";"[llustrations de Sphaerae Mundi, vel tractatus de Sphaera Gerardi Cremonensis, Theorica planetarum]";"1478";"Venise";"Franciscum Renner de Hailbrun";"1478";"9 est. : gravures sur bois : n. et b.  ; 10,2 X 10,2 cm";"Null";"Null"
"http://data.bnf.fr/ark:/12148/cb38497137b";"[Illustrations de La Mélusine. L'Histoire de la belle Mélusine, reproduction en fac-similé de l'édition de 1478]";"1478";"Genève. - Berne";"A. Steinschaber. - Société Suisse des Bibliophiles";"1478";"63 est. : gravures sur bois/ Héliogravures pour le fac-similé : n. et b.";"Null";"http://gallica.bnf.fr/ark:/12148/btv1b22000077"
"http://data.bnf.fr/ark:/12148/cb38793320q";"[Sans titre]";"1478";"Null";"Null";"Null";"[1]-CCCCLXI-[6] f.";"Null";"Null"
"http://data.bnf.fr/ark:/12148/cb38793290m";"[Sans titre]";"1478";"Null";"Null";"1478";"[248] f.";"Null";"Null"
"http://data.bnf.fr/ark:/12148/cb30844623v";"Ludolphi cartusiensis Meditationes vitae Jesu Christi";"1478";"Nürnberg";"A. Koburger";"1478";"In-fol. (Hain, *10292.)";"Null";"Null"
"http://data.bnf.fr/ark:/12148/cb308568384";"[C. Maffei Monumentum compendiosum pro confessionibus cardinalium reliquorumque praelatorum.]";"1478";"(S. l.,)";"Null";"1478";"In-4° . (Hain, 10438.)";"Null";"Null"
"http://data.bnf.fr/ark:/12148/cb30871217q";"Hieronimi Manfredi, celeberrimi vatis, In pronosticon anni salutis MCCCCLXXVIII prohemium feliciter incipit. - A la fin : Per me Hyeronimum de Mamfredis in almo studio studiorum matris Bononie. MCCCCLXXVIII, die vicesimaquinta januarii";"1478";"(S. l. n. d.)";"Null";"1478";"8 f.";"Null";"Null"
"http://data.bnf.fr/ark:/12148/cb30871216c";"Hieronimi Manfredi, celeberrimi vatis, In pronosticon anni salutis MCCCCLXXVIII prohemium feliciter incipit. - A la fin : Per me Hyeronimum de Mamfredis in almo studio studiorum matris Bononie. MCCCCLXXVIII, die vicesimaquinta januarii";"1478";"(S. l. n. d.)";"Null";"1478";"4 f.";"Null";"Null"
"http://data.bnf.fr/ark:/12148/cb30879419w";"Incipit vocabularius in Mamotrectum secundum ordinem alphabeti... Prologus autoris in Mamotrectum... - la fin : Expliciunt expositiones et correctiones vocabulorum libri qui appellatur Mamotrectum... Impresse Venetiis, per Franciscum de Hailbrun et Nicholaum de Franckfordia socios...";"1478";"Venetiis";"per F. de Hailbrun et P. de Bartua";"1478";"In-4° . (Hain, *10558.]";"Null";"Null"
"http://data.bnf.fr/ark:/12148/cb308929179";"M. Valerii Martialis Epigrammata, ex recognitione Georgii Alexandrini";"1478";"Mediolani";"impensis P. de Lavania";"1478";"In-fol. (Hain-Copinger-Reichling, *10813.)";"Null";"Null"
"http://data.bnf.fr/ark:/12148/cb39304825n";"[Sancti Thome de Aquino ordinis predicatoru[m] super quarto libro sententiar[um] p[rae]clarum opus feliciter incipit...]";"1478";"Venetiis";"Leonhard Wild";"1478";"Null";"Null";"Null"
"http://data.bnf.fr/ark:/12148/cb30907521z";"Sermones aurei de sanctis fratris Leonardi de Utino";"1478";"Nurnberge";"per A. Coburger";"1478";"In-fol. (Hain-Copinger, *16134.)";"Null";"Null"
"http://data.bnf.fr/ark:/12148/cb30907507d";"Leonardi de Utino Quadragesimales sermones de legibus, etiam dominicales ; F. Felicis (Fabri, vulgo Schmid),... Studio, per tabulam registrati";"1478";"Ulmae";"per J. Zainer";"1478";"In-fol. (Hain-Copinger, *16119.)";"Null";"Null"
"http://data.bnf.fr/ark:/12148/cb393349006";"Le roman de Fierabras le géant";"1478";"Genève";"Null";"1478";"In fol.";"Null";"Null"
"http://data.bnf.fr/ark:/12148/cb30919101x";"Sermones Meffreth, alias Ortulus regine de sanctis";"1478";"(S. l.";"Null";"1478";"In-fol. (Hain-Copinger, *10999.)";"Null";"Null"
"http://data.bnf.fr/ark:/12148/cb309266891";"Epistolarum formule in omni genere scribendi juxta majorum nostrorum doctrinam et veram epistolandi artem per dominum Karolum Menniken, studii Bononiensis magistrum. - [A la fin :] Incipit tabula hujus operis seu libri epistolarum silicet edite per doctissimum virum nec non famosissimum oratorem dominum Karolum Menniken";"1478";"Null";"Null";"Null";"146 f.";"Null";"Null"
"http://data.bnf.fr/ark:/12148/cb309324960";"Satyrarum Juvenalis enarrationes a Georgio Merula. Adversus Domitii commentarios praefatio... Annotationes in orationem M. Tul. Ciceronis pro Q. Ligario... Argumentum epistolarum Ciceronis ad Lentulum de vi et ordine suffragiorum in centuriatis et curiatis comitiis...";"1478";"Venetiis";"per G. Petri";"1478";"In-fol., 148 ff. non ch. (Hain, 11090.)";"Null";"Null"
"http://data.bnf.fr/ark:/12148/cb30932497b";"Satyrarum Juvenalis enarrationes a Georgio Merula. Adversus Domitii commentarios praefatio... Annotationes in orationem M. Tul. Ciceronis pro Q. Ligario... Argumentum epistolarum Ciceronis ad Lentulum de vi et ordine suffragiorum in centuriatis et curiatis comitiis...";"1478";"Tarvisii";"per B. de Confoloneris";"1478";"In-fol., 119 ff. non ch. (Hain, 11091.)";"Null";"Null"
"http://data.bnf.fr/ark:/12148/cb310160752";"Nicolai de Lyra Mystica seu moralis expositio sacri canonis Bibliae...";"1478";"Coloniae";"impressum per J. Koelhoff de Lübeck";"1478";"In-fol. (Hain-Copinger, 10374 ; Voullième, 834.)";"Null";"Null"
"http://data.bnf.fr/ark:/12148/cb31016007k";"Postilla super omnes Epistolas Pauli";"1478";"Coloniae";"per Johannem Koelhoff";"1478";"Gr. in-fol. (Hain-Copinger, *7815. Voullième, 832.)";"Null";"Null"
"http://data.bnf.fr/ark:/12148/cb310160663";"Postillae Nicolai de Lyra in Epistolas Pauli, cum additionibus Pauli burgensis et cum replicationibus Matthaei Doringk";"1478";"Mantuae";"per P. Johannis de Putzbach";"1478";"In-fol. (Hain, *10396.)";"Null";"Null"
"http://data.bnf.fr/ark:/12148/cb40117995j";"Die Tafel des kersteliken levens";"1478";"Gouda";"Gerard Leeu";"1478";"Null";"Null";"Null"
"http://data.bnf.fr/ark:/12148/cb31016781x";"[Logica.] Au début : Conspiciens in circuitu librorum quorundam magnitudinem tedium constituentes in animo studentium nec non et aliorum nimiam brevitatem quibus nulla fere est annexa doctrina...À la fin : Impressum Mediolani per Dominicum de Vespolate et Jacobum de Marliano, die XX octobris 1478";"1478";"Mediolano";"Null";"1478";"In-4° , sign. A-K, 2 col., car. rom., initiales enluminées, notes manuscrites. (Proctor, 5893.)";"Null";"Null"
"http://data.bnf.fr/ark:/12148/cb310172139";"Consolatorium timoratae conscientiae fratris Johannis Nider";"1478";"Parisiis";"U. Gering";"1478";"In-4° . (Hain-Copinger, 11809.)";"Null";"Null"
"http://data.bnf.fr/ark:/12148/cb31017269x";"Praeceptorium divinae legis, seu Expositio Decalogi Johannis Nyder";"1478";"Parisiis";"per Ulricum Gering";"1478";"In-4° . (Hain-Copinger, Reichling, 11791.)";"Null";"Null"
"http://data.bnf.fr/ark:/12148/cb31023950p";"Nonii Marcelli,... Compendiosa doctrina... de proprietate sermonum. [Pompei Festi de verborum significatione. M. T. Varronis analogiae libri.]";"1478";"Venetiis";"Null";"1478";"In-fol. (Hain-Copinger, 11902.)";"Null";"Null"
"http://data.bnf.fr/ark:/12148/cb401948011";"Index locorum in Commentarios Caesaris Belli Gallici descriptionum";"1478";"[Milano]";"[Buono Accorsi]";"1478";"Null";"Null";"Null"
"http://data.bnf.fr/ark:/12148/cb31033682p";"Consilia et quaestiones. [Oldrado de Ponte authore.]";"1478";"Rome";"Null";"1478";"In-fol. (Hain, *9934.)";"Null";"Null"
"http://data.bnf.fr/ark:/12148/cb31032265r";"Illustris. philosophi et medici Apolinaris Offredi cremonensis De primo et ultimo instanti in defensionem communis opinionis adversus Petrum Mantuanum. - A la fin : Magister Bonus Gallus impressit in oppido Collensi mancipio Florentino anno Domini MCCCCLXXVIII";"1478";"Colle";"Null";"1478";"In-4° , (Hain, 12005.)";"Null";"Null"
"http://data.bnf.fr/ark:/12148/cb40208349x";"[Sallustii Opera. Ed. Philippus Beroaldus]";"1478";"Paris";"Ulrich Gering";"1478";"Null";"Null";"Null"
"http://data.bnf.fr/ark:/12148/cb310385500";"Oppiani Halieutica, seu de Piscatu libri III a Laurentio Lippio latinis versibus reddita";"1478";"Colle";"Null";"1478";"In-4° , (Hain-Copinger, *12015.)";"Null";"Null"
"http://data.bnf.fr/ark:/12148/cb310464644";"P. Ovidii Nasonis Heroidum liber";"1478";"[Mediolani]";"[impr. J. de Marliano]";"1478";"[132] p.";"Null";"http://gallica.bnf.fr/ark:/12148/bpt6k711587"
"http://data.bnf.fr/ark:/12148/cb31068085w";"Dialogus, qui vocatur scrutinium Scripturarum, compositus per Paulum de Sancta Maria...";"1478";"Mayence";"Pierre Schoiffer";"1478";"In-fol. (Hain-Copinger, 10766.)";"Null";"Null"
"http://data.bnf.fr/ark:/12148/cb31067956j";"Homiliarius doctorum...";"1478";"[Köln]";"Konrad Winters";"1478";"2 parties";"Null";"Null"
"http://data.bnf.fr/ark:/12148/cb31083645h";"Nicolai Perotti Rudimenta grammatices";"1478";"Mediolani";"per D. de Vespolate et D. Palavicinum";"1478";"In-fol. (Hain-Copinger, 12656.)";"Null";"Null"
"http://data.bnf.fr/ark:/12148/cb31083646v";"Nicolai Perotti Rudimenta grammatices cum epistola Calphurnii Brixiensis Antonio Moretto";"1478";"(S. l.,)";"per J. de Annunciata de Augusta";"1478";"In-fol. (Hain-Copinger, 12659.)";"Null";"Null"
"http://data.bnf.fr/ark:/12148/cb40613858z";"Claudii Ptolemaei cosmographia";"1478";"Romae";"A Bucking imp. ";"1478";"Null";"Null";"Null"
"http://data.bnf.fr/ark:/12148/cb310955348";"Incipit Liber Joannis Mesue de complexionibus... - Incipit Grabadin Joannis, filii Mesuae... - Incipit practica Joannis Mesuae de medicinis particularium aegritudinum. - A la fin : Joannis Mesue,... cum certa additione Petri Apponi... liber feliciter finit. Per Magistrum Conradum Guldenmund de Nurenberga Neapoli impressus anno Domini MCCCCLXXVIII, die tertia mensis januarii";"1478";"Neapoli";"Null";"1478";"In-fol.";"Null";"Null"
"http://data.bnf.fr/ark:/12148/cb310944771";"Virorum illustrium vitae, ex Plutarcho graeco in latinum versae a F. Petrarcho";"1478";"Venetii";"per N. Janson";"1478";"2 vol.";"Null";"Null"
"http://data.bnf.fr/ark:/12148/cb310946825";"Vite de pontefici ed imperadori romani, da Francesco Petrarca composte";"1478";"Florentiae";"Null";"1478";"In-fol. (Hain-Copinger, *12809 ; Fiske, p. 191.)";"Null";"Null"
"http://data.bnf.fr/ark:/12148/cb31094395p";"Die Grisel von der Franciscus Petracha [sic]";"1478";"[Srasbourg]";"[Heinrich Knoblochtzer]";"1478";"Ill.";"Null";"Null"
"http://data.bnf.fr/ark:/12148/cb310955704";"Commentaria magistri Petri de Osoma in simbolum : Quicumque vult salvus esse. - À la fin : Commentaria Petri de Osoma in simbolum : Quicumque vult salvus esse : finiunt feliciter. Impressaque Parisius per magistrum Udalricum, cognomento Gering";"1478";"Parisius";"Null";"1478";"In-4° . (Hain-Copinger, 12118.)";"Null";"Null"
"http://data.bnf.fr/ark:/12148/cb31095467z";"Tractatus Frederici de Senis super permutatione beneficiorum";"1478";"Pavie";"Null";"1478";"In-fol. (Hain, *12847.)";"Null";"Null"
"http://data.bnf.fr/ark:/12148/cb31099237f";"Epistolae";"1478";"Messina";"Heinrich Alding";"1478";"Null";"Null";"Null"
"http://data.bnf.fr/ark:/12148/cb31107296s";"Enee Silvii Proverbia";"1478";"(Viennae";"Null";"1478";"In-4° . (Pellechet, 145.)";"Null";"Null"
"http://data.bnf.fr/ark:/12148/cb31107244j";"Epistole Enee Silvii";"1478";"[Reutlingen";"Michael Greyff";"1478";"Null";"Null";"Null"
"http://data.bnf.fr/ark:/12148/cb31107235k";"Enee Silvii Rerum familiarum Epistole peramene";"1478";"(Coloniae,)";"Null";"1478";"In-fol. (Pellechet, 91.)";"Null";"Null"
"http://data.bnf.fr/ark:/12148/cb31109083c";"Glossa psalterii David magistri Petri Lombardi que vulgo magistralis vocitatur...";"1478";"Nueremberge";"Null";"1478";"In-fol. (Hain, *10203.)";"Null";"Null"
"http://data.bnf.fr/ark:/12148/cb31108946d";"Petri de Bergamo super omnia opera Thome Aquinatis tabula";"1478";"Basilee";"Null";"1478";"In-fol. (Pellechet, 2074.)";"Null";"Null"
"http://data.bnf.fr/ark:/12148/cb31123825c";"C. Plinii Secundi Junioris, vel potius Aurelii Victoris, Liber illustrium virorum";"1478";"Florentiae";"Null";"1478";"In-4° . (Pellechet, 1610.)";"Null";"Null"
"http://data.bnf.fr/ark:/12148/cb31123691m";"[Caii Plinii Caecilii Secundi Epistolae.]";"1478";"Mediolani";"Null";"1478";"In-fol. (Hain-Copinger, *13112.)";"Null";"Null"
"http://data.bnf.fr/ark:/12148/cb31132794w";"Pomponii Melle̡ cosmographi de Situ orbis liber primus [-tertius]";"1478";"Venetiis";"Null";"1478";"In-4° . (Hain-Copinger, *11017.)";"Null";"Null"
"http://data.bnf.fr/ark:/12148/cb311309850";"Angeli Politiani [Pactianae] conjurationis commentarium";"1478";"[Roma";"Johannes Bulle";"1478";"[6] ff. non signés";"Null";"Null"
"http://data.bnf.fr/ark:/12148/cb31132793j";"Pomponii Melle̡ cosmographi de Situ orbis liber primus [-tertius]";"1478";"Venezia";"Bernhard Maler, Erhard Ratdolt et Peter Löslein";"1478";"Null";"Null";"Null"
"http://data.bnf.fr/ark:/12148/cb311587984";"Sonetti giocosi di Matteo Franco e di Luigi de' Pulci";"1478";"(Florentiae";"Null";"1478";"In-4° . (Pellechet, 4924.)";"Null";"Null"
"http://data.bnf.fr/ark:/12148/cb311657769";"La Historia d'Alexandro Magno scripta da Quinto Curtio Ruffo... et tradocta in vulgare da P. Candido...";"1478";"Florentiae";"Null";"1478";"In-fol. (Pellechet, 4070.)";"Null";"Null"
"http://data.bnf.fr/ark:/12148/cb31175517f";"[Compendium .iblie quod et aureum alias Biblie repertorium nuncupatur, autore P. Antonio Rampegollis.]";"1478";"Null";"Null";"1478";"In-fol. non ch., car. goth., initiales rubriquées";"Null";"Null"
"http://data.bnf.fr/ark:/12148/cb31187512d";"[Calender des magister Johann von Kunsperk.]";"1478";"(Venetiis ?)";"B. Malet et E. Ratdolt";"1478";"Gr. in-4° . (Hain-Copinger n  13786.)";"Null";"Null"
"http://data.bnf.fr/ark:/12148/cb31237889z";"Libellus de regimine rusticorum, qui etiam valde utilis est curatis, capellanis, drossatis, schultetis ac aliis officiariis iisdem in utroque statu presidentibus [auctore W. Rolevinck]";"1478";"(Coloniae";"A. Therhoernen)";"1478";"In-4° , 60 ff. n. ch., sign. A, C-H, car. goth. (Voullième, 1040.)";"Null";"Null"
"http://data.bnf.fr/ark:/12148/cb31237853z";"Fasciculus temporum [auctore W. Rolevinck, usque ad annum 1478]";"1478";"(Coloniae,)";"a N. Gotz de Sletzstat impressum";"1478";"In-fol., 72 ff. non ch., sans sign. ni récl., car. goth., fig., marque de l'imprimeur à la fin. (Voullième, 1029.)";"Null";"Null"
"http://data.bnf.fr/ark:/12148/cb31237906q";"Questiones duodecim notabiles valde et utiles pro presbiteris et studentibus ac aliis sacre doctrine insudantibus [auctore W. Rolevinck]";"1478";"(Coloniae";"A. Therhoernen";"1478";"In-4° , 14 ff. n. ch., sans sign. ni récl., à 2 col., car. goth., titre en rouge. (Voullième, 1046.)";"Null";"Null"
"http://data.bnf.fr/ark:/12148/cb416141692";"Pomponii Melle cosmographi de situ orbis liber primus. Prooemium";"1478";"Venetiis";"impressum per Franciscum Renner de Hailbrun";"1478";"48 ff. n. c.";"Null";"Null"
"http://data.bnf.fr/ark:/12148/cb416250290";"[Biblia latina]";"1478";"Venise";"Leonhard Wild pour Nikolaus von Frankfurt";"1478";"455 ff. n. ch.";"Null";"Null"
"http://data.bnf.fr/ark:/12148/cb31265471x";"Doctrinal de sapience, composé par l'archevesque de Sens [Guy de Roye]";"1478";"(Genève";"A. Steinshauer";"1478";"In-fol. (Copinger, 5172.)";"Null";"Null"
"http://data.bnf.fr/ark:/12148/cb31265473m";"[Doctrinal ou Livre de Sapience, par Guy de Roye.]";"1478";"Genève";"Null";"1478";"In-fol. (Hain-Copinger, 14013.)";"Null";"http://gallica.bnf.fr/ark:/12148/btv1b86054667"
"http://data.bnf.fr/ark:/12148/cb312689951";"Expositio sancti Hieronymi in Symbolum apostolorum";"1478";"Oxoniae";"Null";"1478";"In-4° . (Hain, 8579.)";"Null";"Null"
"http://data.bnf.fr/ark:/12148/cb31288668q";"[Sallustii Opera.]";"1478";"Venetiis";"Null";"1478";"In-fol. (Hain-Copinger, *14207.)";"Null";"Null"
"http://data.bnf.fr/ark:/12148/cb312886692";"[Sallustii Opera.]";"1478";"Florentiae";"Null";"1478";"In-fol. (Hain-Copinger, 14206.)";"Null";"Null"
"http://data.bnf.fr/ark:/12148/cb31351570v";"[L. A. Senecae Philosophi Opera moralia et Epistolae ; Rhetoris Declamationes.]";"1478";"Tarvisii";"impr. per B. de Colonia";"1478";"In-fol. (Hain-Copinger, *14591.)";"Null";"Null"
"http://data.bnf.fr/ark:/12148/cb313520534";"[Opera philosophica et Epistolae.]";"1478";"Tarvisii";"Null";"1478";"In-fol.";"Null";"Null"
"http://data.bnf.fr/ark:/12148/cb313675726";"Liber Pandectarum medicine, omnia medicine simplicia continens, quem ex omnibus antiquorum libris aggregavit eximius artium et medicine doctor Matheus Silvaticus, ad serenissimum Sicilie regem Robertum";"1478";"In Lugduno";"Null";"1478";"In-fol. (Hain, *15197.)";"Null";"Null"
"http://data.bnf.fr/ark:/12148/cb31375123m";"[Declaratio Sixti papae quarti de nonnullis dissensionibus et scandalis in oppido Esslingen suscitatis.]";"1478";"Romae";"Null";"1478";"In-fol. (Hain 14802.)";"Null";"Null"
"http://data.bnf.fr/ark:/12148/cb427932243";"Bulla « Ineffabilis et summi patris providentia » [contre Lorenzo de’ Medici (1 VI 1478)]";"1478";"[Roma";"Johannes Bulle";"1478";"4 feuillets non signés";"Null";"Null"
"http://data.bnf.fr/ark:/12148/cb42793106w";"Bulla « Ineffabilis et summi patris providentia » [contre Lorenzo de’ Medici (1 VI 1478)]";"1478";"[Roma";"Johannes Bulle";"1478";"6 feuillets non chiffrés, le premier blanc";"Null";"Null"
"http://data.bnf.fr/ark:/12148/cb31419590r";"[Suetonii de Clarissimis grammaticis et rhetoribus libellus.] - Fol. aro : C. Suetonii Tranquilli de Grammaticis et rhetoribus claris liber incipit. - À la fin : Impressum Florentiae, apud Sanctum Jacobum de Ripoli, MCCCCLXXVIII";"1478";"Florentiae";"Null";"1478";"In-4° , 14 ff. (Copinger, 5672.)";"Null";"Null"
"http://data.bnf.fr/ark:/12148/cb31443149c";"Processus Luciferi contra Jhesum coram judice Salomone. Universis Cristi fidelibus... hoc breve compendium inconspecturis presbiter Jacobus de Ancharano,... salutem...";"1478";"[Lyon";"Nicolaus Philippi et Marcus Reinhart";"1478";"Null";"Null";"Null"
"http://data.bnf.fr/ark:/12148/cb314431617";"[Das Buch Belleal genant von des Gerichts Ordenung, des Jacob von Therans.]";"1478";"Strasbourg";"Heinrich Knoblochtzer";"1478";"Null";"Null";"Null"
"http://data.bnf.fr/ark:/12148/cb31443393d";"[Terentii Comoediae sex.]";"1478";"(Parisius";"sub signo Follis viridis";"1478";"In-fol. (Copinger, 5732 ; Brunet, V, col. 705, n  XVI ; Lawton, 16.)";"Null";"Null"
"http://data.bnf.fr/ark:/12148/cb31461764v";"Tertia pars Summe sancti Thome de Aquino. - Additiones Tertie partis Summe sancti Thome de Aquino,...";"1478";"(Venetiis,)";"impendio J. de Colonia et J. Mathen sociorum";"1478";"2 tomes en 1 vol. in-fol. (Hain-Copinger, *1469 ; Pellechet, 1058 ; Polain, 3758.)";"Null";"Null"
"http://data.bnf.fr/ark:/12148/cb31462015z";"Summa edita a sancto Thoma de Aquino, de Articulis fidei et Ecclesie sacramentis";"1478";"[Köln";"Konrad Winters";"1478";"Null";"Null";"Null"
"http://data.bnf.fr/ark:/12148/cb31461878t";"[Questiones sancti Thome de Potentia Dei, de Malo, de Spiritualibus creaturis, de Anima, de Unione Verbi incarnati, de Virtutibus.]";"1478";"[Venezia";"Christoph Arnold";"1478";"Null";"Null";"Null"
"http://data.bnf.fr/ark:/12148/cb31474516c";"[Titi Livii Historiae romanae decades I, III-IV, cum Johannis Andreae Epistola et L. Flori Epitome decadum XIV.]";"1478";"Mediolani";"impressum arte et impensis P. Lavagniae";"1478";"In-fol. (Hain-Copinger, 10132 ; Br. Mus., Books pr. XVth c., t. VI, p. 706.)";"Null";"Null"
"http://data.bnf.fr/ark:/12148/cb31474677v";"[Le Deche (1a, 3a e 4a) di Tito Livio.]";"1478";"Venetia";"Antonio da Bologna";"1478";"3 tomes en 1 vol. in-fol. à 2 col. (Hain, 10145 ; Brit. Mus., Books pr. XVth c., t. V, p. 241.)";"Null";"Null"
"http://data.bnf.fr/ark:/12148/cb31481339z";"[Questiones super Evangelia de tempore Johannis de Turrecremata. - Questiones Evangeliorum de sanctis, collecte per R. D. Johannem de Turrecremata,...]";"1478";"Nuremberge";"per F. Creussner";"1478";"In-fol. (Hain, *15711-15712 ; Reichling, III, 15712 ; Br. Mus., Books pr. XVth c., t. II, p. 450 ; Polain, 3870.)";"Null";"Null"
"http://data.bnf.fr/ark:/12148/cb31481338m";"[Questiones Evangeliorum tam de tempore quam de sanctis, collecte per R. D. Johannem de Turrecremata,...]";"1478";"Colonie Agrippine";"(, P. Bergmann de Olpe)";"1478";"In-fol. (Hain-Copinger, 15710 ; Voullième, 689 ; Br. Mus., Books pr. XVth c., t. I, p. 252 ; Polain, 3871.)";"Null";"Null"
"http://data.bnf.fr/ark:/12148/cb314813091";"[Reverendissimi cardinalis tituli Sancti Sixti, domini Johannis de Turrecremata, Expositio brevis et utilis super toto Psalterio.]";"1478";"Moguntie";"per P. Schoyffer";"1478";"In-fol. (Hain, *15701 ; Br. Mus., Books pr. XVth c., t. I, p. 34 ; Polain, 3861.)";"Null";"Null"
"http://data.bnf.fr/ark:/12148/cb315204377";"Valerii Maximi Dictorum et factorum memorabilium rubricae primi libri [-IX libri]";"1478";"Mediolani";"arte et impensis P. Lavagniae";"1478";"In-fol. (Hain, 15780 ; Br. Mus., Books pr. XVth c., t. VI, p. 705.)";"Null";"Null"
"http://data.bnf.fr/ark:/12148/cb31522476m";"Laurentii Vallensis,... Elegantiae ad breve quoddam ac perutile redactae compendium";"1478";"(Parisiis";"U. Gering, M. Crantz et M. Friburger.)";"1478";"In-4° . (Gesamtkatalog der Wiegendrucke, 171.)";"Null";"Null"
"http://data.bnf.fr/ark:/12148/cb31545377t";"Compendiosa doctrina... de proprietate sermonum...";"1478";"(Venetiis";"Null";"1478";"In-fol. (Hain-Copinger, 11902 et *15854 ; Br. Mus., Books pr. XVth c., t. V, p. 261-262.)";"Null";"Null"
"http://data.bnf.fr/ark:/12148/cb315876669";"[Speculum doctrinale Vincentij Belvacensis.]";"1478";"(Argentinae";"A. Rusch";"1478";"In-fol. à 2 col., car. goth. (Br. Mus., Cat. of books pr. XVth c., t. I, p. 65 ; Polain, t. IV, n  3938. A.)";"Null";"Null"
"http://data.bnf.fr/ark:/12148/cb31587664m";"[Speculum naturale Vincentij Belvacensis.]";"1478";"(Argentinae";"A. Rusch";"1478";"2 vol. in fol. à 2 col., car. semi-goth. (Copinger, II, 6256 ; Br. Mus., Cat. of books pr. XVth c., t. I, p. 64 ; Polain, t. IV, n  3947.)";"Null";"Null"
"http://data.bnf.fr/ark:/12148/cb31591364j";"[Publii Virgilii Maronis Opera]";"1478";"Parisius";"U. Gering";"1478";"493 p.";"Null";"http://gallica.bnf.fr/ark:/12148/bpt6k71232t"
"http://data.bnf.fr/ark:/12148/cb31606985p";"Sermones aurei ac pulcherrimi... de sanctis per anni totius circulum concurrentibus, editi a... Jacobo Voraginis,...";"1478";"(Coloniae";"C. Winters de Homborch";"1478";"In-fol. (Copinger, 6548 ; Voullième, Der Buchdruck Kölns, 628 [variante] ; Polain, 2230.)";"Null";"Null"
"http://data.bnf.fr/ark:/12148/cb316069861";"Sermones aurei ac pulcherrimi... de sanctis per anni totius circulum concurrentibus, editi a... Jacobo Voraginis,...";"1478";"(Coloniae";"C. Winters de Homborch";"1478";"In-fol. (Voullième, 628.)";"Null";"Null"
"http://data.bnf.fr/ark:/12148/cb31606883q";"Incipit liber preclarissimi religiosi fratris Jacobi de Voragine,... de vitis sanctorum";"1478";"Venezia";"Christoph Arnold";"1478";"266 f.";"Null";"Null"
"http://data.bnf.fr/ark:/12148/cb31606987c";"Sermones aurei ac pulcherrimi... de tempore per totum annum, editi a... Jacobo de Voragine,...";"1478";"(Coloniae";"per C. Winters de Homborch";"1478";"In-fol. (Copinger, 6540 ; Voullième, Der Buchdruck Kölns, 629 ; Br. Mus., Books pr. XVth c., t. I, p. 247 ; Polain, 2227 ; Goff, J-193.)";"Null";"Null"
"http://data.bnf.fr/ark:/12148/cb316069772";"Aurea legenda [van Jacobus de Voragine], dat beduut in duetsche die Gulden legende of dat Passionael... [somerstuc ende winterstuc.]";"1478";"Goude";"G. Leeu";"1478";"2 vol. in-fol. (Campbell, 1755 ; Copinger, 6508 ; Polain, 2216 [winterstuc] ; Br. Mus., Books pr. XVth c., t. IX, p. 31 ; Goff, J-139.)";"Null";"Null"
"http://data.bnf.fr/ark:/12148/cb31606886r";"[Legendae sanctorum quas collegit in unum frater Jacobus Januensis,...]";"1478";"Nurnbergii";"A. Koberger";"1478";"In-fol., 2 ff. n. ch. et 274 ff. ch. (Copinger, 6413 et 6414 ; Brit. Mus., Books pr. XVth c., t. II, p. 416 ; Polain, 2188 ; Goff, J-90.)";"Null";"Null"
"http://data.bnf.fr/ark:/12148/cb316068753";"[Legendae sanctorum per anni circuitum venientium, quas compilavit frater Jacobus de Voragine.] - Au f. [325 :] Iste legende que hic sequuntur non habentur in Hystoria lombardica, sed addite sunt ex aliis legendis et libris...";"1478";"(Coloniae,)";"per C. (Winters) de Hoemborch";"1478";"In-fol. (Voullième, 618.)";"Null";"Null"
"http://data.bnf.fr/ark:/12148/cb316721284";"[N. von Wyle. Translationen etlicher Bücher.]";"1478";"(Esslingen";"K. Fyner";"1478";"In-fol. (Hain-Copinger, *16224 ; Pellechet-Polain, 11844 ; Br. Mus., Books pr. XVth c., t. II, p. 516 ; Goff, W-72.)";"Null";"Null"
"http://data.bnf.fr/ark:/12148/cb316740092";"C'est le prologue de cest present livre appelle le livre des sains anges...";"1478";"Genève";"(, A. Steinschaber)";"1478";"In-fol. (Hain, 16230 ; Hain-Copinger, 16230 ; Pellechet, 11851 ; Goff, X-9 ; Proctor, 7805.)";"Null";"http://gallica.bnf.fr/ark:/12148/btv1b8605465t"
"http://data.bnf.fr/ark:/12148/cc77806n";"Stilus curie parlamenti";"1478";"Null";"Null";"Null";"104 ff.";"Null";"Null"
"http://data.bnf.fr/ark:/12148/cb31951756w";"(Fol. 1a) Incipiunt constitutiones clementis papae //  V. cum apparatu domini Ioannis Andree... (A la fin) Anno salutis nostre. post. M. et CCCC. // LXXVIIJ. vj. nonas may. ingenis... Michahelis Wenbler... in inelita vrbe Ba // siliensi...";"1478";"[S. l. n. d. ?] In-fol. Hain * 5422";"Null";"1478";"Null";"Null";"Null"
"http://data.bnf.fr/ark:/12148/cb32102885q";"De verborum significatione per Pompeium Festum cum accessione Francisci Rholandelli";"1478";"(Venetiis";"Null";"1478";"Null";"Null";"Null"
"http://data.bnf.fr/ark:/12148/cb32206989h";"Fol. 1 v° : [V]itam bonam et exitum beatum. Ego frater Guilhermus, sacre theologie professor minimus Parisius... Epistolarum et evangeliorum de tempore et sanctis liber incipit. - A la fin : Explicit Postilla super evangelia dominicalia et super evangelia de sanctis...";"1478";"[Venezia";"Christoph Arnold";"1478";"[102] ff. signés a10, b-g8, h-l8/6, m-n8, le dernier blanc";"Null";"Null"
"http://data.bnf.fr/ark:/12148/cb32634864q";"Bulla reformationis conpaternitatis hospitalis S. Spiritus. (Fol. 1 recto :) IXTVS Episcopus Seruus seruorum dei ad perpe//tuam rei memoriam... - (Fol. 5 recto :) ... Datum Rome apud sanctum Petrum.//Anno incarnationis dominice. M.CCCC.LXXVII. duodecimo kalen//das aprilis pontificatus nostri anno septimo.//Sinolphus.//- (A la fin :) Est ego Sixtus papa. iiii. suprascripta propria manu scripsi et ea//dem manu me subscripsi. F.//";"1478";"[Roma";"Johannes Bulle";"1478";"6 feuillets non chiffrés, le dernier blanc";"Null";"Null"
"http://data.bnf.fr/ark:/12148/cb333516723";"Disputacio inter clericum et militem : [suivi de:] Compendium de vita Antichristi";"1478";"[Vienne]";"[Johann Schilling]";"1478";"In-4°. Pièce";"Null";"Null"
"http://data.bnf.fr/ark:/12148/cb33392021m";"Fierabras (Le roman de). - (A la fin :) Cy finist le romant de Fierabras le geant, imprimé // à Geneve, l'an de grace mil CCCC LXXVIII, le XXVIIIe jour // de novembre";"1478";"Genève";"Null";"1478";"In-fol. Gothique. A longues lignes. 31 lignes à la page. Voyez Brunet, II, 1249";"Null";"Null"
"http://data.bnf.fr/ark:/12148/cb33392022z";"Fierabras";"1478";"Genève";"Null";"1478";"In-fol.";"Null";"http://gallica.bnf.fr/ark:/12148/btv1b8600180x"
"http://data.bnf.fr/ark:/12148/cb33602791c";"La Sfera volgare";"1478";"(Cusencias";"Null";"1478";"Null";"Null";"Null"
"http://data.bnf.fr/ark:/12148/cb336472733";"Vocabularius rerum (latino-germanicus)";"1478";"Augsburg";"Johann Keller";"1478";"126 ff. chiffrés en car. romains";"Null";"Null"
"http://data.bnf.fr/ark:/12148/cb33715523f";"Arrêt (de Parlement) par lequel est fait défenses au comte de Montpensier de lever aucune chose sur les marchandises passant par Boutière et Pragolin, sur la rivière d'Allier";"1478";"(Orléans)";"(Hotot)";"1478";"8°";"Null";"Null"
"http://data.bnf.fr/ark:/12148/cb33802868g";"Capitula statutorum ecclesie coloniensis, à Conrado archiepiscopo, et ejus successoribus edita ex libro principali statutorum ecclesie coloniensi";"1478";"Colonie";"per Johan. Guldenschaff";"1478";"In-fol.";"Null";"Null"
"http://data.bnf.fr/ark:/12148/cb35951203g";"[sans titre]";"1478";"Null";"Null";"1478";"[164] f.";"Null";"Null"
"http://data.bnf.fr/ark:/12148/cb35951053g";"[Sans titre]";"1478";"Null";"Null";"1478";"2 parties";"Null";"Null"
"http://data.bnf.fr/ark:/12148/cb35951054t";"[Sans titre]";"1478";"Null";"Null";"1478";"2 parties";"Null";"Null"
"http://data.bnf.fr/ark:/12148/cb359510524";"[Sans titre]";"1478";"Null";"Null";"Null";"[456] f.";"Null";"Null"
"http://data.bnf.fr/ark:/12148/cb35951051s";"[Sans titre]";"1478";"Venezia";"Leonhard Wild";"1478";"[456] f.";"Null";"Null"
"http://data.bnf.fr/ark:/12148/cb35951050f";"[Sans titre]";"1478";"Null";"Null";"Null";"[1]-CCCCLXI-[6] f.";"Null";"Null"
"http://data.bnf.fr/ark:/12148/cb35951122g";"[Sans titre]";"1478";"Null";"Null";"Null";"2 parties";"Null";"Null"
