id;title;date;place;publisher;firstyear;description;subject;gallica
"http://data.bnf.fr/ark:/12148/cc5628g";"Alfassi, Itshak ben Ya’acov Cohen (1013-1103). Hilkwt hariyp. ‫ אלפסי, יצחק בן יעקב. הלכות הריף";"1334";"Null";"Null";"Null";"Null";"Null";"http://gallica.bnf.fr/ark:/12148/btv1b10720022x"
"http://data.bnf.fr/ark:/12148/cb33715466f";"Arrêt de la cour de parlement du 18 juin 1334, en latin et en français, par lequel les lettres du roi Philippes VI dit le Valois, de l'office de garde de la halle aux draps de la ville de Paris, ont été déclarées avoir été obtenues pour surprise par Vincent de Vaux-Richard, qui a été destitué dudit office par le dit arrêt, nonobstant lesdites lettres, et les marchands drapiers de la dite ville de Paris, ont été maintenus en la possession de garder ou faire garder la dite halle au draps, qui y seraient, en y mettant un garde à leur volonté comme ils en avaient joui pour le passé";"1334";"(S. l. n. d.)";"Null";"1334";"In-fol. Pièce";"Null";"Null"
"http://data.bnf.fr/ark:/12148/cb337154653";"Arrêt de la cour de parlement... par lequel les lettres du roi Philippe VI dit de Valois, de l'office de garde de la halle aux draps de la ville de Paris, ont été déclarées avoir été obtenues par surprise par Vincent de Vaux-Richard, qui a été destitué du dit office par ledit arrêt, nonobstant les dites lettres et les marchands drapiers de ladite ville de Paris ont été maintenus en la possession de garder ou faire garder la dite halle aux draps...";"1334";"(S. l. n. d.)";"Null";"1334";"In-fol.";"Null";"Null"
"http://data.bnf.fr/ark:/12148/cb33809984p";"Lettres portant exemption du droit de péages et passages en faveur des officiers de la Chambre des comptes de Paris";"1334";"(S. l. n. d.)";"Null";"1334";"In-4°, 1 p.";"Null";"Null"
