id;title;date;place;publisher;firstyear;description;subject;gallica
"http://data.bnf.fr/ark:/12148/cc100780m";"52 n° pour 56 pièces. Pièces concernant principalement Louis d'Orléans et ses officiers, ou, pour le reste, les questions militaires.";"1353";"Null";"Null";"Null";"Null";"Null";"Null"
"http://data.bnf.fr/ark:/12148/cb33715467s";"Lettres portant exemption du droit de péages et passages en faveur des officies de la chambre des comptes de Paris";"1353";"(S. l. n. d.)";"Null";"1353";"In-4°, 2 p.";"Null";"Null"
"http://data.bnf.fr/ark:/12148/cb33715463d";"(Arrêts de parlement, le 1er du mois de mai 1315, qui permet contrairement aux privilèges des habitants de Rouen, la libre circulation sur la Sime en montant et en avallant, des marchands du royaume le 2e, du 2 mars 1353, qui rejette la requête desdits habitants, en la manière qu'ils l'ont faite, pour être rétablis en leurs privilèges.)";"1353";"(S. l. n. d.)";"Null";"1353";"In-4°, 5 p.";"Null";"Null"
"http://data.bnf.fr/ark:/12148/cb358774418";"Advertising of proprietary medicines 4";"1353";"Washington";"Government printing office";"1353";"Null";"Null";"Null"
