id;title;date;place;publisher;firstyear;description;subject;gallica
"http://data.bnf.fr/ark:/12148/cb429607265";"Concerto Pour violon et piano N° 1";"1344";"Moskva";"[s.n.]";"1344";"In-fol.";"Null";"Null"
"http://data.bnf.fr/ark:/12148/cb33809993n";"Lettres patentes par lesquelles le Roy exempte les prieurs, les maistres, les frères et gouverneurs des maisons-Dieu, des hospitaux et des maladeries de payer finance des acquisitions qu'ils feront pour leurs maisons";"1344";"(S. l. n. d.)";"Null";"1344";"In-4°, 2 p.";"Null";"Null"
"http://data.bnf.fr/ark:/12148/cb338099940";"Ordonnance portant qu'il ne sera levé aucune finance sur les acquests faits par les prieurs, maistres et gouverneurs des hôpitaux, et qui enjoint aux commissaires de leur restituer ce qu'ils en auroient levé";"1344";"(S. l. n. d.)";"Null";"1344";"In-4°, 1 p.";"Null";"Null"
"http://data.bnf.fr/ark:/12148/cb33809995b";"Ordonnance portant qu'il ne sera levé aucune finance sur les donations et legs de 20 sols de rente et au-dessous faits aux Églises";"1344";"(S. l. n. d.)";"Null";"1344";"In-4°, 2 p.";"Null";"Null"
