id;title;date;place;publisher;firstyear;description;subject;gallica
"http://data.bnf.fr/ark:/12148/cb406673515";"[Carte marine de l'océan Atlantique Est, de la mer Méditerranée et d'une partie de la mer Noire, connue sous le nom de Carte Pisane]";"1300";"Null";"Null";"Null";"1 carte : ms. col. sur vélin, cou à l'est ; 48 x 103 cm";"Null";"http://gallica.bnf.fr/ark:/12148/btv1b52503226n"
"http://data.bnf.fr/ark:/12148/cb42225123n";"Antiphonaire dominicain. Parties d'hiver et de printemps";"1300";"Null";"Null";"Null";"416 f. : 19,5 x 13,5 cm";"Null";"http://gallica.bnf.fr/ark:/12148/btv1b530097575"
"http://data.bnf.fr/ark:/12148/cc8342g";"Isaïe ben Mali de Trani l'Ancien. Décisions rabbiniques (Nida)";"1300";"Null";"Null";"Null";"230 f.";"Null";"http://gallica.bnf.fr/ark:/12148/btv1b10539506n"
"http://data.bnf.fr/ark:/12148/cc100732z";"6 n° pour 6 pièces. Toul. Tous scellés sauf le dernier, avec de très beaux sceaux d'origine impériale, pontificale et archiépiscopale (Trèves).";"1300";"Null";"Null";"Null";"Null";"Null";"Null"
