id;title;date;place;publisher;firstyear;description;subject;gallica
"http://data.bnf.fr/ark:/12148/cb30004365r";"Liber de remediis utriusque fortunae, auctore Adriano Carthusiensi";"1471";"Coloniae";"per Arnoldum ther Hoernen";"1471";"In-4°";"Null";"Null"
"http://data.bnf.fr/ark:/12148/cb30007806b";"Leonis Baptistae Alberti Deiphira, sive Opus in amoris remedio";"1471";"[Firenze ?";"imprimeur du Mesue de 1471, H 11107 (= Padova, Lorenzo Canozio)]";"1471";"Null";"Null";"Null"
"http://data.bnf.fr/ark:/12148/cb30007810k";"Leonis Baptistae Alberti Hecatomphila, seu de amore liber";"1471";"[Firenze ?";"imprimeur du Mesue de 1471, H 11107 (= Padova, Lorenzo Canozio)]";"1471";"Null";"Null";"Null"
"http://data.bnf.fr/ark:/12148/cb30014045h";"Fortalitium fidei contra fidei christianae hostes, auctore Alphonso de Spina";"1471";"[Strasbourg";"Johannes Mentelin";"1471";"Null";"Null";"Null"
"http://data.bnf.fr/ark:/12148/cb300157748";"Divi Ambrosii de Officiis libri tres";"1471";"[Roma";"Giovanni Filippo La Legname";"1471";"Null";"Null";"Null"
"http://data.bnf.fr/ark:/12148/cb30019577q";"Orationes quotquot reperiri potuerunt...";"1471";"Romae";"Null";"1471";"In-fol. (Hain, 5121.)";"Null";"Null"
"http://data.bnf.fr/ark:/12148/cb30019586p";"Punica";"1471";"Roma";"Konrad Sweynheym et Arnold Pannartz";"1471";"3 parties";"Null";"http://gallica.bnf.fr/ark:/12148/bpt6k315124q"
"http://data.bnf.fr/ark:/12148/cb300195829";"Opera omnia";"1471";"Romae";"Null";"1471";"3 vol. in-fol. (Hain, 12137.)";"Null";"Null"
"http://data.bnf.fr/ark:/12148/cb30027060b";"Aristeas ad Philocratem fratrem de LXX. interpretibus";"1471";"(Romae";"cura C. Sweynheim et A. Pannartz";"1471";"In-fol.";"Null";"Null"
"http://data.bnf.fr/ark:/12148/cb300394457";"Divi Aurelii Augustini de Vita christiana";"1471";"Spirae";"Null";"1471";"In-4° . (Pellechet, 1584.)";"Null";"Null"
"http://data.bnf.fr/ark:/12148/cb300394368";"Dicta beatissimi Augustini, de septem virtutibus Psalmorum poenitentialium feliciter incipiunt. - A la fin, fol. 39 v°¸ : Dicta beatissimi Augustini de Virtutibus Psalmorum et septem Psalmi poenitentiales cum eorum (fol. 40) orationibus et laetaniis et praecibus et orationibus ordinatis feliciter incipiunt (sic), fol. 40 v°¸ : M.CCCC.LXXI.D.XXVI. martii";"1471";"(S. l.,)";"Null";"1471";"In-16, car. rom., 40 ff. n. ch., sans sign. ni récl.";"Null";"Null"
"http://data.bnf.fr/ark:/12148/cb30039125s";"Manuale divi Aurelii Augustini, seu de Salute sive aspiratione animae ad Deum, seu Liber de meditatione";"1471";"Tarvisii";"G. de Lisa";"1471";"In-4° . (Pellechet, 1533.)";"Null";"Null"
"http://data.bnf.fr/ark:/12148/cb30039067f";"Transito di sancto Hieronimo...";"1471";"(S. l.)";"Null";"1471";"In-4° , car. rom.";"Null";"Null"
"http://data.bnf.fr/ark:/12148/cb30053378w";"Cosmographia, sive de Situ orbis";"1471";"Mediolani";"Null";"1471";"In-4°";"Null";"Null"
"http://data.bnf.fr/ark:/12148/cb300631149";"Lectura Bartoli de Saxoferrato super prima parte Infortiati";"1471";"Venetiis";"per V. de Spira";"1471";"In-fol. (Pellechet, 1936.)";"Null";"Null"
"http://data.bnf.fr/ark:/12148/cb30063130j";"Lectura Bartoli de Saxoferrato super tribus libris Codicis";"1471";"(Neapoli,)";"per S. Riessinger";"1471";"In-fol. (Pellechet, 1914.)";"Null";"Null"
"http://data.bnf.fr/ark:/12148/cb30063783s";"D. Basilii Magni epistola ad Gregorium Nazianzenum de officiis vitae solitariae, e graeco in latinum versa a Francisco Philelfo";"1471";"(S. l.,)";"Null";"1471";"In-8° . (Pellechet, 2001.)";"Null";"Null"
"http://data.bnf.fr/ark:/12148/cb30063154j";"Quaestiones disputatae per Bartolum de Saxoferrato";"1471";"[Venezia]";"Wendelinus de Spira";"1471";"Null";"Null";"Null"
"http://data.bnf.fr/ark:/12148/cb30063106p";"Lectura Bartoli de Saxoferrato super prima parte Digesti veteris";"1471";"(Neapoli,)";"per S. Riessinger";"1471";"In-fol. (Pellechet, 1925.)";"Null";"Null"
"http://data.bnf.fr/ark:/12148/cb300631269";"Lectura Bartoli de Saxoferrato super secunda parte Codicis";"1471";"(Neapoli,)";"per S. Reissinger";"1471";"In-fol. (Pellechet, 1901.)";"Null";"Null"
"http://data.bnf.fr/ark:/12148/cb30063127n";"Lectura Bartoli de Saxoferrato super secunda parte Codicis";"1471";"Venetiis";"per V. de Spira";"1471";"In-fol. (Pellechet, 1902.)";"Null";"Null"
"http://data.bnf.fr/ark:/12148/cb30099532d";"Bessarionis cardinalis Epistolae et orationes de arcendis Turcis a christianorum finibus";"1471";"(Parisiis";"Ulricus Gering, Martinus Grantz et Michael Friburger";"1471";"In-4° . (Pellechet, n 2254.)";"Null";"http://gallica.bnf.fr/ark:/12148/btv1b8602965m"
"http://data.bnf.fr/ark:/12148/cb30099527t";"Oratione di Bessarione a tutti gli signori d'Italia confortando gli a pigliar guerra contra il Turcho, vulgarizate per Lodovico Carbone";"1471";"(S. l.,)";"Null";"1471";"In-4° . (Pellechet, n 2256.)";"Null";"Null"
"http://data.bnf.fr/ark:/12148/cb30116729v";"Il Decamerone di Giovanni Boccaccio";"1471";"(Venezia,)";"Christ. Valdarfer";"1471";"In-fol. (Pellechet, 2438.)";"Null";"Null"
"http://data.bnf.fr/ark:/12148/cb30116833c";"Decameron des Johannes Boccacio, daz ist cento Novelle in Welsch unde hundert histori oder neue Fabel in Teutsche";"1471";"Ulm";"J. Zainer";"1471";"In-fol. (Pellechet, 2444.)";"Null";"Null"
"http://data.bnf.fr/ark:/12148/cb30170126z";"Leonardi Aretini de Bello italico adversus Gothos";"1471";"Venetiis";"Nicolaus Jenson";"1471";"In-fol. (Pellechet, 1113.)";"Null";"Null"
"http://data.bnf.fr/ark:/12148/cb30170131j";"Il Libro della prima guerra punica, composto da Leonardo Aretino";"1471";"[Venezia";"imprimeur de Basilius, De Officiis vitae solitariae (GW 3699)";"1471";"Null";"Null";"Null"
"http://data.bnf.fr/ark:/12148/cb301859644";"Epistolae...";"1471";"Parisiis";"Null";"1471";"In-4° . (Hain-Copinger. 12885.)";"Null";"Null"
"http://data.bnf.fr/ark:/12148/cb30189911h";"Oratio... Jo. Ant. Campani,... ad exhortandos principes Germanorum contra Turcos...";"1471";"(Romae";"St. Planck)";"1471";"In-4° , 12 ff. Hain, *4290.)";"Null";"Null"
"http://data.bnf.fr/ark:/12148/cb301899105";"Oratio... Jo. Ant. Campani,... ad exhortandos principes Germanorum contra Turcos...";"1471";"(Romae";"St. Planck)";"1471";"In-4° , 12 ff. (Hain, *4289.)";"Null";"Null"
"http://data.bnf.fr/ark:/12148/cb302087237";"Biblia vulgarizata";"1471";"Venetiis";"Null";"1471";"In-fol. (Pellechet, 2380.)";"Null";"Null"
"http://data.bnf.fr/ark:/12148/cb30213388q";"Commentarii Caesaris. Item A. Hirtii libri de bello Alexandrino, Africo et Hispano";"1471";"Venetiis";"Null";"1471";"In-fol. (Pellechet, 3140.)";"Null";"Null"
"http://data.bnf.fr/ark:/12148/cb302429595";"M. T. Ciceronis Epistolae ad familiares";"1471";"Venetiis";"impr. a N. Jenson";"1471";"In-4° . (Pellechet, 3594.)";"Null";"Null"
"http://data.bnf.fr/ark:/12148/cb30242958t";"M. T. Ciceronis Epistolae ad familiares";"1471";"Venetiis";"per Vindelinum de Spira";"1471";"In-fol. (Pellechet, 3593.)";"Null";"Null"
"http://data.bnf.fr/ark:/12148/cb30243109n";"M. T. Ciceronis de Finibus bonorum et malorum libri V. Edidit Georgius Merula";"1471";"Venetiis";"sumptu Johannis de Colonia";"1471";"In-fol. (Pellechet, 3789.)";"Null";"Null"
"http://data.bnf.fr/ark:/12148/cb30242957g";"M. T. Ciceronis Epistolae ad familiares";"1471";"Venetiis";"Adam de Ambergau impressit";"1471";"In-fol. (Hain-Copinger, 5169.)";"Null";"Null"
"http://data.bnf.fr/ark:/12148/cb30242473b";"M. Tullii Ciceronis opera philosophica";"1471";"Romae";"C. Sweynheym et A. Pannartz impresserunt";"1471";"2 parties en 1 vol. in-fol. (Pellechet, 3766.)";"Null";"Null"
"http://data.bnf.fr/ark:/12148/cb302429564";"M. T. Ciceronis Epistolae ad familiares";"1471";"Fulginei";"per J. Numeister in domo Emiliani de Ursinis";"1471";"In-fol. (Pellechet, 3584.)";"Null";"Null"
"http://data.bnf.fr/ark:/12148/cb30243176s";"M. T. Ciceronis de Natura Deorum, de Divinatione, de Fato, de Legibus, liber ad Hortensium, sive Academicorum liber secundus, Modesti de Disciplina militari";"1471";"Venetiis";"per Vindelinum de Spira";"1471";"In-fol. (Pellechet, 3671.)";"Null";"Null"
"http://data.bnf.fr/ark:/12148/cb30244443w";"De conjuratione Catilinae et de Bello Jugurthino";"1471";"Venetiis";"Null";"1471";"In-4° . (Hain, *14198.)";"Null";"Null"
"http://data.bnf.fr/ark:/12148/cb30243449q";"M. Tullii Ciceronis Orationes";"1471";"Venetiis";"C. Valdarfer";"1471";"In-fol. (Pellechet, 3689.)";"Null";"Null"
"http://data.bnf.fr/ark:/12148/cb30243448c";"M. Tullii Ciceronis Orationes, studio Johannis Andreae Aleriensis";"1471";"Romae";"C. Sweynheym et A. Pannartz";"1471";"In-fol. (Pellechet, 3688.)";"Null";"Null"
"http://data.bnf.fr/ark:/12148/cb30249165k";"Clementis papae V. Constitutiones, cum apparatu Johannis Andreae. Accedunt bullae Clementis V Exivi de Paradiso et Johannis XXII Constitutio execrabilis";"1471";"Strasbourg";"Heinrich Eggestein";"1471";"Null";"Null";"Null"
"http://data.bnf.fr/ark:/12148/cb302491647";"Clementis papae V. Constitutiones, cum apparatu Johannis Andreae. Accedunt bullae Clementis V Exivi de Paradiso et Johannis XXII Constitutio execrabilis";"1471";"Moguntiae";"P. Schoeffer";"1471";"In-fol. (Pellechet, 3837.)";"Null";"Null"
"http://data.bnf.fr/ark:/12148/cb302711209";"Antonio Cornazano. De la sanctissima vita di Nostra Donna";"1471";"[Venezia]";"Nicolas Jenson";"1471";"Null";"Null";"Null"
"http://data.bnf.fr/ark:/12148/cb302723474";"Aemilii Probi, viri clarissimi (seu Cornelii Nepotis) de vita excellentium liber...";"1471";"Venezia";"Nicolas Jenson";"1471";"Null";"Null";"Null"
"http://data.bnf.fr/ark:/12148/cb30286020f";"Opus ruralium commodorum, auctore Petro de Crescentiis. - Fol. 1 recto : Petri de Crescentiis, civis Bononiensis, epistola in librum comodorum ruralium... - A la fin : Petri de Crescenciis, civis Bononiensis, ruralium commodorum libri duodecim finiunt feliciter, per Johannem Schussler, civem Augustensem impressi, circiter XIIII. kalendas marcia, anno vero a partu Virginis salutifero millesimo quadringentesimo et septuagesimo primo, etc.";"1471";"Augsburg";"Johann Schüssler";"1471";"[209] ff. non ch., car. goth.";"Null";"Null"
"http://data.bnf.fr/ark:/12148/cb30292528t";"Tractatus de victoria Cristi contra Anticristum...";"1471";"(S. l.,)";"Null";"1471";"In-fol.";"Null";"Null"
"http://data.bnf.fr/ark:/12148/cb30293690r";"Epistolae S. Cypriani (editae a Johanne Andrea)";"1471";"Romae";"P. et F. Maximus";"1471";"In-fol. (Hain, *5896.)";"Null";"Null"
"http://data.bnf.fr/ark:/12148/cb302936913";"Epistolae S. Cypriani";"1471";"[Venezia]";"Wendelinus de Spira";"1471";"Null";"Null";"Null"
"http://data.bnf.fr/ark:/12148/cb30302105c";"Augustini Dathi, Senensis, de variis loquendi figuris sive de modo dictandi ad Andream civem Senensem isagogicus libellus...";"1471";"Ferrarie";"per A. Belfortis Gallum";"1471";"In-4° . (Hain, 5988.)";"Null";"Null"
"http://data.bnf.fr/ark:/12148/cb30344076x";"Commentarii in Valerium Maximum [fratre Dionysio de Burgo Sancti Sepulcri autore]";"1471";"(Argentorati";"Null";"1471";"In-fol. (Hain *4103.)";"Null";"Null"
"http://data.bnf.fr/ark:/12148/cb30343981r";"Dionis oratio, seu liber de regno in quatuor partes divisus";"1471";"Venetiis";"Null";"1471";"In-4° . (Pellechet, 4259.)";"Null";"Null"
"http://data.bnf.fr/ark:/12148/cb303476738";"P. (sic) Donati ars secnnda (sic) de Octo partibus orationis... [ars secunda, ars prima, de vitiis et figuris grammaticalibus] cum Servii Honorati de Finalibus opusculo";"1471";"[Verona";"Paulus de Butzbach et Georgius de Augusta pour Cosma Bogioni";"1471";"Null";"Null";"Null"
"http://data.bnf.fr/ark:/12148/cb30347683k";"Aelii Donati de Barbarismo";"1471";"[Venezia. - imprimeur de Basilius, De Officiis vitae solitariae (GW 3699)";"Null";"1471";"Null";"Null";"Null"
"http://data.bnf.fr/ark:/12148/cb30347182v";"Dominici de S. Geminiano Lectura secunda super sexto libro Decretalium";"1471";"(Romae,)";"per Adam Rot";"1471";"In-fol. (Pellechet, 4401.)";"Null";"Null"
"http://data.bnf.fr/ark:/12148/cb30432101s";"Sexti Pompeii Festi de Verborum significatione";"1471";"Milano";"[Antonio Zarotto avec le matériel de Panfilo Castaldi]";"1471";"Non signé [a]-[k]8";"Null";"Null"
"http://data.bnf.fr/ark:/12148/cb30434171f";"Epistolae G. Ficheti";"1471";"(Parisiis";"in aedibus Sorbonae,)";"1471";"In-4° . (Pellechet, 4785.)";"Null";"Null"
"http://data.bnf.fr/ark:/12148/cb30434175t";"G. Ficheti Rhetorica";"1471";"Parisiis";"in aedibus Sorbonae";"1471";"In-4° . (Pellechet, 4784.)";"Null";"http://gallica.bnf.fr/ark:/12148/btv1b8604288t"
"http://data.bnf.fr/ark:/12148/cb30434174g";"G. Ficheti Epistola";"1471";"(Parisiis";"in aedibus Sorbonae";"1471";"In-4° . (Pellechet, 4786.)";"Null";"http://gallica.bnf.fr/ark:/12148/btv1b8604294j"
"http://data.bnf.fr/ark:/12148/cb30497604n";"Georgii Trapezuntii Rhetorica";"1471";"Venezia";"Wendelinus de Spira";"1471";"[156] ff. non signés";"Null";"Null"
"http://data.bnf.fr/ark:/12148/cb30498789c";"Cordiale de quatuor novissimis [a Gerardo de Vliederhoven]";"1471";"[Speyer,";"imprimeur de la 'Postilla scolastica super Apocalypsim (H 13310)'";"1471";"[82] ff. non signés [a-i8, k10]";"Null";"Null"
"http://data.bnf.fr/ark:/12148/cb304987881";"Cordiale de quatuor novissimis [a Gerardo de Vliederhoven]";"1471";"[Speyer,";"imprimeur de la 'Postilla scolastica super Apocalypsim (H 13310)'";"1471";"[72] ff. non signés [a-i8]";"Null";"Null"
"http://data.bnf.fr/ark:/12148/cb30501551r";"Johannis Gerson de Modo audiendi confessiones. Ejusdem remedia contra recidiva";"1471";"[Speyer";"imprimeur de la Postilla scolastica super Apocalypsim (H 13310)";"1471";"2 parties, [18] ff. non signés, soit [6] ff. non signés [a]6, le dernier blanc + [12] ff. non signés [a]12";"Null";"Null"
"http://data.bnf.fr/ark:/12148/cb30535865v";"Decretum Gratiani, cum apparatu Bartholomaei Brixiensis";"1471";"Strasbourg";"Heinrich Eggestein";"1471";"[460] ff. non signés [a-i]10, [k-l]8, [m-z]10, [A-H]10, [I-K]8, [L-Z]10, [aa]8, le dernier blanc";"Null";"Null"
"http://data.bnf.fr/ark:/12148/cb30535913w";"Rubricae Decreti Gratiani";"1471";"[Strasbourg";"Heinrich Eggestein";"1471";"[66] ff. non signés [a-f]10, [g]6";"Null";"Null"
"http://data.bnf.fr/ark:/12148/cb30562934r";"De Medicinis universalibus et particularibus...";"1471";"(Venetiis";"per Clementem Patavinum";"1471";"In-fol. (Hain, 11118 et Proctor 4142.)";"Null";"Null"
"http://data.bnf.fr/ark:/12148/cb368229317";"[Gebetbüchlein] A la fin : Hie endent sich die siben psalmen, vesper, vigilii und̄ die Selmesz in teusch, mit andern andächtigen gebetten...";"1471";"Augsburg";"Günther Zainer";"1471";"[200] ff.";"Null";"Null"
"http://data.bnf.fr/ark:/12148/cb30597483d";"Mercurii Trismegisti Pimander, seu liber de potestate et sapientia Dei, e graeco in latinum traductus a Marsilio Ficino";"1471";"Tarvisii";"Null";"1471";"In-4° . (Hain, 8456.)";"Null";"Null"
"http://data.bnf.fr/ark:/12148/cb30626283b";"Hugonis de Novo Castro Tractatus de victoria Christi contra Antichristum. Nicolai de Cusa conjectura de ultimis diebus mundi";"1471";"(Norimbergae";"J. Sensenschmidt et J. Kefer,)";"1471";"In-fol. (Hain, *8993.)";"Null";"Null"
"http://data.bnf.fr/ark:/12148/cb30636695n";"Synonyma Isidori episcopi";"1471";"[Norimbergae";"J. Sensenschmidt]";"1471";"In-fol.";"Null";"Null"
"http://data.bnf.fr/ark:/12148/cb30649765x";"Sancti Johannis Chrysostomi Sermones de patienta in Job et aliquot de penitentia, ex interpretatione Lelii Tifernatis";"1471";"Nurembergae";"Null";"1471";"In-fol. (Hain-Copinger, *5026.)";"Null";"Null"
"http://data.bnf.fr/ark:/12148/cb306526504";"Liber sancti Hieronymi contra Helvidium de virginitate Mariae. Accedit ejusdem Epistola ad Gaudentium de institione filiae et epistola ad Pammachium et Occeanum. Augustini tractatus de caritate";"1471";"(Coloniae";"l'imprimeur du Dictys";"1471";"In-4° . (Voulliéme, 575.)";"Null";"Null"
"http://data.bnf.fr/ark:/12148/cb30711858j";"Lactantii Firmiani Opera. De Divinis institutionibus adversus gentes libri septem ; de Ira Dei liber unus ; de Opificio hominis liber ; Phoenix : Dantes Phoenice (Inferno, XXIV, 107-112), Ovidius Phoenix (Metamorph., XV. 391-402) ; de Resurrectionis dominicae die. Ex recensione fratris Adami Genuensis. Errata per Fratrem Antonium Raudensem collecta et exarata";"1471";"(Venetiis";"Adam de Ammergau.)";"1471";"In-fol. (Hain, *9809.)";"Null";"Null"
"http://data.bnf.fr/ark:/12148/cb30793001h";"Institutiones oratoriae...";"1471";"(Venetiis,)";"Null";"1471";"In-4° . (Hain-Copinger, *13647.)";"Null";"Null"
"http://data.bnf.fr/ark:/12148/cb388561625";"De praedestinatione et libero arbitrio. Cognitio vitae";"1471";"Null";"Null";"1471";"[39, 1 bl.] f. (sig. a-d10)";"Null";"Null"
"http://data.bnf.fr/ark:/12148/cb30841717g";"[M. A. Lucani Pharsalia. Lucani vita, ex commentario antiquissimo.]";"1471";"[Venezia";"imprimeur de Basilius, De Officiis vitæ solitariae (GW 3699)";"1471";"Null";"Null";"Null"
"http://data.bnf.fr/ark:/12148/cb308666243";"Biblia vulgarisata...";"1471";"Venecia";"Null";"1471";"2 vol. in-fol. (Pellechet. 2380.)";"Null";"Null"
"http://data.bnf.fr/ark:/12148/cb308929117";"Marci Valerii Martialis Epigrammatum libri XV, edente Georgio Alexandrino";"1471";"(Venetiis,)";"per Vindelinum de Spira";"1471";"In-4° . (Hain, *10809.)";"Null";"Null"
"http://data.bnf.fr/ark:/12148/cb30892912k";"Martialis Epigrammatum libri XIV";"1471";"Ferrariae";"(A. Belfortis,)";"1471";"In-4° . (Hain-Copinger, 10810.)";"Null";"Null"
"http://data.bnf.fr/ark:/12148/cb393025182";"Nicolai de Lyra postillae perpetuae in vetus et novum testamentum ex recognitione joannis Andreae Aleriensis, absque textu";"1471";"Romae";"Conrad Suveyn Heym, Arnold Pannartz in domo Petri de Maximis";"1471";"In-fol.";"Null";"Null"
"http://data.bnf.fr/ark:/12148/cb393065108";"Isidori Hispalensis liber qui dicitur Speculum de summo bono";"1471";"Null";"Null";"Null";"Null";"Null";"Null"
"http://data.bnf.fr/ark:/12148/cb30907504c";"Quadragesimale aureum, editum per egregium... fratrem Leonardum de Utino";"1471";"(Venetiis";"F. Renner de Hailbron)";"1471";"In-fol. (Hain, *16124.)";"Null";"Null"
"http://data.bnf.fr/ark:/12148/cb30924467p";"Biblia latina";"1471";"Basileae";"Null";"1471";"In-fol. (Pellechet, 2275.)";"Null";"Null"
"http://data.bnf.fr/ark:/12148/cb30934484g";"Opera Joannis Mesue. Petri Apponi in librum Joannis Mesue additio";"1471";"[Firenze ? (= Padova)";"imprimeur du Mesue de 1471 (= Lorenzo Canozio)";"1471";"Null";"Null";"Null"
"http://data.bnf.fr/ark:/12148/cb309676177";"Commentariorum grammaticorum de orthographia dictionum e grecis tractorum opus";"1471";"Rome";"Null";"1471";"In-fol. (Hain-Copinger, 15563.)";"Null";"Null"
"http://data.bnf.fr/ark:/12148/cb310161531";"Nicolai Antidotarium, tractatus qui vocatur Quid pro quo, Sinonima";"1471";"Venetiis";"per Nicolaum Jenson";"1471";"In-4° , initiale peinte et dorée, lettrines rubriquées. (Hain, 11764.)";"Null";"Null"
"http://data.bnf.fr/ark:/12148/cb31017244k";"Tractatus de morali lepra Johannis Nyder";"1471";"(Norimbergae";"A. Koburger.)";"1471";"In-fol. (Hain-Copinger, *11813.)";"Null";"Null"
"http://data.bnf.fr/ark:/12148/cb310172526";"Manuale confessorum Johannis Nider";"1471";"(Norimbergae";"A. Koburger";"1471";"In-fol. (Hain, *11834.)";"Null";"Null"
"http://data.bnf.fr/ark:/12148/cb310239484";"[Nonii Marcelli de Proprietate latini sermonis.]";"1471";"(S. l.,)";"Null";"1471";"In-fol. (Hain, *11900.)";"Null";"Null"
"http://data.bnf.fr/ark:/12148/cb31040668m";"Pauli Orosii. Historiarum adversus paganos libri VII";"1471";"Augustae";"Null";"1471";"In-fol. (*Hain, 12101.)";"Null";"Null"
"http://data.bnf.fr/ark:/12148/cb31046216q";"[Publii Ovidii Nasonis Opera, edente Johanne Andrea.]";"1471";"(Romae";"impr. C. Sweynheym et A. Pannartz";"1471";"3 vol. in-fol. (Hain-Copinger, 12137.)";"Null";"Null"
"http://data.bnf.fr/ark:/12148/cb310462172";"[Publii Ovidii Nasonis Opera, edente Francisco Puteolano.]";"1471";"(Bononiae";"impr. B. Azoguidus";"1471";"3 vol. in-fol. (Hain-Copinger, 12136.)";"Null";"http://gallica.bnf.fr/ark:/12148/bpt6k855299b"
"http://data.bnf.fr/ark:/12148/cb31046361t";"Publii Ovidii Nasonis... de Arte amandi [et de Remedio amoris]";"1471";"(Augustae";"impr. de G. Zainer";"1471";"In-fol. (Hain, *12216)";"Null";"Null"
"http://data.bnf.fr/ark:/12148/cb31067924x";"[Eutropii Breviarium historiae romanae a Paulo Diacono revisum.]";"1471";"Romae";"Null";"1471";"In-fol. (Pellechet, 4648.)";"Null";"Null"
"http://data.bnf.fr/ark:/12148/cb31068082v";"Dialogus, qui vocatur scrutinium Scripturarum, compositus per Paulum de Sancta Maria";"1471";"(Argentorati";"apud J. Mentelin";"1471";"In-fol. (Hain-Copinger, *10763.)";"Null";"Null"
"http://data.bnf.fr/ark:/12148/cb31094394b";"Epistel Francisci Petrarche von grosser Stätikait ainer Frowen Grisel gehaissen";"1471";"Augspurg";"Null";"1471";"In-fol. (*Hain, 12817.)";"Null";"Null"
"http://data.bnf.fr/ark:/12148/cb31094495z";"Canzone et Sonecti del Petrarcha. Triumphi et Vite [sic] Petrarce";"1471";"Roma";"Null";"1471";"In-4° . (Hain, 12754 ; Fiske, p. 71-72.)";"Null";"Null"
"http://data.bnf.fr/ark:/12148/cb31099232q";"Epistolae";"1471";"Treviso";"Gerardus de Lisa";"1471";"Null";"Null";"Null"
"http://data.bnf.fr/ark:/12148/cb31099256q";"Epistole di Phalari traducte da F. Aretino di greco in latino et di latino in vulgare da Bartolomeo Fontio";"1471";"(S. l.,)";"Null";"1471";"In-4° . (Hain, *12903.)";"Null";"Null"
"http://data.bnf.fr/ark:/12148/cb310992363";"Epistolae";"1471";"[Bologna";"Baldassare Azzoguidi";"1471";"Null";"Null";"Null"
"http://data.bnf.fr/ark:/12148/cb311072974";"Tractatulus per Eneam Silvium editus ad regem Bohemie Ladislaum...";"1471";"[Köln";"Ulrich Zell";"1471";"Null";"Null";"Null"
"http://data.bnf.fr/ark:/12148/cb311072169";"Enee Silvii de Duobus amantibus Eurialo et Lucresia opusculum";"1471";"[Köln";"Ulrich Zell";"1471";"Null";"Null";"Null"
"http://data.bnf.fr/ark:/12148/cb40688819q";"[Fragment d'une carte nautique portugaise d'environ 1471 représentant la péninsule ibérique, moins les côtes levantines et le littoral occidental de France jusqu'au Pays de caux, avec vues perspectives de Lisbonne et de Paris et le pavillon à hermines sur la Bretagne.]. Reproduction photographique en noir";"1471";"[S.l.]";"[s.n.]";"1471";"1 flle : 0m, 188 x 0m, 240";"Null";"Null"
"http://data.bnf.fr/ark:/12148/cb31109093p";"Liber Sententiarum";"1471";"(Argentorati)";"Null";"1471";"In-fol.";"Null";"Null"
"http://data.bnf.fr/ark:/12148/cb40693668c";"Fragment d'une carte nautique portugaise d'environ 1471, représentant la péninsule ibérique, moins les côtes levantines et le littoral occidental de France jusqu'au Pays de Camp avec vues perspectives de Lisbonne et de Paris et le pavillon à hermines sur la Bretagne. J. Reproduction photographique en noir";"1471";"[S.l.]";"[s.n.]";"1471";"1 flle : 0m188 x 0m240";"Null";"Null"
"http://data.bnf.fr/ark:/12148/cb31123688q";"[Caii Plinii Secundi Novicomensis Epistolae.]";"1471";"Venetiis";"Null";"1471";"In-fol. (Hain-Copinger, *13110.)";"Null";"Null"
"http://data.bnf.fr/ark:/12148/cb311249596";"Apothegmata latina, Francisco Philelpho interprete";"1471";"(Venetiis,)";"apud Vindelinum";"1471";"In-fol. (Hain-Copinger, *13140.)";"Null";"Null"
"http://data.bnf.fr/ark:/12148/cb31132790h";"Pomponii Melae Cosmographiae liber";"1471";"Mediolani";"Null";"1471";"In-4° . (Hain-Copinger, 11014.)";"Null";"Null"
"http://data.bnf.fr/ark:/12148/cb31134879r";"Singularia Domini Lodovici Pontani";"1471";"(Venetiis,)";"Null";"1471";"In-fol. (Hain, *13269.)";"Null";"Null"
"http://data.bnf.fr/ark:/12148/cb31145505t";"Opera";"1471";"Bononiae";"Null";"1471";"In-fol.";"Null";"Null"
"http://data.bnf.fr/ark:/12148/cb31165848b";"M. F. Quintiliani Institutiones oratoriae, ex recensione Omniboni Leoniceni";"1471";"(Venetiis,)";"Null";"1471";"In-fol. (Hain-Copinger, *13647.)";"Null";"Null"
"http://data.bnf.fr/ark:/12148/cb31165581b";"Quinti Curtii de Rebus gestis Alexandri Magni";"1471";"[Venezia]";"Wendelinus de Spira";"1471";"Null";"Null";"Null"
"http://data.bnf.fr/ark:/12148/cb31172659x";"Epistolae ad Pergamenos";"1471";"Parisiis";"V. Gering";"1471";"In-4° . (Pellechet, 3045.)";"Null";"Null"
"http://data.bnf.fr/ark:/12148/cb412143855";"Festa palatii apostolici. Termini causarum in Romana curia servari soliti in causa beneficiali";"1471";"[Roma]";"[Ulrich Han]";"1471";"Null";"Null";"Null"
"http://data.bnf.fr/ark:/12148/cb31288659r";"[Sallustii Opera.]";"1471";"Venetiis";"Vindelinus de Spira";"1471";"In-fol. (Hain, *14198.)";"Null";"Null"
"http://data.bnf.fr/ark:/12148/cb312890073";"Orationes";"1471";"Venetiis";"Null";"1471";"In-fol.";"Null";"Null"
"http://data.bnf.fr/ark:/12148/cb312929193";"[Speculum vitae humanae, auctore Rodorico Sanctio de Arevalo.]";"1471";"Augustae Vindelicorum";"a G. Zainer arte impressoria in medium deditus";"1471";"In-fol. (Hain-Copinger, *13940.)";"Null";"Null"
"http://data.bnf.fr/ark:/12148/cb42474660c";"Ars major";"1471";"[Verona]";"Paulus de Butzbach et Georgius de Augusta pour Cosma Bogioni";"1471";"Null";"Null";"http://gallica.bnf.fr/ark:/12148/btv1b86232548"
"http://data.bnf.fr/ark:/12148/cb31367045x";"[Silii Italici Punicorum libri XVII.]";"1471";"(Romae";"Null";"1471";"In-fol. (Hain-Copinger, 14734.)";"Null";"Null"
"http://data.bnf.fr/ark:/12148/cb31371026d";"Liber servitoris de praparatione medicinarum simplicium. Trad. Simon a Cordo et Abraham Judæus Tortuosiensis";"1471";"Venezia";"Nicolas Jenson";"1471";"Null";"Null";"Null"
"http://data.bnf.fr/ark:/12148/cb31375128b";"[Tractatus de sanguine Christi et de potentia Dei.]";"1471";"[Roma]";"Null";"1471";"In-fol., lettres et encadr. de p. peints";"Null";"Null"
"http://data.bnf.fr/ark:/12148/cb31419499k";"[Suetonii Tranquilli Vitae XII Caesarum, curante Omnibono Leoniceno.]";"1471";"(Venetiis,)";"N. Jenson";"1471";"In-fol. (Hain, *15117.)";"Null";"Null"
"http://data.bnf.fr/ark:/12148/cb31443378h";"[Terentii Comoediae sex : Andria, Eunuchus, Heautontimorumenos, Adelphoe, Phormio, Aecyra, Raphaele Zovenzonio emendante.] - (Fol. [1,] r° :) Terentii vita excerpta de dictis D. F. Petrarce̡. - (Fol. [3,] r° :) Natus in excelsis tectis Carthaginis alte̡... [i. e. epitaphium Terentii]. - Argumentum [Andriae, Sulpicii Apollinaris]. - Prooemium. - (À la fin, ce distique :) Callippi calamo fuit exemplare repertum/Unde est impressum quod legis hospes opus. - (Puis :) Vale, vir optime, Raphael Jovenzonius ister. p. emendavi. Joannes Agrippinae Coloniae decus impressit, anno Domini Nostri Jhesu Christi M.CCCC.LXXI. divo Nicolao Throno Venetiarum duce. Finis felix";"1471";"(Venetiis";"V. de Spira,)";"1471";"Gr. in-4° , 100 ff. n. ch. s., sign. n. récl., car. rom. (Hain ; Copinger, 15372-Reichling VI, p. 168 ; Lawton, 2.)";"Null";"Null"
"http://data.bnf.fr/ark:/12148/cb31443381d";"[Publii Terentii Comoediae sex : Andria, Enuchus (sic, et : Eunuchus), Eaphtontimorumenon (sic), Adelphe, Hechira, Phormio.] - (Fol. [1,] r° :) Terentius, Apher genere, civis vero Carthaginensis fuit. Revertente autem Scipione Romam... - Fabula prima Andria vocatur... - Argumentum : Orto bello Athenis, Chremes, quidam senex... - (Fol. [2,] r° :) Terentii Aphri, poete comici, epitaphium. - Argumentum Andrie [auctore Sulpicio Apollinari] : Sororem falso creditam meretricule... - Prologus. - (A la fin :) Finis Terentii Aphricani";"1471";"(Rome";"U. Han";"1471";"Gr. in-4° , 90 ff. n. ch., s. sign. n. récl., car. rom. (Copinger, 5734 ; Brunet, V, col. 702, n  III des éditions s. d. ; Lawton, 3.)";"Null";"Null"
"http://data.bnf.fr/ark:/12148/cb31443376t";"[Terentii Comoediae sex.] - (Fol. [1,] v° :) Terentii vita excerpta de dictis D. F. Petrarce̡ : De Terentii vita in antiquis libris multa reperiuntur... - (Fol. [3,] r° :) Terentii Aphri, poete̡ comici, liber in sex divisus comoedias, quarum prima Andria, secunda Eunuchus, tertia Heautontumerumenon, quarta Adelphe, quinta Phormio, sexta et ultima Hechira nuncupatur. - Terentii epithaphium [sic]. - Andrie̡, prime̡, comoedie̡, argumentum [auctore Sulpicio Apollinari] incipit : Sororem falso creditam meretricule̡... - Prohemium. - (A la fin :) Ex Eusebio de Temporibus : P. Terentius Carthaginensis, comoediarum scriptor...";"1471";"(Venise";"J. ou V. de Spire";"1471";"In-fol. n. ch., s. sign. n. récl., car. rom. (Reichling, III, p. 84, n  1083 ; Brunet, V, col. 702, n  IV des éditions s. d. ; Lawton, 8";"Null";"Null"
"http://data.bnf.fr/ark:/12148/cb31461740v";"Prima pars Secunde, edita a fratre Thoma de Aquino";"1471";"In urbe Moguntina";"per P. Schoiffer";"1471";"In-fol. (Hain, *1447 ; Pellechet, 1040 ; Polain, 3749.)";"Null";"Null"
"http://data.bnf.fr/ark:/12148/cb314618973";"Questiones de quodlibet fratris Thome de Aquino,...";"1471";"Colonie";"per A. Therhoernen";"1471";"In-fol. (Hain-Copinger, *1401 ; Pellechet, 1005 ; Vouillième, 1146 ; Polain, 3717.)";"Null";"Null"
"http://data.bnf.fr/ark:/12148/cb314813049";"[Johannis de Turrecremata, cardinalis Sancti Sixti vulgariter nuncupati, Explanatio in Psalterium.]";"1471";"(Augustae,)";"per J. Schuszler";"1471";"In fol. (Hain, *15693 ; Br. Mus., Books pr. XVth c., t. II, p. 328.)";"Null";"Null"
"http://data.bnf.fr/ark:/12148/cb314823632";"[Joannis Tortellii,... Commentariorum grammaticorum de orthographia dictionum e grecis tractarum liber (editus a fratre Ada de Montaldo).]";"1471";"Romę";"sub jussu U. Galli Teutonici et S. Nicolai Lucensis";"1471";"In-fol. (Hain, 15563 ; Br. Mus., Books pr. XVth c., t. IV, p. 23.)";"Null";"Null"
"http://data.bnf.fr/ark:/12148/cb31482364d";"Joannis Tortellii, ... Commentariorum grammaticorum de orthographia dictionum e graecis tractarum opus";"1471";"Venezia";"Nicolas Jenson";"1471";"In-fol";"Null";"Null"
"http://data.bnf.fr/ark:/12148/cb435101723";"Commentarii in Vergilii opera";"1471";"[Venezia]";"Christoph Valdarfer";"1471";"Null";"Null";"Null"
"http://data.bnf.fr/ark:/12148/cb315204315";"Valerii Maximi Factorum et dictorum memorabilium... liber I [-IX]";"1471";"In urbe Moguntina";"per P. Schoyffer";"1471";"In-fol. (Hain, *15774 ; Br. Mus., Books pr. XVth c., t. I, p. 27 ; Polain, 3892.)";"Null";"Null"
"http://data.bnf.fr/ark:/12148/cb31520432h";"Valerii Maximi Liber primus [-IX]";"1471";"(Venetiis,)";"Vindelinus";"1471";"In-fol. (Hain, 15775 ; Br. Mus., Books pr. XVth c., t. V, p. 156.)";"Null";"Null"
"http://data.bnf.fr/ark:/12148/cb315224440";"Laurentii Valensis,... Opus elegantiarum linguę latinę";"1471";"Romę";"(J. P. de Lignamine,)";"1471";"In-fol. (Hain-Copinger-Reichling, 15801 ; Br. Mus., Books pr. XVth c., t. IV, p. 29.)";"Null";"Null"
"http://data.bnf.fr/ark:/12148/cb31522443n";"[Laurentii Vallae Elegantiarum liber primus [-sextus]. Laurentii Vallae Tractatus de reciprocatione sui et suus. Laurentii Vallae Liber in errores Antonii Raudensis.]";"1471";"(Parisiis";"U. Gering, M. Crantz et M. Friburger";"1471";"In-fol.";"Null";"http://gallica.bnf.fr/ark:/12148/btv1b86042845"
"http://data.bnf.fr/ark:/12148/cb31522445b";"Laurentii Vallensis,... Opus elegantiarum linguae latinae. Laurentii Vallensis de Ego, mei, tui et sui";"1471";"Venetiis";"per N. Jenson";"1471";"In-fol. (Hain-Copinger-Reichling, 15802 ; Br. Mus., Books pr. XVth c., t. V, p. 171.)";"Null";"Null"
"http://data.bnf.fr/ark:/12148/cb315453754";"M. Terentii Varronis de Lingua latina [libri tres. De Analogia libri duo. Pomponius Laetus edidit]";"1471";"[Roma";"Georg Lauer";"1471";"Null";"Null";"http://gallica.bnf.fr/ark:/12148/bpt6k3150129"
"http://data.bnf.fr/ark:/12148/cb31591339b";"[Publii Virgilii Maronis Opera.]";"1471";"(S. l.,)";"Null";"1471";"In-fol. (Copinger, 6004 et *10 ; Mambelli, 8 ; Goff, p. 622, V-152.)";"Null";"Null"
"http://data.bnf.fr/ark:/12148/cc78572r";"Epistolae ad familiares, ad Brutum, ad Quintum fratrem et adAtticum";"1471";"Null";"Null";"Null";"Null";"Null";"http://gallica.bnf.fr/ark:/12148/btv1b8447290f"
"http://data.bnf.fr/ark:/12148/cc89080v";"Menahem ben Benjamin Recanati. Commentaire du Pentateuque";"1471";"Null";"Null";"Null";"215 f.";"Null";"http://gallica.bnf.fr/ark:/12148/btv1b107204769"
"http://data.bnf.fr/ark:/12148/cb31951750t";"(F 1a :) Incipit constitutiones clementis papae V. // unacum apparatu domini Ioannis Andree... (F. 61a :) Presens clementis quinti opus constitutionum clarissimum. // Alma in urbe maguntina... // ... industrie ē cōsummatū // per Petrum Schoiffer de gernshem. Anno dn̄ice incar // nacōnis. MCCCCIXXI. Tredecima die mensis Augusti. (Suivent 4 ff. contenant la Règle des frères mineurs, la Constitution dite Execrabilis, et la table.)";"1471";"[S. l. n. d. ?] in-fol.";"Null";"1471";"Null";"Null";"Null"
"http://data.bnf.fr/ark:/12148/cb31951749m";"(F 1a :) Incipit constitutiones clementis papae V // unacum apparatu domini Ioannis Andree.... (F. 61a :) Presens clementis quinti opus constitutionum clarissimum. // Alma in urbe maguntina... // ... industrie ā cōsumimatū // per Petrum Schoiffer de gernshem. Anno sn̄ice incar // nacōnis. MCCCCIXXI. Medecina die mensis Augusti. (Suivent 4 ff. contenant la Règle des frères mineurs, la Constitution dite Execrabilis, et la table.)";"1471";"[S. l. n. d. ?] in-fol.";"Null";"1471";"Null";"Null";"Null"
"http://data.bnf.fr/ark:/12148/cb319517515";"(F. 1a :) Incipit constitutiones clementis papae V. // unacum apparatu domini Ioannis Andree... (F. 61 a :) Presens clementis quinti opus constitutionum clarissimum. // Alma in urbe maguntina... // ... industrie ē cōsummatū // per Petrum schoiffer de gernshem. Anno dn̄ice incar // nac̄onis. M. CCCC. IXXI. Tradecima di mensis Augusti. (Suivent 4 ff. contenant la Règle des frères mineurs, la constitution dite execrabilis et la table.)";"1471";"[S. l. n. d. ?] in-fol.";"Null";"1471";"Null";"Null";"Null"
"http://data.bnf.fr/ark:/12148/cb32411495d";"La Biblia volgarizzata...";"1471";"Venetia, Vindelina de Spira";"Null";"1471";"Null";"Null";"Null"
"http://data.bnf.fr/ark:/12148/cb324437809";"Marci Valerii Martialis epigrammata...";"1471";"(Venetiis), per Vindelinum Spirensem";"Null";"1471";"Null";"Null";"Null"
"http://data.bnf.fr/ark:/12148/cb33244096s";"Apollonius de Tyr (version allemande)";"1471";"Augsburg";"Günther Zainer";"1471";"In-2";"Null";"Null"
"http://data.bnf.fr/ark:/12148/cb33613084m";"Statuta urbis Romae";"1471";"(S. l. n. d.. - [Romae";"Udalricus Gallus";"1471";"In-fol.";"Null";"Null"
"http://data.bnf.fr/ark:/12148/cb336466838";"La Vita e la fin del santo Hieronymo ; la epistola del B. Eusebio, del transito di S. Hieronymo ; la epistola de B. Augustino, de la magnificentia del B. Hieronymo";"1471";"(S. l.";"Null";"1471";"Pet. in-4";"Null";"Null"
"http://data.bnf.fr/ark:/12148/cb35747219r";"[Ars minor]";"1471";"Null";"Null";"Null";"14 f.";"Null";"Null"
"http://data.bnf.fr/ark:/12148/cb35951120s";"[Sans titre]";"1471";"Null";"Null";"1471";"2 parties";"Null";"Null"
"http://data.bnf.fr/ark:/12148/cb359511334";"[Sans titre]";"1471";"Null";"Null";"Null";"[628] f.";"Null";"Null"
"http://data.bnf.fr/ark:/12148/cb35951198q";"[Sans titre]";"1471";"Null";"Null";"1471";"[192] f.";"Null";"Null"
"http://data.bnf.fr/ark:/12148/cb35951197c";"[sans titre]";"1471";"Null";"Null";"1471";"[68] f.";"Null";"Null"
"http://data.bnf.fr/ark:/12148/cb35951119k";"[Sans titre]";"1471";"Null";"Null";"Null";"2 parties";"Null";"Null"
