id;title;date;place;publisher;firstyear;description;subject;gallica
"http://data.bnf.fr/ark:/12148/cb30347649d";"Aelii Donati ars minor";"1455";"[Mainz";"imprimeur aux caractères de la Bible à 42 lignes (Johannes Gutenberg ou Johannes Fust et Peter Schöffer ou Peter Schöffer seul ?)";"1455";"Null";"Null";"Null"
"http://data.bnf.fr/ark:/12148/cc95959h";"Ṭwr (ʾwraḥ ḥayyim)";"1455";"Null";"Null";"Null";"160 f.";"Null";"http://gallica.bnf.fr/ark:/12148/btv1b10720378t"
"http://data.bnf.fr/ark:/12148/cc49542z";"Speculum historiale";"1455";"Null";"Null";"Null";"4 volumes";"Null";"http://gallica.bnf.fr/ark:/12148/btv1b90599455"
"http://data.bnf.fr/ark:/12148/cb35951126v";"Bible de Gutenberg : [Biblia latina]";"1455";"Null";"Null";"1455";"2 parties";"Null";"http://gallica.bnf.fr/ark:/12148/bpt6k991282d"
"http://data.bnf.fr/ark:/12148/cb35951195p";"[Sans titre]";"1455";"Null";"Null";"1455";"Null";"Null";"Null"
