id;title;date;place;publisher;firstyear;description;subject;gallica
"http://data.bnf.fr/ark:/12148/cb30012807p";"Fabulae Aesopi latinae factae per Rinucium";"1481";"[Strasbourg]";"[Heinrich Knoblochtzer]";"1481";"[238] p.";"Null";"http://gallica.bnf.fr/ark:/12148/bpt6k70319n"
"http://data.bnf.fr/ark:/12148/cb30019895g";"Antonii Andreae quaestiones super XII. libros Metaphysicae Aristotelis";"1481";"Venetiis";"opera Antonii de Strata";"1481";"In-fol. (Pellechet, 627.)";"Null";"Null"
"http://data.bnf.fr/ark:/12148/cb30019529v";"Tractatus magistri Johannis Andree super arboribus consanguinitatis, affinitatis necnon spiritualis cognationis";"1481";"Nürnberg";"Friedrich Creussner";"1481";"ill.";"Null";"Null"
"http://data.bnf.fr/ark:/12148/cb30019553q";"Liber Sextus Decretalium";"1481";"Venetiis";"Null";"1481";"In-fol.";"Null";"Null"
"http://data.bnf.fr/ark:/12148/cb30023079s";"S. Antonini, archiepiscopi Florentini, confessionale, aliter dictum Defecerunt, seu summula confessionis, seu tractatus de instructione simplicium confessorum";"1481";"Venetiis";"impendio A. de Strata";"1481";"In-4° . (Pellechet, 844.)";"Null";"Null"
"http://data.bnf.fr/ark:/12148/cb30023115t";"Confessionale volgare di frate Antonino, arcivescovo di Firenze, intitolato Medicina dell'anima, ovvero Curam illius habe";"1481";"(Firenze,)";"per F. di Dino";"1481";"In-4° . (Pellechet, 866.)";"Null";"Null"
"http://data.bnf.fr/ark:/12148/cb30027864x";"Aristotelis Rhetorica, cum Alpharabii Declaratione, Poetica, cum Ibinrosdin Determinatione, ex arabico latine redditae ab Hermanno Alemanno. Lancillotus de Zerlis recensuit";"1481";"Venetiis";"per Philipum Venetum";"1481";"In-fol. (Pellechet, 512.)";"Null";"Null"
"http://data.bnf.fr/ark:/12148/cb300294184";"Tractat Arnoldi de Nova Villa von Bewarung und Beraitung der Wein (in Deutsch gebrächt durch Wilhelm von Hirnnkofen genannt Renwart)";"1481";"Augspurg";"gedruckt von A. Sorg";"1481";"In-fol. (Pellechet, 1319.)";"Null";"Null"
"http://data.bnf.fr/ark:/12148/cb30039434k";"Divi Aurelii Augustini de Virtute Psalmorum";"1481";"(Lovanii";"J. de Westphalia";"1481";"In-4° . (Pellechet, 1489.)";"Null";"Null"
"http://data.bnf.fr/ark:/12148/cb30041536t";"De Arte amandi, in terza rima";"1481";"Milano";"Leonhard Pachel et Ulrich Scinczenzeler";"1481";"48 feuillets signé a-f8";"Null";"Null"
"http://data.bnf.fr/ark:/12148/cb30051874d";"Liber ducentorum et sexaginta sanctorum doctorum, virginem Mariam in originali peccato fore conceptam dicentium, dicta continens, auctore Vincentio Bandello";"1481";"Bononiae";"per U. de Rugeriis";"1481";"In-4° . (Pellechet, 1757.)";"Null";"Null"
"http://data.bnf.fr/ark:/12148/cb300555678";"Tractatus de discordantia inter Eusebium, Hieronymum et Augustinum... (auctore Philippo de Barberiis.)";"1481";"Romae";"J. P. de Lignamine";"1481";"In-4° . (Pellechet, 1843.)";"Null";"Null"
"http://data.bnf.fr/ark:/12148/cb300622010";"De Proprietatibus rerum fratris Bartholomaei Anglici, de Ordine Fratrum minorum";"1481";"Köln";"Johannes Koelhoff der Ältere";"1481";"Null";"Null";"Null"
"http://data.bnf.fr/ark:/12148/cb30070577s";"Rosarium Decretorum Guidonis a Baiisio, a Francisco Moneliense castigatum";"1481";"Venetiis";"per J. Herbort";"1481";"In-fol. (Pellechet. 2014.)";"Null";"Null"
"http://data.bnf.fr/ark:/12148/cb30083624d";"Bucolica, tradotta da Bernardo Pulci";"1481";"Florentiae";"Null";"1481";"In-4°";"Null";"Null"
"http://data.bnf.fr/ark:/12148/cb300900189";"Sermones S. Bernardi super Cantica canticorum";"1481";"Rostock";"Frères de la vie commune";"1481";"Null";"Null";"Null"
"http://data.bnf.fr/ark:/12148/cb30089923b";"Epistolae S. Bernardi";"1481";"Bruxellis";"Null";"1481";"In-fol. (Pellechet, 2105.)";"Null";"Null"
"http://data.bnf.fr/ark:/12148/cb300899987";"Sermones S. Bernardi de tempore et de sanctis";"1481";"Bruxellis";"Null";"1481";"In-fol. (Pellechet, 2088.)";"Null";"Null"
"http://data.bnf.fr/ark:/12148/cb30092782t";"Carmen de die dominicae Passionis";"1481";"Bononiae";"[s.n.]";"1481";"12 p.";"Null";"http://gallica.bnf.fr/ark:/12148/bpt6k701956"
"http://data.bnf.fr/ark:/12148/cb301182785";"Boetii de consolatione philosophiae, cum commento sancti Thome";"1481";"Coloniae";"Johann Koelhoff";"1481";"In-fol. (Pellechet, 2517.)";"Null";"Null"
"http://data.bnf.fr/ark:/12148/cb30116886z";"Il Libro di Florio e di Bianzafiore, chiamato Philocolo, composto per Johanne Boccacio";"1481";"Venezia";"impr. per Philipo de Piero";"1481";"In-fol. (Pellechet, 2457.)";"Null";"Null"
"http://data.bnf.fr/ark:/12148/cb30118342f";"Boèce de Consolation, traduit en vers françois";"1481";"[Genève";"Jean Croquet";"1481";"Null";"Null";"Null"
"http://data.bnf.fr/ark:/12148/cb30116905d";"Johannis Boccacii genealogiae deorum gentilium. Ejusdem de montibus, silvis, fontibus, lacubus, fluminibus, stagnis seu paludibus";"1481";"Regii";"Null";"1481";"In-fol. (Pellechet, 2469.)";"Null";"Null"
"http://data.bnf.fr/ark:/12148/cb30118277t";"Boetii de consolatione philosophiae, cum commento sancti Thome";"1481";"Tholose";"J. Parix";"1481";"In-fol. (Pellechet, 2516.)";"Null";"Null"
"http://data.bnf.fr/ark:/12148/cb30126506v";"Liber sextus Decretalium. - (Q)uia preposterus est ordo... Incipit liber sextus decretalium Bonifacii pape octavi... - A la fin : Sextus liber decretalium haud modica diligentia correctus. Parisius impressus per Martinum, Udalricum et Michaelem finit feliciter. Anno M CCCC LXXV, die X aprilis";"1481";"Parisiis";"Null";"1481";"In-4° . (Copinger, 1206.)";"Null";"Null"
"http://data.bnf.fr/ark:/12148/cb301259119";"L'Arbre des batailles, par Honoré Bonet";"1481";"Lyon";"Null";"1481";"In-fol. (Hain-Copinger, 3638)";"Null";"Null"
"http://data.bnf.fr/ark:/12148/cb301265076";"Liber sextus Decretalium. - (Q)uia preposterus est ordo... Incipit liber sextus decretalium Bonifacii pape octavi... - A la fin : Sextus liber decretalium haud modica diligentia correctus. Parisius impressus per Martinum, Udalricum et Michaelem finit feliciter. Anno M CCCC LXXV, die X aprilis";"1481";"Spirae";"per P. Drach juniorem";"1481";"In-fol. (Hain-Copinger, *3600.)";"Null";"Null"
"http://data.bnf.fr/ark:/12148/cb301615112";"Offenbarunge sant Birgitten. - Fol. 2 r° : Von der bewerung und bestettigung der offenbarungen sant Birgitten. - A la fin : Hie hat ein end diss buchlein genant dy burde der welt, getruckt durch Cunradum Zeninger, burger zu Nuremberg, in dem iar des Herren MCCCCLXXXI";"1481";"Nuremberg";"Null";"1481";"In-4° , car. goth., 24 ff. non ch., fig. sur bois au fol. 1";"Null";"Null"
"http://data.bnf.fr/ark:/12148/cb30170147x";"Hystoria Sigismunde, der Tochter der fürsten Tancredi von Solernia, und des Jünglingss Gwisgardi (a Leonardo Aretino)";"1481";"[Strasbourg";"Heinrich Knoblochtzer";"1481";"Null";"Null";"Null"
"http://data.bnf.fr/ark:/12148/cb30193240x";"Fol. 1 v° : Guillermi Caorsin, Rhodiorum vicecancellarii, Rhodie obsidionis descriptio. - A la fin : Rhodie urbis a Turchis obsidio, venerandi fratris Dominici Salvatoris, castellanie Emposte, ejusdem ordinis thesaurarii, opera impressa, finit feliciter, pridie kalendas marcii, anno M°CCCC°LXXXI. Laus Deo";"1481";"(S. l.,)";"Null";"1481";"In-4° , 20 ff.";"Null";"Null"
"http://data.bnf.fr/ark:/12148/cb30207040n";"Clarissimorum poetarum Tibulli, Catulli et Propertii cum eorum vita, opera, Regii Lepidi accuratissime impressa, auctoribus Prospero Odoardo et Alberto Mazali,... anno salutis 1481, 19 kalendas octobris";"1481";"Reggio Emilia";"Prospero Odoardo et Alberto Mazzali";"1481";"Sign. a-p, 42 lignes à la page";"Null";"Null"
"http://data.bnf.fr/ark:/12148/cb30207039f";"Carmina Catulli, Tibulli et Propertii, cum Statii Sylvis, edente Joanne Calphurnio. Quibus accessit Carmen Joannis Calphurnii,... ad Joannem Inderbachium, pontificem Tridentinum, de laudibus ejus et de interitu beati Simonis infantis a Judeis mactati";"1481";"Vicentiae";"per Joannem Renensem et Dionysium Berthocum";"1481";"In-fol. (Pellechet, 3443.)";"Null";"Null"
"http://data.bnf.fr/ark:/12148/cb30208708b";"Specchio di croce, di D. Cavalca";"1481";"Mediolano";"Null";"1481";"In-4° . (Hain, 4785.)";"Null";"Null"
"http://data.bnf.fr/ark:/12148/cb302116820";"Cornelii Celsi de Medicina libri VIII";"1481";"Mediolani";"L. Pachel et V. Sinczenzeler";"1481";"In-fol. (Pellechet, 3465.)";"Null";"Null"
"http://data.bnf.fr/ark:/12148/cb302136845";"C. Jul. Cesaris oratio Vesontione belgice ad milites habita. (Per Andream Brentium scripta)";"1481";"[Roma";"Bartholomaeus Guldinbeck";"1481";"[10] ff.";"Null";"Null"
"http://data.bnf.fr/ark:/12148/cb30244563s";"The Boke of Tulle of Olde age translated out of Latyn into Frenshe by Laurence de Primo Facto and enprynted into Englysshe";"1481";"(Westminster,)";"W. Caxton";"1481";"In-fol. (Pellechet, 3683.)";"Null";"Null"
"http://data.bnf.fr/ark:/12148/cb302432313";"M. Tullii Ciceronis de Officiis libri, cum Petri Marsi commento";"1481";"Venetiis";"per B. de Tortis";"1481";"In-fol. (Pellechet, 3748.)";"Null";"Null"
"http://data.bnf.fr/ark:/12148/cb302685081";"Ambrosii Coriolani commentaria super canones sancti Augustini";"1481";"Romae";"per G. Herolt de Bamberg";"1481";"In-fol. (Hain, *5683.)";"Null";"Null"
"http://data.bnf.fr/ark:/12148/cb30286384h";"Psalterium graecolatinum";"1481";"Mediolani";"Null";"1481";"(Hain-Copinger, *13454.)";"Null";"Null"
"http://data.bnf.fr/ark:/12148/cb30293896c";"Speculum sapientie beati Cirilli episcopi alias quadripartitus apologeticus...";"1481";"[Vienne";"Eberhard Frommolt";"1481";"Null";"Null";"Null"
"http://data.bnf.fr/ark:/12148/cb30299262v";"La Divina commedia di Dante Alighieri";"1481";"Firenze";"Nicolò di Lorenzo";"1481";"757 p.";"Null";"http://gallica.bnf.fr/ark:/12148/bpt6k70493b"
"http://data.bnf.fr/ark:/12148/cb30343740m";"Diodori Siculi Bibliotheca, seu Historiarum priscarum libri VI e graeco in latinum traducti per Fr. Poggium, una cum Cornelii Taciti de situ, moribus et populis Germaniae libello. In fine adjecta est Jeronymi Squarzafici Francisco Leono, patricio veneto, epistola";"1481";"Venetiis";"per Thomam Alexandrinum de Blavis";"1481";"In-fol. (Pellechet, 4268.)";"Null";"Null"
"http://data.bnf.fr/ark:/12148/cb30347881f";"Jacobi de Dondis Aggregator Paduanus de medicinis simplicibus";"1481";"Venetiis";"Null";"1481";"In-fol. (Hain-Copinger, *6396.)";"Null";"Null"
"http://data.bnf.fr/ark:/12148/cb30377638c";"Scriptum in quatuor libros Sententiarum Johannis Duns Scoti, a Thoma Penketh emendatum";"1481";"Venezia";"Johann Herbort pour Johannes de Colonia, Nicolas Jenson et associés";"1481";"4 parties";"Null";"Null"
"http://data.bnf.fr/ark:/12148/cb303776658";"Quaestiones quodlibetales Johannis Duns Scoti, a Thoma Penketh emendatae";"1481";"Venezia";"Johann Herbort pour Johannes de Colonia, Nicolas Jenson et associés";"1481";"Null";"Null";"Null"
"http://data.bnf.fr/ark:/12148/cb30384808g";"Guilelmi Durandi Rationale divinorum officiorum";"1481";"Nürnberg";"Anton Koberger";"1481";"Null";"Null";"Null"
"http://data.bnf.fr/ark:/12148/cb30401806k";"Sermones beati Ephrem, e graeco ab Ambrosio Traversari Camaldulensi in latinum translati";"1481";"Florentiae";"A. B. Mischomini";"1481";"In-4° . (Pellechet, 4582. Hain, *6599.)";"Null";"Null"
"http://data.bnf.fr/ark:/12148/cb30405386n";"Andreae de Escobar Modus confitendi";"1481";"[Köln";"Johann Guldenschaff";"1481";"Null";"Null";"Null"
"http://data.bnf.fr/ark:/12148/cb30406058t";"Aesopus moralisatus, cum bono commento, quod incipit : Grecia, disciplinarum mater";"1481";"[Köln";"Johann Guldenschaff";"1481";"Null";"Null";"Null"
"http://data.bnf.fr/ark:/12148/cb30406049v";"Aesopus, versibus latinis redditus";"1481";"In Monteregali";"per D. de Vivaldis cum filiis";"1481";"60 p.";"Null";"http://gallica.bnf.fr/ark:/12148/bpt6k70108f"
"http://data.bnf.fr/ark:/12148/cb30434277s";"Consiglio contra la pestilenza";"1481";"Florentiae";"apud S. Jacobum de Ripoli";"1481";"In-4° . (Pellechet, 4790.)";"Null";"Null"
"http://data.bnf.fr/ark:/12148/cb30435571s";"Epistolae in pontificatu editae";"1481";"Mediolani";"Null";"1481";"In-4° . (Pellechet, 105.)";"Null";"Null"
"http://data.bnf.fr/ark:/12148/cb304355635";"Epistolare Joannis Marii Philelphi. Ludovicus Mondellus edidit";"1481";"[Paris";"Ulrich Gering (et Guillaume Maynial ?)";"1481";"Null";"Null";"Null"
"http://data.bnf.fr/ark:/12148/cb30447894z";"Satyrarum opus...";"1481";"(S. l.,)";"Null";"1481";"In-fol.";"Null";"Null"
"http://data.bnf.fr/ark:/12148/cb30465515x";"F. Frezzi. Quatriregio del decorso della vita humana";"1481";"Peruscia";"Null";"1481";"In-fol. (Pellechet, 4927.)";"Null";"Null"
"http://data.bnf.fr/ark:/12148/cb304920352";"Contra Celsum lib.";"1481";"Romae";"Null";"1481";"In-fol.";"Null";"Null"
"http://data.bnf.fr/ark:/12148/cb304987761";"Cordiale de quatuor novissimis [a Gerardo de Vliederhoven]";"1481";"Genève";"[Jean Croquet,";"1481";"70 ff. signés a-h8, i6, caractères goth.";"Null";"Null"
"http://data.bnf.fr/ark:/12148/cb305351997";"Declamationes...";"1481";"Venetiis";"Null";"1481";"In-fol. (Hain-Copinger, 13657.)";"Null";"Null"
"http://data.bnf.fr/ark:/12148/cb305380103";"Sancti Gregorii Magni Dialogorum libri quattuor";"1481";"[Strasbourg";"Jacob Eber";"1481";"[78] ff. non signés [a]2, [b]-[d]10, [e]-[i]8, [k]6, le f. [d]10 blanc";"Null";"Null"
"http://data.bnf.fr/ark:/12148/cb305381451";"Compilatio Decretalium Gregorii IX [cum glossa Bernardi Bottoni. Edita a Francisco de Monelia]";"1481";"[Venezia]";"Johann Herbort pour Johannes de Colonia et Nicolas Jenson et socii";"1481";"[314] ff. signés a10, b-e8, f-g10, h-m8, n10, o-s8, t10, v-z8, τ8, [c renversé]10, R8, A-C8, D-E10, F-K8, L10, le dernier f. blanc";"http://data.bnf.fr/ark:/12148/cb12130248s";"http://gallica.bnf.fr/ark:/12148/bpt6k59323n"
"http://data.bnf.fr/ark:/12148/cb30538137d";"Nova compilatio Decretalium Gregorii IX [cum glossa Bernardo Bottoni]";"1481";"Milano";"Giovanni Antonio d'Onate pour Pietro Castiglione et Ambrogio de' Caimi";"1481";"[314] ff. signés a10, b-e8, f-g10, h-m8, n10, o-s8, t10, v-z8,τ8, c[renversé]10, R8, A-C8, D-E10, F-K8, L10, le premier et le dernier ff. blancs";"Null";"Null"
"http://data.bnf.fr/ark:/12148/cb30555313n";"Manipulus curatorum Guidonis de Monte Rocherio";"1481";"[Augsburg]";"Christmann Heyny";"1481";"[120] à [130] ff. non signés [a10, b-p8], le premier blanc";"Null";"Null"
"http://data.bnf.fr/ark:/12148/cb305553307";"Manipulus curatorum Guidonis de Monte Rocherio";"1481";"[Köln";"Konrad Winters";"1481";"[110] ff. non signés [a-n8, o6], le premier blanc";"Null";"Null"
"http://data.bnf.fr/ark:/12148/cb30557495k";"Fol. 2 r° : [V]itam bonam et exitum beatum. Ego frater Gwillermus, sacre theologie professor minimus Parisius...  - A la fin : Explicit Postille super evangelia dominicalia et de sanctis... Impresse per me Johannem koelhof de lubeck Colon. civem Anno gre Mcccclxxxi. in vigila assumptionis...";"1481";"Köln";"Johannes Koelhoff der Ältere";"1481";"[174] ff. signés a-v8, x6, y8, le premier blanc";"Null";"Null"
"http://data.bnf.fr/ark:/12148/cb30557600m";"Le Roman de la Rose, par Guillaume de Lorris et Jean de Meung";"1481";"[Genève";"Jean Croquet";"1481";"180 ff. signés a-x8, y-z6";"Null";"http://gallica.bnf.fr/ark:/12148/btv1b73000634"
"http://data.bnf.fr/ark:/12148/cb30557500b";"Fol. 1 v° : [V]itam bonam et exitum beatum. Ego frater Guillermus, sacre theologie professor minimus Parisius... Fol. 2 r° : Epistolarum et evangeliorum de tempore et sanctis liber incipit. - A la fin : Postilla super epistolis et evangeliis... finit feliciter, sub anno Domini millesimo quadringentesimo octuagesimo primo";"1481";"[Lyon";"Nicolaus Philippi et Marcus Reinhart]";"1481";"[120] ff. signés a-p8";"Null";"Null"
"http://data.bnf.fr/ark:/12148/cb368130297";"[Au nom du seigneur, Amen. Ici commence un Plenarium disposé selon l'ordre de la sainte Eglise chrétienne où l'on trouve les épîtres et les évangiles lus et chantés pendant la Ste Messe dans le courant de l'année... Traduit... du latin en allemand. Amen. A la fin : Imprimé et achevé à Strasbourg par Martin Schotten le jour de la fête de François, le saint confesseur, en l'année 1481]";"1481";"Strasbourg";"Martin Schott";"1481";"Non signé";"Null";"Null"
"http://data.bnf.fr/ark:/12148/cb36813031s";"Hier beghinnen alle die epistelen ende ewãge // lien... (Ici commencent les épitres et évangiles avec des instructions pour toute l'année, se suivant d'un jour à l'autre : et aussi les prophéties tirées de la bible, fidèlement et exactement traduites du latin en bon hollandais...) (à la fin :) Hier gaen wt die epistelen... (Ici finissent les épîtres et évangiles avec des instructions dominicales pour toute l'année et pour toutes les fêtes : Et sont imprimés à Delft en Hollande en l'année de N. S. 1481.)";"1481";"Delft";"Null";"1481";"4 °. caract. goth.";"Null";"Null"
"http://data.bnf.fr/ark:/12148/cb36814036r";"Martilogium der Heiligen // noch dem Kalender. -(A la fin : Getruckt zü Strasz//burg Johannes Prusz, //anno Domini MCCCC LXXXIIII)";"1481";"Strasbourg";"Null";"1481";"In-fol. Caractères gothiques";"Null";"Null"
"http://data.bnf.fr/ark:/12148/cb36814209d";"Missale Romanum";"1481";"Venezia";"Franz Renner";"1481";"8 °";"Null";"Null"
"http://data.bnf.fr/ark:/12148/cb36814207q";"Missale Romanum. Ed. Philippus de Rotingo";"1481";"Venezia";"Ottaviano Scoto";"1481";"4 °, ill.";"Null";"Null"
"http://data.bnf.fr/ark:/12148/cb368142082";"[Missale seu Misse ordinarium ecclesie Parisiensis ritui accommodum.]";"1481";"Parisiis";"impressoribus J. de Prato et D. Huym";"1481";"In-fol.";"Null";"Null"
"http://data.bnf.fr/ark:/12148/cb36816985x";"(Horae Ecclesie Patauiensis) (À la fin :) Finis libri horarum juxta rubricam Ecclesie // Patauieñ. Impressi in inclita civitate... predicta // sub anno dommini. Millesimo quadringen//tesimo octuagesimo-primo. Sexta die Augusti";"1481";"Passau";"Null";"1481";"In-8 °";"Null";"Null"
"http://data.bnf.fr/ark:/12148/cb368174535";"Missale Coloniense";"1481";"Köln";"Konrad Winters";"1481";"2 °";"Null";"Null"
"http://data.bnf.fr/ark:/12148/cb36817667d";"Missale Parisiense";"1481";"Paris";"Jean Du Pré et Didier Huym";"1481";"2 °, 244 ff.";"Null";"Null"
"http://data.bnf.fr/ark:/12148/cb36821158t";"Missale Benedictinum";"1481";"Bamberg";"Johann Sensenschmidt";"1481";"2 °, ill.";"Null";"Null"
"http://data.bnf.fr/ark:/12148/cb36820778v";"[Manuale Tullense ?]";"1481";"[Bamberg";"Johann Sensenschmidt";"1481";"4 °, 64 ff.";"Null";"Null"
"http://data.bnf.fr/ark:/12148/cb30592695r";"Speculum aureum decem praeceptorum Dei, fratris Henrici Herp,...";"1481";"Nuremberge";"A. Koburger";"1481";"In-fol. (Hain, *8524.)";"Null";"Null"
"http://data.bnf.fr/ark:/12148/cb305974853";"Mercurii Trismegisti Liber de potestate et sapientia Dei e graeco in latinum traductus a Marsilio Ficino";"1481";"Venetiis";"impr. L. Dominici";"1481";"In-8° . (Hain, 8458.)";"Null";"Null"
"http://data.bnf.fr/ark:/12148/cb30598152j";"Sermones Discipuli de tempore et de sanctis, cum Promptuario exemplorum et Promptuario de miraculis b. Mariae Virginis";"1481";"Colonie";"per J. Koelhoff de Lubeck";"1481";"In-fol. (Voulliéme, 566 ; Hain, *8483.)";"Null";"Null"
"http://data.bnf.fr/ark:/12148/cb306067103";"[Hippocratis de Insomniis liber in latinum versus ab Andrea Brentio]";"1481";"[Roma";"Oliviero Servio";"1481";"[16] ff. non signés [a]-[b]8, le dernier blanc";"http://data.bnf.fr/ark:/12148/cb11933879p";"Null"
"http://data.bnf.fr/ark:/12148/cb30616422g";"Q. Horatii Flacci Opera omnia, cum commentariis Acronis per Lodovicum de Strazarolis Tarvisanum recognitis ; praecedente Porphyrionis in Horatii opera commentario, per Raphaelem Regium castigato";"1481";"(Venetiis";"M. Manzolo,)";"1481";"In-fol. (Hain-Copinger, 8878.)";"Null";"Null"
"http://data.bnf.fr/ark:/12148/cb30635289c";"Apparatus Innocentii quarti super quinque libris Decretalium per Franciscum Moneliensem correctum";"1481";"Venetiis";"J. de Colonia, N. Jenson et socii";"1481";"In-fol. (Hain, *9192.)";"Null";"Null"
"http://data.bnf.fr/ark:/12148/cb30652687g";"Vitae patrum sancti Hieronymi";"1481";"Coloniae";"C. Winters de Homborch";"1481";"In-fol. (Voulliéme, 1254.)";"Null";"Null"
"http://data.bnf.fr/ark:/12148/cb306607535";"Flavii Josephi Antiquitatum judaicarum libri, de Bello judaico et de Antiquitate Judeorum contra Apionem, per Rufinum Aquileiensem traducti";"1481";"Venetiis";"per R. de Novimagio";"1481";"2 parties en 1 vol. in-fol. (Hain-Copinger, 9453.)";"Null";"Null"
"http://data.bnf.fr/ark:/12148/cb306599619";"Opus Jordani de sanctis";"1481";"Null";"Null";"1481";"In-fol. non ch., car. goth., à 2 col. (Hain, *5919.)";"Null";"Null"
"http://data.bnf.fr/ark:/12148/cb306707552";"Juvenalis et Persii Satirae, cum commentariis Dom. Calderini";"1481";"(Venetiis";"Null";"1481";"In-fol. (Copinger, 3411.)";"Null";"Null"
"http://data.bnf.fr/ark:/12148/cb30670750b";"Junii Juvenalis Satirae, cum commentario Domitii Calderini et ejusdem defensione adversus Brotheum";"1481";"Venetiis";"per Baptistam de Tortis";"1481";"In-fol. (Hain-Copinger, 9691.)";"Null";"Null"
"http://data.bnf.fr/ark:/12148/cb30732331s";"Historia naturale...";"1481";"Venetiis";"Null";"1481";"In-fol. (Hain-Copinger, 13106.)";"Null";"Null"
"http://data.bnf.fr/ark:/12148/cb387934293";"[sans titre]";"1481";"Null";"Null";"1481";"[88] f";"Null";"Null"
"http://data.bnf.fr/ark:/12148/cb30871015g";"Legende dei sancti...";"1481";"Venetia";"Null";"1481";"In-fol.";"Null";"Null"
"http://data.bnf.fr/ark:/12148/cb30873901r";"[Fratris Baptiste Mantuani prima Parthenice quae Mariana inscribitur.]";"1481";"Bononiae";"Null";"1481";"In-4° . (Hain*, 2362.)";"Null";"Null"
"http://data.bnf.fr/ark:/12148/cb30881871c";"Oratio in senatu Venetiarum, auctore Joanne de Margarit";"1481";"Romae";"P. de Lignamine";"1481";"In-4° . (Hain, 9411.)";"Null";"Null"
"http://data.bnf.fr/ark:/12148/cb393028344";"D. Thomae de Aquino super omnes Pauli Apostoli epistolas commentaria, correcta et emendata per Petrum de Bergamo";"1481";"Bononie";"Null";"1481";"In-fol.";"Null";"Null"
"http://data.bnf.fr/ark:/12148/cb39304819q";"Quaestiones in quattuor libros Sententiarum [Ed. Thomas Penketh et Bartholomaeus de Bellatis]";"1481";"Norimbergae";"Anton Koberger";"1481";"4 parties";"Null";"Null"
"http://data.bnf.fr/ark:/12148/cb39304820x";"Quaestiones quodlibetales [Ed. Thomas Penketh]";"1481";"Norimbergae";"Anton Koberger";"1481";"In-fol.";"Null";"Null"
"http://data.bnf.fr/ark:/12148/cb39304670x";"[Dialogorum libri quattuor...]";"1481";"Milano";"L. Pachel et U. Scinzenzeler";"1481";"Null";"Null";"Null"
"http://data.bnf.fr/ark:/12148/cb30908379z";"Tractatus clarissimi philosophi et medici Matheoli Perusini de memoria augenda per regulas et medicinas. - A la fin : Explicit tractatus de memoria, editus in Italia a domino Matheolo, medicine doctore famosissimo, mortuo anno Domini milesimo quadringentesimo septuagesimo";"1481";"(Strasbourg";"H. Knoblochtzer";"1481";"In-4° , 5 ff., sign. a, car. goth., initiales ornées, à longues lignes";"Null";"Null"
"http://data.bnf.fr/ark:/12148/cb30932503f";"[Publii Ovidii Nasonis Heroides, cum commentario Antonii Volsci";"1481";"Venetiis";"B. de Tortis";"1481";"[180] p.";"Null";"http://gallica.bnf.fr/ark:/12148/bpt6k5421158c"
"http://data.bnf.fr/ark:/12148/cb310161353";"Dialogus creaturarum, moralisatus, jucundus, fabulis plenus";"1481";"Goudae";"G. Leeu";"1481";"203 p.";"Null";"http://gallica.bnf.fr/ark:/12148/bpt6k71406t"
"http://data.bnf.fr/ark:/12148/cb31016076d";"Postillae morales seu mysticae super omnes libros Sacrae Scripturae";"1481";"Mantuae";"impressum per Paulum Joannis de Butschbach";"1481";"In-fol. (Hain-Copinger, *10375.)";"Null";"Null"
"http://data.bnf.fr/ark:/12148/cb31016038v";"Postillae Nicolai de Lyra super totam Bibliam cum additionibus Pauli burgensis et replicis Matthiae Doringk";"1481";"Norimbergae";"apud Antonioum Koberger";"1481";"2 vol. in-fol., initiales rubriquées. (Hain-Copinger, *10369.)";"Null";"Null"
"http://data.bnf.fr/ark:/12148/cb310172704";"Praeceptorium divinae legis, seu Expositio Decalogi Johannis Nyder";"1481";"Basel";"[Johannes Amerbach]";"1481";"Null";"Null";"Null"
"http://data.bnf.fr/ark:/12148/cb310172588";"Manuale confessorum Johannis Nyder";"1481";"(Coloniae";"B. de Unckel.)";"1481";"In-4° . (Hain-Copinger, *11836 ; Voullième, 852.)";"Null";"Null"
"http://data.bnf.fr/ark:/12148/cb31017271g";"Praeceptorium divinae legis, seu Expositio Decalogi Johannis Nyder";"1481";"(Coloniae";"Johannes Guldenschaiff.)";"1481";"In-fol. (Copinger, 4413 ; Voullième, 859.)";"Null";"Null"
"http://data.bnf.fr/ark:/12148/cb310336831";"Consilia et quaestiones. [Oldrado de Ponte authore.]";"1481";"Bâle";"Null";"1481";"In-fol. (Hain-Copinger, *9935.)";"Null";"Null"
"http://data.bnf.fr/ark:/12148/cb31039764g";"Origenes contra Celsum libb. VIII, lab. interprete Christophoro Persona";"1481";"Romae";"Null";"1481";"In-fol. (Hain, 12078)";"Null";"Null"
"http://data.bnf.fr/ark:/12148/cb31089169k";"Contra Celsum et in fidei christianae defensionem...";"1481";"Romae";"Null";"1481";"In-fol.";"Null";"Null"
"http://data.bnf.fr/ark:/12148/cb31088592z";"Auli Persii Flacci Satirarum opus, cum commentario Bartholomaei Fontii, et cum Vita Persii ab eodem";"1481";"(Tarvisii";"apud Paulum Ferrariensem.)";"1481";"In-fol. (Hain, *12727 ; Morgan, 22.)";"Null";"Null"
"http://data.bnf.fr/ark:/12148/cb310885908";"Juvenalis et Persii Satyrae, cum commentariis Dom. Calderini";"1481";"(Venetiis";"Null";"1481";"In-fol. (Copinger, 3411.)";"Null";"Null"
"http://data.bnf.fr/ark:/12148/cb310945012";"[Sonetti et Canzone del Petrarcha, col commento di Francesco Philelpho. - Triumphi del Petrarcha, col commento di Bernardo Glicino da Sena]";"1481";"Venexia";"Null";"1481";"2 parties en 1 vol in-fol. (Hain-Copinger, *12768 ; Fiske, p. 77.)";"Null";"Null"
"http://data.bnf.fr/ark:/12148/cb31107236x";"Pii II, cui ante Aeneas Silvius nomen erat, Familiares epistole";"1481";"Nuremberge";"Null";"1481";"In-fol. (Pellechet, 92.)";"Null";"Null"
"http://data.bnf.fr/ark:/12148/cb311072289";"Abbreviatio Pii, pont. max., supra decades Blondi";"1481";"(Bononiae";"Null";"1481";"In-fol. (Pellechet, 180.)";"Null";"Null"
"http://data.bnf.fr/ark:/12148/cb31107250g";"Pii secundi Epistolae";"1481";"Mediolani";"Null";"1481";"In-4° . (Pellechet, 105.)";"Null";"Null"
"http://data.bnf.fr/ark:/12148/cb311090883";"[Sententiarum liber magistri Petri Lombardi.]";"1481";"Nurnberge";"Null";"1481";"In-fol. (Hain, *10188.)";"Null";"Null"
"http://data.bnf.fr/ark:/12148/cb31121457d";"Platinae Vitae pontificum";"1481";"Nurembergae";"Null";"1481";"In-fol. (Hain-Copinger, *13047.)";"Null";"Null"
"http://data.bnf.fr/ark:/12148/cb311234885";"[Caii Plinii Secundi Naturalis historiae libri XXXVII.]";"1481";"Parmae";"Null";"1481";"In-fol. (Hain-Copinger, *13094.)";"Null";"Null"
"http://data.bnf.fr/ark:/12148/cb31123564f";"[Naturale historia di C. Plinio Secondo, tradocta in lingua fiorentina per Christophoro Landino.]";"1481";"Venetiis";"Null";"1481";"In-fol. (Hain-Copinger, 13106.)";"Null";"Null"
"http://data.bnf.fr/ark:/12148/cb311353699";"Declamationes";"1481";"Venetiis";"Null";"1481";"In-fol. (Hain, 13657.)";"Null";"Null"
"http://data.bnf.fr/ark:/12148/cb31134833f";"[Pontani de Aspiratione liber.]";"1481";"Neapoli";"Null";"1481";"In-fol. (Hain, *13260.)";"Null";"Null"
"http://data.bnf.fr/ark:/12148/cb31153962g";"Carmina Catulli, Tibulli et Propertii, cum Statii Sylvis, edente Joanne Calphurnio";"1481";"Vicentiae";"Null";"1481";"In-fol. (Pellechet, 3443.)";"Null";"Null"
"http://data.bnf.fr/ark:/12148/cb31158761s";"Bucoliche... [con alcune elegie dello stesso Pulci.]";"1481";"Florentiae";"Null";"1481";"In-8°";"Null";"Null"
"http://data.bnf.fr/ark:/12148/cb31165850w";"M. F. Quintiliani Institutiones oratoriae";"1481";"Venetiis";"Null";"1481";"(Hain-Copinger, 13657.)";"Null";"Null"
"http://data.bnf.fr/ark:/12148/cb31165774m";"La Hystoria de Alexandre, per Quinto Curcio Ruffo... per Luis de Fenollet en la... lengua Valenciana transferdia...";"1481";"Barcelona";"Null";"1481";"In-fol. (Pellechet, 4071.)";"Null";"Null"
"http://data.bnf.fr/ark:/12148/cb311655831";"Q. Curtii de Rebus gestis Alexandri Magni";"1481";"Mediolani";"Null";"1481";"In-fol. (Pellechet, 4065.)";"Null";"Null"
"http://data.bnf.fr/ark:/12148/cb311658219";"M. F. Quintiliani Declamationes, J. Grasolario editore";"1481";"Venetiis";"Null";"1481";"In-fol. (Hain-Copinger, 13657.)";"Null";"Null"
"http://data.bnf.fr/ark:/12148/cb31183516t";"Abubecri Rasis filii Zacharie Liber [in decem tractatus ad Almansorem]. - Fol. p1, r° : Liber divisionum Rasis. - Fol. x1, r° : Tractatus Rasis de egritudinibus juncturarum. - Fol. y2, r° : Capitulum de curis puerorum in prima aetate. - Fol. y5, r° : Liber Rasis de secretis in medicina qui liber amphorismorum [sic] apellatur [sic]. - Fol. z7, v° : Liber Galieni de medicinis experimentalis, qui intitulatur medicinalis experimentatio Galieni. - Fol.?6, r° : Amphorismi [sic] Johannis Damasceni. - Fol. @ 1, r° : Ypocratis de humana natura, vel de elementis liber. - Fol. @ 2, v° : Ypocratis de aere et aqua et regionibus liber. - Fol. @ 1, r° : Hippocratis de pharmaciis libellus. De sectionibus et cauteriis et ventosis Rasis. - Fol. @ 3, r° : Rasis Sinonyma. - À la fin : Impressum Mediolani per prudentes opifices Leonardum Pachel et Uldericum Scinzcenceller teuthonicos anno a Nativitate Domini millesimo quadringentesimo octuagessimo primo. XVI. klas martias";"1481";"Milano";"Leonhard Pachel et Ulrich Scinzenzeler";"1481";"In-fol., sign. a-z, r- @ , car. goth., lettrines coloriées";"Null";"Null"
"http://data.bnf.fr/ark:/12148/cb312378905";"Libellus de regimine rusticorum, qui etiam valde utilis est curatis, capellanis, drossatis, schultetis ac aliis officiariis iisdem in utroque statu presidentibus [auctore W. Rolevinck]";"1481";"[Köln]";"[Bartholomaeus von Unckel]";"1481";"70 ff., sign. a-j, car. goth.";"Null";"Null"
"http://data.bnf.fr/ark:/12148/cb31237858p";"Fasciculus temporum [auctore W. Rolevinck]";"1481";"(Coloniae,)";"per H. Quentel";"1481";"In-fol., 63 ff., sign. a-h, et 8 ff. de table, car. goth., fig. (Voullième, 1032.)";"Null";"Null"
"http://data.bnf.fr/ark:/12148/cb312378967";"Fol. a⁽2 : Libellus de venerabili sacramento et valore missarum. [Auctore Wernero Rolevinck.] - À la fin : Et sic est finis hujus opusculi";"1481";"(Paris";"J. Dupré";"1481";"In-4° , 36 ff., sign. a-d., car. goth., à longues lignes, 27 l. à la page";"Null";"Null"
"http://data.bnf.fr/ark:/12148/cb312378591";"Fasciculus temporum [auctore W. Rolevinck, cum additionibus fratris Henrici Wirzburg de Vach]";"1481";"In prioratu Rubrimontio, ord. cluniac.";"per H. Wirczburg de Vach";"1481";"In-fol., 96 ff. non ch., sans sign. ni récl., car. goth., fig. (Polain, Belg. 3373.)";"Null";"http://gallica.bnf.fr/ark:/12148/btv1b7300074x"
"http://data.bnf.fr/ark:/12148/cb31237879n";"Buch das man nennet ein Bürdlin der zyt";"1481";"Basel";"B. Richel";"1481";"In-fol., 15 ff. n. ch., 128 ff. ch., sans sign. ni récl., car. goth., lettrines, fig. (Polain, Belg., 3381.)";"Null";"Null"
"http://data.bnf.fr/ark:/12148/cb31274381x";"Satirae cum commentariis Dom. Calderini";"1481";"(Venetiis";"Null";"1481";"In-fol. (Copinger, 3411.)";"Null";"Null"
"http://data.bnf.fr/ark:/12148/cb31288671m";"Sallustii Opera";"1481";"Venetiis";"per Baptistam de Tortis";"1481";"[103 p.]";"Null";"http://gallica.bnf.fr/ark:/12148/bpt6k5421244p"
"http://data.bnf.fr/ark:/12148/cb42537936d";"Viaggio in Terra santa";"1481";"[Milano]";"Leonhard Pachel et Ulrich Scinzenzeler pour Ambrogio Archinto";"1481";"Null";"Null";"Null"
"http://data.bnf.fr/ark:/12148/cb313670468";"[Silii Italici Punicorum libri XVII, cum auctoris vita.]";"1481";"(Parmae";"Null";"1481";"In-fol. (Hain, 14737.)";"Null";"Null"
"http://data.bnf.fr/ark:/12148/cb31375126n";"[Exhortatio ad omnes. Principes ut, facta unione generali, resistant Turcarum regi jam Apuliae oras ingresso.]";"1481";"Rome";"Null";"1481";"In-8° . (Hain 14806.)";"Null";"Null"
"http://data.bnf.fr/ark:/12148/cb31396678x";"[Catulli, Tibulli, Propertiique Carmina. Accedunt Statii Sylvarum libri V.]";"1481";"Vicentiae";"J. de Reno et D. Bertochus";"1481";"In-fol. (Hain-Copinger, 4760 ; Pellechet, 3443.)";"Null";"Null"
"http://data.bnf.fr/ark:/12148/cb314277127";"Bibliotheca, seu Historiarum priscarum libri VI... [Cum Jeronymi Squarzafici ad Franciscum Leonum, patricium venetum, epistola.]";"1481";"Venetiis";"Null";"1481";"In-fol. (Hain-Copinger, 6190 ; Pellechet, 4268.)";"Null";"Null"
"http://data.bnf.fr/ark:/12148/cb314349875";"[Lectura Alexandri Tartagni de Imola super prima parte Digesti veteris, cum apostillis.]";"1481";"Mediolani";"Null";"1481";"In-fol. (Hain-Reichling, 15297.)";"Null";"Null"
"http://data.bnf.fr/ark:/12148/cb314431528";"Cy commencent [sic] le Procès de Belial à l'encontre de Jhésus. [Compilé par Jacques de Ancharano et trenslaté de latin en francoys par Pierre Ferget.]";"1481";"[Lyon";"Martin Huss]";"1481";"Null";"Null";"http://gallica.bnf.fr/ark:/12148/btv1b73000367"
"http://data.bnf.fr/ark:/12148/cb31443384f";"[Terentii Comoediae sex : Andria, Eunuchus, Eaphtontimorumenon, Adelphe, Hechira, Phormio.] - (Fol. [1,] r° :) Terentius, Apher genere, civis vero Carthaginensis fuit... - Fabula prima Andria vocatur... - Argumentum : Orto bello Athenis... - (Fol. [1,] v° :) Terentii Aphri, poete comici, epitaphium... - (À la fin :) Terentii Aphricani, poete comici, Comedie finiunt foeliciter. Impresse Neapoli, anno Salutis M. CCCC. LXXXI., XXVIII. die maii. Incipit tabula quaternorum et foliorum istius libri. Primum vacat...";"1481";"Neapoli";"Null";"1481";"In-fol., 85 ff. n. ch., s. sign. n. récl., car. rom. (Brunet, V, col. 709 ; Lawton, 41.)";"Null";"Null"
"http://data.bnf.fr/ark:/12148/cb31462140f";"Libri quinque de Consolatione philosophie Boetii,... una cum commentaria editione [sancti Thome de Aquino]...";"1481";"In civitate Colonia";"per J. Koelhoff";"1481";"In-fol. (Hain, *3371 ; Vouillième, 260 ; Pellechet, 2517 ; Gesamtkatalog der Wiegendrucke, IV, 4530 ; Polain, 727.)";"Null";"Null"
"http://data.bnf.fr/ark:/12148/cb314621397";"Sancti Thome de Aquino Super libris Boecii de Consolatione philosophie commentum cum expositione...";"1481";"Tholose";"J. Parix";"1481";"In-fol. (Copinger, 1108 ; Pellechet, 2516 ; Gesamtkatalog der Wiegendrucke, IV, 4529.)";"Null";"Null"
"http://data.bnf.fr/ark:/12148/cb314620885";"Tractatulus... de Arte et vero modo predicandi, ex diversis sacrorum doctorum scripturis, et principaliter... Thome de Aquino, ex parvo suo quodam tractatulo, recollectus...";"1481";"In civitate Gebenensi";"per L. Cruse alias Garbini";"1481";"In-fol. (Hain-Copinger, 1360 ; Pellechet, 972.)";"Null";"Null"
"http://data.bnf.fr/ark:/12148/cb314618733";"Sancti Thome de Aquino,... Super quarto libro Sententiarum preclarum opus...";"1481";"Venetiis";"impendio J. de Colonia, N. Jenson sociorumque summa cum diligentia impressum";"1481";"In-fol. (Hain-Copinger, *1484 ; Pellechet, 1071 ; Polain, 3735.)";"Null";"Null"
"http://data.bnf.fr/ark:/12148/cb31461872r";"Egregium opus Quarti scripti Angelici doctoris, beati Thome Aquinatis";"1481";"Coloniae";"per H. Quentell";"1481";"In-fol. (Hain-Copinger, *1483 ; Pellechet, 1070 ; Vouillième, 1152 ; Polain, 3734.)";"Null";"Null"
"http://data.bnf.fr/ark:/12148/cb31462131g";"Tractatus sancti Thome de Aquino,... de Corpore Cristi. - Dicta de sacramento magistri Nicolai de Lira... - Intellectus super Oracione dominica";"1481";"[Köln";"Bartholomaeus von Unckel";"1481";"Null";"Null";"Null"
"http://data.bnf.fr/ark:/12148/cb31468541b";"[Carmina Catulli, quibus accessere Tibulli et Porpertii Carmina, Statii Sylvae et Joannis Calphurnii De Interitu Beati Simonis a Judeis mactati. Edidit Joannes Calphurnius.]";"1481";"Vicentiae";"per J. de Reno et D. Bertochum";"1481";"In-fol. (Pellechet, 3443 ; Polain, 1049 ; Gesamtkatalog der Wiegendrucke, 6389.)";"Null";"Null"
"http://data.bnf.fr/ark:/12148/cb314746786";"[Le Deche (1a, 3a e 4a) di Tito Livio.]";"1481";"Venetia";"per O. Scoto";"1481";"3 tomes en 1 vol. in-fol. à 2 col. (Hain-Reichling, 10146 ; Brit. Mus., Books pr. XVth c., t. V, p. 276.)";"Null";"Null"
"http://data.bnf.fr/ark:/12148/cb31481341h";"[Materia aurea enucleata ex originalibus virtutum et vitiorum, Flos theologie nuncupata, secundum ordinem alphabeti pro sermonibus applicabilis tam de tempore quam de sanctis totius anni. (Per Johannem de Turrecremata. Cum registro thematum et tabula alphabetica omnium materiarum in libro contentarum.) - Questiones Evangeliorum tam de tempore quam de sanctis, collecte per reverendum dominum Johannem de Turrecremata,... (Cum tabula.)]";"1481";"[Basel";"Johannes Amerbach";"1481";"2 parties en 1 vol.";"Null";"Null"
"http://data.bnf.fr/ark:/12148/cb314812924";"[Tractatus de efficacia aque benedicte, per... Johannem de Turrecremata,... compilatus...]";"1481";"(Urach";"C. Fyner.)";"1481";"In-4° . (Hain-Copinger, *15742.)";"Null";"Null"
"http://data.bnf.fr/ark:/12148/cb314813107";"[Reverendissimi cardinalis tituli Sancti Sixti, domini Johannis de Turrecremata, Expositio brevis et utilis super toto Psalterio.]";"1481";"In burgo sanctissimi Hilarii majoris Pictavis impressa";"(per J. Bouyer)";"1481";"In-fol. (Hain-Copinger-Reichling, 15702 ; A. Claudin, Origines et débuts de l'imprimerie à Poitiers.)";"Null";"Null"
"http://data.bnf.fr/ark:/12148/cb31481512g";"Postille morales seu mystice super omnes libros Sacre Scripture...";"1481";"Mantue";"Null";"1481";"In-fol. (Hain-Copinger, *10375 ; Polain, 2824.)";"Null";"Null"
"http://data.bnf.fr/ark:/12148/cb31481329n";"Meditationes... Johannis de Turrecremata";"1481";"Albie";"[J. Numeister]";"1481";"[29 f.]";"Null";"http://gallica.bnf.fr/ark:/12148/bpt6k110664v"
"http://data.bnf.fr/ark:/12148/cb314813405";"[Materia aurea enucleata ex originalibus virtutum et vitiorum, Flos theologie nuncupata, secundum ordinem alphabeti pro sermonibus applicabilis tam de tempore quam de sanctis totius anni. (Per Johannem de Turrecremata. Cum registro thematum et tabula alphabetica omnium materiarum in libro contentarum.) - Questiones Evangeliorum tam de tempore quam de sanctis, collecte per reverendum dominum Johannem de Turrecremata,... (Cum tabula.)]";"1481";"(Viennae,)";"per E. Fromolt";"1481";"2 parties en 1 vol. in-fol. (Hain-Copinger, *15716 ; Polain, 3872 ; Br. Mus., Books pr. XVth c., t. VIII, p. 374.)";"Null";"Null"
"http://data.bnf.fr/ark:/12148/cb315090685";"Hubertini Clerici Crescentinatis In Nasonis Heroidas commentum...";"1481";"Casali di San Vaso";"G. de Canepanova";"1481";"In-4° . (Hain, 12208.)";"Null";"Null"
"http://data.bnf.fr/ark:/12148/cb315876998";"[Opuscula Vincentii Belvacensis : Liber gratiae ; Laudes Virginis Mariae ; Tractatus de sancto Johanne evangelista ; Tractatus de eruditione filiorum regalium ; Tractatus consolatorius de morte amici]";"1481";"Basel";"Johannes Amerbach";"1481";"In-fol. à 2 col., car. goth.";"Null";"Null"
"http://data.bnf.fr/ark:/12148/cb31587761v";"Mirabile opusculum sancti Vincencij,... de fine mundi";"1481";"(Norimbergae,)";"C. Zeninger";"1481";"In-4° , car. goth. (Copinger, II, 2476 ; Br. Mus., Cat. of books pr. XVth c., t. II, p. 460 ; Polain, t. IV, n  3949.)";"Null";"Null"
"http://data.bnf.fr/ark:/12148/cb31592114p";"[La Bucolica di Virgilio, interpretata di latino in vulgare per Bernardo Pulci, con alcune elegie dello stesso Pulci et la Bucolica di Francesco de Arsochi, Hieronymo Benivieni e Jacopo Fiorino de Boninsegni.]";"1481";"Florentię";"per A. B. Miscomini";"1481";"In-4° . (Copinger, 6137 et *141 ; Br. Mus., Books pr. XVth c., t. VI, p. 636 ; Mambelli, 993 ; Goff, p. 624, V-216.)";"Null";"Null"
"http://data.bnf.fr/ark:/12148/cb31606897d";"[Legendae sanctorum quas collegit in unum frater Jacobus, natione Jauuensis,...]";"1481";"(Argentine,)";"Null";"1481";"In-fol. (M. Gisi, Verzeichniss der Incunabeln der Kantons-Bibliothek Solothurn, 559 ; Copinger, 6423 ; Brit. Mus., Books pr. XVth c., t. I, p. 96 ; Goff, J-99.)";"Null";"Null"
"http://data.bnf.fr/ark:/12148/cb316068873";"[Legendae sanctorum quas collegit in unum frater Jacobus Januensis,...]";"1481";"Nurnbergii";"A. Koberger";"1481";"In-fol. (Copinger, 6425 ; Brit. Mus., Books pr. XVth c., t. II, p. 419 ; Goff, J-97.)";"Null";"Null"
"http://data.bnf.fr/ark:/12148/cb31606879g";"[Legendae sanctorum per anni circuitum venientium, quas compilavit frater Jacobus de Voragine.] - Au f. [325 :] Iste legende que hic sequuntur non habentur in Hystoria lombardica, sed addite sunt ex aliis legendis et libris...";"1481";"Colonie";"per C. Winters de Homburch";"1481";"In-fol. (Copinger, 6424 ; Voullième, 621 ; Brit. Mus., Books pr. XVth c., t. I, p. 249 ; Polain, 2194 ; Goff, J-98.)";"Null";"Null"
"http://data.bnf.fr/ark:/12148/cb31606973p";"Incomincia el libro intitulato Legendario de sancti, composto per... Jacobo de Voragine,... - Au colophon : Finise le Legende de sancti, composte per... Jacobo de Voragine,... traducte de latino in lingua vulgare per... Nicolao de Manerbi,... stampate in Venetia per Octaviano Scoto Modoetiense, a di XXIII de zugno MCCCCLXXXI...";"1481";"Venetia";"Null";"1481";"In-fol., signé a-b⁽1⁽0, c-e⁽8, f⁽1⁽0, g-o⁽8, p-q⁽6, r-z⁽8, @ ⁽8,?⁽8, Psi⁽8, aa⁽8, bb-cc⁽6, dd⁽8, car. goth. (Copinger-Reichling, 6499 ; Goff, J-176.)";"Null";"Null"
"http://data.bnf.fr/ark:/12148/cb316859346";"Aristotelis Rhetorica, cum Alpharabii Declaratione, Poetica, cum Ibinrosdin Determinatione, ex arabico latine redditae ab Hermanno Alemano...";"1481";"Venetiis";"Null";"1481";"In-fol. à 2 col. (Hain, 1681 ; Pellechet, 512 ; Br. Mus., Books pr. XVth c., V, p. 222-223 ; Proctor, 4282 ; Goff, A-1046, p. 56 ; Indice gen. degli incunaboli... d'Italia, 852.)";"Null";"Null"
"http://data.bnf.fr/ark:/12148/cb32424959v";"Margarita decreti";"1481";"(S. l.)";"Null";"1481";"Null";"Null";"Null"
"http://data.bnf.fr/ark:/12148/cb32462492n";"Tractatus de vera, reali atque mirabili existentia totius Christi in sanctissimo altaris sacramento [a Radulpho de Montfiquet]";"1481";"Parisius, per G. de Marnef";"Null";"1481";"Null";"Null";"Null"
"http://data.bnf.fr/ark:/12148/cb336107228";"Speculum peccatoris";"1481";"[Vienne]";"[E. Frommolt]";"1481";"Pièce";"Null";"Null"
"http://data.bnf.fr/ark:/12148/cb33715103q";"(Sentence des requêtes du palais qui adjuge à l'archidiacre de Paris les lits, surplis et autres effets de J. Aubry, décédé curé de l'église St-Germain-le-vieil de Paris ; contre P. Aubry et J. de Rueil, héritiers dudit Aubry.)";"1481";"(S. l. n. d.)";"Null";"1481";"4°";"Null";"Null"
"http://data.bnf.fr/ark:/12148/cb33733833h";"Sentence du Chatelet contre les notaires apostoliques";"1481";"(S. l. n. d.)";"Null";"1481";"4°";"Null";"Null"
"http://data.bnf.fr/ark:/12148/cb337466912";"Arrest (de la Cour des Aides) par lequel tous lègemens de sel sont déclarez exempts de droict de sallage, au péage de S. Gondon";"1481";"(S. l. n. d.)";"Null";"1481";"In-8°, 2 ff.";"Null";"Null"
"http://data.bnf.fr/ark:/12148/cb337466943";"Arrêt (de la Cour des aides) par lequel tous legements de sel sont déclarés exempts de droit de salage, au péage de St-Gondon";"1481";"(Orléans)";"(Hotot)";"1481";"8°";"Null";"Null"
"http://data.bnf.fr/ark:/12148/cb33746690q";"Arrêt de la Chambre des Aides par lequel tous lègemens de sel sont déclarés exempts de droit de sallage au péage de Saint-Gondon";"1481";"(S. l. n. d.)";"Null";"1481";"In-8° Pièce";"Null";"Null"
"http://data.bnf.fr/ark:/12148/cb337689417";"[Lettres d'indulgences et privilèges accordés à ceux qui ont fourni des subsides pour la guerre contre les Turcs et pour la défense de Rhodes. Les deux premières lignes manquent, la suivante commence par ces mots :] expeditōe cōtra pfidos Turchos xpcistiani noīs hostes, in defēsionē insule Rhodi... Anno dn̄i M. CCCC. LXXXI...";"1481";"[Audenarde]";"[Arend de Keysere]";"1481";"placard anopisthographe";"Null";"Null"
"http://data.bnf.fr/ark:/12148/cb33768942k";"Formule d'un brevet d'indulgences délivré par Rudolfus, comes in Werdenberg, frater ordinis militaris Jherosolomitani (sic), baiulivus Brandenbur//gensis, commendator domus sancti Johannis in Freyburg, commissarius negocii indulgentiarum apostolicarum pro defensi//one fidei catholice et insule Rhodi contra Turcos universo orbi concessarum, per dominum Johannem de Cardona specialiter sub//delegatus. 1481";"1481";"[S. l. n. d. ?]";"Null";"1481";"Feuillet de papier de 150 millim. sur 235. Caractères gothiques. 26 lignes";"Null";"Null"
"http://data.bnf.fr/ark:/12148/cb35284477q";"De Anima libri tres";"1481";"[Venetiis]";"[per magistrum Raynaldum de Novimagio impresse]";"1481";"[123] f. 2 col., sign. a-q⁶, r-s⁸, t-v⁶";"Null";"Null"
"http://data.bnf.fr/ark:/12148/cb358865703";"Commodity imports 5";"1481";"New York. - XLV p.";"United Nations";"1481";"Null";"Null";"Null"
"http://data.bnf.fr/ark:/12148/cb359512055";"[Sans titre]";"1481";"Null";"Null";"Null";"[106] f.";"Null";"Null"
"http://data.bnf.fr/ark:/12148/cb35951206h";"Psalmus David";"1481";"Null";"Null";"1481";"[206] f.";"Null";"Null"
"http://data.bnf.fr/ark:/12148/cb359510675";"[Sans titre]";"1481";"Null";"Null";"Null";"[372] f.";"Null";"Null"
"http://data.bnf.fr/ark:/12148/cb35951096r";"[Biblia. Postillae Nicolai de Lyra super totam Bibliam...]";"1481";"Venezia";"Johann Herbort pour Johannes de Colonia, Nicolas Jenson et associés [31 VII] 1481";"1481";"[1571] f.";"Null";"Null"
"http://data.bnf.fr/ark:/12148/cb35951194b";"David prophētou kai Basileos melos = David prophetae et regis melos";"1481";"Null";"Null";"1481";"[182] f.";"Null";"Null"
"http://data.bnf.fr/ark:/12148/cb35951066t";"[Sans titre]";"1481";"[Basel]";"[Johannes Amerbach]";"1481";"[572] f.";"Null";"Null"
"http://data.bnf.fr/ark:/12148/cb36582479k";"Preceptorium divine legis...";"1481";"S. l.";"Impressum Basilie";"1481";"In-fol.";"Null";"Null"
