id;title;date;place;publisher;firstyear;description;subject;gallica
"http://data.bnf.fr/ark:/12148/cb30004471z";"Expositio Egidii Romani super (Aristotelis) libros de Anima, cum textu";"1496";"Venetiis";"expensis O. Scoti";"1496";"In-fol. (Hain, 130.)";"Null";"Null"
"http://data.bnf.fr/ark:/12148/cb300077120";"De Arte loquendi et tacendi";"1496";"Köln";"Hermann Bungart";"1496";"Null";"Null";"Null"
"http://data.bnf.fr/ark:/12148/cb300094370";"Alexandri Anglici Destructorium vitiorum";"1496";"Nürnberg";"Anton Koberger";"1496";"Null";"Null";"Null"
"http://data.bnf.fr/ark:/12148/cb30009872m";"Postilla super Psalterium, auctore Alexandro Halensi";"1496";"Impressa Venetiis";"per J. et G. de Gregoriis";"1496";"In-fol. (Hain, 8972.)";"Null";"Null"
"http://data.bnf.fr/ark:/12148/cb300198108";"Elegie Fausti";"1496";"Paris";"Félix Baligault";"1496";"Null";"Null";"Null"
"http://data.bnf.fr/ark:/12148/cb30019808q";"Elegie Fausti";"1496";"Parisius";"per G. Mercatorem";"1496";"In-4° . (Pellechet, 732.)";"Null";"Null"
"http://data.bnf.fr/ark:/12148/cb30023743q";"Apollonii Rhodii Argonautica";"1496";"Florentiae";"per L. F. de Alopa";"1496";"In-4";"Null";"Null"
"http://data.bnf.fr/ark:/12148/cb300232978";"Sermones fratris Antonii de Bitonto in epistolas dominicales et quadragesimales";"1496";"Venetiis";"per J. Hertzog, impensis Nicolai de Frankfordia";"1496";"In-8° . (Hain, *3224.)";"Null";"Null"
"http://data.bnf.fr/ark:/12148/cb30023951w";"Soliloquia abbatis (auctore Constantio Applano)";"1496";"Cremonae";"opera C. de Darleriis";"1496";"In-4° . (Pellechet, 919.)";"Null";"Null"
"http://data.bnf.fr/ark:/12148/cb300231014";"Tractato volgare di frate Antonino, arcivescovo di Firenze, intitolato Defecerunt";"1496";"Firenze";"impr. a petitione di ser Piero Pacini da Pescia, per L. Morgiani et G. di Maganza";"1496";"In-4° . (Pellechet, 869.)";"Null";"Null"
"http://data.bnf.fr/ark:/12148/cb30039780k";"Auli Gellii noctium atticarum commentarii";"1496";"Venezia";"Giovanni Tacuino";"1496";"[128] ff.";"Null";"Null"
"http://data.bnf.fr/ark:/12148/cb30040525x";"D. Magni Ausonii Opera, ex recensione Julii Aemilii Ferrarii, ab Hieronymo Avancio emendata";"1496";"Venetiis";"per J. de Cereto, alias Tacuinum";"1496";"In-fol. (Pellechet, 1648.)";"Null";"Null"
"http://data.bnf.fr/ark:/12148/cb30041885v";"Fabulae e graeco in latinum versae a Rimicio (sic)";"1496";"(Basileae.)";"Null";"1496";"In-fol. (Pellechet, 198.)";"Null";"Null"
"http://data.bnf.fr/ark:/12148/cb300417173";"Liber Theicrisi dahalmodana vahaltadabir";"1496";"Venetiis";"per B. Locatellum";"1496";"In-fol. (Pellechet, 1653.)";"Null";"Null"
"http://data.bnf.fr/ark:/12148/cb30045562b";"(Comoediae.)...";"1496";"In Argentina";"Null";"1496";"In-fol. (Hain, *15431.)";"Null";"Null"
"http://data.bnf.fr/ark:/12148/cb30048948m";"Summa quae vocatur Catholicon edita a fratre Johanne de Janua (Balbi)";"1496";"Lyon";"[Perrinus Lathomi, Bonifacius Johannis et Johannes de Villa Veteri]";"1496";"Null";"Null";"Null"
"http://data.bnf.fr/ark:/12148/cb30057296h";"Tractatus de monte impietatis";"1496";"Cremonae";"Null";"1496";"In-4°";"Null";"Null"
"http://data.bnf.fr/ark:/12148/cb30083027s";"Diaria de bello Carolino";"1496";"[Venezia";"Aldo Manuzio";"1496";"Null";"Null";"Null"
"http://data.bnf.fr/ark:/12148/cb30092507h";"Passio sancti Meynrhadi, martyris et heremite (quam composuit Berno, abbas, ediditque S. Brant)";"1496";"Basileae";"M. Furter";"1496";"In-4° , fig. sur bois. (Hain, 12453.)";"Null";"Null"
"http://data.bnf.fr/ark:/12148/cb30092863t";"Epistolae...";"1496";"Bononiae";"Null";"1496";"In-4°";"Null";"Null"
"http://data.bnf.fr/ark:/12148/cb300927777";"Ecce tibi, lector humanissime : Philippi (Beroaldi) annotationes centum. Ejusdem contra Servium grammaticum notationes. Ejusdem Plinianae aliquot castigationes. Angeli Politiani miscella-neorum centuria prima. Domitii Calderini observationes quaepiam. Politiani item Panepistemon. Ejusdem praelectio in Aristotelem, cui titulus Lamia. Philippi rursus Beroaldi appendix aliarum annotationum. Joannis Baptistae Pii annotamenta";"1496";"Brixiae";"B. Misinta";"1496";"In-fol. (Pellechet, 2209.)";"Null";"Null"
"http://data.bnf.fr/ark:/12148/cb301184014";"Boetii de disciplina scholarium cum commento";"1496";"Daventriae";"per Jacobum de Breda";"1496";"In-4° . (Pellechet, 2563.)";"Null";"Null"
"http://data.bnf.fr/ark:/12148/cb30125330x";"Tractatus brevis domini Bonadventure de modo se preparandi ad celebrandum missam";"1496";"[Paris";"Georg Mittelhus";"1496";"[8] ff., 2 col., sign. b";"Null";"Null"
"http://data.bnf.fr/ark:/12148/cb30125409c";"Stimulus divini amoris devotissimus a sancto Johanne Bonaventure editus... post ejusdem varias impressiones incorrectas ultimate emendatus et correctus per... magistrum Johannem Quentin, canonicum et penitentiarium parisiensem. - A la fin : Explicit feliciter liber qui dicitur stimulus divini amoris... Parisius impressus in expensis Dyonisii Rosse commorantis in vico Sancti Jacobi, ad intersignium Sancti Martini";"1496";"Paris";"[Pierre Poulhac] pour Denys Roce";"1496";"Car. goth., sign. A-N, marque typogr. de D. Roce sur le titre";"Null";"Null"
"http://data.bnf.fr/ark:/12148/cb30155514v";"Margarita Decretalium";"1496";"Basel";"Nicolaus Kessler";"1496";"Null";"Null";"Null"
"http://data.bnf.fr/ark:/12148/cb30161512d";"Sunte Birgitten openbaringe";"1496";"Lübeck";"Null";"1496";"In-4° (Hain, 3206.)";"Null";"Null"
"http://data.bnf.fr/ark:/12148/cb30178414q";"Burleus. De intensione et remissione formarum. Jacobus de Forlivio de intensione et remissione formarum. Tractatus proportionum Alberti de Saxonia";"1496";"Venetiis";"expensis Octaviani Scoti, per Bonetum Locatellum";"1496";"In-fol. (Hain-Copinger, 4141.)";"Null";"Null"
"http://data.bnf.fr/ark:/12148/cb30186055x";"Heroides, cum commentariis Antonii Volsci. Sapho et In Ibin, cum commentariis Domitii Calderini";"1496";"Mediolani";"Null";"1496";"In-fol.";"Null";"Null"
"http://data.bnf.fr/ark:/12148/cb301870702";"Hymni, graece [cum scholiis veteribus]";"1496";"[Firenze";"Lorenzo d'Alopa";"1496";"[34] p. en 2 parties";"Null";"http://gallica.bnf.fr/ark:/12148/bpt6k70517h"
"http://data.bnf.fr/ark:/12148/cb30193239q";"Opera Guillelmi Caoursin, Rhodiorum vicecancellarii";"1496";"Ulmae";"[s.n.]";"1496";"120 p.";"Null";"http://gallica.bnf.fr/ark:/12148/bpt6k71277s"
"http://data.bnf.fr/ark:/12148/cb30193248p";"Stabilimenta militum Hierosolymitarum, a Guilelmo Caorsino composita";"1496";"Ulmae";"Null";"1496";"In-fol.";"Null";"Null"
"http://data.bnf.fr/ark:/12148/cb30206728g";"Catho in Latin unnd Tütsch";"1496";"[Basel]";"Michael Furter";"1496";"Null";"Null";"Null"
"http://data.bnf.fr/ark:/12148/cb30207043p";"Catullus, una cum commentariis eruditi viri Palladii Fusci Patavini";"1496";"Venetiis";"per J. Tacuinum de Tridino";"1496";"In-fol. (Pellechet, 3440.)";"Null";"Null"
"http://data.bnf.fr/ark:/12148/cb302063976";"Dialogus seraphice ac dive Catharine de Senis, cum nonnullis aliis orationibus, latino interprete Raymundo Capuano, edidit Marcus Civilis Brixianus";"1496";"Brixiae";"per Bernardinum de Misintis";"1496";"In-8° . (Hain, *4693.)";"Null";"Null"
"http://data.bnf.fr/ark:/12148/cb30210793p";"Πίναξ";"1496";"[Firenze";"Lorenzo d'Alopa";"1496";"In-8";"Null";"Null"
"http://data.bnf.fr/ark:/12148/cb302416593";"'Ερωτήματα";"1496";"[Firenze";"Lorenzo d'Alopa";"1496";"[64] ff.";"Null";"Null"
"http://data.bnf.fr/ark:/12148/cb302429773";"M. T. Ciceronis Epistolae ad familiares, cum commentariis Hubertini clerici Crescentinatis, Martini Philetici et Georgii Merulae. Additae sunt Angeli Politiani annotationes";"1496";"Lugduni";"per J. Vingle";"1496";"In-fol. (Hain-Copinger, 5206.)";"Null";"Null"
"http://data.bnf.fr/ark:/12148/cb30260621k";"Opera agricolationum, cum ex scriptionibus D. P. Beroaldi et commentariis quae in aliis impressionibus non extant";"1496";"Regii";"Null";"1496";"In-fol. (Hain, 14569.)";"Null";"Null"
"http://data.bnf.fr/ark:/12148/cb30264537n";"Concordantiae majores Bibliae tam dictionum declinabilium quam indeclinabilium diligenter vise, cum textu ac secundum veram orthographiam emendate. (Composuit Conradus de Alemannia. Edidit Joannes de Secubia.)";"1496";"Basileae";"Null";"1496";"In-fol. (Hain, *5633.)";"Null";"Null"
"http://data.bnf.fr/ark:/12148/cb30275920g";"Cornucopie...";"1496";"Parisiis";"Null";"1496";"In-fol. (Hain-Copinger, 12703.)";"Null";"Null"
"http://data.bnf.fr/ark:/12148/cb302748292";"Francisci Curtii Consilia";"1496";"Mediolani";"Null";"1496";"In-fol. (Hain-Copinger*, 5871.)";"Null";"Null"
"http://data.bnf.fr/ark:/12148/cb303243619";"Formula vivendi canonicorum sive vicariorum secularium aut etiam aliorum devotorum presbiterorum, auctore Dionysio Carthusiano";"1496";"Delf";"Null";"1496";"In-4° . (Campbell, 755.)";"Null";"Null"
"http://data.bnf.fr/ark:/12148/cb303242929";"Dionysii Areopagitae de Mystica theologia et de Nominibus divinis, interprete et explanatore Marsilio Ficino";"1496";"Firenze";"Lorenzo d'Alopa";"1496";"Null";"Null";"Null"
"http://data.bnf.fr/ark:/12148/cb30343741z";"Bibliotheca seu Historiarum priscarum libri VI e graeco in latinum traducti per Fr. Poggium, opus emendatum per Bartholomaeum Merulam";"1496";"Venetiis";"per Joannem de Cereto de Tridino alias Tacuinum";"1496";"In-fol. (Pellechet, 4270.)";"Null";"Null"
"http://data.bnf.fr/ark:/12148/cb304061928";"Libro del Ysopo : famoso fablador, historiado en romançe [con las fábulas de Remicio, de Aviano, de Doligamo, de Alfonso Pogio]";"1496";"Burgos";"Fadrique Aleman de Basilea";"1496";"CI f.";"Null";"http://gallica.bnf.fr/ark:/12148/bpt6k70106r"
"http://data.bnf.fr/ark:/12148/cb304165332";"Probae Falconiae Cento Virgilianus";"1496";"Brescia";"Bernardino Misinta";"1496";"Null";"Null";"Null"
"http://data.bnf.fr/ark:/12148/cb30434276f";"Marsilii Ficini Commentarii in Parmenidem, Sophistam, Timaeum, Phaedrum, Philebum et in octavum de republica Platonis";"1496";"Florentiae";"L. F. de Alopa";"1496";"1 tome en 2 vol. in-fol. (Hain, *7076.)";"Null";"Null"
"http://data.bnf.fr/ark:/12148/cb30435526z";"Epistolare Francisci Philelphi";"1496";"[Basel";"Johannes Amerbach";"1496";"Null";"Null";"Null"
"http://data.bnf.fr/ark:/12148/cb304391871";"Defensiones curatorum contra eos qui se dicunt privilegiatos, composite ab archiepiscopo armachano [R. Fitzralph], et privilegiatorum seu mendicantium contra Armachanum a magistro Rogerio Chonnoe. - A la fin : Explicite sunt Defensiones Rogerie Chonnoe pro mendicantibus contra Armachanum, impresse diligenter a Johanne Trechsel, Alemanno artisque impressorie magistro, anno salutis nostre M CCCC XCVI, die vero XX. octobris";"1496";"(Lugduni,)";"Null";"1496";"In-fol., car. goth., 28 ff. n. c., 2 col., 55 l.";"Null";"Null"
"http://data.bnf.fr/ark:/12148/cb30462869z";"Baptistae Fulgosi Anteros";"1496";"Mediolani";"impr. per L. Pachel";"1496";"In-4° . (Pellechet, 4937.)";"Null";"Null"
"http://data.bnf.fr/ark:/12148/cb30469092z";"Sextus Julius Frontinus,... de Re militari. Flavius Vegetius,... de Re militari. Aelianus, de Instruendis aciebus. Modesti Libellus de vocabulis rei militaris";"1496";"Bononiae";"Null";"1496";"In-fol.";"Null";"Null"
"http://data.bnf.fr/ark:/12148/cb304735358";"Practica musicae Franchini Gafurii";"1496";"Mediolani";"per Guillermum Signerre rothomagensem";"1496";"In-fol. (Pellechet, 4949.)";"Null";"Null"
"http://data.bnf.fr/ark:/12148/cb30473968b";"Decertatio Gaguini contra Vincentium";"1496";"Paris";"Félix Baligault";"1496";"[14] f.";"Null";"http://gallica.bnf.fr/ark:/12148/bpt6k71850d"
"http://data.bnf.fr/ark:/12148/cb30479442q";"Amicus medicorum, magistri Joannis Ganiveti, cum opusculo quod Celi enarrant propter principium ejus inscribitur et cum abbreviatione Abrahe Aveneezre de luminaribus et diebus creticis. [In lucem edidit Gondisalvus Toledo.]";"1496";"In civitate Lugdunensi";"arte et industria magistri Johannis Trechsel";"1496";"In-4° . (Pellechet, 4984. Hain, *7467.)";"Null";"Null"
"http://data.bnf.fr/ark:/12148/cb304987641";"Epitomata sive reparationes totius philosophiae naturalis, que vulgato sermone Reperationes appelantur Alberti Magni ... per Gerardum Herderwiccensem ... elaborata";"1496";"Köln";"Heinrich Quentell";"1496";"3 parties, ill.";"Null";"Null"
"http://data.bnf.fr/ark:/12148/cb305076117";"Liber desideratus canonum equatorii celestium motuum absque calculo [a Guilelmo Aegidio, Camillo Leonardo edente]";"1496";"Venezia";"Giorgio Arrivabene";"1496";"Ill.";"Null";"Null"
"http://data.bnf.fr/ark:/12148/cb30523131x";"Practica Gordonii, dicta Lilium medicinae";"1496";"Venetiis";"J. et G. Gregorius de Gregoriis";"1496";"In-4° . (Pellechet, 5276.)";"Null";"Null"
"http://data.bnf.fr/ark:/12148/cb30538000s";"Sancti Gregorii Magni Commentum super Cantica canticorum";"1496";"Basel";"[Michael Furter]";"1496";"[22] ff. signés a8, b-c4, d6";"Null";"Null"
"http://data.bnf.fr/ark:/12148/cb305380959";"Liber regulae pastoralis Gregorii papae...";"1496";"Argentinae";"Null";"1496";"In-4° . (Pellechet, 5391.)";"Null";"Null"
"http://data.bnf.fr/ark:/12148/cb30538009w";"Sancti Gregorii Magni Dialogorum libri quattuor";"1496";"Basel";"Michael Furter";"1496";"[58] ff. signés a-b8, c4, d8, e4, f8, g4, h8, i6";"Null";"Null"
"http://data.bnf.fr/ark:/12148/cb30547794v";"Tractatus de pestilentiali scorra, sive mala de franzos... compilatus a... magistro Joseph Grunpeck,... super carmina quedam Sebastiani Brant,... [XV. kal. novembris 1496]";"1496";"[Leipzig";"Gregor Boettiger";"1496";"[12] ff.";"Null";"Null"
"http://data.bnf.fr/ark:/12148/cb305486986";"Baptistae Guarini Poema divo Herculi Ferrariensium duci dicatum";"1496";"Modena";"Domenico Rocociola";"1496";"[96] ff.";"Null";"Null"
"http://data.bnf.fr/ark:/12148/cb30557489n";"Guilhermi, divi parisiensis episcopi, Opera de fide, legibus, de virtutibus, moribus, viciis, peccatis, temptationibus, resistentiis, meritis, retributionibus et immortalitate anime [studio P. Danhauser edita]";"1496";"[Nürnberg";"Georg Stuchs";"1496";"282 ff. foliotés et signés [✽]4, a-g8, h-z6, aa-ff8, gg-tt6";"Null";"Null"
"http://data.bnf.fr/ark:/12148/cb30557598w";"Le Roman de la Rose, par Guillaume de Lorris et Jean de Meung";"1496";"Paris";"A. Vérard";"1496";"In-fol. (Van Praet, t. IV, n  226.)";"Null";"Null"
"http://data.bnf.fr/ark:/12148/cb36812076h";"Textus sequentiarum cum optimo commento";"1496";"Delft";"[Christian Snellaert";"1496";"4 °, ill.";"Null";"Null"
"http://data.bnf.fr/ark:/12148/cb36813040r";"(À la fin :) Hier eynden alle die epistelẽ eñ dye evangeliẽ... (Ici finissent les Épîtres et Évangiles avec des instructions dominicales pour toute l'année et toutes les fêtes. Imprimé à Anvers par moi Go. Bac. en l'année de N. S. 1496, le troisième jour du mois de juillet.)";"1496";"Null";"Null";"1496";"Caractères gothiques, vignettes enluminées dans le texte";"Null";"Null"
"http://data.bnf.fr/ark:/12148/cb368129342";"Expositio hymnorum // per totum anni circulum. (Marque de A. Bocard tirée en rouge.) - (A la fin :)... Parisii per // magistrum Andream Bocard ad finem usque perducta VIII kalendas septem//bris M. CCCC. XCVI, feliciter finit";"1496";"Paris";"Null";"1496";"In-4 °. 51 feuillets, cahiers a-h. Caractères gothiques";"Null";"Null"
"http://data.bnf.fr/ark:/12148/cb36813039j";"(Au 1er feuillet :) Hier beghinnẽ alle die epistolen... (Ici commencent les épîtres et évangiles avec des instructions pour toute l'année se suivant d'un jour à l'autre ; et aussi les prophéties tirées de la Bible et traduites du latin en bon hollandais...) (à la fin :) Hier voleynden alle die epistelen... (Ici finissent les épîtres et évangiles avec des instructions dominicales pour toute l'année et toutes les fêtes. Imprimé à Deventer dans le diocèse d'Utrecht par moi Jacques de Bréda. En l'année de N. S. 1496 le quatrième jour de mars)";"1496";"Deventer";"Jacques de Bréda";"1496";"4 °. car. goth. vign. au tit. et dans le texte";"Null";"Null"
"http://data.bnf.fr/ark:/12148/cb36812933q";"Expositio hymnorum cum notabili commento";"1496";"Delft";"Christian Snellaert";"1496";"4 °";"Null";"Null"
"http://data.bnf.fr/ark:/12148/cb368142307";"Incipit ordo missalis secundum breviarium chori ecclesiae Augustensis";"1496";"[Augustae Vindelicorum]";"Erhardus Ratdolt";"1496";"In-fol. [13-] CCXL [-3] ff., car. goth. r. et n., texte sur 2 col., illustration, planche, musique, marque typogr.";"Null";"Null"
"http://data.bnf.fr/ark:/12148/cb36815629c";"Liber cathecumini";"1496";"Firenze";"Lorenzo d'Alopa pour Piero Pacini";"1496";"4 °";"Null";"Null"
"http://data.bnf.fr/ark:/12148/cb368173291";"Missale Basileense";"1496";"(S. l.";"Null";"1496";"In-folio. Caractères gothiques, à deux colonnes, 28 lignes à la colonne";"Null";"Null"
"http://data.bnf.fr/ark:/12148/cb36824789g";"[Horae ad usum Romanum.]";"1496";"Venezia";"Johann Emerich pour Lucantonio Giunta";"1496";"24 °, ill.";"Null";"Null"
"http://data.bnf.fr/ark:/12148/cb305981547";"Sermones Discipuli de tempore et de sanctis, cum Promptuario exemplorum et Promptuario de miraculis b. Mariae Virginis";"1496";"Nürnberg";"Anton Koberger";"1496";"Null";"Null";"Null"
"http://data.bnf.fr/ark:/12148/cb30604359v";"Expositio hymnorum [per Hilarium Pictaviensem]";"1496";"Parisiis";"A. Bocard";"1496";"In-4° . (Pellechet, 4687.)";"Null";"Null"
"http://data.bnf.fr/ark:/12148/cb30604358h";"Expositio hymnorum [per Hilarium Pictaviensem]";"1496";"Delphis";"C. Snellaert";"1496";"In-4° . (Pellechet, 4686.)";"Null";"Null"
"http://data.bnf.fr/ark:/12148/cb306263243";"Postilla super Psalterium, auctore Hugone de Sancto-Charo";"1496";"Venetiis";"per J. et G. de Gregoriis";"1496";"In-fol. (Hain, 8972.)";"Null";"Null"
"http://data.bnf.fr/ark:/12148/cb30635274b";"Liber de contemptu mundi sive de miseria conditionis humanae, ab Innocentio papa tertio compilatus";"1496";"Köln";"Hermann Bungart";"1496";"Null";"Null";"Null"
"http://data.bnf.fr/ark:/12148/cb30639080p";"Tractatus optimus de animabus exutis a corporibus, editus a doctore Jacobo, fratre ordinis carthusiensis, cum multis aliis utilibus";"1496";"Leipzig";"Wolfgang Stoeckel";"1496";"Null";"Null";"Null"
"http://data.bnf.fr/ark:/12148/cb306390811";"Tractatus de apparitionibus et receptaculis animarum exutarum corporibus, editus ut infra. [Auctore Jacobo de Clusa.] Libellus de raptu anime Tundali et ejus visione de penis inferi et paradisi gaudiis. De Spiritu Guidonis satis horribilis hystoria, contra errores aliquorum, etc. De Anime rationalis immortalitate et statu ejus post mortem, variis sententiis philosophorum et doctorum theologorum egregiis refertissimus, contra diversos occurentes scrupulos, etc. [Auctore G. Houppelande.]";"1496";"Coloniae";"H. Bomgart de Kerwich";"1496";"In-4° . (Hain, 15543.)";"Null";"Null"
"http://data.bnf.fr/ark:/12148/cb306525725";"Epistolae et tractatus sancti Hieronymi. Libellus S. Augustini contra quinque haereses. Epistolae Damasi, Epiphanii, Theophili, Augustini ad S. Hieronymum. Opuscula Ruffini circa Origenem. Sermo Petri Pauli Vergerii in laudem S. Hieronymi. Homiliarum Origenis translatio. Epistola Eusebii de vita et transitu S. Hieronymi. Epistola S. Augustini ad S. Cyrillum de laudibus S. Hieronymi. Epistola S. Cyrilli ad S. Augustinum de miraculis S. Hieronymi. Regula monachorum ex variis tractatibus S. Hieronymi excerpta et per Lupum de Oliveto distincta";"1496";"Venetiis";"J. Rubeus";"1496";"2 tomes en 1 vol. in-fol. (Hain, *8563.)";"Null";"Null"
"http://data.bnf.fr/ark:/12148/cb30659980k";"In hoc opere contenta : Arithmetica [Jordani Nemorarii], decem libris demonstrata [per J. Fabrum Stapulensem] ; Musica, libris demonstrata quatuor [per J. Fabrum Stapulensem] ; Epitome in libros arithmeticos divi Severini Boetii ; Rithmimachie ludus qui et Pugna numerorum appellatur. [Auctore J. Fabro Stapulensi.]";"1496";"Parhisii";"Null";"1496";"In-fol. (Hain, 9436.)";"Null";"Null"
"http://data.bnf.fr/ark:/12148/cb30662173m";"Guidonis Juvenalis In latinae linguae elegantias interpretatio";"1496";"Paris";"Antoine Denidel";"1496";"Null";"Null";"http://gallica.bnf.fr/ark:/12148/bpt6k1043021c"
"http://data.bnf.fr/ark:/12148/cb30670537k";"Codex de Tortis [libri I-IX, cum glossa]";"1496";"Venetiis";"per B. de Tortis";"1496";"In-fol. (Hain, *9619.)";"Null";"Null"
"http://data.bnf.fr/ark:/12148/cb37659980j";"Breviarium ad usum insignis ecclesie belvacensis ex decreto :&:+et+ certa voluntate venerabilis capituli ejusdem ecclesie optimis pulcherrimisque caracteribus Parisius impressum in sole aureo vici sorbonici venale reperies";"1496";"Null";"Null";"Null";"7 parties en 2 vol.";"Null";"Null"
"http://data.bnf.fr/ark:/12148/cb307452485";"Διάλογοι. Έπιστολαὶ Κρονικαί";"1496";"Firenze";"[Lorenzo d'Alopa]";"1496";"Null";"Null";"Null"
"http://data.bnf.fr/ark:/12148/cb30789257x";"De dedicatione ecclesie parisiensis";"1496";"Null";"Null";"1496";"8 f.";"Null";"Null"
"http://data.bnf.fr/ark:/12148/cb30792762d";"Leonaea, seu Orationes, epistolae et epigrammata";"1496";"Mediolani";"G. Le Signerre";"1496";"In-4° . (Hain, 10017.)";"Null";"Null"
"http://data.bnf.fr/ark:/12148/cb38495314r";"[Illustration de Epytoma J. De Monte regio in almagestum Ptolomei]";"1496";"Venetijs";"J. Hamman de Landoia";"1496";"1 est. : noir et blanc";"http://data.bnf.fr/ark:/12148/cb11932843f";"http://gallica.bnf.fr/ark:/12148/btv1b26000840"
"http://data.bnf.fr/ark:/12148/cb30819449k";"In hoc volumine continentur hi libri [Zachariae Lilii]";"1496";"Florentiae";"F. Bonaccursum, impensa P. Pacini de Piscia";"1496";"1 vol. (27 ff.-[42] p.)";"Null";"http://gallica.bnf.fr/ark:/12148/bpt6k723252"
"http://data.bnf.fr/ark:/12148/cb30826388p";"Epithoma rhetorices graphicum, a Jacobo Locher,... congestum. Carmen ejusdem ad Divam Catharinam";"1496";"Friburgi";"Null";"1496";"In-4° . (Hain-Copinger, *10156.)";"Null";"Null"
"http://data.bnf.fr/ark:/12148/cb308446633";"Lo Primer del cartoxa [Ludolpho] traducido por Juan Ruiz de Corella";"1496";"Valencia";"(P. Hagenbach y L. Hutz)";"1496";"In-fol. (Haebler, 374)";"Null";"Null"
"http://data.bnf.fr/ark:/12148/cb30874083p";"Θησαυρός. Κέρας α̉μαλθείας, καὶ κη̃ποι Άδώνιδος Thesaurus cornu copiae et horti Adonidis [grec et latin]";"1496";"Venezia";"Aldo Manuzio";"1496";"Null";"Null";"Null"
"http://data.bnf.fr/ark:/12148/cb393030016";"Prosper Aquitanus De vitâ contemplativâ, de vitâ actuali de que vitiis annexis virtutibus";"1496";"[Speyer]";"[Peter Drach]";"1496";"Null";"Null";"Null"
"http://data.bnf.fr/ark:/12148/cb393046582";"Pastorale beati Gregorii pape";"1496";"Basel";"[M. Furter]";"1496";"Null";"Null";"Null"
"http://data.bnf.fr/ark:/12148/cb39306504b";"Liber meditationum ac orationum devotarum. Qui anthidotarius anime dicitur. Cum tabula insertus";"1496";"Null";"Null";"1496";"Sig. a-S8";"Null";"Null"
"http://data.bnf.fr/ark:/12148/cb39305998c";"Discipulus de Eruditione Christi fidelium compendiosus, ac omnibus praedicare volentibus per utilis cum thematibus sermonum dominicalium et de sanctis in generali ac de beata virgine. [A la fin : Tractatus de septem donis Spiritus Sancti explicit... Arte et impensis... Hermanni Bungardt... Colonie... 1496 sexto kalendes novembris]";"1496";"Colonie";"Hermann Bungart";"1496";"Null";"Null";"Null"
"http://data.bnf.fr/ark:/12148/cb39306198d";"Sermones de tempore et de sanctis";"1496";"Haguenau";"[Heinrich Gran]";"1496";"Null";"Null";"Null"
"http://data.bnf.fr/ark:/12148/cb30907528c";"Sermones floridi de tempore";"1496";"Lugduni";"per J. Trechsel";"1496";"In-4° . (Hain-Copinger, *16139.)";"Null";"Null"
"http://data.bnf.fr/ark:/12148/cb30919103m";"Sermones Meffreth, alias Hortulus regine...";"1496";"Nurembergae";"A. Koberger";"1496";"3 vol. in-fol. (Hain, *11007.)";"Null";"Null"
"http://data.bnf.fr/ark:/12148/cb30935218c";"Titulus in libellum sancti Methodii martyris continens in se revelationes divinas... - Tractatus W. Aytinger super Methodium, qui in se continebit quinque capitula";"1496";"Augustae Vindelicorum";"per J. Froschauer";"1496";"In-4° . (Hain-Copinger, *11120.)";"Null";"Null"
"http://data.bnf.fr/ark:/12148/cb31017274h";"Praeceptorium divinae legis, seu Expositio Decalogi Johannis Nyder";"1496";"Norimbergae";"A. Koburger";"1496";"In-4° . (Hain-Copinger, *11796.)";"Null";"Null"
"http://data.bnf.fr/ark:/12148/cb310186845";"Ars epistolandi Francisci Nigri";"1496";"(S. l.,)";"Null";"1496";"In-4° . (Hain, 11875.)";"Null";"Null"
"http://data.bnf.fr/ark:/12148/cb40159820p";"Dieta salutis, a beato Bonaventura edita";"1496";"Paris";"[Etienne Jehannot] pour Claude Jaumar";"1496";"Null";"Null";"Null"
"http://data.bnf.fr/ark:/12148/cb40164414n";"Vita Castruccii Antelminelli Castracani";"1496";"Modena";"Domenico Rocociola";"1496";"Null";"Null";"Null"
"http://data.bnf.fr/ark:/12148/cb310303317";"Magistri Guilhelmi de Ockam Super potestate summi pontificis octo questionum decisiones";"1496";"Lyon";"Johann Trechsel";"1496";"42 ff. signés aa-bb8, cc-dd6, ee8, ff6";"Null";"Null"
"http://data.bnf.fr/ark:/12148/cb310303181";"Expositio aurea et admodum utilis super artem veterem edita per... Guilielmum de Occham cum questionibus Alberti Parvi de Saxonia";"1496";"Bologna";"Benedetto Faelli";"1496";"132 ff. signés a-y6";"Null";"Null"
"http://data.bnf.fr/ark:/12148/cb310322663";"Expositio Appollinaris Offredi cremonensis in libros de anima. Questiones subtilissime ejusdem super eosdem libros de anima. - A la fin : Impressi Venetiis per Bonetum Locatellum, mandato... Octaviani Scoti,... 1496, quarto idus septembris";"1496";"Venetiis";"Null";"1496";"In-fol. (Hain-Copinger, 12004.)";"Null";"Null"
"http://data.bnf.fr/ark:/12148/cb310464675";"[P. Ovidii Nasonis Heroides, cum commentariis Antonii Volsci. Sapho et in Ibim, cum commentariis Domitii Calderini.]";"1496";"(Mediolani";"impr. U. Scinzenzeler";"1496";"In-fol. (Reichling, 1596.)";"Null";"Null"
"http://data.bnf.fr/ark:/12148/cb310466024";"Ovidius Metamorphoseos, cum commento familiari. - (A la fin, fol. CLXXII :) Publii Ovidii Nasonis Metamorphoseos liber, una cum enarrationibus Raphaelis Regii, Parisiique per magistrum Andream Bocard, sumptibus vero Petri Reginaldi, Cadoniensis [sic] librarii, optimis caracteribus impressus, feliciter finit. Ex die VI septembris M.CCCC.LXXXXVI";"1496";"Paris";"Null";"1496";"In-fol., 178 ff., dont les quatre premiers et les deux derniers ne sont pas numérotés, car. goth. (L. Delisle, Cat. des livres imprimés à Caen, n  317.)";"Null";"Null"
"http://data.bnf.fr/ark:/12148/cb31047025c";"Ovidius de Nuce et de Statu mundi libellus. - (Fol. 2 :) Publii Ovidii Nasonis de Nuce libellus. - (Fol. 5 v°) Publii Ovidii Nasonis de Nuce libellus finit. - (Fol. 6 :) Status mundi in paucis versibus incipit. - (Fol. 6 v° :) Explicit Status mundi in quadraginta duobus versibus";"1496";"[Paris";"Guy Marchant";"1496";"6 ff. signés ai-a6";"Null";"Null"
"http://data.bnf.fr/ark:/12148/cb31052661w";"Opera agricolationum, cum excriptionibus D. P. Beroaldi et commentariis quae in aliis impressionibus non extant";"1496";"Regii";"Null";"1496";"In-fol. (Hain, *14569.)";"Null";"Null"
"http://data.bnf.fr/ark:/12148/cb31056063w";"Commentaria [Guidonis Papae] et apparatus super statuto Dalphi : Si quis per litteras...";"1496";"(S. l.,)";"Null";"1496";"In-4° . (Hain, 12377)";"Null";"Null"
"http://data.bnf.fr/ark:/12148/cb31064406w";"[Summa artis notariae.] - Fol. 1 v° : Orlandini Rudulphini,... in summam artis notarie prefatio. - Fol. 89 v° : Impressum Venetiis per Joannem Baptistam de Sessa,... anno a nativitate domini. M.CCCC.XCVI, die decimosexto Martii";"1496";"(Venetiis";"Null";"1496";"In-4° , 95 ff. non ch., sign. a-m, car. rom., à longues lignes";"Null";"Null"
"http://data.bnf.fr/ark:/12148/cb310836267";"Nicolai Perotti Cornucopiae, sive Commentariorum linguae latinae libri. Edidit L. Odaxius";"1496";"Venetiis";"per J. de Tridino, alias Tacuinum";"1496";"In-fol. (Hain, *12704.)";"Null";"Null"
"http://data.bnf.fr/ark:/12148/cb31094329w";"[Opera Francisci Petrarchae.]";"1496";"Basileae";"Null";"1496";"In-fol. (Hain-Copinger, 12749 ; Fiske, p. 1-2.)";"Null";"Null"
"http://data.bnf.fr/ark:/12148/cb31099240b";"Epistolae";"1496";"Valencia";"Nicolaus Spindeler";"1496";"Null";"Null";"Null"
"http://data.bnf.fr/ark:/12148/cb31106068r";"Commentationes Joannis Pici Mirandulae... quibus anteponitur Vita per Joannem Franciscum... principis Galeotti Pici filium conscripta... Exibunt prope dies disputationes adversus astrologos...";"1496";"Bologna";"Benedetto Faelli (= Benedictus Hectoris)";"1496";"[176] + [144] ff. signés, 2 parties en 1 vol.";"Null";"Null"
"http://data.bnf.fr/ark:/12148/cb311072405";"Epistole Enee Silvii";"1496";"Nuremberge";"Null";"1496";"In-4° . (Pellechet, 95.)";"Null";"Null"
"http://data.bnf.fr/ark:/12148/cb31107242v";"Epistole et varii tractatus Pii pont. max. dum esset in minoribus";"1496";"Mediolani";"Null";"1496";"In-fol. (Pellechet, 96.)";"Null";"Null"
"http://data.bnf.fr/ark:/12148/cb31125259h";"Plutarchi Vitae virorum illustrium in latinum versae";"1496";"Venetiis";"impr. per Bartolomeum de Zanis de Portesio";"1496";"2 parties en 1 vol. in-fol., fig. au 1er feuillet. (Hain, *13130.)";"Null";"Null"
"http://data.bnf.fr/ark:/12148/cb31131022v";"Epistolae ad familiares, cum commentariis Huberdini clerici Crescentinatis, Martini Philetici et Georgii Merulae. Additae sunt Angeli Politiani annotationes";"1496";"Lugduni";"Null";"1496";"In-fol.";"Null";"Null"
"http://data.bnf.fr/ark:/12148/cb409545352";"Legenda Sanctae Dympnae. Oratio de Sancta Dympnae";"1496";"Anvers";"Govaert Bac";"1496";"ill.";"Null";"Null"
"http://data.bnf.fr/ark:/12148/cb31152612v";"[Prisciani Caesariensis Opera.]";"1496";"Venetiis";"Null";"1496";"In-fol. (Hain-Copinger, *13364.)";"Null";"Null"
"http://data.bnf.fr/ark:/12148/cb311573487";"[Ars memorativa.] - Fol. 1re : Incipit Ars memorie venerabilis Baldovini Sobodiensis, medicae artis doctoris eximii. - Fol. 3vo : Jacobi Publicii in arte memorie prologus feliciter incipit. - À la fin : Ars memorativa Jacobi Publicii finit feliciter";"1496";"(Lugduni";"Null";"1496";"In-4° , 8 ff. non ch. (Pellechet, 1717.)";"Null";"Null"
"http://data.bnf.fr/ark:/12148/cb31157349k";"[Ars memorativa.] - Fol. 1re : Incipit Ars memorie venerabilis Baldovini Sobodiensis, medicae artis doctoris eximii. - Fol. 3vo : Jacobi Publicii in arte memorie prologus feliciter incipit. - À la fin : Ars memorativa Jacobi Publicii finit feliciter";"1496";"(Lugduni";"Null";"1496";"In-4° , 8 ff. non ch. (Pellechet, 1718.)";"Null";"Null"
"http://data.bnf.fr/ark:/12148/cb31165585q";"Quinti Curtii de Rebus gestis Alexandri Magni, cum commento Bartholomaei Merulae";"1496";"Venetiis";"Null";"1496";"In-fol. (Pellechet, 4068.)";"Null";"Null"
"http://data.bnf.fr/ark:/12148/cb31172891z";"Liber faceti morosi docens mores hominum praecipue juvenum";"1496";"Daventriae";"R. Pafraet";"1496";"In-4° . (Campbell, 732.)";"Null";"Null"
"http://data.bnf.fr/ark:/12148/cb31187503f";"Epytoma Joannis de Monte Regio in Almagestum Ptolomei";"1496";"Venetiis";"J. Hamman-Hertzog";"1496";"In-fol. (Hain 13806.)";"Null";"Null"
"http://data.bnf.fr/ark:/12148/cb31187504s";"Epytoma Joannis de Monte Regio in Almagestum Ptolomei";"1496";"Venetiis";"J. Hamman-Hertzog";"1496";"In-fol.";"Null";"Null"
"http://data.bnf.fr/ark:/12148/cb31187516s";"Kalendarium magistri Joannis de Monteregio,... F° 1 v° : Aureus hic liber est, non est preciosior ulla gemma kalendario... hoc Joannes opus Regio de Monte probatum composuit ; tota notus in Italia idque Augustensis Ratdolt impressit Erhardus formandi mira qua valet arte sua. - F° 2 r° : Tabula regiouum [sic]. - F° 25 v° : Kalendarion viri peritissimi magistri Johannis de Monteregio explicit feliciter Erhardi Ratdolt viri solertis eximia industria et mira imprimendi arte qua nuper Venetii [sic], nunc Auguste Vindelicorum excellit nominatissimus. 1469 [sic]";"1496";"Augustae Vindelicorum";"Null";"1496";"In-4° , car. goth., 26 ff., sign. a-c, titre en r.";"Null";"Null"
"http://data.bnf.fr/ark:/12148/cb31192942f";"Liber Faceti docens mores hominum precipue juvenum in supplementum illorum qui a Catone erant omisi, juvenibus utiles";"1496";"Daventriae";"per R. Pafraet";"1496";"In-4° . (Campbell, 732.)";"Null";"Null"
"http://data.bnf.fr/ark:/12148/cb31224076g";"In Ethicorum Aristotelis libros commentarii";"1496";"Salamanque";"Null";"1496";"In-fol.";"Null";"Null"
"http://data.bnf.fr/ark:/12148/cb31234135c";"Epytoma... in Almagestum Ptolomei";"1496";"Venetiis";"Null";"1496";"In-fol.";"Null";"Null"
"http://data.bnf.fr/ark:/12148/cb31237905c";"Formula vivendi canonicorum [auctore W. Rolevinck]";"1496";"Delff";"[Christian Snellaert]";"1496";"12 ff. n. ch., s. s. n. r., car. goth.";"Null";"Null"
"http://data.bnf.fr/ark:/12148/cb41614555g";"Epitoma in Almagestum Ptolemaei";"1496";"Venezia";"Johannes Hamann pour Gaspar Grossch et Stephan Roemer";"1496";"Null";"Null";"Null"
"http://data.bnf.fr/ark:/12148/cb41664502x";"Tractato de le piu maravegliose cose e piu notabile che si trovino in le parte del mondo...";"1496";"Venise";"Manfredo da Monferato";"1496";"Sign. A1-P4";"Null";"Null"
"http://data.bnf.fr/ark:/12148/cb312654879";"Les Croniques du très chrestien et très victorieux Loys de Valoys, feu roy de France que dieu absolve unzième de ce nom, avecques plusieurs aultres adventures advenues tant en ce royaulme de France comme es pays voisins depuis l'an 1460 jusques en 1483 inclusivement";"1496";"[Lyon";"Michel Topié. - circa 1496]";"1496";"[74] ff.";"Null";"Null"
"http://data.bnf.fr/ark:/12148/cb41947163v";"Da wei chan shi zhu shi ji : yi juan";"1496";"[S.l.]";"[s.n.]";"1496";"1 vol.";"Null";"Null"
"http://data.bnf.fr/ark:/12148/cb31274851c";"Theologia naturalis, sive Liber creaturarum, specialiter de homine et de natura ejus in quantum homo et de his que sunt ei necessaria ad cognoscendum sepsum et Deum et omne debitum ad quod homo tenetur et obligatur tam Deo quam proximo";"1496";"Strasbourg";"Martin Flach";"1496";"Null";"Null";"Null"
"http://data.bnf.fr/ark:/12148/cb42055771f";"[Le Fils prodigue parmi les pourceaux] : [estampe]";"1496";"[S.l.]";"[s.n.]";"1496";"1 est. : burin ; 24,6 x 18,8 cm (tr. c.)";"http://data.bnf.fr/ark:/12148/cb165029495";"http://gallica.bnf.fr/ark:/12148/btv1b6951221d"
"http://data.bnf.fr/ark:/12148/cb42057912z";"[La petite fortune] : [estampe]";"1496";"[S.l.]";"[s.n.]";"1496";"1 est. : burin ; 11,5 x 6,6 cm (tr. c.)";"http://data.bnf.fr/ark:/12148/cb11976201n";"http://gallica.bnf.fr/ark:/12148/btv1b6951277s"
"http://data.bnf.fr/ark:/12148/cb42058442r";"[Le pourceau monstrueux de Landser] : [estampe]";"1496";"[S.l.]";"[s.n.]";"1496";"1 est. : burin ; 12,1 x 12,8 cm (tr. c.)";"http://data.bnf.fr/ark:/12148/cb11932519r";"http://gallica.bnf.fr/ark:/12148/btv1b6951297j"
"http://data.bnf.fr/ark:/12148/cb42058247x";"[Le petit courier] : [estampe]";"1496";"[S.l.]";"[s.n.]";"1496";"1 est. : burin ; 10,7 x 7,6 cm (tr. c.)";"http://data.bnf.fr/ark:/12148/cb124917245";"http://gallica.bnf.fr/ark:/12148/btv1b6951279m"
"http://data.bnf.fr/ark:/12148/cb42058265v";"[L'oriental et sa femme] : [estampe]";"1496";"[S.l.]";"[s.n.]";"1496";"1 est. : burin ; 10,5 x 7,7 cm (tr. c.)";"http://data.bnf.fr/ark:/12148/cb11935673j";"http://gallica.bnf.fr/ark:/12148/btv1b6951286r"
"http://data.bnf.fr/ark:/12148/cb42079009g";"[Le Fils prodigue parmi les pourceaux] : [estampe]";"1496";"[S.l.]";"[s.n.]";"1496";"1 est. : burin ; 24,9 x 18,9 cm (tr. c.)";"http://data.bnf.fr/ark:/12148/cb165029495";"http://gallica.bnf.fr/ark:/12148/btv1b6951222t"
"http://data.bnf.fr/ark:/12148/cb42079036c";"[Le petit courier] : [estampe]";"1496";"[S.l.]";"[s.n.]";"1496";"1 est. : burin ; 10,7 x 7,7 cm (tr. c.)";"http://data.bnf.fr/ark:/12148/cb124917245";"http://gallica.bnf.fr/ark:/12148/btv1b69512808"
"http://data.bnf.fr/ark:/12148/cb42100090q";"[Le bain des hommes] : [estampe]";"1496";"[S.l.]";"[s.n.]";"1496";"1 est. : gravure sur bois ; 39 x 28,2 cm (tr. c.)";"http://data.bnf.fr/ark:/12148/cb11978599h";"Null"
"http://data.bnf.fr/ark:/12148/cb42100029n";"[Hercules vainqueur de Cacus] : [estampe]";"1496";"[S.l.]";"[s.n.]";"1496";"1 est. : gravure sur bois ; 39,4 x 28,6 cm (tr. c.)";"http://data.bnf.fr/ark:/12148/cb12136211w";"Null"
"http://data.bnf.fr/ark:/12148/cb312886781";"[Sallustii Opera, cum commento Laurentii Vallensis.]";"1496";"Lugduni";"per Johannem de Vingle";"1496";"In-4° . (Hain-Copinger, *14227.)";"Null";"Null"
"http://data.bnf.fr/ark:/12148/cb312925388";"Epistola... magistri Alphonsi Boni Hominis,... super epistolam translatam... in latinum, quam scripsit magister Samuel Israelita...";"1496";"Bolognia";"Ugo Ruggeri";"1496";"Null";"Null";"Null"
"http://data.bnf.fr/ark:/12148/cb313064864";"Libro di Frate Hieronymo da Ferrara. Della Semplicita della vita christiana tradocto in volgare [per Hieronymo Benivieni]";"1496";"Firenze";"per L. Morgiani, ad instantia di P. Pacini";"1496";"In-4° , grav. sur bois, marque typ. à la fin";"Null";"Null"
"http://data.bnf.fr/ark:/12148/cb31306416z";"Proemio di Frate Hieronymo da Ferrara,... nella expositione del psalmo LXXVIIII tradocto in lingua fiorentina da uno suo devoto familiare";"1496";"Firenze";"(F. Bonaccorsi)";"1496";"In-4° , grav. sur bois. (Hain-Cop.-Reichl., 14438 ; B. M., VI, 675 ; Kristeller, 388e.)";"Null";"Null"
"http://data.bnf.fr/ark:/12148/cb31306428z";"Comincia il libro della vita viduale composto da Frate Hieronymo da Ferrara";"1496";"Firenze";"impresso per L. Morgiani ad instantia di P. Pacini";"1496";"In-4° , grav. sur bois, marque typ. (Hain-Reichl., 14370 ; Kristeller, 396c.)";"Null";"Null"
"http://data.bnf.fr/ark:/12148/cb31306478h";"Epistola fratris Hieronymi de Ferraria,... in libros de simplicitate christianae vitae";"1496";"Firenze";"[Lorenzo Morgiani et Johannes Petri] pour Piero Pacini";"1496";"In-4°, grav. sur bois, marque typ. à la fin";"Null";"Null"
"http://data.bnf.fr/ark:/12148/cb31306356x";"Revelatio de tribulationibus nostrorum temporum";"1496";"Parisii [sic]";"per G. Mercatoris";"1496";"[72 p.-1 f. de pl.]";"Null";"http://gallica.bnf.fr/ark:/12148/bpt6k1106623"
"http://data.bnf.fr/ark:/12148/cb31306415m";"Proemio di Frate Hieromymo [sic] da Ferrara... nella expositione del psalmo LXXVIIII. Tradocto in lingua fiorentina da uno suo familiare";"1496";"Firenze";"(L. Morgiani)";"1496";"In-4° . (Hain, 14436, 14439 ; B. M., VI, 684.)";"Null";"Null"
"http://data.bnf.fr/ark:/12148/cb31306355k";"Compendium revelationum inutilis servi Jesuchristi fratris Hieronimi de Ferraria...";"1496";"Ulme";"C. Dinckmut";"1496";"In-4° . (Hain-Cop., *14333.)";"Null";"Null"
"http://data.bnf.fr/ark:/12148/cb313064148";"Frater Hieronymus Ferrariensis,... Fratri N. conservo suo salutem... Expositio Fratris Hieronymi Ferrariensis psalmi LXXVIIII Qui regis Israël, per modum orationis...";"1496";"Florentiae";"per F. de Bonaccursiis, impensis P. Pacini";"1496";"In-4° , marque typ. (Hain-Reichl., 14433.)";"Null";"Null"
"http://data.bnf.fr/ark:/12148/cb31311481d";"Das Buch der Croniken unnd Geschichten mit Figuren... von Anbeginn der Wett bis auff dise unsere Zeyt";"1496";"Augsburg";"Johann Schönsperger";"1496";"Ill.";"Null";"Null"
"http://data.bnf.fr/ark:/12148/cb31351785f";"Seneca. De Beata vita";"1496";"Lyptzick";"per B. Wolfgangum";"1496";"In-4° . (Hain-Copinger, *14609.)";"Null";"Null"
"http://data.bnf.fr/ark:/12148/cb425623810";"Delle Maravigliose cose del mondo";"1496";"Venezia";"Giovanni Battista Sessa";"1496";"Null";"Null";"Null"
"http://data.bnf.fr/ark:/12148/cb313859607";"Liber Theicrisi, dahalmodana vahaltadabir, editus in arabico ab Abumeron Avenzohar, translatus de hebraico in latinum a magistro Paravicio, ipso sibi vulgarizante magistro Jacob hebreo, cum Colliget Averrois. Edidit Hieronymus Surianus";"1496";"Venetiis";"Null";"1496";"In-fol. (Pellechet, 1653.)";"Null";"Null"
"http://data.bnf.fr/ark:/12148/cb314195061";"Suetonius Tranquillus [de Vita Caesarum], cum Philippi Beroaldi et Marci Antonii Sabellici commentariis";"1496";"Venezia";"Simone Bevilacqua";"1496";"Null";"Null";"Null"
"http://data.bnf.fr/ark:/12148/cb31443403w";"Terentius cum directorio vocabulorum, sententiarum, artis comice, glosa interlineali, comentariis Donato, Guidone [Juvenale], Ascensio. - (Sign. [a⁽2,] r° :) Terentii Directorium vocabulorum. - (Sign. [a⁽4,] v° :) Directorium adagionum. - (Sign. [a⁽5,] r° :) Directorium artis comice. - (Sign. [a⁽5,] v° :) Quid comedia, unde dicta, quot ejus species... - (Plus bas :) Terentii epitaphium. - (Sign. [a⁽6,] r° :) Therentii vita excerpta de dictis D. F. Petrarcha [sic]. - (Fol. I, r° :) Andria Terentii. Acta ludis megalensibus... [Didascalies]. - (Au-dessous : Argument de Sulpice Apollinaire :) Sororem falso creditam meretricule... - (Commentaire de G. Jouenneaux encadrant le texte :) Sororem falso creditam. Sororem accusativus [sic] non habet. Creditam pro adjectivo... - (Fol. CLXXVI, v° :) Guidonis Juvenalis,... Epigramma super causa operis suscepti. - (Au-dessous :) Joannis Egidii Nuceriensis Epigramma ad juvenes. - (Au-dessous :) Immpressum [sic] in imperiali ac urbe li...";"1496";"Strasbourg";"Null";"1496";"In-fol., 6 ff. n. ch., sign. a, CLXXVI (sic pour CLXXIII) ff., car. rom. pour le texte, goth. pour les titres et la glose interlinéaire, titre et fig. gr. sur bois. (Hain, *15431 ; Polain, 3667 ; Renouard, op. cit., III, p. 280-281, n  2 ; C. Schmidt, Répert. bibl. strasb., I, n  26 ; Lawton, 85.)";"Null";"Null"
"http://data.bnf.fr/ark:/12148/cb31461671v";"Summa theologica, edita a sancto Thoma de Aquino";"1496";"Nürnberg";"Anton Koberger";"1496";"3 parties";"Null";"Null"
"http://data.bnf.fr/ark:/12148/cb314617598";"Secunda Secunde sancti Thome de Aquino,...";"1496";"Venetiis";"cura J. Rubei";"1496";"In-fol. (Hain-Copinger, *1467 ; Pellechet, 1056 ; Polain, 3757.)";"Null";"Null"
"http://data.bnf.fr/ark:/12148/cb31461641x";"Summa de Ecclesia...";"1496";"Lugduni";"Null";"1496";"In-fol. (Hain-Copinger, *15732 ; Polain, 3875.)";"Null";"Null"
"http://data.bnf.fr/ark:/12148/cb314621215";"Confessionale, seu Libellus peroptimus beati Thome de Aquino de Modo confitendi et de puritate consciencie, cuilibet confessori et confiteri volenti perutilis et necessaria [sic]";"1496";"Paris";"Georg Mittelhus";"1496";"Null";"Null";"Null"
"http://data.bnf.fr/ark:/12148/cb31469181q";"[Recollecte Gaietani super octo libros Physicorum (Aristotelis), cum annotationibus textuum]";"1496";"Venezia";"Boneto Locatello pour Ottaviano Scoto";"1496";"52 ff.";"Null";"http://gallica.bnf.fr/ark:/12148/bpt6k58874p"
"http://data.bnf.fr/ark:/12148/cb314691795";"[Tractatus de reactione, per Gaetanum de Thienis. Tractatus ejusdem de intensione et remissione formarum.]";"1496";"(Venetiis";"per B. Locatellum, c.";"1496";"In-fol. (Gesamtkatalog der Wiegendrucke, 2422.)";"Null";"Null"
"http://data.bnf.fr/ark:/12148/cb31481350g";"[Summa de Ecclesia Domini Johannis de Turrecremata,... - Tractatus... septuagintatrium questionum super potestate et auctoritate papali, ex sententiis sancti Thome collectarum per... Johannem de Turrecremata,...]";"1496";"Lugduni";"per J. Trechsel";"1496";"2 parties en 1 vol. in-fol. (Hain-Copinger, *15732 ; P. Renouard, Bibliographie... de Josse Badius Ascensius t. III, p. 307-309 ; Polain, 3875 ; Br. Mus., Books pr. XVth c., t. VIII, p. 430.)";"Null";"Null"
"http://data.bnf.fr/ark:/12148/cb31508753t";"Sermones tres de passione Christi";"1496";"Argentine";"Null";"1496";"In-4° . (Copinger, 5778.)";"Null";"Null"
"http://data.bnf.fr/ark:/12148/cb435011159";"Missale Sagiense";"1496";"Rouen";"Martin Morin";"1496";"Null";"Null";"Null"
"http://data.bnf.fr/ark:/12148/cb31520537h";"Roberti de Valle,... Epithoma in Valerii Maximi collectionem";"1496";"[Paris";"Johannes Higman et] Wolfgang Hopyl";"1496";"[68] ff.";"Null";"Null"
"http://data.bnf.fr/ark:/12148/cb31520445v";"Valerius Maximus cum commento Oliverii Arzignanensis... [et epistola Petri de Brutis.]";"1496";"Venetiis";"Null";"1496";"In-fol. (Hain-Copinger, 5929.)";"Null";"Null"
"http://data.bnf.fr/ark:/12148/cb315453812";"Nonius Marcellus. Festus Pompeius. Varro [ : de Lingua latina libri tres, de Analogia libri duo]";"1496";"Venezia";"Filippo Pinzi";"1496";"Null";"Null";"Null"
"http://data.bnf.fr/ark:/12148/cb31545407x";"Opera Agricolationum... cum exscriptionibus et commentariis D. Philippi Beroaldi";"1496";"Regii";"Null";"1496";"In-fol. (Hain, 14569 ; Didbin, vol. III, n  536 ; Polain, 3479.)";"Null";"Null"
"http://data.bnf.fr/ark:/12148/cb315529231";"Sextus Julius Frontinus,... de Re militari. Flavius Vegetius,... de Re militari. Aelianus de Instruendis aciebus. Modesti Libellus de vocabulis rei militaris";"1496";"Bononiae";"P. de Benedictis";"1496";"In-fol. (Pellechet, 4933 ; Polain, 3477 ; Br. Mus., Books pr. XVth c., VI, 828.)";"Null";"Null"
"http://data.bnf.fr/ark:/12148/cb31602225x";"[Heroides, cum commentariis Antonii Volsci. Sapho et in Ibin, cum commentariis Domitii Calderini.]";"1496";"(Mediolani";"Null";"1496";"In-fol. (Reichling, 1596.)";"Null";"Null"
"http://data.bnf.fr/ark:/12148/cb316069145";"Lombardica historia que a plerisque Aurea legenda sanctorum appellatur [quam collegit in unum frater Jacobus natione Januensis]";"1496";"Nurnberge";"(, per A. Koberger)";"1496";"In-fol. (Copinger, 6468 ; Brit. Mus., Books pr. XVth c., t. II, p. 441 ; Polain, 2209 ; Goff, J-132.)";"Null";"Null"
"http://data.bnf.fr/ark:/12148/cb31607406d";"Guillermus Vorrillong Super quattuor libris Sententiarum";"1496";"Venetiis";"per J. de Leucho, impensis L. de Soardis";"1496";"In-4° . (Copinger, 6560 ; Cat. of books printed in the XVth century, now in the British Museum, V, 564 ; Polain, 4034 ; Goff, V-373.)";"Null";"Null"
"http://data.bnf.fr/ark:/12148/cb31606934s";"La légende dorée en françois [par Jacques de Voragine. Trad. Jean de Vignay. Éd. Jean Battalier]";"1496";"Paris";"pour Antoine Vérard";"1496";"300 f.";"Null";"http://gallica.bnf.fr/ark:/12148/btv1b8604292q"
"http://data.bnf.fr/ark:/12148/cb316171717";"Summa Joannis Valensis de regimine vite humane, seu Margarita doctorum... - Au fol. 167 r° : Incipit prologus in Compendiloquium de vitis illustrium philosophorum et de dictis moralibus eorundem... editum a fratre Joanne Valensi,... - Au fol. 233 r° : Incipiunt capitula Breviloquii de philosophia sive sapientia sanctorum ab eodem fratre Joanne Valensi editi. - Au fol. 239 v° : Incipit Breviloquium de virtutibus antiquorum principum et philosophorum editum a fratre Joanne Valensi,... - Au fol. 260 r° : Incipit ordinarium vite religiose sive alphabetum a fratre Joanne Valensi,... compositum";"1496";"Venetiis";"per G. de Arrivabenis";"1496";"In-8° , marque typogr. à la fin. (Hain, *7446 ; Copinger, 3470 ; Br. Mus., Books pr. XVth c., t. V, p. 386 ; Polain, 2283.)";"Null";"Null"
"http://data.bnf.fr/ark:/12148/cb31656107q";"Oratio querulosa contra invasores sacerdotum";"1496";"(Spirae";"C. Hist";"1496";"In-4° , signé a⁽8, car. goth. (Hain, 16193 ; Pellechet, 11826 ; Br. Mus., Books pr. XVth c., t. II, p. 507 ; Goff, p. 634, W-44 ; IGI, 10395.)";"Null";"Null"
"http://data.bnf.fr/ark:/12148/cb31696314c";"Epitoma... in Almages tum...";"1496";"Venitiis";"Null";"1496";"Null";"Null";"Null"
"http://data.bnf.fr/ark:/12148/cb31707693w";"Commentaria et apparatus super statuto Delphinato";"1496";"Valence, Helyas Olivelli";"Null";"1496";"Null";"Null";"Null"
"http://data.bnf.fr/ark:/12148/cb31720608j";"Lectura super arboribus consanguinitatis et affinitatis";"1496";"[Paris]";"Michel Tholoze";"1496";"[8] ff. signés a8";"Null";"Null"
"http://data.bnf.fr/ark:/12148/cb31838690w";"Sermones mediocres sancti Bonaventure de tempore";"1496";"Argentinae, l'impr. du Jordanus";"Null";"1496";"Null";"Null";"Null"
"http://data.bnf.fr/ark:/12148/cb31838680k";"De Mundicia et castitate sacerdotum";"1496";"[Paris";"Pierre Poulhac pour] Denys Roce";"1496";"Null";"Null";"Null"
"http://data.bnf.fr/ark:/12148/cb31904744k";"Opera Guillelmi Caoursin, Rhodiorum vicecancellarii";"1496";"Ulmae";"Null";"1496";"Null";"Null";"Null"
"http://data.bnf.fr/ark:/12148/cb32076968n";"Egloga representada en la noche postrera de Carnal (que dicen de antruejo ó Garnestelendas)... (por Juan de La Encina)";"1496";"(Salamanca";"Null";"1496";"Null";"Null";"Null"
"http://data.bnf.fr/ark:/12148/cb32192393t";"Pastorale sancti Gregorii pape";"1496";"Argentinae, l'impr. du Jordanus";"Null";"1496";"Null";"Null";"Null"
"http://data.bnf.fr/ark:/12148/cb32205678s";"Liber qui Manipulus curatorum inscribitur, in quo pernecessaria officia eorum quibus animarum cura commissa est breviter pertractantur, feliciter incipit. - (A la fin :) Celeberrimi viri domini Guidonis de Monte Rocherii liber qui Manipulus curatorum una cum tabula ejusdem exaratus Parisius, pro magistro Durando Gerlier, commorante in vico sancti Jacobi, anno Domini milesimo [sic] CCCCXCVI, X. mensis septembris, finit feliciter";"1496";"Paris";"[Étienne Jehannot ou Pierre Le Dru pour Jean Petit et] Durand Gerlier";"1496";"136 ff. foliotés et signés a-r8";"Null";"Null"
"http://data.bnf.fr/ark:/12148/cb32502398c";"Ovidius Metamorphoseos";"1496";"Cadomi, umptibus P. Reginaldi";"Null";"1496";"Null";"Null";"Null"
"http://data.bnf.fr/ark:/12148/cb32518704z";"Nicolai Perotti Cornucopiae, sive commentariorum linguae latinae, ad illustrissimum principem Federicum Urbini ducem et ecclesiastici exercitus imperatorem invictissimum... [Edidit Ludovicus Odaxius]. - Fol. CCXLVI : Explicit praeclarum opus Nicolai Verotti... Cornucopiae, seu commentariorum linguae latinae. Una cum commentariis seu expositionibus ipsius Nicolai in Caii Plynii secundi pro oemium... Parisii impressum per Udalrium Gering et... Berchtoldum Renbolt sociorum. Anno ab incarnatione Domini MCCCCXCVI vicesima tertia aprilis";"1496";"Parisiis";"Ulrich Gering et Berthold Rembolt";"1496";"[16], CCXLVI ff.";"Null";"Null"
"http://data.bnf.fr/ark:/12148/cb32524014k";"Epitoma in Almagestum. Ptolemée";"1496";"Venitiis";"Null";"1496";"Null";"Null";"Null"
"http://data.bnf.fr/ark:/12148/cb32538955t";"Fol. 1 : Hoc in volumine hec continentur : // Pomponii epistola ad Augu//stinum Mapheum. // C. Crispii Salustii bellum catilinarium, cum com//mento Laurentii Vallensis, // Portii Latronis declamatio contra L. Catilinam. // C. Crispii Salustii bellum jugurthinum//. C. Crispii Salustii varie orationes ex libris // eiusdem Historiarum excerpte //. C. Crispii Salustii vita. - A la fin : Accipe, humanissime, opus egregium Salustii hystoriographi anti//quissimi... Rome castigatum ac emendatum per Pomponium Letum... atque accuratissime et fideliter impressum Lugduni, per magistrum // Johannem de Vingle, impressorem insignem, anno ab Incarnatione seu Nati//vitate milleno quadringenteno XCVI, altera di Epyphanie Domini, que // est septima dies mensis januarii";"1496";"Lyon";"Null";"1496";"Null";"Null";"Null"
"http://data.bnf.fr/ark:/12148/cb33246972r";"Lart de bien mourir";"1496";"Paris";"Antoine Vérard";"1496";"1 vol. (3 parties [ca 400 p.] à 2 colonnes)";"Null";"http://gallica.bnf.fr/ark:/12148/bpt6k110624g"
"http://data.bnf.fr/ark:/12148/cb33276909m";"Cy est le compost et kalendrier des bergiers...";"1496";"Paris";"Guiot Marchant";"1496";"[89] f.";"Null";"http://gallica.bnf.fr/ark:/12148/bpt6k1112582"
"http://data.bnf.fr/ark:/12148/cb33327530q";"(Fol. 1 recto. Titre :) Copulata commentaria textui // omnium tractatuum Petri hyspani-etiam parvorum logicalium et trium modernorum per//quam solerter inserta. Iterum atque iterum emendata et diligentissime correcta secundum // irrefragabilem et fundatissimam doctrinam divi Thome Aquinatis... - (A la fin :) Copulata commentaria sex tractatuum Petri hyspa//ni secundum doctrinam sancti Thome Aquinatis. studio // magistrorum Colonie in bursa Montis regentium in//dustriose collecta et nuper pro exercitio neophytorum // logice solerter impressa per Henricum quentel. An//no domini. M.CCCC.XCVI decima sexta die May finiunt // feliciter //";"1496";"Colonie";"Null";"1496";"In-4° de 258 feuillets non chiffrés, signés Aij-Ttiiij. Caractères gothiques. A longues lignes. Gravures sur bois";"Null";"Null"
"http://data.bnf.fr/ark:/12148/cb334050580";"Giardino de oratione fructuoso";"1496";"[Venezia";"Simone Bevilacqua";"1496";"[100] ff. signés A4, a-m8, car. romains, texte à 2 colonnes";"Null";"Null"
"http://data.bnf.fr/ark:/12148/cb33473566z";"Margarita Decretalium";"1496";"Basel";"Nicolaus Kessler";"1496";"Null";"Null";"Null"
"http://data.bnf.fr/ark:/12148/cb335755042";"La Règle des marchands. - (Titre) Sensuit la reigle des mar//chans novellement transla//tée de latin en francoys. - (A la fin) Cy finist la Regle des marchans Imprimee // a Provins par Guillaume Tavernier a la re//queste de Jaquette le [...] veufve de feu Jehan // Herault. Le premier jour Doctobre l'an Mil // CCCC quatre vingtz et seze";"1496";"Provins";"G. Tavernier";"1496";"In-4° de 52 feuillets... (par Jean de Fribourg) ; (Hain, 7378)";"Null";"http://gallica.bnf.fr/ark:/12148/bpt6k313237z"
"http://data.bnf.fr/ark:/12148/cb33590469k";"Robert le diable";"1496";"Lyon";"Null";"1496";"In-4°";"Null";"http://gallica.bnf.fr/ark:/12148/btv1b86001338"
"http://data.bnf.fr/ark:/12148/cb33598795w";"Opera Agricolationum : Columellae : // Varronis : Catonisqz : necnon // Palladii : cum exscriptio//nibus et commēta//riis D. Philip//pi Bero//aldi. (F. 1 verso :) Georgius Alexandrinus Petro Priolo M. filio Veneto. S. (et même page :) Philippi Beroaldi epistola. (F. 2 recto sign. aaii :) Catonis // Enarrationes brevissimae priscarum // vacum Marci Catonis. (F. 13 recto, sign. b :) Epistola // Georgius Alexandrinus Bernardo Justiniano equiti et senatori facundis//simo salutem. (F. 16 recto, sign. biiii :) Catonis // Marci Catonis Prisci de re rustica // liber primus (F. 35 recto :) Marci Prisci Catonis qui hominum summus in omni usu fuit De // Re Rustica Liber unus : Quem absolutum nec imperfectum // Plinio auctore colleginus : (F. 35 verso :) Capita. Libri primi // M. T. Varronis rei rusticae // (F. 76 verso vacat. F. 77, recto, sign. K :) Tabula // Lucii Junii Moderati Columellae rei // rusticae. (F. 216 recto vacat. F. 216 verso :) Tituli libri primi Palladii Rutilii. (F. 217 recto, sign. Ciii.) Palladi...";"1496";"Reggio Emilia";"Dionisio Bertocchi";"1496";"2°";"Null";"Null"
"http://data.bnf.fr/ark:/12148/cb33610924h";"Speygel der leyen";"1496";"Lübeck";"Null";"1496";"4°, ill. (Pell. 10975. Goff S-673.)";"Null";"Null"
"http://data.bnf.fr/ark:/12148/cb336257669";"Thesaurus novus - Sermones Thesauri novi de tempore";"1496";"Nürnberg";"Anton Koberger";"1496";"Null";"Null";"Null"
"http://data.bnf.fr/ark:/12148/cb33625764m";"Thesaurus novus. - Sermones quadragesimales Thesauri novi";"1496";"Nürnberg";"Anton Koberger";"1496";"Null";"Null";"Null"
"http://data.bnf.fr/ark:/12148/cb336318764";"Tristan chevalier de la table ronde";"1496";"Paris";"pour Antoine Vérard";"1496";"2 parties, 2°, ill.";"Null";"http://gallica.bnf.fr/ark:/12148/btv1b8626774p"
"http://data.bnf.fr/ark:/12148/cb33644454n";"La vie et miracles de monseigneur saint Martin, translatee de latin en francoys";"1496";"Tours";"Mathieu Latheron pour Jehan du Liège [i. e. Jean I de Marnef, à Paris]";"1496";"Non paginé [ca 210 p.]";"http://data.bnf.fr/ark:/12148/cb11976232x";"http://gallica.bnf.fr/ark:/12148/bpt6k10516302"
"http://data.bnf.fr/ark:/12148/cb33754577z";"(Philips I. Ordinantie van den munten.)";"1496";"Antwerpen";"G. Bac";"1496";"In-4°";"Null";"Null"
"http://data.bnf.fr/ark:/12148/cb337689537";"Fragments de deux exemplaires d'une lettre d'indulgence, trop mutilés pour qu'il soit possible d'en indiquer l'origine et la date. Ils se sont trouvés dans la reliure d'un volume imprimé à Lubeck en 1496 (Hain, n° 3206), classé à la Bibliothèque sous la cote D. 8393";"1496";"[S. l. n. d. ?]";"Null";"1496";"Null";"Null";"Null"
"http://data.bnf.fr/ark:/12148/cb33772366p";"Statuta // sinodalia ad usum Ambianensem";"1496";"[Paris]";"[Jean Du Pré]";"1496";"In-4°. 18 feuillets. Cahiers signés a-c. Caractères gothiques";"Null";"Null"
"http://data.bnf.fr/ark:/12148/cb33804970s";"(Fol. 1 recto, titre :) Privilegia et indulgentiae fra//trum minorum et predicatorum. // (Suit une gravure sur bois. - Fol. 1 Verso :) Hoc opus diligentissime deportatum// fuit de curia romana par reverendum docto//rem sacre theologie Magistrum Reginal// dum Groveti ordinis minorum. Impressumque// tresis cum suvama cura et diligentia per preceptum eius// Anno dominice incarnationis. M.CCCCXCVI (Fol. 2 recto, signé Ee ij :) (E)t quia minorum et pre//dicatorum fratrum or//dinum... - (Fol. 50 verso :) Laus deo et// gloriose virgini Marie atque beato patri no//stro seraphico et patriarche sancto Francisco. //";"1496";"Trecis";"[Guillaume Le Rouge]";"1496";"In-8° de 50 feuillets non chiffrés. Caractères gothiques";"Null";"Null"
"http://data.bnf.fr/ark:/12148/cb35514846m";"Synonima Britonis";"1496";"Null";"Null";"Null";"Sig. a-b8";"Null";"Null"
"http://data.bnf.fr/ark:/12148/cb35591065m";"Manipulus curatorum";"1496";"Rouen";"Martin Morin pour Jean Richard";"1496";"148 ff. foliotés et signés A-S8, T4";"Null";"Null"
"http://data.bnf.fr/ark:/12148/cb359511663";"La bible en françois";"1496";"Null";"Null";"1496";"Clxvii-[5] f.";"Null";"http://gallica.bnf.fr/ark:/12148/bpt6k110618n"
"http://data.bnf.fr/ark:/12148/cb35951087s";"Biblia cum Concordantiis in margine";"1496";"Null";"Null";"1496";"[554] f.";"Null";"Null"
