id;title;date;place;publisher;firstyear;description;subject;gallica
"http://data.bnf.fr/ark:/12148/cb40346573v";"Gravures du Maître de Saint-Erasme, du Maître de la Passion de Berlin et gravures en criblé décorant un manuscrit en bas-allemand de 1463";"1463";"[S.l.n.d.]";"Null";"1463";"Null";"http://data.bnf.fr/ark:/12148/cb11931593x";"Null"
"http://data.bnf.fr/ark:/12148/cb42112584v";"Ackermann von Böhmen";"1463";"Null";"Null";"1463";"Sig. X1, a12, b10 (b10 + 1)";"Null";"http://gallica.bnf.fr/ark:/12148/bpt6k105089q"
"http://data.bnf.fr/ark:/12148/cb43031537g";"Guilielmi Hebraei Pisavriensis De Pratica seu arte tripudii vulgare opusculum incipit";"1463";"Null";"Null";"Null";"2 ff. limin., lettres et marges orn., miniature (copie de Paganus Raudensis)";"http://data.bnf.fr/ark:/12148/cb11976234m";"Null"
"http://data.bnf.fr/ark:/12148/cb31461746x";"Summa theologica [Secundus liber Secunde partis beati Thome de Aquino.]";"1463";"(Argentinae";"J. Mentelin";"1463";"In-fol. (Hain-Copinger, 1454 ; Pellechet, 1045 ; Cat. of books printed in the XVth century, now in the British Museum, I, p. 51";"Null";"Null"
"http://data.bnf.fr/ark:/12148/cc96130p";"Recueil de deux  traités  de Joseph ben Abraham Gikatilla (1248-1325?).";"1463";"Null";"Null";"Null";"204 f.";"Null";"http://gallica.bnf.fr/ark:/12148/btv1b10720510h"
"http://data.bnf.fr/ark:/12148/cc10071x";"De pratica seu arte tripudii";"1463";"Null";"Null";"Null";"54 feuillets (foliotés A-B, puis 1-52).";"Null";"http://gallica.bnf.fr/ark:/12148/btv1b105278918"
"http://data.bnf.fr/ark:/12148/cb337649162";"Bulla cruciata sanctissimi domini nostri Pape contra turchos";"1463";"[Mainz";"Johannes Fust et Peter Schöffer";"1463";"[6] ff. non signés";"Null";"Null"
"http://data.bnf.fr/ark:/12148/cb35951168s";"[Biblia pauperum. Allemand]";"1463";"Null";"Null";"1463";"[22] f.";"Null";"Null"
