id;title;date;place;publisher;firstyear;description;subject;gallica
"http://data.bnf.fr/ark:/12148/cb406994835";"Saggio de caratteri, e disegni del mappamondo di Fra Mauro";"1458";"[S.l.]";"[s.n.]";"1458";"1 flle : 55 x 40 cm";"Null";"Null"
"http://data.bnf.fr/ark:/12148/cb407516040";"Description du planisphère du moine camaldule Frà Mauro...";"1458";"[S.l.]";"[s.n.]";"1458";"1 flle : mss.  ; 75 x 52 cm";"Null";"Null"
"http://data.bnf.fr/ark:/12148/cc52437/cd0e1339";"Kitāb šarā’iʿ al-Islām fī masā’il al-ḥalāl wa-al-ḥarām";"1458";"Null";"Null";"Null";"Null";"Null";"Null"
"http://data.bnf.fr/ark:/12148/cc53231";"Null";"1458";"Null";"Null";"Null";"Null";"Null";"http://gallica.bnf.fr/ark:/12148/btv1b9064398z"
